:020000043C03BB
:100020003254CDAB000000000000000000000000D2
:100030006573702D6964663A2076342E342E37202D
:1000400033386565626132313361000000000000C1
:1000500061726475696E6F2D6C69622D6275696C71
:100060006465720000000000000000000000000055
:1000700031323A31323A35330000000000000000DE
:100080004D617220203520323032340000000000F3
:1000900076342E342E372D64697274790000000096
:1000A0000000000000000000000000000000000050
:1000B0000000000000000000000000000000000040
:1000C0000000000000000000000000000000000030
:1000D0000000000000000000000000000000000020
:1000E0000000000000000000000000000000000010
:1000F0000000000000000000000000000000000000
:1001000000000000000000000000000000000000EF
:1001100000000000000000000000000000000000DF
:100120005056204F564552564F4C54004F5645524C
:1001300043555252454E54004F56455254454D502A
:10014000004E4F20424154544552590042415420E0
:100150004F564552564F4C540073657474696E6720
:10016000730049444C450042554C4B204D5050546F
:1001700000464C4F4154005053552043432F4356A3
:10018000004641554C54004142534F525054494F40
:100190004E004F4B3D4D656E75004241434B3D5205
:1001A00065736574206661756C74004641554C54E6
:1001B0003A200050563A005620004241543A003E40
:1001C00020004D41494E204D454E55005053553A63
:1001D00020434F4E5354414E5420562F49004D500A
:1001E00050542053544154555300505620503A0017
:1001F0005720443A0025005461726765743A004301
:10020000204241434B3D4D656E750042415454457B
:1002100052592054595045003E2042756C6B20566F
:100220006F6C7461676500202042756C6B20566F9F
:100230006C74616765003E20466C6F617420566F78
:100240006C74616765002020466C6F617420566F86
:100250006C74616765003E204D6178204375727251
:10026000656E740020204D61782043757272656E52
:1002700074002053455454494E47530020410020F8
:10028000560055502F444E204F4B3D53415645008C
:100290005345542042554C4B20564F4C54414745F2
:1002A0000053455420464C4F415420564F4C544126
:1002B000474500534554204D41582043555252451F
:1002C0004E5400009002033CA102033CB302033CE5
:1002D000BC03033CC703033CD703033CE703033CD5
:1002E000FA03033C3E204F757470757420566F6C92
:1002F000746167650020204F757470757420566FA7
:100300006C74616765003E2043757272656E74207F
:100310004C696D697400202043757272656E74209B
:100320004C696D6974004163746976617465202A53
:1003300000416374697661746500504F57455220DF
:10034000535550504C59003E20566F6C7461676590
:100350003A20002020566F6C746167653A20003E99
:100360002043757272656E743A20002020437572C6
:1003700072656E743A2000505355204143544956DB
:1003800045202A004F4B3D45646974204241434B50
:100390003D4C6561766500534554204F555450558A
:1003A0005420564F4C544147450053455420435523
:1003B0005252454E54204C494D4954005056204D00
:1003C0006178696D756D0042617474657279204D54
:1003D000696E696D756D0042617474657279204D46
:1003E0006178696D756D004368617267652043755A
:1003F0007272656E74204D61780054656D7065721F
:100400006174757265204D6178696D756D0020436A
:100410000053595354454D204C494D4954530055B0
:10042000502F444E204F4B3D4544495400534554B2
:10043000200053595354454D20494E464F005469AE
:1004400076616E61204D5050540056657273696F2D
:100450006E203100746976616E612D6D707074006C
:10046000544956414E4120534F4C4152204D50501B
:100470005400496E697469616C697A696E672E2EE1
:100480002E00486F6D65004D5050542053746174B8
:1004900075730042617474657279205479706500D7
:1004A000506F77657220537570706C790053797353
:1004B00074656D204C696D6974730053797374654C
:1004C0006D20496E666F004C69746869756D0047F0
:1004D000656C004C65616420416369640000000044
:1004E0008204033C8704033C9304033CA004033CC4
:1004F000AD04033CBB04033C00000000000000000E
:10050000E059024220300042EC320042F4590242EB
:10051000D0590242D8590242433A2F55736572733B
:100520002F6C756361732F2E706C6174666F726DC2
:10053000696F2F7061636B616765732F6672616DA0
:1005400065776F726B2D61726475696E6F6573701C
:1005500072657373696633322F6C69627261726996
:1005600065732F507265666572656E6365732F7370
:1005700072632F507265666572656E6365732E6374
:100580007070005B2536755D5B455D5B25733A25B4
:10059000755D20257328293A206E76735F666C613D
:1005A00073685F696E69745F706172746974696F92
:1005B0006E206661696C65643A2025730D0A005BE4
:1005C0002536755D5B455D5B25733A25755D202598
:1005D0007328293A206E76735F6F70656E206661AE
:1005E000696C65643A2025730D0A005B2536755DDC
:1005F0005B455D5B25733A25755D20257328293A97
:10060000206E76735F65726173655F6B65792066D6
:1006100061696C3A2025732025730D0A005B25362D
:10062000755D5B455D5B25733A25755D20257328F7
:10063000293A206E76735F636F6D6D697420666111
:10064000696C3A2025732025730D0A005B253675E9
:100650005D5B455D5B25733A25755D202573282913
:100660003A206E76735F7365745F626C6F622066AA
:1006700061696C3A2025732025730D0A005B2536CD
:10068000755D5B455D5B25733A25755D2025732897
:10069000293A206E76735F6765745F626C6F6220C3
:1006A0006C656E206661696C3A2025732025730D98
:1006B0000A005B2536755D5B455D5B25733A2575E4
:1006C0005D20257328293A206E6F7420656E6F7542
:1006D000676820737061636520696E206275666665
:1006E00065723A202575203C2025750D0A005B2592
:1006F00036755D5B455D5B25733A25755D20257319
:1007000028293A206E76735F6765745F626C6F624A
:10071000206661696C3A2025732025730D0A0067F5
:1007200065744279746573006765744279746573A2
:100730004C656E67746800707574427974657300F7
:10074000626567696E004F54484552006E616E00E5
:10075000696E66006F766600433A2F557365727353
:100760002F6C756361732F2E706C6174666F726D80
:10077000696F2F7061636B616765732F6672616D5E
:1007800065776F726B2D61726475696E6F657370DA
:1007900072657373696633322F636F7265732F6589
:1007A000737033322F65737033322D68616C2D6135
:1007B00064632E63005B2536755D5B455D5B257369
:1007C0003A25755D20257328293A2050696E202529
:1007D00075206973206E6F74204144432070696EE8
:1007E000210D0A005B2536755D5B455D5B25733A1F
:1007F00025755D20257328293A204750494F2575D6
:100800003A2025733A2041444332206E6F742069A8
:100810006E697469616C697A6564207965742E0DFE
:100820000A005B2536755D5B455D5B25733A257572
:100830005D20257328293A204750494F25753A20D5
:1008400025733A204144433220697320696E207534
:1008500073652062792057692D46692E20506C659A
:10086000617365207365652068747470733A2F2F07
:10087000646F63732E6573707265737369662E633C
:100880006F6D2F70726F6A656374732F6573702D4F
:100890006964662F656E2F6C61746573742F657360
:1008A0007033322F6170692D7265666572656E6393
:1008B000652F7065726970686572616C732F616411
:1008C000632E68746D6C236164632D6C696D69744B
:1008D0006174696F6E7320666F72206D6F72652030
:1008E000696E666F0D0A005B2536755D5B455D5B65
:1008F00025733A25755D20257328293A20475049EC
:100900004F25753A2025730D0A005F5F616E616C9B
:100910006F67526561644D696C6C69566F6C747376
:10092000005F5F616E616C6F6752656164526177F1
:10093000005F5F61646341747461636850696E0055
:10094000433A2F55736572732F6C756361732F2E45
:10095000706C6174666F726D696F2F7061636B612B
:100960006765732F6672616D65776F726B2D61724B
:100970006475696E6F65737072657373696633321F
:100980002F636F7265732F65737033322F657370C9
:1009900033322D68616C2D6770696F2E63005B25A3
:1009A00036755D5B455D5B25733A25755D20257366
:1009B00028293A20496E76616C69642070696E203E
:1009C00073656C65637465640D0A005B2536755D3F
:1009D0005B455D5B25733A25755D20257328293AB3
:1009E000204750494F20636F6E66696720666169D2
:1009F0006C65640D0A005F5F70696E4D6F64650021
:100A0000433A2F55736572732F6C756361732F2E84
:100A1000706C6174666F726D696F2F7061636B616A
:100A20006765732F6672616D65776F726B2D61728A
:100A30006475696E6F65737072657373696633325E
:100A40002F636F7265732F65737033322F65737008
:100A500033322D68616C2D6C6564632E63005B25F9
:100A600036755D5B455D5B25733A25755D202573A5
:100A700028293A204E6F206D6F7265204C45444303
:100A8000206368616E6E656C7320617661696C616C
:100A9000626C652120286D6178696D756D20257502
:100AA00029206F72206269742077696474682074E9
:100AB0006F6F2062696720286D6178696D756D20A0
:100AC0002575290D0A005B2536755D5B455D5B2547
:100AD000733A25755D20257328293A206C65646377
:100AE000207365747570206661696C6564210D0AF8
:100AF000006C656463536574757000433A2F5573D9
:100B00006572732F6C756361732F2E706C617466E0
:100B10006F726D696F2F7061636B616765732F66AC
:100B200072616D65776F726B2D61726475696E6F3E
:100B300065737072657373696633322F636F7265A4
:100B4000732F65737033322F65737033322D686184
:100B50006C2D6D6973632E63005B2536755D5B4597
:100B60005D5B25733A25755D20257328293A20465B
:100B700061696C656420746F20616464206C6F6FC0
:100B800070207461736B20746F205744540D0A00F9
:100B90005B2536755D5B455D5B25733A25755D208C
:100BA000257328293A204F54412076657269666979
:100BB000636174696F6E206661696C65642120539E
:100BC0007461727420726F6C6C6261636B20746FFD
:100BD000207468652070726576696F75732076651C
:100BE0007273696F6E202E2E2E0D0A005B253675EE
:100BF0005D5B455D5B25733A25755D20257328296E
:100C00003A204661696C656420746F20666F726D6E
:100C10006174207468652062726F6B656E204E5639
:100C20005320706172746974696F6E210D0A005BE4
:100C30002536755D5B455D5B25733A25755D202521
:100C40007328293A20436F756C64206E6F74206698
:100C5000696E64204E565320706172746974696FB6
:100C60006E0D0A005B2536755D5B455D5B25733A4D
:100C700025755D20257328293A204661696C6564D5
:100C800020746F20696E697469616C697A65204EA1
:100C9000565321204572726F723A2025750D0A0055
:100CA000696E697441726475696E6F00433A2F55BD
:100CB000736572732F6C756361732F2E706C617422
:100CC000666F726D696F2F7061636B616765732FFB
:100CD0006672616D65776F726B2D61726475696E96
:100CE0006F65737072657373696633322F636F72E9
:100CF00065732F65737033322F65737033322D68CF
:100D0000616C2D7267622D6C65642E63005B253605
:100D1000755D5B455D5B25733A25755D2025732800
:100D2000293A20524742204C454420647269766536
:100D30007220696E697469616C697A6174696F6E39
:100D4000206661696C6564210D0A006E656F7069CB
:100D500078656C577269746500433A2F55736572F4
:100D6000732F6C756361732F2E706C6174666F7274
:100D70006D696F2F7061636B616765732F66726158
:100D80006D65776F726B2D61726475696E6F6573D7
:100D90007072657373696633322F636F7265732F78
:100DA00065737033322F65737033322D68616C2D2B
:100DB000726D742E63005B2536755D5B455D5B254A
:100DC000733A25755D20257328293A20202D2D2082
:100DD000496E6176616C696420417267756D656EFC
:100DE000740D0A005B2536755D5B455D5B25733AC6
:100DF00025755D20257328293A20202D2D20466158
:100E0000696C656420746F2067657420524D5420AE
:100E100072696E676275666665722068616E646C81
:100E2000650D0A005B2536755D5B455D5B25733A94
:100E300025755D20257328293A2043616E2774208B
:100E40007772697465206F6E206120525820524D70
:100E500054204368616E6E656C0D0A005B25367523
:100E60005D5B455D5B25733A25755D2025732829FB
:100E70003A2043616E27742072656164206F6E2092
:100E80006120545820524D54204368616E6E656C49
:100E90000D0A005B2536755D5B455D5B25733A2564
:100EA000755D20257328293A20726D496E6974207A
:100EB0004661696C6564202D206E6F7420656E6FCD
:100EC000756768206368616E6E656C730D0A005B00
:100ED0002536755D5B455D5B25733A25755D20257F
:100EE0007328293A20524D54206661696C6564204C
:100EF000746F20696E6974696C697A652E0D0A00D9
:100F0000726D74496E6974005F726D7443686563D5
:100F10006B54586E6F745258006C6F6F70546173DD
:100F20006B00433A2F55736572732F6C7563617351
:100F30002F2E706C6174666F726D696F2F706163B4
:100F40006B616765732F6672616D65776F726B2D6C
:100F500061726475696E6F657370726573736966CB
:100F600033322F636F7265732F65737033322F6561
:100F7000737033322D68616C2D6370752E63005B66
:100F80002536755D5B455D5B25733A25755D2025CE
:100F90007328293A2043616C6C6261636B204F6255
:100FA0006A656374204D616C6C6F63204661696C87
:100FB00065640D0A005B2536755D5B455D5B2573D9
:100FC0003A25755D20257328293A206475706C696F
:100FD000636174652066756E633D253870206172AB
:100FE000673D2538700D0A005B2536755D5B455DF4
:100FF0005B25733A25755D20257328293A204261C7
:1010000064206672657175656E63793A2025752076
:101010004D487A21204F7074696F6E73206172653C
:101020003A203234302C203136302C2038302C20ED
:1010300025752C20257520616E64202575204D486E
:101040007A0D0A005B2536755D5B455D5B25733A5D
:1010500025755D20257328293A2042616420667237
:10106000657175656E63793A202575204D487A2142
:10107000204F7074696F6E73206172653A2032344C
:10108000302C203136302C2038302C202575206132
:101090006E64202575204D487A0D0A005B25367553
:1010A0005D5B455D5B25733A25755D2025732829B9
:1010B0003A2043505520636C6F636B20636F756CEF
:1010C00064206E6F742062652073657420746F20D5
:1010D0002575204D487A0D0A007365744370754676
:1010E00072657175656E63794D687A002870785203
:1010F000696E676275666665722D3E784974656DC6
:101100007357616974696E67203E20302920262656
:10111000202828707852696E676275666665722D40
:101120003E7075635265616420213D20707852697C
:101130006E676275666665722D3E7075635772697B
:10114000746529207C7C2028707852696E676275EE
:10115000666665722D3E757852696E676275666661
:101160006572466C6167732026202820282055422E
:10117000617365547970655F7420292034202929B2
:1011800029002F4944462F636F6D706F6E656E7432
:10119000732F6573705F72696E676275662F72690F
:1011A0006E676275662E6300707852696E6762754D
:1011B000666665722D3E70756352656164203E3DC2
:1011C00020707852696E676275666665722D3E7032
:1011D00075634865616420262620707852696E67C1
:1011E0006275666665722D3E707563526561642036
:1011F0003C20707852696E676275666665722D3E36
:101200007075635461696C00707852696E676275BD
:10121000666665722D3E70756352656164203D3D62
:1012200020707852696E676275666665722D3E70D1
:101230007563467265650028202820282055426184
:101240007365547970655F74202920282070756358
:101250004974656D202920262028307830332920D4
:1012600029203D3D20302029007075634974656D4B
:10127000203C3D20707852696E67627566666572C3
:101280002D3E7075635461696C00707843757248C7
:1012900065616465722D3E784974656D4C656E209C
:1012A0003C3D20707852696E676275666665722D86
:1012B0003E784D61784974656D53697A6500287090
:1012C000784375724865616465722D3E757849741E
:1012D000656D466C616773202620282028205542C2
:1012E000617365547970655F742029203220292943
:1012F000203D3D2030002870784375724865616458
:1013000065722D3E75784974656D466C6167732012
:101310002620282028205542617365547970655F26
:101320007420292031202929203D3D20300070786B
:1013300052696E676275666665722D3E70756346AA
:10134000726565203C3D20707852696E67627566F3
:101350006665722D3E70756348656164202B207050
:101360007852696E676275666665722D3E7853695C
:101370007A65007078497353706C697420213D2040
:101380002828766F6964202A2930290028202820FF
:1013900028205542617365547970655F7420292057
:1013A0002820707852696E676275666665722D3E98
:1013B00070756352656164202920262028307830BA
:1013C00033292029203D3D203020290028707848ED
:1013D00065616465722D3E784974656D4C656E205B
:1013E0003C3D20707852696E676275666665722D45
:1013F0003E784D61784974656D53697A6529207C22
:101400007C202870784865616465722D3E75784946
:1014100074656D466C61677320262028202820554E
:1014200042617365547970655F74202920322029E8
:10143000290070784865616465722D3E784974654D
:101440006D4C656E203C3D20707852696E67627508
:10145000666665722D3E784D61784974656D536995
:101460007A6500706352657475726E203E3D20701F
:101470007852696E676275666665722D3E70756337
:101480004865616420262620706352657475726E0B
:10149000203C3D20707852696E67627566666572A1
:1014A0002D3E7075635461696C007063526574758C
:1014B000726E203E3D20707852696E676275666676
:1014C00065722D3E70756348656164202626207024
:1014D0006352657475726E203C20707852696E6735
:1014E0006275666665722D3E7075635461696C0045
:1014F0002820282028205542617365547970655F43
:10150000742029202820707852696E67627566669B
:1015100065722D3E7075634163717569726520292E
:101520002026202830783033292029203D3D2030C6
:10153000202900707852696E676275666665722D43
:101540003E70756341637175697265203E3D207020
:101550007852696E676275666665722D3E70756356
:101560004865616420262620707852696E6762752E
:10157000666665722D3E707563416371756972654B
:10158000203C20707852696E676275666665722DC0
:101590003E7075635461696C007852656D4C656E80
:1015A000203E3D2073697A656F66284974656D48F1
:1015B00065616465725F74290028707843757248AC
:1015C00065616465722D3E75784974656D466C6120
:1015D000677320262028202820554261736554799E
:1015E00070655F7420292038202929203D3D203056
:1015F00000707852696E676275666665722D3E701E
:1016000075635772697465203C3D20707852696E2D
:10161000676275666665722D3E70756348656164C4
:10162000202B20707852696E676275666665722D30
:101630003E7853697A65002A70764974656D322068
:101640003C202A70764974656D3100784973537077
:101650006C6974203D3D2028202820426173655428
:101660007970655F74202920302029002875696E03
:1016700074385F74202A297075634974656D203E43
:101680003D20707852696E676275666665722D3EA0
:1016900070756348656164002875696E74385F749D
:1016A000202A297075634974656D203C207078523A
:1016B000696E676275666665722D3E70756354610A
:1016C000696C007852657475726E203C3D207078AC
:1016D00052696E676275666665722D3E7853697AE7
:1016E00065007842756666657253697A65203E20AA
:1016F00030007842756666657254797065203C20CA
:1017000052494E474255465F545950455F4D4158E6
:1017100000707852696E67627566666572007070F7
:10172000764974656D20213D202828766F696420F4
:101730002A293029207C7C20784974656D53697A88
:1017400065203D3D20300028707852696E676275D3
:10175000666665722D3E757852696E67627566665B
:101760006572466C61677320262028282028205542
:1017700042617365547970655F7420292032202995
:10178000207C20282028205542617365547970659B
:101790005F742029203120292929203D3D20300057
:1017A00070764974656D20213D202828766F696424
:1017B000202A293029007652696E6762756666654F
:1017C0007252657475726E4974656D0070727652EE
:1017D00065636569766547656E6572696300785211
:1017E000696E67627566666572526563656976657E
:1017F000007852696E6762756666657253656E64DD
:1018000046726F6D495352007852696E6762756611
:1018100066657253656E64007072764765744672D1
:10182000656553697A6500707276436865636B49D4
:1018300074656D4669747344656661756C74007097
:10184000727653656E644974656D446F6E654E6F54
:1018500053706C697400707276416371756972655A
:101860004974656D4E6F53706C6974007072764781
:1018700065744974656D44656661756C7400707259
:101880007652657475726E4974656D4465666175EE
:101890006C7400707276436F70794974656D416C39
:1018A0006C6F7753706C697400707276436865630F
:1018B0006B4974656D4669747342797465427566E7
:1018C00066657200707276436F70794974656D4217
:1018D00079746542756600707276476574497465FF
:1018E0006D427974654275660070727652657475E2
:1018F000726E4974656D42797465427566007852FE
:10190000696E6762756666657243726561746500CB
:101910006770696F004520282575292025733A20B6
:101920002573282564293A2025730A004750494F1A
:10193000206E756D626572206572726F720047501D
:10194000494F206F7574707574206770696F5F6E92
:10195000756D206572726F72004750494F20696E35
:101960007465727275707420747970652065727216
:101970006F72004520282575292025733A2047508D
:10198000494F5F50494E206D61736B206572726FD5
:1019900072200A00696F5F72656720213D20286907
:1019A0006E747074725F74294E554C4C002F49440C
:1019B000462F636F6D706F6E656E74732F647269FE
:1019C0007665722F6770696F2E63006770696F5F4D
:1019D000636F6E666967006770696F5F6F645F64ED
:1019E000697361626C65006770696F5F6F645F65E2
:1019F0006E61626C65006770696F5F6F757470759A
:101A0000745F64697361626C65006770696F5F6FB2
:101A100075747075745F656E61626C65006770697E
:101A20006F5F696E7075745F64697361626C650085
:101A30006770696F5F696E7075745F656E61626C07
:101A400065006770696F5F7365745F646972656371
:101A500074696F6E006770696F5F7365745F6C6542
:101A600076656C006770696F5F696E74725F646938
:101A70007361626C65006770696F5F696E74725F35
:101A8000656E61626C655F6F6E5F636F7265006744
:101A900070696F5F696E74725F656E61626C65001C
:101AA0006770696F5F7365745F696E74725F747974
:101AB0007065006770696F5F70756C6C646F776ECE
:101AC0005F646973006770696F5F70756C6C646FD9
:101AD000776E5F656E006770696F5F70756C6C75AF
:101AE000705F646973006770696F5F70756C6C75A7
:101AF000705F656E006C656463004520282575295C
:101B00002025733A2043616C6962726174652043D9
:101B10004C4B384D5F434C4B206661696C65640AE1
:101B2000004520282575292025733A20257328256E
:101B300064293A2073706565645F6D6F6465206128
:101B40007267756D656E7420697320696E76616C5D
:101B500069640A004520282575292025733A202527
:101B600073282564293A2074696D65725F73656C0A
:101B700065637420617267756D656E74206973208A
:101B8000696E76616C69640A004C45444320697350
:101B9000206E6F7420696E697469616C697A65641E
:101BA0000066616C7365002F4944462F636F6D704A
:101BB0006F6E656E74732F6472697665722F6C65D3
:101BC00064632E63004520282575292025733A205B
:101BD000726571756573746564206672657175658B
:101BE0006E637920616E6420647574792072657308
:101BF0006F6C7574696F6E2063616E206E6F7420F8
:101C000062652061636869657665642C2074727909
:101C1000207265647563696E6720667265715F68BE
:101C20007A206F7220647574795F7265736F6C755A
:101C300074696F6E2E206469765F706172616D3DAC
:101C400025640A00010000000200000000000000FE
:101C50004520282575292025733A202573282564D9
:101C6000293A2074696D65725F636F6E66206172D8
:101C700067756D656E7420697320696E76616C6935
:101C8000640A004520282575292025733A206672AC
:101C900065715F687A3D257520647574795F72653A
:101CA000736F6C7574696F6E3D25750A0045202849
:101CB0002575292025733A20696E76616C69642048
:101CC00074696D6572202325750A004520282575E5
:101CD000292025733A202573282564293A206C652C
:101CE00064635F6368616E6E656C20617267756DB9
:101CF000656E7420697320696E76616C69640A0090
:101D00004520282575292025733A20257328256428
:101D1000293A206770696F5F6E756D206172677513
:101D20006D656E7420697320696E76616C69640AF2
:101D3000004520282575292025733A20257328255C
:101D400064293A206368616E6E656C206172677504
:101D50006D656E7420697320696E76616C69640AC2
:101D6000004520282575292025733A20257328252C
:101D700064293A2068706F696E7420617267756DAE
:101D8000656E7420697320696E76616C69640A00FF
:101D90004520282575292025733A20257328256498
:101DA000293A206C6564635F636F6E6620617267B9
:101DB000756D656E7420697320696E76616C6964F7
:101DC0000A004520282575292025733A20257328E7
:101DD0002564293A20696E74725F74797065206198
:101DE0007267756D656E7420697320696E76616CBB
:101DF00069640A004520282575292025733A202585
:101E000073282564293A2074696D65725F6E756D5B
:101E100020617267756D656E7420697320696E76D6
:101E2000616C69640A006C6564635F6765745F6612
:101E3000726571006C6564635F6765745F64757477
:101E400079006C6564635F7365745F6475747900B1
:101E50006C6564635F7365745F647574795F7769DB
:101E600074685F68706F696E74006C6564635F7539
:101E700070646174655F64757479006C6564635F38
:101E80006368616E6E656C5F636F6E666967006C38
:101E90006564635F636C6B5F6366675F746F5F67E6
:101EA0006C6F62616C5F636C6B006C6564635F7424
:101EB000696D65725F636F6E666967006C65646308
:101EC0005F74696D65725F727374006C6564635FE3
:101ED00062696E645F6368616E6E656C5F74696D84
:101EE0006572006C6564635F74696D65725F7365CC
:101EF0007400706572697068203C205045524950EA
:101F0000485F4D4F44554C455F4D4158002F494463
:101F1000462F636F6D706F6E656E74732F64726998
:101F20007665722F7065726970685F6374726C2E6B
:101F300063007065726970685F6D6F64756C655F72
:101F40007265736574007065726970685F6D6F6447
:101F5000756C655F64697361626C65007065726958
:101F600070685F6D6F64756C655F656E61626C65EE
:101F700000726D74004520282575292025733A20AC
:101F8000524D5420525820425546464552204655FF
:101F90004C4C0A004520282575292025733A2052EB
:101FA0004D542052582042554646455220455252E3
:101FB0004F520A004520282575292025733A202DE7
:101FC0002D2D52582062756666657220746F6F20E1
:101FD000736D616C6C3A2025640A004520282575D4
:101FE000292025733A202573282564293A20524D4B
:101FF00054204348414E4E454C204552520A00451C
:1020000020282575292025733A2025732825642941
:102010003A20524D54204144445245535320455296
:10202000520A004520282575292025733A2025735A
:10203000282564293A20524D54204D454D20424CCC
:102040004F434B204E554D204552520A0045202803
:102050002575292025733A202573282564293A20DF
:10206000524D54204D454D204F574E45525F4552DD
:10207000520A004520282575292025733A2025730A
:10208000282564293A20524D542042415345434C5F
:102090004B204552520A00452028257529202573DA
:1020A0003A202573282564293A20524D542045565C
:1020B0005420544852455348204552520A00452066
:1020C000282575292025733A202573282564293A67
:1020D00020524D54204D4F4445204552524F520AF4
:1020E000004520282575292025733A2025732825A9
:1020F00064293A20524D54204750494F20455252AE
:102100004F520A004520282575292025733A20259D
:1021100073282564293A20736574206770696F20DD
:10212000666F7220524D5420647269766572206623
:1021300061696C65640A004520282575292025738E
:102140003A202573282564293A20524D5420434CC7
:102150004B20444956204552520A004520282575F7
:10216000292025733A202573282564293A20524DC9
:10217000542063617272696572206672657175655B
:102180006E63792063616E2774206265207A6572C0
:102190006F0A004520282575292025733A202573CC
:1021A000282564293A20696E697469616C697A65C9
:1021B00020524D5420647269766572206661696CA4
:1021C00065640A004520282575292025733A2025B5
:1021D00073282564293A20524D5420504152414DD4
:1021E000204C454E204552524F520A00452028258A
:1021F00075292025733A202573282564293A205211
:102200004D54205752204D454D204F564552464C77
:102210004F570A004520282575292025733A202587
:1022200073282564293A20524D54206472697665DA
:102230007220696E7374616C6C65642C2063616ECE
:10224000206E6F7420696E7374616C6C2067656EAC
:1022500065726963204953522068616E646C6572CF
:102260000A004520282575292025733A20524D540F
:1022700020647269766572206D616C6C6F63206595
:1022800072726F720A004520282575292025733A3D
:1022900020524D54206D616C6C6F63206661696CD7
:1022A0000A004520282575292025733A2025732802
:1022B0002564293A20524D54204452495645522013
:1022C0004552520A004520282575292025733A20B9
:1022D0005573696E672062756666657220616C6C05
:1022E0006F63617465642066726F6D2070737261D4
:1022F0006D0A00726D745F77726974655F697465E9
:102300006D7300726D745F6472697665725F696E79
:102310007374616C6C00726D745F6973725F726567
:1023200067697374657200726D745F696E7465724B
:102330006E616C5F636F6E66696700726D745F6378
:102340006F6E66696700726D745F7365745F677046
:10235000696F00726D745F7365745F74785F746821
:10236000725F696E74725F656E00726D745F736523
:10237000745F736F757263655F636C6B00726D740D
:102380005F7365745F74785F6C6F6F705F6D6F649F
:102390006500726D745F7365745F6D656D6F7279E2
:1023A0005F6F776E657200726D745F74785F7374BF
:1023B0006F7000726D745F74785F73746172740013
:1023C000726D745F7365745F636C6B5F64697600D4
:1023D000525443494F004520282575292025733A3A
:1023E000202573282564293A20525443494F206EF2
:1023F000756D626572206572726F720A0072746325
:102400005F6770696F5F70756C6C646F776E5F6427
:102410006973007274635F6770696F5F70756C6C6D
:1024200075705F646973007274635F6770696F5F72
:102430007365745F646972656374696F6E0072744A
:10244000635F6770696F5F6465696E697400727459
:10245000635F6770696F5F696E6974004144430030
:102460004144434144435F4E554D5F3120636861B1
:102470006E6E656C206572726F7200414443414418
:10248000435F4E554D5F32206368616E6E656C2010
:102490006572726F72004520282575292025733AD0
:1024A0002025733A25640A0A0057494454482045B8
:1024B00052523A2073656520606164635F6269749B
:1024C000735F77696474685F746020666F722073ED
:1024D0007570706F727465642062697420776964C6
:1024E00074680041444320417474656E20457272E3
:1024F0000061646331206C6F636B2072656C656191
:1025000073652063616C6C6564206265666F7265DB
:1025100020616371756972650041444332204174E2
:1025200074656E2045727200414443206F757420BB
:1025300076616C7565206572720041444320436882
:10254000616E6E656C204572720000000100000033
:1025500001000200616463325F6765745F726177D6
:1025600000616463325F636F6E6669675F636861B1
:102570006E6E656C5F617474656E00616463315F7B
:102580006765745F72617700616463315F6C6F636C
:102590006B5F72656C6561736500616463315F6375
:1025A0006F6E6669675F6368616E6E656C5F6174AC
:1025B00074656E006164635F636F6D6D6F6E5F67FE
:1025C00070696F5F696E697400735F706C617466C7
:1025D0006F726D2E67726F7570735B67726F757057
:1025E0005F69645D002F4944462F636F6D706F6EA5
:1025F000656E74732F6472697665722F67646D619E
:102600002E630067726F75702D3E70616972735B27
:10261000706169725F69645D004520282575292015
:1026200025733A202573282564293A20696E76613E
:102630006C696420617267756D656E740A0045206F
:10264000282575292025733A202573282564293AE1
:10265000206E6F206D656D20666F722067646D61FE
:10266000207478206368616E6E656C0A00452028CE
:102670002575292025733A202573282564293A20B9
:102680006E6F206D656D20666F722067646D6120CE
:102690007278206368616E6E656C0A00452028259B
:1026A00075292025733A202573282564293A206945
:1026B0006E76616C6964207369626C696E67206311
:1026C00068616E6E656C0A004520282575292025F5
:1026D000733A202573282564293A207369626C694E
:1026E0006E67206368616E6E656C2073686F756CD1
:1026F000642068617665206120646966666572653C
:102700006E7420646972656374696F6E0A00452097
:10271000282575292025733A202573282564293A10
:10272000206E6F206D656D20666F722067726F7509
:1027300070282564290A004520282575292025733D
:102740003A202573282564293A206E6F206D656D27
:1027500020666F7220706169722825642C256429B7
:102760000A004520282575292025733A202573283D
:102770002564293A206E6F20667265652067646D56
:1027800061206368616E6E656C2C20736561726395
:102790006820636F64653D25640A0070616972207A
:1027A00026262067726F7570004520282575292020
:1027B00025733A202573282564293A206368616EC1
:1027C0006E656C206973207573696E67206279206D
:1027D0007065726970686572616C3A2025640A00E0
:1027E0004520282575292025733A2025732825643E
:1027F000293A207065726970686572616C20256481
:1028000020697320616C72656164792075736564F9
:1028100020627920616E6F74686572206368616EF2
:102820006E656C0A004520282575292025733A20FD
:102830002573282564293A206E6F207065726970AF
:10284000686572616C20697320636F6E6E65637476
:10285000656420746F20746865206368616E6E65BE
:102860006C0A004520282575292025733A202573F8
:10287000282564293A20696E76616C696420737238
:10288000616D20616C69676E6D656E743A20257AA2
:10289000750A004520282575292025733A202573BF
:1028A000282564293A20696E76616C69642070730A
:1028B00072616D20616C69676E6D656E743A20257A
:1028C0007A750A0067646D615F7374617274006782
:1028D000646D615F7365745F7472616E7366657257
:1028E0005F6162696C6974790067646D615F6469D6
:1028F00073636F6E6E6563740067646D615F636FB1
:102900006E6E6563740067646D615F6765745F63B5
:1029100068616E6E656C5F69640067646D615F64B9
:10292000656C5F6368616E6E656C0067646D615FA6
:1029300072656C656173655F67726F75705F686102
:102940006E646C650067646D615F72656C65617370
:10295000655F706169725F68616E646C6500676471
:102960006D615F6E65775F6368616E6E656C006751
:10297000646D615F6E65775F6368616E6E656C0044
:102980006573705F6F74615F6F70730045202825F9
:1029900075292025733A206E6F7420666F756E64FA
:1029A000206F7461646174610A00452028257529CF
:1029B0002025733A206D6D6170206F7461646174BD
:1029C000612066696C65642E204572723D30782501
:1029D00038780A00706879735F6F66667320213DEE
:1029E000205350495F464C4153485F43414348455B
:1029F00032504859535F4641494C002F4944462FB5
:102A0000636F6D706F6E656E74732F6170705F753C
:102A100070646174652F6573705F6F74615F6F7050
:102A2000732E6300697420213D204E554C4C006F7D
:102A300074615F6170705F636F756E74203C2031EC
:102A40003620262620226D757374206572617365A9
:102A50002074686520706172746974696F6E206299
:102A600065666F72652077726974696E6720746F2E
:102A700020697422004520282575292025733A20D5
:102A8000526F6C6C6261636B206973206E6F74208F
:102A9000706F737369626C652C20646F206E6F7445
:102AA000206861766520616E792073756974616252
:102AB0006C65206170707320696E20736C6F747325
:102AC0000A004520282575292025733A2052756E65
:102AD0006E696E67206669726D77617265206973D1
:102AE00020666163746F72790A006573705F6F743A
:102AF000615F6765745F72756E6E696E675F706146
:102B000072746974696F6E006573705F6F74615F72
:102B10006765745F6170705F706172746974696F0A
:102B20006E5F636F756E7400626F6F745F636F6D5D
:102B30006D004520282575292025733A206D69737D
:102B40006D6174636820636869702049442C206556
:102B5000787065637465642025642C20666F756EDB
:102B6000642025640A004520282575292025733A0C
:102B700020496D61676520726571756972657320A2
:102B80006368697020726576203E3D207625642E4C
:102B900025642C2062757420636869702069732035
:102BA0007625642E25640A004520282575292025D0
:102BB000733A20496D616765207265717569726548
:102BC00073206368697020726576203C3D2076250D
:102BD000642E25642C2062757420636869702069F6
:102BE00073207625642E25640A00626F6F746C6F03
:102BF000616465725F6D6D617000452028257529DF
:102C00002025733A20747269656420746F20626FA6
:102C10006F746C6F616465725F6D6D617020747745
:102C20006963650A004520282575292025733A2007
:102C30007370695F666C6173685F6D6D617020664B
:102C400061696C65643A20307825780A006D6F738D
:102C5000695F6C656E203C3D203332002F4944464D
:102C60002F636F6D706F6E656E74732F626F6F740C
:102C70006C6F616465725F737570706F72742F73BF
:102C800072632F626F6F746C6F616465725F666CE4
:102C90006173682E63006D69736F5F6C656E203CB5
:102CA0003D203332006D69736F5F627974655F6ECA
:102CB000756D203C3D203400626F6F746C6F6164F1
:102CC00065725F666C6173685F657865637574656E
:102CD0005F636F6D6D616E645F636F6D6D6F6E00CE
:102CE0006573705F696D61676500452028257529EA
:102CF0002025733A20436865636B73756D206661A8
:102D0000696C65642E2043616C63756C61746564E5
:102D10002030782578207265616420307825780A23
:102D2000004520282575292025733A20696D6167A3
:102D30006520617420307825782068617320696E81
:102D400076616C6964206D6167696320627974657E
:102D500020286E6F7468696E6720666C61736865A1
:102D60006420686572653F290A0045202825752979
:102D70002025733A20696D61676520617420307881
:102D80002578207365676D656E7420636F756E744A
:102D90002025642065786365656473206D61782003
:102DA00025640A004520282575292025733A2049E5
:102DB0006D616765206C656E6774682025642064AA
:102DC0006F65736E27742066697420696E20706168
:102DD00072746974696F6E206C656E677468202503
:102DE000640A004520282575292025733A20626F42
:102DF0006F746C6F616465725F666C6173685F723B
:102E0000656164206661696C656420617420307856
:102E1000253038780A004520282575292025733A61
:102E200020696E76616C6964207365676D656E7488
:102E3000206C656E67746820307825780A0045201C
:102E4000282575292025733A205365676D656E74B2
:102E5000202564206C6F6164206164647265737303
:102E6000203078253038782C20646F65736E277495
:102E7000206D61746368206461746120307825304E
:102E800038780A004520282575292025733A2062C4
:102E90006F6F746C6F616465725F6D6D6170283007
:102EA0007825782C203078257829206661696C6532
:102EB000640A004520282575292025733A20696D6C
:102EC000616765206F66667365742068617320773B
:102ED0007261707065640A004520282575292025D7
:102EE000733A20706172746974696F6E2073697AC5
:102EF00065203078257820696E76616C69642C20B5
:102F00006C6172676572207468616E2031364D4263
:102F10000A0043616C63756C617465642068617359
:102F200068004520282575292025733A20496D61C0
:102F300067652068617368206661696C6564202D2F
:102F400020696D61676520697320636F72727570A7
:102F5000740A0045787065637465642068617368FD
:102F60000068616E646C6520213D204E554C4C001C
:102F70002F4944462F636F6D706F6E656E74732FAB
:102F8000626F6F746C6F616465725F737570706F80
:102F900072742F7372632F6964662F626F6F746C23
:102FA0006F616465725F7368612E6300726574207F
:102FB0003D3D203000626F6F746C6F616465725FBD
:102FC0007368613235365F66696E69736800626F77
:102FD0006F746C6F616465725F7368613235365F00
:102FE0006461746100706172746974696F6E004528
:102FF00020282575292025733A204E6F204D443511
:1030000020666F756E6420696E20706172746974D9
:10301000696F6E207461626C650A00452028257511
:10302000292025733A20506172746974696F6E208B
:103030007461626C65204D4435206D69736D6174F7
:1030400063680A004520282575292025733A206CDD
:103050006F61645F706172746974696F6E732072FE
:10306000657475726E656420307825780A002F4982
:1030700044462F636F6D706F6E656E74732F73703F
:10308000695F666C6173682F706172746974696FCF
:103090006E2E63006974657261746F7220213D2029
:1030A0004E554C4C00706172746974696F6E2021CA
:1030B0003D204E554C4C006573705F7061727469B1
:1030C00074696F6E5F6D6D6170006573705F7061C4
:1030D00072746974696F6E5F65726173655F726146
:1030E0006E6765006573705F706172746974696F93
:1030F0006E5F77726974655F726177006573705F88
:10310000706172746974696F6E5F726561645F7219
:103110006177006573705F706172746974696F6E56
:103120005F7772697465006573705F70617274694E
:1031300074696F6E5F72656164006573705F706162
:1031400072746974696F6E5F676574006573705F30
:10315000706172746974696F6E5F6E657874007304
:103160005F6D6D61705F706167655F726566636EEC
:10317000745B695D203D3D2030207C7C2028656E9D
:103180007472795F70726F203D3D20534F435F4DE5
:103190004D555F504147455F494E5F464C4153484E
:1031A0002870616765735B706167656E6F5D29206C
:1031B00029002F4944462F636F6D706F6E656E74E2
:1031C000732F7370695F666C6173682F666C6173CF
:1031D000685F6D6D61702E630044504F52545F53B1
:1031E000455155454E43455F5245475F5245414421
:1031F000282875696E7433325F742926534F435FF4
:103200004D4D555F44504F52545F50524F5F464CA6
:103210004153485F4D4D555F5441424C455B695D9C
:10322000292026204D4D555F494E56414C494400BA
:10323000735F6D6D61705F706167655F7265666316
:103240006E745B695D203E203000302026262022EF
:10325000696E76616C69642068616E646C652C20AF
:103260006F722068616E646C6520616C7265616468
:103270007920756E6D617070656422007370695F8E
:10328000666C6173685F6D756E6D617000737069F7
:103290005F666C6173685F6D6D61705F70616765BB
:1032A00073004520282575292025733A20756E6501
:1032B000787065637465642073706920666C6173EF
:1032C00068206572726F7220636F64653A2030788F
:1032D00025780A004520282575292025733A20667F
:1032E00061696C656420746F206765742063686928
:1032F000702073697A650A006C656E5F72656D6136
:10330000696E203C206C656E002F4944462F636F28
:103310006D706F6E656E74732F7370695F666C612C
:1033200073682F6573705F666C6173685F61706945
:103330002E63006C656E5F72656D61696E203C2066
:103340006C656E67746800452028257529202573F3
:103350003A20666C61736820656E6372797074657B
:103360006420777269746520616464726573732088
:103370006D757374206265203136206279746573CF
:1033800020616C69676E65640A00452028257529EF
:103390002025733A20666C61736820656E637279CC
:1033A00070746564207772697465206C656E6774EB
:1033B00068206D757374206265206D756C7469701A
:1033C0006C65206F662031360A006275735F616339
:1033D000717569726564006573705F666C617368AE
:1033E0005F77726974655F656E6372797074656426
:1033F000006573705F666C6173685F77726974658E
:10340000006573705F666C6173685F657261736598
:103410005F726567696F6E007370695F666C617378
:1034200068004520282575292025733A20446574B5
:1034300065637465642073697A652825646B292047
:10344000736D616C6C6572207468616E2074686560
:103450002073697A6520696E207468652062696EE0
:1034600061727920696D6167652068656164657264
:103470002825646B292E2050726F62652066616971
:103480006C65642E0A007370695F666C6173680016
:10349000636869705F737461747573203D3D20309B
:1034A000002F4944462F636F6D706F6E656E7473A5
:1034B0002F7370695F666C6173682F7370695F66E4
:1034C0006C6173685F6F735F66756E635F61707068
:1034D0002E6300737069315F666C6173685F6F7330
:1034E0005F636865636B5F7969656C6400735F66D1
:1034F0006C6173685F6F705F6D7574657820213DD6
:10350000204E554C4C002F4944462F636F6D706F11
:103510006E656E74732F7370695F666C6173682F6C
:1035200063616368655F7574696C732E63006573AE
:10353000705F7461736B5F737461636B5F69735FFA
:1035400073616E655F63616368655F64697361621F
:103550006C6564282900735F666C6173685F6F70C7
:103560005F637075203D3D202D31006F746865727A
:103570005F6370756964203D3D2031006573705F45
:103580006970635F63616C6C286F746865725F63F8
:10359000707569642C20267370695F666C6173684E
:1035A0005F6F705F626C6F636B5F66756E632C201C
:1035B00028766F6964202A29206F746865725F63BA
:1035C00070756964290078506F7274476574436F31
:1035D000726549442829203D3D2063707569640067
:1035E0006370756964203D3D20735F666C6173682C
:1035F0005F6F705F637075002128785461736B474B
:1036000065745363686564756C6572537461746541
:103610002829203D3D207461736B53434845445530
:103620004C45525F4E4F545F5354415254454420D1
:10363000262620637075696420213D20302900739F
:1036400070695F666C6173685F656E61626C655F0F
:10365000696E74657272757074735F6361636865B7
:10366000735F616E645F6F746865725F637075002D
:103670007370695F666C6173685F64697361626CC3
:10368000655F696E74657272757074735F63616390
:103690006865735F616E645F6F746865725F6370A5
:1036A00075007370695F666C6173685F696E6974D9
:1036B0005F6C6F636B006E76730066696E6449744D
:1036C000656D286E73496E6465782C206461746141
:1036D000747970652C206B65792C2066696E645056
:1036E0006167652C206974656D29004944462F6324
:1036F0006F6D706F6E656E74732F6E76735F666C30
:103700006173682F7372632F6E76735F73746F7259
:103710006167652E637070006573705F6572725FBC
:1037200074206E76733A3A53746F726167653A3AF1
:1037300077726974654974656D2875696E74385F50
:10374000742C206E76733A3A4974656D54797065BD
:103750002C20636F6E737420636861722A2C20635F
:103760006F6E737420766F69642A2C2073697A6592
:103770005F74290000000000000000001CAD004242
:1037800030AD004200AE00426CAD0042B8AD004228
:10379000DCAD004230AE0042A0AE004254AE00426A
:1037A0000CAD004278AE004244AD004298AD0042FC
:1037B0000000000000000000A45B024204AF0042D1
:1037C000AC5B0242C4AE004214AF0042DCAE004229
:1037D00034AF0042F4AE0042B85B0242C45B024226
:1037E0000000000000000000D05B024270AF004209
:1037F0006D506167654C6973742E6261636B282933
:103800002E6765745365714E756D626572286C61C3
:1038100073745365714E6F29004944462F636F6D71
:10382000706F6E656E74732F6E76735F666C617306
:10383000682F7372632F6E76735F706167656D6159
:103840006E616765722E637070006573705F65727C
:10385000725F74206E76733A3A506167654D616E9F
:10386000616765723A3A6C6F6164286E76733A3AB2
:10387000506172746974696F6E2A2C2075696E7458
:1038800033325F742C2075696E7433325F74290093
:1038900070746872656164004520282575292025AB
:1038A000733A204661696C656420746F20616C6CAA
:1038B0006F63617465207461736B2061726773213B
:1038C0000A004520282575292025733A204661697C
:1038D0006C656420746F20616C6C6F63617465202B
:1038E000707468726561642064617461210A0045C6
:1038F00020282575292025733A204661696C656466
:1039000020746F20637265617465207461736B212C
:103910000A0066616C736520262620224661696C68
:10392000656420746F206C6F636B207468726561CE
:103930006473206C6973742122002F4944462F63FD
:103940006F6D706F6E656E74732F707468726561E1
:10395000642F707468726561642E630045202825A9
:1039600075292025733A2025733A206E6F742073D1
:103970007570706F72746564210A0066616C73659E
:1039800020262620224661696C656420746F2072AF
:10399000656C65617365206D7574657821220066BC
:1039A000616C736520262620224661696C6564205F
:1039B000746F20756E6C6F636B206D757465782104
:1039C0002200707468726561645F6D757465785FFC
:1039D000756E6C6F636B00707468726561645F6DA7
:1039E000757465785F64657374726F79007074685C
:1039F000726561645F63616E63656C00746C7320F3
:103A0000213D204E554C4C002F4944462F636F6D8D
:103A1000706F6E656E74732F707468726561642F59
:103A2000707468726561645F6C6F63616C5F7374FE
:103A30006F726167652E6300707468726561645FA0
:103A40006C6F63616C5F73746F726167655F7468DC
:103A5000726561645F64656C657465645F63616C05
:103A60006C6261636B007461736B5F7764740045B3
:103A700020282575292025733A205461736B2077FF
:103A800061746368646F6720676F7420747269671C
:103A900067657265642E2054686520666F6C6C6F74
:103AA00077696E67207461736B7320646964206E3C
:103AB0006F74207265736574207468652077617413
:103AC0006368646F6720696E2074696D653A0A00E7
:103AD0004520282575292025733A20202D2025737F
:103AE00020282573290A00452028257529202573BB
:103AF0003A2025730A004520282575292025733A88
:103B0000204350552025643A2025730A004520287B
:103B10002575292025733A2041626F7274696E679A
:103B20002E0A004520282575292025733A20507239
:103B3000696E742043505520256420286375727285
:103B4000656E7420636F726529206261636B7472A5
:103B50006163650A004520282575292025733A20D0
:103B60005072696E74204350552025642062616351
:103B70006B74726163650A006573705F696E74725D
:103B80005F616C6C6F63284554535F5447305F57D7
:103B900044545F4C4556454C5F494E54525F534F19
:103BA000555243452C20302C207461736B5F776431
:103BB000745F6973722C204E554C4C2C2026747700
:103BC00064745F636F6E6669672D3E696E74725FC1
:103BD00068616E646C6529004944462F636F6D709F
:103BE0006F6E656E74732F6573705F737973746530
:103BF0006D2F7461736B5F7764742E6300657370EF
:103C00005F72656769737465725F66726565727409
:103C10006F735F69646C655F686F6F6B5F666F720F
:103C20005F6370752869646C655F686F6F6B5F6355
:103C3000622C206929006573705F7461736B5F7714
:103C400064745F616464006573705F7461736B5F5B
:103C50007764745F696E6974006370755F73746113
:103C60007274004520282575292025733A20527545
:103C70006E6E696E67206F6E2073696E676C65206B
:103C8000636F72652076617269616E74206F662061
:103C90006120636869702C206275742061707020E7
:103CA0006973206275696C742077697468206D751A
:103CB0006C74692D636F726520737570706F7274A8
:103CC0002E0A004520282575292025733A204368AF
:103CD00065636B207468617420434F4E4649475FAB
:103CE0004652454552544F535F554E49434F5245F6
:103CF00020697320656E61626C656420696E206D59
:103D0000656E75636F6E6669670A007274635F63E0
:103D10006C6B5F7874616C5F667265715F67657408
:103D20002829203D3D205254435F5854414C5F4662
:103D30005245515F34304D002F4944462F636F6D1B
:103D4000706F6E656E74732F6573705F73797374C3
:103D5000656D2F706F72742F736F632F657370337F
:103D60003273332F636C6B2E630072657300000037
:103D7000146414276573705F636C6B5F696E69749C
:103D8000002868696E74202620287E5253545F52A2
:103D90004541534F4E5F4D41534B2929203D3D2016
:103DA00030002F4944462F636F6D706F6E656E74DF
:103DB000732F6573705F73797374656D2F706F7295
:103DC000742F736F632F657370333273332F726583
:103DD0007365745F726561736F6E2E6300657370D7
:103DE0005F72657365745F726561736F6E5F736533
:103DF000745F68696E7400000100000000F00160EB
:103E000002000000000002600D0A0D0A4261636BAF
:103E100074726163653A003A30780020307825305A
:103E200038583A30782530385800207C3C2D434FA4
:103E30005252555054454400207C3C2D434F4E5423
:103E4000494E554553000D0A0D0A00636F72655FB8
:103E500069643C706F72744E554D5F50524F4345CC
:103E600053534F5253002F4944462F636F6D706F69
:103E70006E656E74732F6573705F73797374656D9F
:103E80002F63726F7373636F72655F696E742E63F5
:103E9000006573705F63726F7373636F72655F69E0
:103EA0006E745F73656E64006573705F63726F73C9
:103EB00073636F72655F696E745F696E6974000029
:103EC0000100000000F0016002000000000002603C
:103ED00047757275204D656469746174696F6E20F1
:103EE0004572726F723A20436F72652000207061D4
:103EF0006E6963276564202800292E2000536574AD
:103F000074696E6720627265616B706F696E742090
:103F100061742030780020616E642072657475725F
:103F20006E696E672E2E2E0D0A000D0A454C462036
:103F300066696C65205348413235363A2000526537
:103F40002D656E746572656420636F72652064759B
:103F50006D702120457863657074696F6E206861AB
:103F60007070656E656420647572696E6720636F3A
:103F700072652064756D70210D0A005265626F6F65
:103F800074696E672E2E2E0D0A007666735F657259
:103F900072203D3D204553505F4F4B202626202266
:103FA0004661696C656420746F207265676973741B
:103FB00065722076667320636F6E736F6C65220086
:103FC0002F4944462F636F6D706F6E656E74732F4B
:103FD0006573705F73797374656D2F737461727438
:103FE00075702E63002F6465762F636F6E736F6C30
:103FF000652F007700657272203D3D204553505F6C
:104000004F4B20262620224661696C656420746F20
:1040100020696E69742070746872656164206D6FC8
:1040200064756C65212200666C6173685F726574EB
:10403000203D3D204553505F4F4B00646F5F636FE1
:1040400072655F696E69740060D8004240783740DD
:10405000556E6B6E6F776E0007010101014D656D46
:104060006F72792064756D7020617420307800491A
:1040700063616368652073796E6320706172616D3E
:104080006574657220636F6E6669677572617469C5
:104090006F6E206572726F722C2074686520657275
:1040A000726F72206164647265737320616E642044
:1040B00073697A6520697320307800283078004968
:1040C0006361636865207072656C6F616420706104
:1040D00072616D6574657220636F6E666967757273
:1040E0006174696F6E206572726F722C20746865DE
:1040F000206572726F7220616464726573732061EF
:104100006E642073697A6520697320307800446397
:10411000616368652073796E6320706172616D659B
:1041200074657220636F6E66696775726174696F1A
:104130006E206572726F722C2074686520657272D1
:104140006F72206164647265737320616E642073A2
:10415000697A65206973203078004463616368651B
:10416000207072656C6F616420706172616D65743E
:10417000657220636F6E66696775726174696F6ED0
:10418000206572726F722C20746865206572726F80
:1041900072206164647265737320616E6420736958
:1041A0007A652069732030780057726974652062DF
:1041B00061636B206572726F72206F6363757272D8
:1041C0006564207768696C65206463616368652055
:1041D000747269657320746F2077726974652062E8
:1041E00061636B20746F20666C6173680D0A004D0B
:1041F0004D5520656E747279206661756C7420650A
:1042000072726F72206F6363757272656420776873
:10421000696C6520616363657373696E6720746898
:1042200065206164647265737320307800202869AA
:104230006E76616C6964206D6D7520656E7472793F
:104240002900446562756720657863657074696FDD
:104250006E20726561736F6E3A200053696E676CF1
:10426000655374657020004877427265616B706FAA
:10427000696E742000537461636B2063616E6172B8
:1042800079207761746368706F696E7420747269E5
:104290006767657265642028002920005761746390
:1042A00068706F696E742030207472696767657218
:1042B00065642000425245414B20696E7374722040
:1042C00000425245414B4E20696E73747220004487
:1042D00065627567496E7472200020726567697344
:1042E0007465722064756D703A0020776173207276
:1042F000756E6E696E6720696E2049535220636F38
:104300006E746578743A0D0A0045504331202020C0
:10431000203A2030780020204550433220202020B1
:104320003A20307800202045504333202020203A86
:1043300020307800202045504334202020203A208F
:10434000307800504320202020202000505320208F
:10435000202020200041302020202020200041313A
:10436000202020202020004132202020202020005A
:1043700041332020202020200041342020202020F4
:104380002000413520202020202000413620202000
:1043900020202000413720202020202000413820EC
:1043A00020202020200041392020202020200041F2
:1043B00031302020202020004131312020202020B9
:1043C00000413132202020202000413133202020A4
:1043D0002020004131342020202020004131352090
:1043E000202020200053415220202020200045582A
:1043F00043434155534500455843564144445200B8
:104400004C42454720202020004C454E442020208F
:1044100020004C434F554E54202000004343033CA2
:104420004C43033C5543033C5E43033C6743033C1E
:104430007043033C7943033C8243033C8B43033C7E
:104440009443033C9D43033CA643033CAF43033CDE
:10445000B843033CC143033CCA43033CD343033C3E
:10446000DC43033CE543033CEE43033CF743033C9E
:104470000044033C0944033C1244033C4578636513
:104480007074696F6E2077617320756E68616E64F9
:104490006C65642E00556E6B6E6F776E2072656171
:1044A000736F6E00556E68616E646C656420646540
:1044B00062756720657863657074696F6E00446F1C
:1044C00075626C6520657863657074696F6E005500
:1044D0006E68616E646C6564206B65726E656C20DD
:1044E000657863657074696F6E00436F70726F6397
:1044F0006573736F7220657863657074696F6E00A1
:10450000496E746572727570742077647420746972
:104510006D656F7574206F6E204350553000496E85
:1045200074657272757074207764742074696D6537
:104530006F7574206F6E204350553100436163687E
:10454000652064697361626C6564206275742063C0
:104550006163686564206D656D6F7279207265674F
:10456000696F6E20616363657373656400496C6C89
:104570006567616C496E737472756374696F6E0000
:1045800053797363616C6C00496E737472756374F4
:10459000696F6E46657463684572726F72004C6F26
:1045A000616453746F72654572726F72004C657608
:1045B000656C31496E7465727275707400416C6C13
:1045C0006F636100496E74656765724469766964FA
:1045D0006542795A65726F00504356616C7565008B
:1045E00050726976696C65676564004C6F616453ED
:1045F000746F7265416C69676E6D656E7400496EAB
:104600007374725044416464724572726F72004CEC
:104610006F616453746F72655049464461746145BB
:1046200072726F7200496E737472504946416464CD
:10463000724572726F72004C6F616453746F726571
:10464000504946416464724572726F7200496E73DC
:1046500074544C424D69737300496E7374544C42E8
:104660004D756C746948697400496E73744665745D
:10467000636850726976696C65676500496E73742A
:1046800072466574636850726F68696269746564C4
:10469000004C6F616453746F7265544C424D697382
:1046A00073004C6F616453746F7265544C424D7566
:1046B0006C7469686974004C6F616453746F7265DF
:1046C00050726976696C656765004C6F6164507201
:1046D0006F686962697465640053746F72655072C3
:1046E0006F6869626974656400437030446973007F
:1046F00043703144697300437032446973004370FE
:104700003344697300437034446973004370354423
:1047100069730043703644697300437037446973AA
:10472000000000009544033CA444033CBE44033C09
:10473000CF44033CEA44033C0045033C1E45033C94
:104740003C45033C6D45033C8045033C8845033CA8
:104750009E45033CAD45033CBD45033CC445033C7D
:10476000D845033CE045033CEB45033C6A3D033C34
:104770006A3D033CFE45033C0F46033C2546033C93
:104780003746033C4D46033C5946033C6946033CCF
:104790006A3D033C7C46033C6A3D033C6A3D033C66
:1047A0006A3D033C9146033CA246033CB746033CAA
:1047B0006A3D033CCA46033CD946033C6A3D033C80
:1047C0006A3D033CE946033CF046033CF746033CA4
:1047D000FE46033C0547033C0C47033C1347033CA0
:1047E0001A47033C10000000CFF100000800000051
:1047F000C770000004000000433000000300000008
:104800000220000002000000011000000100000072
:104810000000008000000000000000001000000008
:104820000F070F0008000000070307000400000046
:104830000301030003000000020002000200000068
:1048400001000100010000000000008000000000E5
:10485000000000007374726E636D70287372635F82
:10486000706174682C207666732D3E706174685F89
:104870007072656669782C207666732D3E7061745F
:10488000685F7072656669785F6C656E29203D3D72
:104890002030002F4944462F636F6D706F6E656E38
:1048A00074732F7666732F7666732E63007472614D
:1048B0006E736C6174655F70617468002F646576F7
:1048C0002F75617274002F30002F6465762F736529
:1048D000636F6E64617279002F6465762F636F6E0B
:1048E000736F6C65000000000000000078F100426A
:1048F00000000000F0F10042000000000000000095
:1049000044F10042C4F10042ACF10042000000005A
:104910000000000000000000000000000000000097
:104920000000000000000000000000000000000087
:1049300000000000000000000000000010F2004233
:104940000000000034F2004254F200420000000077
:10495000000000000000000094F20042B8F20042A3
:10496000D4F20042F4F20042000000000000000017
:104970000000000010F300420000000000000000F2
:10498000000000000000000074F20042735F6374D6
:10499000782E7065656B5F63686172203D3D204EC7
:1049A0004F4E45002F4944462F636F6D706F6E6503
:1049B0006E74732F7666732F7666735F7573625F9E
:1049C00073657269616C5F6A7461672E63007573E9
:1049D000625F73657269616C5F6A7461675F72655B
:1049E0007475726E5F636861720000000000000001
:1049F00048F4004200000000CCF500420000000036
:104A00000000000094F30042885F0242B8F30042C5
:104A10000000000000000000000000000000000096
:104A20000000000000000000000000000000000086
:104A30000000000000000000000000000000000076
:104A4000B0F4004200000000D4F300420000000077
:104A5000000000000000000000000000E8F4004238
:104A60006CF600423CF40042A4F300420000000057
:104A70000000000000000000000000000000000036
:104A80000000000000000000000000000000000026
:104A90002F31002F32006664203E3D302026262034
:104AA0006664203C2033002F4944462F636F6D70AD
:104AB0006F6E656E74732F7666732F7666735F758F
:104AC0006172742E6300735F6374785B66645D2D3E
:104AD0003E7065656B5F63686172203D3D204E4F9F
:104AE0004E45006664203E3D203020262620666428
:104AF000203C203300756172745F777269746500C1
:104B0000756172745F72657475726E5F63686172ED
:104B100000756172745F7265616400756172745FC3
:104B2000636C6F736500756172745F667374617432
:104B300000756172745F66636E746C007561727487
:104B40005F6673796E63000000000000200101427F
:104B50000000000088010142000000000000000089
:104B6000CCFF0042AC0001427C000142000000008A
:104B70000000000000000000000000000000000035
:104B80000000000000000000000000000000000025
:104B900000000000000000000000000020000142B2
:104BA00000000000E00001427CFF00420000000025
:104BB0000000000000000000D8FC004220FA004283
:104BC0003002014250FF00420000000000000000DF
:104BD00000000000E0F700420000000000000000BC
:104BE000000000000000000048F70042681EC93FB6
:104BF0008C1EC93FB01EC93F69203D3D2030207C3E
:104C00007C20735F6C6F675F63616368655B2869B5
:104C1000202D203129202F20325D2E67656E657290
:104C20006174696F6E203C20735F6C6F675F6361B6
:104C30006368655B695D2E67656E65726174696F37
:104C40006E002F4944462F636F6D706F6E656E74F2
:104C5000732F6C6F672F6C6F672E63006765745FCF
:104C60006361636865645F6C6F675F6C6576656CD4
:104C7000006573705F6C6F675F6C6576656C5F7302
:104C80006574006573705F7074725F696E5F6469EC
:104C900072616D5F6472616D2828766F6964202A85
:104CA0002964737461727429002F4944462F636F1D
:104CB0006D706F6E656E74732F686561702F6865B7
:104CC00061705F636170732E63006573705F7074F1
:104CD000725F696E5F646972616D5F6472616D2895
:104CE00028766F6964202A2964656E642900286427
:104CF00073746172742026203329203D3D203000DA
:104D00002864656E642026203329203D3D20300034
:104D10006865617020213D204E554C4C2026262090
:104D20002266726565282920746172676574207037
:104D30006F696E746572206973206F75747369642E
:104D40006520686561702061726561732200686525
:104D5000617020213D204E554C4C20262620227289
:104D600065616C6C6F63282920706F696E74657261
:104D7000206973206F75747369646520686561705C
:104D800020617265617322006F6C645F73697A657C
:104D9000203E203000686561705F636170735F63FF
:104DA000616C6C6F6300686561705F636170735FF5
:104DB0007265616C6C6F6300686561705F636170E0
:104DC000735F6672656500686561705F63617073CB
:104DD0005F7265616C6C6F635F62617365006865CB
:104DE00061705F636170735F7265616C6C6F635F4C
:104DF00064656661756C7400686561705F6361709D
:104E0000735F6D616C6C6F635F64656661756C7414
:104E1000006472616D5F616C6C6F635F746F5F697A
:104E200072616D5F6164647200686561705F636187
:104E300070735F6D616C6C6F6300686561705F7348
:104E4000697A65203C3D20484541505F53495A45A9
:104E50005F4D4158002F4944462F636F6D706F6E50
:104E6000656E74732F686561702F686561705F632C
:104E70006170735F696E69742E6300686561705F4D
:104E8000696478203C3D206E756D5F686561707364
:104E900000686561705F696478203D3D206E756DC6
:104EA0005F686561707300534C4953545F454D50C2
:104EB00054592826726567697374657265645F6802
:104EC00065617073290068656170735F61727261FA
:104ED0007920213D204E554C4C00686561705F6320
:104EE0006170735F696E6974007265676973746578
:104EF000725F6865617000434F52525550542048AC
:104F00004541503A206D756C74695F686561702E1B
:104F1000633A256420646574656374656420617414
:104F2000203078253038780A0073746172745F70AD
:104F30007472002F4944462F636F6D706F6E656EFB
:104F400074732F686561702F6D756C74695F686527
:104F500061702E63006865617020213D204E554CC4
:104F60004C006D756C74695F686561705F72656136
:104F70006C6C6F635F696D706C006D756C74695FEC
:104F8000686561705F72656769737465725F696D8A
:104F9000706C007573656400667265650009257044
:104FA0002025732073697A653A202578202825709A
:104FB000290A00746C73665F6164645F706F6F6C64
:104FC0003A204D656D6F7279206D7573742062653E
:104FD00020616C69676E65642062792025752062A6
:104FE000797465732E0A00746C73665F6164645F24
:104FF000706F6F6C3A204D656D6F72792073697AAE
:1050000065206D75737420626520626574776565CF
:105010006E20257520616E64202575206279746587
:10502000732E0A0063757272656E74202626202224
:1050300066726565206C6973742063616E6E6F744F
:1050400020686176652061206E756C6C20656E74D9
:10505000727922002F4944462F636F6D706F6E6521
:105060006E74732F686561702F686561705F746C12
:1050700073662E6300626C6F636B5F746F5F707436
:105080007228626C6F636B29203D3D20616C6967FB
:105090006E5F70747228626C6F636B5F746F5F70A9
:1050A000747228626C6F636B292C20414C49474E07
:1050B0005F53495A45292026262022626C6F636B74
:1050C000206E6F7420616C69676E65642070726F0A
:1050D0007065726C792200626C6F636B5F69735FDD
:1050E0006672656528626C6F636B29202626202214
:1050F000626C6F636B2073686F756C6420626520EF
:1051000066726565220021626C6F636B5F69735F15
:105110006672656528626C6F636B5F6E6578742874
:10512000626C6F636B292920262620226E657874B5
:1051300020626C6F636B2073686F756C64206E6F98
:105140007420626520667265652200626C6F636B15
:105150005F73697A6528626C6F636B5F6E657874E4
:1051600028626C6F636B2929203D3D203020262664
:1051700020226E65787420626C6F636B2073697A8D
:10518000652073686F756C64206265207A65726F44
:105190002200707265762026262022707265765F66
:1051A00066726565206669656C642063616E206E59
:1051B0006F74206265206E756C6C22006E65787469
:1051C00020262620226E6578745F667265652066EB
:1051D00069656C642063616E206E6F742062652067
:1051E0006E756C6C2200746C73665F6372656174BB
:1051F000653A204D656D6F7279206D75737420620C
:105200006520616C69676E656420746F2025752068
:1052100062797465732E0A0073697A656F66287502
:105220006E7369676E656420696E7429202A204355
:105230004841525F424954203E3D20636F6E747274
:105240006F6C2D3E736C5F696E6465785F636F751C
:105250006E742026262022434841525F4249542042
:105260006C657373207468616E20736C5F696E6423
:1052700065785F636F756E742200414C49474E5FDD
:1052800053495A45203D3D20636F6E74726F6C2DFB
:105290003E736D616C6C5F626C6F636B5F73697A98
:1052A00065202F20636F6E74726F6C2D3E736C5F80
:1052B000696E6465785F636F756E742026262022A0
:1052C000414C49474E5F53495A4520646F657320EE
:1052D0006E6F74206D617463682200736C5F6D6122
:1052E000702026262022696E7465726E616C2065BE
:1052F00072726F72202D207365636F6E64206C650F
:1053000076656C206269746D6170206973206E75BA
:105310006C6C2200626C6F636B5F73697A652862E4
:105320006C6F636B29203E3D2073697A6500626C67
:105330006F636B5F69735F6672656528626C6F632C
:105340006B292026262022626C6F636B206D75739B
:105350007420626520667265652200626C6F636B03
:105360005F746F5F7074722872656D61696E696ECB
:105370006729203D3D20616C69676E5F70747228FB
:10538000626C6F636B5F746F5F7074722872656DAF
:1053900061696E696E67292C20414C49474E5F5305
:1053A000495A4529202626202272656D61696E6959
:1053B0006E6720626C6F636B206E6F7420616C6926
:1053C000676E65642070726F7065726C792200621E
:1053D0006C6F636B5F73697A6528626C6F636B29AE
:1053E000203D3D2072656D61696E5F73697A65204D
:1053F0002B2073697A65202B20626C6F636B5F686A
:1054000065616465725F6F7665726865616400628C
:105410006C6F636B5F73697A652872656D61696E25
:10542000696E6729203E3D20626C6F636B5F736914
:105430007A655F6D696E2026262022626C6F636B31
:105440002073706C6974207769746820696E766166
:105450006C69642073697A65220021626C6F636BEA
:105460005F69735F6672656528626C6F636B292084
:1054700026262022626C6F636B20616C726561640A
:1054800079206D61726B6564206173206672656559
:1054900022007072657620262620227072657620A2
:1054A000706879736963616C20626C6F636B2063F1
:1054B000616E2774206265206E756C6C2200626CD0
:1054C0006F636B5F69735F6672656528707265767E
:1054D0002920262620227072657620626C6F636B0D
:1054E000206973206E6F7420667265652074686F22
:1054F000756768206D61726B6564206173207375D8
:105500006368220021626C6F636B5F69735F6C611B
:1055100073742870726576292026262022707265A1
:1055200076696F757320626C6F636B2063616E27A1
:1055300074206265206C61737422006E657874203B
:10554000262620226E6578742070687973696361FD
:105550006C20626C6F636B2063616E2774206265E0
:10556000206E756C6C220021626C6F636B5F6973D7
:105570005F6C61737428626C6F636B292026262030
:105580002270726576696F757320626C6F636B2031
:1055900063616E2774206265206C61737422002140
:1055A000626C6F636B5F69735F6672656528626CBE
:1055B0006F636B292026262022626C6F636B206D3F
:1055C00075737420626520757365642200626C6F68
:1055D000636B5F7472696D5F7573656400746C737F
:1055E000665F7265616C6C6F6300626C6F636B5FAA
:1055F0006D657267655F6E65787400626C6F636B72
:105600005F6162736F726200626C6F636B5F6D6586
:105610007267655F7072657600746C73665F667240
:10562000656500626C6F636B5F73706C69740062B8
:105630006C6F636B5F7472696D5F66726565007332
:1056400065617263685F7375697461626C655F62DE
:105650006C6F636B00626C6F636B5F6C6F63617424
:10566000655F6672656500636F6E74726F6C5F6311
:105670006F6E7374727563740072656D6F76655FBB
:10568000667265655F626C6F636B00696E736572ED
:10569000745F667265655F626C6F636B00434F5247
:1056A0005255505420484541503A20426164206888
:1056B0006561642061742025702E204578706563D3
:1056C0007465642030782530387820676F74203016
:1056D00078253038780A00434F52525550542048AC
:1056E0004541503A20426164207461696C206174C4
:1056F0002025702E204578706563746564203078AD
:105700002530387820676F74203078253038780A53
:10571000006865616420213D204E554C4C002F49A6
:1057200044462F636F6D706F6E656E74732F68657E
:1057300061702F6D756C74695F686561705F706F03
:1057400069736F6E696E672E63006D756C74695F47
:10575000686561705F6765745F616C6C6F636174CD
:1057600065645F73697A65006D756C74695F6865FF
:1057700061705F7265616C6C6F63006D756C7469EC
:105780005F686561705F66726565007265736572FA
:105790007665645B695D2E7374617274203C3D2094
:1057A00072657365727665645B695D2E656E640013
:1057B0002F4944462F636F6D706F6E656E74732F43
:1057C000686561702F706F72742F6D656D6F72797F
:1057D0005F6C61796F75745F7574696C732E6300AB
:1057E00072657365727665645B69202B20315D2E6E
:1057F0007374617274203E2072657365727665649D
:105800005B695D2E7374617274006D656D6F727982
:105810005F6C61796F7574004520282575292025F6
:10582000733A20534F435F524553455256455F4D9F
:10583000454D4F52595F524547494F4E207265675B
:10584000696F6E2072616E67652030782530387818
:10585000202D20307825303878206F7665726C6185
:105860007073207769746820307825303878202D5F
:10587000203078253038780A00735F707265706167
:1058800072655F72657365727665645F726567697C
:105890006F6E73000C0000000000003D000000016E
:1058A00005000000000000000040374000400000FC
:1058B00004000000000000000080C83F00800000DD
:1058C00002000000008037400000C93F00000100D6
:1058D00002000000000038400000CA3F0000010044
:1058E00002000000000039400000CB3F0000010032
:1058F0000200000000003A400000CC3F0000010020
:105900000200000000003B400000CD3F000001000D
:105910000200000000003C400000CE3F1097000055
:105920000200000000003D401097CE3FF0680000EC
:105930000300000010973D400000CF3F00800000B2
:10594000000000000000000000E00F6000200000E8
:105950000700000000000000535441434B2F445205
:10596000414D00442F4952414D00535441434B2F68
:10597000444952414D0053504952414D004E4F4E03
:105980005F444D415F4452414D0052544352414D9A
:10599000000000005E59033C041000000A080000EB
:1059A00000000000000000005859033C04500000B3
:1059B0000A08000000000000000100006359033CD9
:1059C000000000000C18000003400000010000006F
:1059D0006A59033C045000000B080000000000005E
:1059E000010100006559033C0308000000000000AD
:1059F00000000000000000007659033C0014000085
:105A00000000000006000000000000007D59033C7B
:105A10000410000002080000000000000000000068
:105A20008A59033C008000000410000002080000B6
:105A30000000000001000000020000000300000060
:105A40000400000005000000060000000700000040
:105A500008000000090000000A0000000B00000020
:105A60000C0000000D0000000E0000000F00000000
:105A700010000000110000001200000013000000E0
:105A80001400000025000000420000004700000054
:105A900043000000480000004400000049000000EE
:105AA000450000004A000000460000004B000000D6
:105AB00004900060089000600C90006010900060FE
:105AC00014900060189000601C90006020900060AE
:105AD00024900060289000602C900060309000605E
:105AE00034900060389000603C900060409000600E
:105AF00044900060489000604C90006050900060BE
:105B00005490006058900060000000000000000009
:105B100000000000000000006C90006070900060C9
:105B200074900060789000607C90006080900060CD
:105B300084900060889000608C900060909000607D
:105B400094900060989000609C900060A09000602D
:105B5000A4900060A8900060AC900060B0900060DD
:105B6000B4900060B8900060BC900060C09000608D
:105B7000C4900060490000002800000012000000EE
:105B800051000000FFFFFFFF52000000FFFFFFFF7A
:105B900053000000FFFFFFFF54000000FFFFFFFF66
:105BA000FFFFFFFF51000000FFFFFFFF520000005A
:105BB000FFFFFFFF53000000FFFFFFFF5400000046
:105BC0008484006000000800110000000020000034
:105BD000000000080000001000000100008000002C
:105BE0000040000000000000010000000300000071
:105BF0001D00000000000000888400600000080014
:105C0000110000000020000000000008000000104B
:105C100000000100008000000040000000000000C3
:105C200002000000030000001D0000000100000051
:105C30008C840060000008001100000000200000BB
:105C400000000008000000100000010000800000BB
:105C500000400000000000000400000003000000FD
:105C60001D00000002000000908400600000080099
:105C700011000000002000000000000800000010DB
:105C80000000010000800000004000000000000053
:105C900008000000030000001D00000003000000D9
:105CA0009484006000000800110000000020000043
:105CB000000000080000001000000100008000004B
:105CC0000040000000000000100000000300000081
:105CD0001D0000000400000098840060000008001F
:105CE000110000000020000000000008000000106B
:105CF00000000100008000000040000000000000E3
:105D000020000000030000001D000000050000004E
:105D10009C840060000008001100000000200000CA
:105D200000000008000000100000010000800000DA
:105D300000400000000000004000000003000000E0
:105D40001D00000006000000A084006000000800A4
:105D500011000000002000000000000800000010FA
:105D60000000010000800000004000000000000072
:105D700080000000030000001D000000070000007C
:105D8000A484006000000800110000000020000052
:105D9000000000080000001000000100008000006A
:105DA00000400000000000000001000003000000AF
:105DB0001D00000008000000A8840060000008002A
:105DC000110000000020000000000008000000108A
:105DD0000000010000800000004000000000000002
:105DE00000020000030000001D0000000900000088
:105DF000AC840060000008001100000000200000DA
:105E000000000008000000100000010000800000F9
:105E1000004000000000000000040000030000003B
:105E20001D0000000A000000B084006000000800AF
:105E30001100000000200000000000080000001019
:105E40000000010000800000004000000000000091
:105E500000080000030000001D0000000B0000000F
:105E6000B484006000000800110000000020000061
:105E70000000000800000010000001000080000089
:105E800000400000000000000010000003000000BF
:105E90001D0000000C000000B88400600000080035
:105EA00011000000002000000000000800000010A9
:105EB0000000010000800000004000000000000021
:105EC00000200000030000001D0000000D00000085
:105ED000BC840060000008001100000000200000E9
:105EE0000000000800000010000001000080000019
:105EF000004000000000000000400000030000001F
:105F00001D0000000E000000C084006000000800BA
:105F10001100000000200000000000080000001038
:105F200000000100008000000040000000000000B0
:105F300000800000030000001D0000000F000000B2
:105F4000C484006000000800110000000020000070
:105F500000000008000000100000010000800000A8
:105F600000400000000000000000010003000000ED
:105F70001D00000010000000C88400600000080040
:105F800011000000002000000000000800000010C8
:105F90000000010000800000004000000000000040
:105FA00000000200030000001D00000011000000BE
:105FB000CC840060000008001100000000200000F8
:105FC0000000000800000010000001000080000038
:105FD000004000000000000000000400030000007A
:105FE0001D00000012000000D084006000000800C6
:105FF0001100000000200000000000080000001058
:1060000000000100008000000040000000000000CF
:1060100000000800030000001D0000001300000045
:10602000D48400600000080011000000002000007F
:1060300000000008000000100000010000800000C7
:1060400000400000000000000000100003000000FD
:106050001D00000014000000D8840060000008004B
:1060600011000000002000000000000800000010E7
:10607000000001000080000000400000000000005F
:1060800000002000030000001D00000015000000BB
:1060900000000000010000000200000003000000FA
:1060A00004000000050000000600000007000000DA
:1060B00008000000090000000A0000000B000000BA
:1060C0000C0000000D0000000E0000000F0000009A
:1060D000100000001100000012000000130000007A
:1060E0001400000015000000FFFFFFFFFFFFFFFF8F
:1060F000FFFFFFFFFFFFFFFFFFFFFFFFFFFFFFFFB0
:10610000FFFFFFFFFFFFFFFFFFFFFFFFFFFFFFFF9F
:10611000FFFFFFFFFFFFFFFFFFFFFFFFFFFFFFFF8F
:10612000FFFFFFFFFFFFFFFFFFFFFFFFFFFFFFFF7F
:10613000FFFFFFFFFFFFFFFFFFFFFFFFFFFFFFFF6F
:10614000FFFFFFFFFFFFFFFFFFFFFFFFFFFFFFFF5F
:10615000FFFFFFFFFFFFFFFF010000000200000044
:10616000030000000400000005000000060000001D
:106170000700000008000000090000000A000000FD
:106180000B0000000C0000000D0000000E000000DD
:10619000726573756C74203D3D20636F72655F6935
:1061A00064207C7C20726573756C74203D3D2053A7
:1061B00050494E4C4F434B5F46524545002F494492
:1061C000462F636F6D706F6E656E74732F6573709D
:1061D0005F68775F737570706F72742F696E636C30
:1061E0007564652F736F632F7370696E6C6F636B6B
:1061F0002E680028726573756C74203D3D205350E5
:10620000494E4C4F434B5F4652454529203D3D206A
:10621000286C6F636B2D3E636F756E74203D3D205F
:106220003029006C6F636B2D3E636F756E74203C7C
:10623000203078464600636F72655F6964203D3D9B
:10624000206C6F636B2D3E6F776E6572006C6F63B1
:106250006B2D3E636F756E74203C2030783130308A
:10626000007370696E6C6F636B5F72656C656173F0
:1062700065007370696E6C6F636B5F6163717569E4
:10628000726500000000000004000000050000002E
:10629000060000000700000021282876642D3E66D5
:1062A0006C61677326564543444553435F464C5FD4
:1062B0005348415245442926262876642D3E666C73
:1062C00061677326564543444553435F464C5F4ED2
:1062D0004F4E5348415245442929002F4944462FE7
:1062E000636F6D706F6E656E74732F6573705F682A
:1062F000775F737570706F72742F696E74725F61FF
:106300006C6C6F632E630073766420213D204E55C4
:106310004C4C00737664006573705F696E74725FD5
:1063200064697361626C65006573705F696E747235
:106330005F667265650069735F766563745F646547
:1063400073635F757361626C650066696E645F6438
:106350006573635F666F725F736F75726365006507
:106360007272203D3D204553505F4F4B002F4944F2
:10637000462F636F6D706F6E656E74732F657370EB
:106380005F68775F737570706F72742F706F72745F
:106390002F657370333273332F7274635F696E6964
:1063A000742E63007365745F6F636F64655F6279F9
:1063B0005F6566757365007361725F7065726970A1
:1063C000685F6374726C0045202825752920257349
:1063D0003A2025732063616C6C65642C20627574AF
:1063E00020735F7361725F706F7765725F6F6E5F4E
:1063F000636E74203D3D20300A00735F7361725FED
:10640000706F7765725F72656C6561736500556E5C
:1064100068616E646C656420696E74657272757013
:1064200074202564206F6E20637075202564210A16
:10643000004552524F52004553505F4641494C006F
:106440004553505F4552525F4E4F5F4D454D00459D
:1064500053505F4552525F494E56414C49445F414B
:106460005247004553505F4552525F494E56414C8A
:1064700049445F5354415445004553505F4552527F
:106480005F494E56414C49445F53495A4500455374
:10649000505F4552525F4E4F545F464F554E440039
:1064A0004553505F4552525F4E4F545F53555050C5
:1064B0004F52544544004553505F4552525F544932
:1064C0004D454F5554004553505F4552525F494E1C
:1064D00056414C49445F524553504F4E5345004539
:1064E00053505F4552525F494E56414C49445F43B9
:1064F0005243004553505F4552525F494E56414CFE
:1065000049445F56455253494F4E004553505F45ED
:1065100052525F494E56414C49445F4D41430045FC
:1065200053505F4552525F4E4F545F46494E495358
:10653000484544004553505F4552525F4E56535FA5
:1065400042415345004553505F4552525F4E5653AA
:106550005F4E4F545F494E495449414C495A454456
:10656000004553505F4552525F4E56535F4E4F5455
:106570005F464F554E44004553505F4552525F4E63
:1065800056535F545950455F4D49534D415443480C
:10659000004553505F4552525F4E56535F5245413E
:1065A000445F4F4E4C59004553505F4552525F4E29
:1065B00056535F4E4F545F454E4F5547485F5350BB
:1065C000414345004553505F4552525F4E56535F1D
:1065D000494E56414C49445F4E414D45004553504C
:1065E0005F4552525F4E56535F494E56414C4944A7
:1065F0005F48414E444C45004553505F4552525F01
:106600004E56535F52454D4F56455F4641494C45A6
:1066100044004553505F4552525F4E56535F4B45C1
:10662000595F544F4F5F4C4F4E47004553505F45A5
:1066300052525F4E56535F504147455F46554C4C52
:10664000004553505F4552525F4E56535F494E5678
:10665000414C49445F5354415445004553505F45B4
:1066600052525F4E56535F494E56414C49445F4C1F
:10667000454E475448004553505F4552525F4E5671
:10668000535F4E4F5F465245455F5041474553006B
:106690004553505F4552525F4E56535F56414C55DD
:1066A000455F544F4F5F4C4F4E47004553505F4539
:1066B00052525F4E56535F504152545F4E4F545F9B
:1066C000464F554E44004553505F4552525F4E561B
:1066D000535F4E45575F56455253494F4E5F464FA5
:1066E000554E44004553505F4552525F4E56535FDE
:1066F0005854535F454E43525F4641494C45440010
:106700004553505F4552525F4E56535F5854535F46
:10671000444543525F4641494C4544004553505F10
:106720004552525F4E56535F5854535F4346475F3E
:106730004641494C4544004553505F4552525F4ED7
:1067400056535F5854535F4346475F4E4F545F461E
:106750004F554E44004553505F4552525F4E56537D
:106760005F454E43525F4E4F545F535550504F520A
:10677000544544004553505F4552525F4E56535F57
:106780004B4559535F4E4F545F494E495449414C14
:10679000495A4544004553505F4552525F4E565347
:1067A0005F434F52525550545F4B45595F504152D1
:1067B00054004553505F4552525F4E56535F434F0E
:1067C0004E54454E545F4449464645525300455346
:1067D000505F4552525F4E56535F57524F4E475F80
:1067E000454E4352595054494F4E004553505F4512
:1067F00052525F554C505F42415345004553505FE4
:106800004552525F554C505F53495A455F544F4F64
:106810005F424947004553505F4552525F554C50C7
:106820005F494E56414C49445F4C4F41445F41449F
:106830004452004553505F4552525F554C505F449F
:1068400055504C49434154455F4C4142454C0045ED
:1068500053505F4552525F554C505F554E4445462C
:10686000494E45445F4C4142454C004553505F45BD
:1068700052525F554C505F4252414E43485F4F5514
:10688000545F4F465F52414E4745004553505F4568
:1068900052525F4F54415F42415345004553505F50
:1068A0004552525F4F54415F504152544954494FF1
:1068B0004E5F434F4E464C494354004553505F454D
:1068C00052525F4F54415F53454C4543545F494ECC
:1068D000464F5F494E56414C4944004553505F4531
:1068E00052525F4F54415F56414C49444154455FB9
:1068F0004641494C4544004553505F4552525F4F15
:1069000054415F534D414C4C5F5345435F56455294
:10691000004553505F4552525F4F54415F524F4CB8
:106920004C4241434B5F4641494C4544004553501E
:106930005F4552525F4F54415F524F4C4C4241436E
:106940004B5F494E56414C49445F535441544500B6
:106950004553505F4552525F454655534500455398
:10696000505F4F4B5F45465553455F434E5400457E
:1069700053505F4552525F45465553455F434E5411
:106980005F49535F46554C4C004553505F4552524A
:106990005F45465553455F52455045415445445F18
:1069A00050524F47004553505F4552525F434F444A
:1069B000494E47004553505F4552525F4E4F545F1A
:1069C000454E4F5547485F554E555345445F4B45DF
:1069D000595F424C4F434B53004553505F45525211
:1069E0005F44414D414745445F52454144494E470C
:1069F000004553505F4552525F494D4147455F4204
:106A0000415345004553505F4552525F494D414700
:106A1000455F464C4153485F4641494C0045535001
:106A20005F4552525F494D4147455F494E56414C83
:106A30004944004553505F4552525F574946495FAC
:106A400042415345004553505F4552525F574946B6
:106A5000495F4E4F545F494E4954004553505F457E
:106A600052525F574946495F4E4F545F535441520B
:106A7000544544004553505F4552525F574946497B
:106A80005F4E4F545F53544F505045440045535050
:106A90005F4552525F574946495F4946004553504A
:106AA0005F4552525F574946495F4D4F4445004547
:106AB00053505F4552525F574946495F53544154C2
:106AC00045004553505F4552525F574946495F4321
:106AD0004F4E4E004553505F4552525F574946490D
:106AE0005F4E5653004553505F4552525F574946DB
:106AF000495F4D4143004553505F4552525F5749EE
:106B000046495F53534944004553505F4552525FD5
:106B1000574946495F50415353574F5244004553DC
:106B2000505F4552525F574946495F54494D454F62
:106B30005554004553505F4552525F574946495F8F
:106B400057414B455F4641494C004553505F4552C4
:106B5000525F574946495F574F554C445F424C4F2F
:106B6000434B004553505F4552525F574946495F7A
:106B70004E4F545F434F4E4E454354004553505F74
:106B80004552525F574946495F504F535400455351
:106B9000505F4552525F574946495F494E49545FDD
:106BA0005354415445004553505F4552525F574935
:106BB00046495F53544F505F535441544500455329
:106BC000505F4552525F574946495F4E4F545F41AF
:106BD00053534F43004553505F4552525F57494608
:106BE000495F54585F444953414C4C4F57004553FB
:106BF000505F4552525F574946495F4449534341AC
:106C00005244004553505F4552525F574946495FD1
:106C1000524F435F494E5F50524F475245535300C6
:106C20004553505F4552525F574946495F52454769
:106C3000495354524152004553505F4552525F5799
:106C40004946495F5750535F54595045004553508A
:106C50005F4552525F574946495F5750535F534D06
:106C6000004553505F4552525F4553504E4F575F5A
:106C700042415345004553505F4552525F45535082
:106C80004E4F575F4E4F545F494E49540045535045
:106C90005F4552525F4553504E4F575F4152470038
:106CA0004553505F4552525F4553504E4F575F4ECC
:106CB0004F5F4D454D004553505F4552525F455320
:106CC000504E4F575F46554C4C004553505F455210
:106CD000525F4553504E4F575F4E4F545F464F558E
:106CE0004E44004553505F4552525F4553504E4FFE
:106CF000575F494E5445524E414C004553505F45F5
:106D000052525F4553504E4F575F455849535400B8
:106D10004553505F4552525F4553504E4F575F4960
:106D200046004553505F4552525F4450505F4641C4
:106D3000494C555245004553505F4552525F4450AF
:106D4000505F54585F4641494C5552450045535099
:106D50005F4552525F4450505F494E56414C494442
:106D60005F41545452004553505F4552525F4D4568
:106D700053485F42415345004553505F4552525F6F
:106D80004D4553485F574946495F4E4F545F5354F2
:106D9000415254004553505F4552525F4D45534850
:106DA0005F4E4F545F494E4954004553505F455222
:106DB000525F4D4553485F4E4F545F434F4E4649D7
:106DC00047004553505F4552525F4D4553485F4E13
:106DD0004F545F5354415254004553505F455252F3
:106DE0005F4D4553485F4E4F545F535550504F527F
:106DF00054004553505F4552525F4D4553485F4ED6
:106E00004F545F414C4C4F574544004553505F45EC
:106E100052525F4D4553485F4E4F5F4D454D4F5267
:106E200059004553505F4552525F4D4553485F41AD
:106E30005247554D454E54004553505F4552525FA1
:106E40004D4553485F4558434545445F4D545500B3
:106E50004553505F4552525F4D4553485F54494D2D
:106E6000454F5554004553505F4552525F4D455371
:106E7000485F444953434F4E4E45435445440045B3
:106E800053505F4552525F4D4553485F51554555EC
:106E9000455F4641494C004553505F4552525F4D56
:106EA0004553485F51554555455F46554C4C004547
:106EB00053505F4552525F4D4553485F4E4F5F50B0
:106EC0004152454E545F464F554E44004553505F26
:106ED0004552525F4D4553485F4E4F5F524F555498
:106EE000455F464F554E44004553505F4552525FF3
:106EF0004D4553485F4F5054494F4E5F4E554C4C93
:106F0000004553505F4552525F4D4553485F4F50C7
:106F100054494F4E5F554E4B4E4F574E00455350C0
:106F20005F4552525F4D4553485F584F4E5F4E4F3D
:106F30005F57494E444F57004553505F4552525F8B
:106F40004D4553485F494E544552464143450045DF
:106F500053505F4552525F4D4553485F4449534338
:106F60004152445F4455504C4943415445004553B8
:106F7000505F4552525F4D4553485F44495343412A
:106F80005244004553505F4552525F4D4553485F50
:106F9000564F54494E47004553505F4552525F4D3E
:106FA0004553485F584D4954004553505F45525230
:106FB0005F4D4553485F51554555455F52454144E6
:106FC000004553505F4552525F4D4553485F505303
:106FD000004553505F4552525F4D4553485F5245FF
:106FE00043565F52454C45415345004553505F451C
:106FF00052525F4553505F4E455449465F4241539C
:1070000045004553505F4552525F4553505F4E45D2
:107010005449465F494E56414C49445F50415241A4
:107020004D53004553505F4552525F4553505F4E9C
:10703000455449465F49465F4E4F545F524541446F
:1070400059004553505F4552525F4553505F4E457E
:107050005449465F44484350435F53544152545F40
:107060004641494C4544004553505F4552525F45A7
:1070700053505F4E455449465F444843505F414C2E
:1070800052454144595F535441525445440045537D
:10709000505F4552525F4553505F4E455449465FDD
:1070A000444843505F414C52454144595F53544F0B
:1070B00050504544004553505F4552525F45535030
:1070C0005F4E455449465F4E4F5F4D454D00455319
:1070D000505F4552525F4553505F4E455449465F9D
:1070E000444843505F4E4F545F53544F50504544B3
:1070F000004553505F4552525F4553505F4E4554D3
:1071000049465F4452495645525F415454414348B1
:107110005F4641494C4544004553505F4552525FDC
:107120004553505F4E455449465F494E49545F466A
:1071300041494C4544004553505F4552525F4553C9
:10714000505F4E455449465F444E535F4E4F545F27
:10715000434F4E46494755524544004553505F45BD
:1071600052525F4553505F4E455449465F4D4C4423
:10717000365F4641494C4544004553505F455252A5
:107180005F4553505F4E455449465F4950365F4115
:107190004444525F4641494C4544004553505F4585
:1071A00052525F4553505F4E455449465F444843F1
:1071B00050535F53544152545F4641494C4544003B
:1071C0004553505F4552525F464C4153485F4241E0
:1071D0005345004553505F4552525F464C4153481A
:1071E0005F4F505F4641494C004553505F455252F6
:1071F0005F464C4153485F4F505F54494D454F5592
:1072000054004553505F4552525F464C4153485FCE
:107210004E4F545F494E495449414C4953454400EF
:107220004553505F4552525F464C4153485F554E5F
:10723000535550504F525445445F484F53540045A6
:1072400053505F4552525F464C4153485F554E5331
:107250005550504F525445445F43484950004553A0
:10726000505F4552525F464C4153485F50524F5415
:107270004543544544004553505F4552525F48547E
:1072800054505F42415345004553505F4552525F51
:10729000485454505F4D41585F524544495245430C
:1072A00054004553505F4552525F485454505F4319
:1072B0004F4E4E454354004553505F4552525F4830
:1072C0005454505F57524954455F4441544100451E
:1072D00053505F4552525F485454505F46455443A3
:1072E000485F484541444552004553505F4552521E
:1072F0005F485454505F494E56414C49445F545284
:10730000414E53504F5254004553505F4552525FC7
:10731000485454505F434F4E4E454354494E4700E6
:107320004553505F4552525F485454505F45414762
:1073300041494E004553505F4552525F48545450A6
:107340005F434F4E4E454354494F4E5F434C4F535E
:107350004544004553505F4552525F4553505F547A
:107360004C535F42415345004553505F4552525F75
:107370004553505F544C535F43414E4E4F545F5200
:1073800045534F4C56455F484F53544E414D450071
:107390004553505F4552525F4553505F544C535FC5
:1073A00043414E4E4F545F4352454154455F534F06
:1073B000434B4554004553505F4552525F4553502F
:1073C0005F544C535F554E535550504F52544544A3
:1073D0005F50524F544F434F4C5F46414D494C59BB
:1073E000004553505F4552525F4553505F544C53D4
:1073F0005F4641494C45445F434F4E4E4543545FC1
:10740000544F5F484F5354004553505F4552525FAD
:107410004553505F544C535F534F434B45545F5358
:1074200045544F50545F4641494C454400455350E4
:107430005F4552525F4553505F544C535F434F4E2C
:107440004E454354494F4E5F54494D454F555400A6
:107450004553505F4552525F4553505F544C535F04
:1074600053455F4641494C4544004553505F4552A2
:10747000525F4553505F544C535F5443505F434CED
:107480004F5345445F46494E004553505F45525265
:107490005F4D424544544C535F434552545F504105
:1074A00052544C595F4F4B004553505F4552525F09
:1074B0004D424544544C535F4354525F44524247FB
:1074C0005F534545445F4641494C45440045535050
:1074D0005F4552525F4D424544544C535F53534CA9
:1074E0005F5345545F484F53544E414D455F4641AD
:1074F000494C4544004553505F4552525F4D42450B
:1075000044544C535F53534C5F434F4E4649475F7F
:1075100044454641554C54535F4641494C4544000F
:107520004553505F4552525F4D424544544C535F62
:1075300053534C5F434F4E465F414C504E5F505249
:107540004F544F434F4C535F4641494C45440045CF
:1075500053505F4552525F4D424544544C535F581F
:107560003530395F4352545F50415253455F464175
:10757000494C4544004553505F4552525F4D42458A
:1075800044544C535F53534C5F434F4E465F4F57E9
:107590004E5F434552545F4641494C454400455374
:1075A000505F4552525F4D424544544C535F5353D4
:1075B0004C5F53455455505F4641494C4544004546
:1075C00053505F4552525F4D424544544C535F53B4
:1075D000534C5F57524954455F4641494C4544001E
:1075E0004553505F4552525F4D424544544C535FA2
:1075F000504B5F50415253455F4B45595F4641499F
:107600004C4544004553505F4552525F4D424544FE
:10761000544C535F53534C5F48414E445348414B85
:10762000455F4641494C4544004553505F455252E1
:107630005F4D424544544C535F53534C5F434F4E50
:10764000465F50534B5F4641494C454400455350BB
:107650005F4552525F4D424544544C535F53534C27
:107660005F5449434B45545F53455455505F464121
:10767000494C4544004553505F4552525F574F4C6B
:107680004653534C5F53534C5F5345545F484F53DD
:10769000544E414D455F4641494C45440045535089
:1076A0005F4552525F574F4C4653534C5F53534CB8
:1076B0005F434F4E465F414C504E5F50524F544FC8
:1076C000434F4C535F4641494C4544004553505F3E
:1076D0004552525F574F4C4653534C5F43455254AB
:1076E0005F5645524946595F53455455505F464190
:1076F000494C4544004553505F4552525F574F4CEB
:107700004653534C5F4B45595F5645524946595F66
:1077100053455455505F4641494C454400455350EC
:107720005F4552525F574F4C4653534C5F53534C37
:107730005F48414E445348414B455F4641494C45A3
:1077400044004553505F4552525F574F4C46535388
:107750004C5F4354585F53455455505F4641494C24
:107760004544004553505F4552525F574F4C465376
:10777000534C5F53534C5F53455455505F464149FA
:107780004C4544004553505F4552525F574F4C465D
:1077900053534C5F53534C5F57524954455F4641D6
:1077A000494C4544004553505F4552525F4854543C
:1077B00050535F4F54415F42415345004553505F22
:1077C0004552525F48545450535F4F54415F494EA5
:1077D0005F50524F4752455353004553505F4552F7
:1077E000525F50494E475F42415345004553505FF9
:1077F0004552525F50494E475F494E56414C4944AD
:107800005F504152414D53004553505F4552525FC6
:1078100050494E475F4E4F5F4D454D004553505FB9
:107820004552525F48545450445F424153450045CD
:1078300053505F4552525F48545450445F48414E44
:10784000444C4552535F46554C4C004553505F45A0
:1078500052525F48545450445F48414E444C455244
:107860005F455849535453004553505F4552525F4A
:1078700048545450445F494E56414C49445F524528
:1078800051004553505F4552525F48545450445F35
:10789000524553554C545F5452554E430045535036
:1078A0005F4552525F48545450445F524553505FB5
:1078B000484452004553505F4552525F485454501B
:1078C000445F524553505F53454E44004553505F0B
:1078D0004552525F48545450445F414C4C4F435FB3
:1078E0004D454D004553505F4552525F48545450EA
:1078F000445F5441534B004553505F4552525F48DB
:10790000575F43525950544F5F42415345004553CE
:10791000505F4552525F48575F43525950544F5F32
:1079200044535F484D41435F4641494C00455350E5
:107930005F4552525F48575F43525950544F5F441E
:10794000535F494E56414C49445F4B45590045539E
:10795000505F4552525F48575F43525950544F5FF2
:1079600044535F494E56414C49445F44494745534F
:1079700054004553505F4552525F48575F43525938
:1079800050544F5F44535F494E56414C49445F50F9
:10799000414444494E47004553505F4552525F4D64
:1079A000454D50524F545F42415345004553505F3F
:1079B0004552525F4D454D50524F545F4D454D4FCE
:1079C00052595F545950455F494E56414C49440005
:1079D0004553505F4552525F4D454D50524F545F95
:1079E00053504C49545F414444525F494E56414CB8
:1079F0004944004553505F4552525F4D454D5052EA
:107A00004F545F53504C49545F414444525F4F556B
:107A1000545F4F465F52414E4745004553505F45C6
:107A200052525F4D454D50524F545F53504C495444
:107A30005F414444525F554E414C49474E454400D6
:107A40004553505F4552525F4D454D50524F545F24
:107A5000554E494D474D545F424C4F434B5F494E45
:107A600056414C4944004553505F4552525F4D4585
:107A70004D50524F545F574F524C445F494E564100
:107A80004C4944004553505F4552525F4D454D505F
:107A9000524F545F415245415F494E56414C494413
:107AA00000000000FFFFFFFF3764033C0000000000
:107AB0006663033C010100004064033C02010000D6
:107AC0004F64033C030100006364033C04010000B5
:107AD0007964033C050100008E64033C060100004C
:107AE000A064033C07010000B664033C08010000E9
:107AF000C664033C09010000DF64033C0A01000086
:107B0000F364033C0B0100000B65033C0C01000017
:107B10001F65033C001100003465033C01110000A7
:107B20004565033C021100006165033C0311000040
:107B30007765033C041100009165033C05110000CA
:107B4000A765033C06110000C465033C0711000053
:107B5000DD65033C08110000F865033C09110000D5
:107B60001266033C0A1100002B66033C0B11000057
:107B70004166033C0C1100005B66033C0D110000E4
:107B80007666033C0E1100009066033C0F11000066
:107B9000AB66033C10110000C666033C11110000E7
:107BA000E466033C121100000067033C131100005F
:107BB0001C67033C141100003767033C15110000DB
:107BC0005567033C161100007467033C1711000051
:107BD0009567033C18110000B267033C19110000BF
:107BE000CE67033C00120000EB67033C011200006B
:107BF000FC67033C021200001568033C03120000FE
:107C00003368033C041200004F68033C0512000077
:107C10006B68033C001500008B68033C01150000F5
:107C20009C68033C02150000BB68033C0315000080
:107C3000DB68033C04150000F768033C05150000F1
:107C40001169033C061500002D69033C0016000075
:107C50005069033C011600005E69033C02160000F7
:107C60006F69033C031600008969033C0416000099
:107C7000A569033C05160000B469033C0616000024
:107C8000D969033C00200000F169033C0120000099
:107C9000046A033C022000001D6A033C003000001F
:107CA000336A033C01300000456A033C02300000A7
:107CB0005B6A033C03300000746A033C043000003C
:107CC0008D6A033C053000009D6A033C06300000CD
:107CD000AF6A033C07300000C26A033C0830000072
:107CE000D46A033C09300000E56A033C0A30000016
:107CF000F66A033C0B300000086B033C0C300000BC
:107D00001E6B033C0D300000336B033C0E30000053
:107D10004A6B033C0F300000636B033C12300000E1
:107D20007C6B033C133000008E6B033C143000006E
:107D3000A66B033C15300000BE6B033C1630000000
:107D4000D56B033C17300000EE6B033C1C30000089
:107D5000036C033C33300000206C033C34300000E3
:107D6000376C033C353000004D6C033C6430000040
:107D7000616C033C65300000756C033C66300000AC
:107D80008D6C033C67300000A06C033C6830000041
:107D9000B66C033C69300000CA6C033C6A300000DA
:107DA000E36C033C6B300000FB6C033C6C30000068
:107DB000106D033C97300000226D033C98300000AA
:107DC000366D033C993000004D6D033C00400000CF
:107DD000666D033C01400000786D033C02400000EA
:107DE000946D033C03400000AA6D033C0440000076
:107DF000C26D033C05400000D96D033C0640000005
:107E0000F26D033C074000000B6E033C084000008D
:107E1000226E033C09400000386E033C0A4000001B
:107E2000506E033C0B400000656E033C0C400000AC
:107E30007F6E033C0D400000976E033C0E40000037
:107E4000AF6E033C0F400000CC6E033C10400000BE
:107E5000E86E033C11400000016F033C124000003B
:107E60001D6F033C13400000386F033C14400000BA
:107E70004F6F033C154000006E6F033C164000003E
:107E8000836F033C17400000976F033C18400000CD
:107E9000A96F033C19400000C16F033C1A40000069
:107EA000D16F033C00500000EB6F033C0150000019
:107EB0000270033C025000002370033C035000009A
:107EC0004270033C045000006770033C0550000002
:107ED0008E70033C06500000B570033C0750000054
:107EE000CE70033C08500000F170033C09500000C4
:107EF0001871033C0A5000003671033C0B5000001F
:107F00005B71033C0C5000007971033C0D50000084
:107F10009B71033C00600000C071033C01600000E5
:107F2000D371033C02600000E971033C0360000070
:107F30000272033C046000002072033C05600000F4
:107F40003F72033C066000005E72033C007000005C
:107F50007672033C017000008872033C02700000DE
:107F6000A272033C03700000B772033C047000006F
:107F7000CF72033C05700000E972033C06700000FC
:107F80000873033C077000002073033C0870000076
:107F90003473033C008000005373033C01800000F5
:107FA0006873033C028000009073033C0380000070
:107FB000B573033C04800000E173033C05800000BE
:107FC0000874033C068000002D74033C0780000009
:107FD0005074033C088000006A74033C1080000069
:107FE0008974033C11800000A874033C12800000D7
:107FF000CD74033C13800000F574033C1480000032
:108000002075033C158000004F75033C168000006E
:108010007575033C178000009E75033C18800000B6
:10802000BF75033C19800000E075033C1A80000016
:108030000476033C1B8000002976033C1C80000072
:108040004D76033C318000007576033C32800000A1
:108050009D76033C33800000CC76033C34800000E6
:10806000F576033C358000001D77033C3680000028
:108070004277033C378000006377033C3880000080
:108080008477033C00900000A577033C019000003A
:10809000BC77033C00A00000DA77033C01A000009D
:1080A000EC77033C02A000000878033C00B000001D
:1080B0001C78033C01B000002F78033C02B00000A4
:1080C0004B78033C03B000006878033C04B0000028
:1080D0008278033C05B000009D78033C06B00000A8
:1080E000B478033C07B00000CC78033C08B0000033
:1080F000E478033C00C00000F778033C01C00000B6
:108100000E79033C02C000002D79033C04C000003E
:108110004E79033C05C000007279033C00D000009A
:108120009779033C01D00000AC79033C02D00000F9
:10813000D079033C03D00000F379033C04D0000065
:108140001B7A033C05D00000407A033C06D00000B7
:10815000667A033C07D00000847A033C6573705F45
:1081600074696D6572006573705F74696D65725FC7
:1081700073797374696D657200452028257529200F
:1081800025733A206573705F696E74725F616C6C01
:108190006F63206661696C656420283078257829D2
:1081A0000A004520282575292025733A206573701B
:1081B0005F696E74725F656E61626C65206661698D
:1081C0006C6564202830782578290A002820756994
:1081D0006E7433325F7420292070203E3D20667219
:1081E000616D652D3E6131002F4944462F636F6DEF
:1081F000706F6E656E74732F6672656572746F73DF
:108200002F706F72742F7874656E73612F706F7238
:10821000742E63006C6F636B000000002F494446AE
:108220002F636F6D706F6E656E74732F6573705F03
:1082300068775F737570706F72742F696E636C7599
:1082400064652F736F632F7370696E6C6F636B2E31
:1082500068000000726573756C74203D3D20636F8B
:1082600072655F6964207C7C20726573756C742014
:108270003D3D205350494E4C4F434B5F4652454580
:108280000000000028726573756C74203D3D20531A
:1082900050494E4C4F434B5F4652454529203D3D8A
:1082A00020286C6F636B2D3E636F756E74203D3DAF
:1082B000203029006C6F636B2D3E636F756E7420E8
:1082C0003C20307846460000636F72655F69642029
:1082D0003D3D206C6F636B2D3E6F776E65720000C5
:1082E0006C6F636B2D3E636F756E74203C2030782D
:1082F000313030002A2A2A4552524F522A2A2A2047
:108300004120737461636B206F766572666C6F7762
:1083100020696E207461736B200020686173206295
:1083200065656E2064657465637465642E007370A2
:10833000696E6C6F636B5F72656C6561736500730A
:1083400070696E6C6F636B5F6163717569726500F4
:108350007078506F7274496E697469616C69736585
:10836000537461636B000000000000000000000017
:10837000000000004800000048000000500000001D
:108380002001000020010000200100002001000069
:1083900001000000020001000400020008000300C8
:1083A0006573705F7461736B5F7764745F696E6926
:1083B0007428434F4E4649475F4553505F544153DD
:1083C0004B5F5744545F54494D454F55545F532CB0
:1083D000207472756529006573705F7461736B5FDB
:1083E0007764745F6164642869646C655F30290038
:1083F0006D61696E00726573203D3D20706454525A
:108400005545002F4944462F636F6D706F6E656E42
:1084100074732F6672656572746F732F706F7274E8
:108420002F706F72745F636F6D6D6F6E2E6300706F
:108430007854434242756666657254656D702021BA
:108440003D204E554C4C007078537461636B4275FF
:108450006666657254656D7020213D204E554C4C0A
:1084600000764170706C69636174696F6E47657402
:1084700049646C655461736B4D656D6F7279006D05
:1084800061696E5F7461736B006573705F737461B3
:10849000727475705F73746172745F6170705F6322
:1084A0006F6D6D6F6E006573705F696E74725F6182
:1084B0006C6C6F63284554535F53595354494D4571
:1084C000525F544152474554305F454447455F49E8
:1084D0004E54525F534F55524345202B20637075C5
:1084E00069642C204553505F494E54525F464C41BD
:1084F000475F4952414D207C206C6576656C2C208D
:108500005379735469636B49737248616E646C6527
:10851000722C202673797374696D65725F68616C63
:108520002C204E554C4C29004944462F636F6D70EA
:108530006F6E656E74732F6672656572746F732FDC
:10854000706F72742F706F72745F73797374696374
:108550006B2E630076506F72745365747570546936
:108560006D65720070785175657565536574436FFC
:108570006E7461696E6572002F4944462F636F6D9A
:10858000706F6E656E74732F6672656572746F734B
:108590002F71756575652E63007078517565756509
:1085A000536574436F6E7461696E65722D3E7578A4
:1085B0004D6573736167657357616974696E672090
:1085C0003C2070785175657565536574436F6E74A2
:1085D00061696E65722D3E75784C656E67746800D2
:1085E0007078517565756500757851756575654C60
:1085F000656E677468203E2028205542617365547B
:108600007970655F7420292030007078537461742C
:108610006963517565756520213D202828766F694D
:1086200064202A29302900212820282070756351D0
:108630007565756553746F7261676520213D2028EB
:1086400028766F6964202A293029202920262620AF
:10865000282075784974656D53697A65203D3D2001
:108660003020292029002128202820707563517589
:1086700065756553746F72616765203D3D202828DC
:10868000766F6964202A293029202920262620286F
:108690002075784974656D53697A6520213D2030D5
:1086A00020292029007853697A65203D3D2073698F
:1086B0007A656F66282051756575655F742029009D
:1086C000282075784974656D53697A65203D3D2091
:1086D000302029207C7C20282075785175657565AF
:1086E0004C656E677468203D3D2028207851756583
:1086F000756553697A65496E4279746573202F20D8
:1087000075784974656D53697A6520292029002898
:108710002073697A656F66282051756575655F7489
:108720002029202B2078517565756553697A654934
:108730006E42797465732029203E207851756575E5
:108740006553697A65496E42797465730075784D31
:108750006178436F756E7420213D20300075784933
:108760006E697469616C436F756E74203C3D207551
:10877000784D6178436F756E740021282028207031
:10878000764974656D546F5175657565203D3D2062
:108790002828766F6964202A293029202920262656
:1087A000202820707851756575652D3E757849745F
:1087B000656D53697A6520213D20282055426173FB
:1087C00065547970655F742029203055202920294F
:1087D00000212820282078436F7079506F736974C6
:1087E000696F6E203D3D202820282042617365542A
:1087F0007970655F742029203220292029202626BF
:10880000202820707851756575652D3E75784C650A
:108810006E67746820213D203120292029002128FD
:10882000202820785461736B4765745363686564CE
:10883000756C657253746174652829203D3D20284C
:1088400020282042617365547970655F7420292067
:108850003020292029202626202820785469636B7F
:1088600073546F5761697420213D203020292029DD
:1088700000707851756575652D3E7063486561645B
:1088800020213D202828766F6964202A293029205C
:108890007C7C20707851756575652D3E752E7853FA
:1088A000656D6170686F72652E784D757465784876
:1088B0006F6C646572203D3D202828766F696420C6
:1088C0002A293029207C7C20707851756575652DAA
:1088D0003E752E7853656D6170686F72652E784DA8
:1088E00075746578486F6C646572203D3D207854DE
:1088F00061736B47657443757272656E745461730E
:108900006B48616E646C6528290070784D757465DC
:108910007800707851756575652D3E757849746578
:108920006D53697A65203D3D2030002128202820A4
:10893000707851756575652D3E706348656164207A
:108940003D3D202828766F6964202A293029202976
:10895000202626202820707851756575652D3E7576
:108960002E7853656D6170686F72652E784D7574E1
:108970006578486F6C64657220213D202828766FE9
:108980006964202A2930292029202900282070788C
:108990005175657565202900212820282028207020
:1089A000764275666665722029203D3D202828762E
:1089B0006F6964202A293029202920262620282092
:1089C00028207078517565756520292D3E75784988
:1089D00074656D53697A6520213D202820554261D8
:1089E0007365547970655F742029203055202920E3
:1089F000290021282028207076427566666572203D
:108A00003D3D202828766F6964202A2930292029B5
:108A1000202626202820707851756575652D3E75B5
:108A2000784974656D53697A6520213D2028205569
:108A300042617365547970655F7420292030552038
:108A40002920290076517565756544656C657465E6
:108A5000007851756575655265636569766546721E
:108A60006F6D4953520078517565756553656D6139
:108A700070686F726554616B6500785175657565D6
:108A80004769766546726F6D495352007072764E33
:108A90006F746966795175657565536574436F6E5A
:108AA0007461696E65720078517565756547656EAC
:108AB0006572696353656E640078517565756543C9
:108AC0007265617465436F756E74696E6753656D29
:108AD0006170686F72655374617469630078517571
:108AE00065756554616B654D757465785265637520
:108AF0007273697665007851756575654769766545
:108B00004D75746578526563757273697665007822
:108B1000517565756547656E657269634372656118
:108B200074650078517565756547656E6572696332
:108B3000437265617465537461746963007851753B
:108B400065756547656E6572696352657365740026
:108B50007078544342002F4944462F636F6D706F05
:108B60006E656E74732F6672656572746F732F74A1
:108B700061736B732E630070785443422D3E7563AE
:108B8000537461746963616C6C79416C6C6F63617F
:108B9000746564203D3D202820282075696E743856
:108BA0005F742029203220290078506F7274436846
:108BB00065636B56616C69645443424D656D287002
:108BC000785461736B427566666572290078506FE0
:108BD0007274636865636B56616C69645374616336
:108BE0006B4D656D287078537461636B4275666672
:108BF000657229002878436F726549443E3D3020F4
:108C000026262078436F726549443C3229207C7CBB
:108C1000202878436F726549443D3D2820307837DD
:108C200046464646464646202929007853697A65D5
:108C3000203D3D2073697A656F6628205443425F6A
:108C4000742029006370756964203C20320028205C
:108C50007849646C655461736B48616E646C655BE4
:108C600063707569645D20213D202828766F6964F2
:108C7000202A2930292029002820282028202820BF
:108C8000707844656C617965645461736B4C697389
:108C90007420292D3E75784E756D6265724F664958
:108CA00074656D73203D3D202820554261736554E5
:108CB0007970655F74202920302029203F202820EA
:108CC000282042617365547970655F7420292031D2
:108CD0002029203A20282028204261736554797089
:108CE000655F74202920302029202920290078540C
:108CF00061736B5363686564756C6564203D3D20EA
:108D00007064545255450070784576656E744C69B0
:108D10007374007078556E626C6F636B6564544356
:108D20004200707854696D654F75740070785469AD
:108D3000636B73546F5761697400282075784E65B2
:108D4000775072696F72697479203C20282032351F
:108D50002029202900785461736B47657453636838
:108D60006564756C65725374617465282920213DB2
:108D7000202820282042617365547970655F742033
:108D8000292030202900785461736B476574536340
:108D9000686564756C657253746174652829202157
:108DA0003D202820282042617365547970655F74E6
:108DB00020292032202900784E6578745461736B25
:108DC000556E626C6F636B54696D65203E3D207813
:108DD0005469636B436F756E74007078544342201E
:108DE0003D3D20707843757272656E745443425BEA
:108DF00078506F7274476574436F726549442829CF
:108E00005D0070785443422D3E75784D75746578D9
:108E1000657348656C6400707854434220213D209E
:108E2000707843757272656E745443425B78506F0C
:108E30007274476574436F7265494428295D0075F3
:108E400078496E646578546F57616974203C2031AD
:108E5000007578496E646578546F4E6F74696679F1
:108E6000203C203100785461736B546F4E6F7469ED
:108E700066790070785443422D3E756C4E6F74696C
:108E80006669656456616C75655B207578496E64CA
:108E90006578546F4E6F74696679205D203D3D2082
:108EA0007E30554C002820282026282070785443F6
:108EB000422D3E784576656E744C697374497465CD
:108EC0006D202920292D3E7076436F6E7461696E86
:108ED00065722029203D3D202828766F6964202A6C
:108EE000293029002F4944462F636F6D706F6E65DE
:108EF0006E74732F6672656572746F732F6573700D
:108F00005F6164646974696F6E732F7072697661F2
:108F100074655F696E636C7564652F6672656572F2
:108F2000746F735F7461736B735F635F61646469B3
:108F300074696F6E732E68007852657475726E2056
:108F4000213D2028202D3120290070727654617334
:108F50006B5072696F7269747952616973650076DA
:108F60005461736B47656E657269634E6F746966B1
:108F7000794769766546726F6D49535200756C5436
:108F800061736B47656E657269634E6F746966796C
:108F900054616B6500765461736B5072696F7269CE
:108FA0007479446973696E68657269744166746541
:108FB0007254696D656F757400785461736B50728B
:108FC000696F72697479446973696E6865726974EE
:108FD00000785461736B436865636B466F725469C4
:108FE0006D654F757400785461736B52656D6F7663
:108FF0006546726F6D4576656E744C697374007664
:109000005461736B506C6163654F6E4576656E7429
:109010004C697374007461736B53656C6563744859
:109020006967686573745072696F726974795461A5
:10903000736B534D5000A5A5A5A5A5A5A5A5A5A5F0
:10904000A5A5A5A5A5A5A5A5A5A5785461736B495A
:109050006E6372656D656E745469636B00785461FC
:10906000736B47657449646C655461736B48616EDA
:10907000646C65466F724350550070635461736B46
:109080004765744E616D6500785461736B5265730A
:10909000756D65416C6C00765461736B53746172CD
:1090A000745363686564756C657200765461736BA4
:1090B0005072696F72697479536574007654617384
:1090C0006B44656C61790070727644656C6574659B
:1090D0005443420070727644656C657465544C5319
:1090E00000765461736B44656C65746500785461F7
:1090F000736B43726561746553746174696350691D
:109100006E6E6564546F436F7265006820213D2068
:109110002828766F6964202A293029002F4944467F
:109120002F636F6D706F6E656E74732F6E65776CE5
:1091300069622F6C6F636B732E63006C6F636B20BF
:10914000213D204E554C4C2026262022556E696E1E
:10915000697469616C697A6564206C6F636B2075F2
:1091600073656422007851756575654765744D7542
:10917000746578486F6C64657228202820682029FF
:109180002029203D3D202828766F6964202A293037
:10919000290068616E646C65203D3D202853656D33
:1091A0006170686F726548616E646C655F742920D8
:1091B00026735F636F6D6D6F6E5F6D75746578009C
:1091C00068616E646C65203D3D202853656D61705B
:1091D000686F726548616E646C655F7429202673E0
:1091E0005F636F6D6D6F6E5F7265637572736976C5
:1091F000655F6D75746578006573705F6E65776C1B
:1092000069625F6C6F636B735F696E69740063683A
:1092100065636B5F6C6F636B5F6E6F6E7A65726FA9
:10922000006C6F636B5F72656C656173655F67652A
:109230006E65726963006C6F636B5F616371756902
:1092400072655F67656E65726963005F6C6F636B03
:109250005F636C6F7365007472795F686561705FDE
:10926000636170735F6164645F726567696F6E28C4
:109270006D656D5F73746172742C206D656D5F65D3
:109280006E6429004944462F636F6D706F6E656E82
:1092900074732F62742F636F6E74726F6C6C65726F
:1092A0002F657370333263332F62742E63006573DE
:1092B000705F62745F636F6E74726F6C6C65725F07
:1092C0006D656D5F72656C6561736500452028256D
:1092D00075292025733A202573282564293A2049C9
:1092E0006E76616C696420756E6974206E756D0AA6
:1092F000004520282575292025733A202573282527
:1093000064293A204976616C6964206368617261FE
:109310006374657269737469630A00452028257552
:10932000292025733A202573282564293A20496E7F
:1093300076616C696420617474656E756174696FBF
:109340006E0A004520282575292025733A202573AB
:10935000282564293A204E6F2063616C696272612E
:1093600074696F6E206566757365206275726E74C0
:109370000A002F4944462F636F6D706F6E656E74DF
:10938000732F6573705F6164635F63616C2F6573D6
:1093900070333273332F6573705F6164635F636131
:1093A0006C2E6300636861727320213D204E554C22
:1093B0004C006164635F72656164696E67203C2084
:1093C00034303936006573705F6164635F63616C6C
:1093D0005F7261775F746F5F766F6C746167650051
:1093E0006765745F7265666572656E63655F706FF1
:1093F000696E74006573705F6164635F63616C5F65
:10940000636861726163746572697A650000000067
:10941000FFFFFFFF0100000001000000000000004E
:1094200000000000FFFFFFFFFFFFFFFF0100000043
:109430000000000000000000FFFFFFFFFFFFFFFF34
:10944000010000000000000000000000010000001A
:10945000FFFFFFFF01000000FFFFFFFF0100000012
:10946000FFFFFFFFFFFFFFFF010000000000000003
:1094700000000000FFFFFFFFFFFFFFFF01000000F3
:109480000000000000000000FFFFFFFFFFFFFFFFE4
:10949000010000000000000000000000FFFFFFFFCF
:1094A000FFFFFFFF01000000FFFFFFFF01000000C2
:1094B0005F32B8AF80315B000000C16FF2862300DD
:1094C000EFAFCC253B0100000000C16FF286230006
:1094D000A59B7086080000000000C16FF286230083
:1094E000000000000000000000000000000000007C
:1094F000000000000000000000000000000000006C
:1095000024EE20F3182A54000000C16FF2862300D5
:1095100009A5BC4D513C00000000C16FF28623003C
:1095200077C7DDB21B0000000000C16FF286230088
:10953000000000000000000000000000000000002B
:10954000000000000000000000000000000000001B
:10955000C98BCC84FF9421000000C16FF2862300E8
:1095600053035035CEB600000000C16FF2862300D1
:10957000B45A494E3C0000000000C16FF28623003F
:1095800000000000000000000000000000000000DB
:1095900000000000000000000000000000000000CB
:1095A0001CA1DC793C832B000000C16FF2862300F4
:1095B0006649464952AF02000000C16FF28623009F
:1095C000AFCAD24E580100000000C16FF2862300DE
:1095D000D0B4BF04000000000080C6A47E8D03004C
:1095E000BE3A0000000000000080C6A47E8D03008B
:1095F000A8A3EF235EF762000000C16FF28623008C
:10960000B8D51A74442E00000000C16FF286230002
:10961000756C0548020000000080C6A47E8D030022
:10962000000000000000000000000000000000003A
:10963000000000000000000000000000000000002A
:10964000D706234428FB69000000C16FF28623007F
:10965000064C4C3FEC2C00000000C16FF28623004A
:109660009458AF9A170000000000C16FF2862300E3
:1096700000000000000000000000000000000000EA
:1096800000000000000000000000000000000000DA
:1096900061EE9B9A14BA52000000C16FF28623005B
:1096A00076C08B28478600000000C16FF286230039
:1096B00042C6BE84300000000000C16FF286230065
:1096C000000000000000000000000000000000009A
:1096D000000000000000000000000000000000008A
:1096E0002687D6DC144A02000080C6A47E8D0300C3
:1096F000707B27E8044A02000000C16FF286230055
:109700003BD35B302E0100000000C16FF2862300C6
:1097100036DC3704000000000080C6A47E8D030004
:10972000CB340000000000000080C6A47E8D030042
:109730004144435F43414C490061726475696E6FF7
:109740002D657370333200776966690001AB0500DF
:1097500001A30800019B080001940700018D070088
:1097600002F8070002F1070002E9080002E1080020
:1097700002D9080002D1080002C9080002C306008D
:1097800002BD060002B7060002AF080002A90600EB
:1097900002A30600029D060002950800028D080043
:1097A0000280020001BA0600017803006573705F51
:1097B00065667573655F726561645F6669656C6433
:1097C0005F626C6F62284553505F45465553455F55
:1097D000424C4B5F56455253494F4E5F4D414A4FA5
:1097E000522C2026626C6B5F7665725F6D616A6FCA
:1097F000722C204553505F45465553455F424C4BB4
:109800005F56455253494F4E5F4D414A4F525B3070
:109810005D2D3E6269745F636F756E7429007665B5
:109820007273696F6E203D3D2031002F4944462FF1
:10983000636F6D706F6E656E74732F65667573659B
:109840002F657370333273332F6573705F65667580
:1098500073655F7274635F63616C69622E6300613C
:109860007474656E203C2034006164635F756E69BA
:1098700074203C204144435F4E554D5F4D4158009C
:109880006573705F65667573655F726561645F6659
:1098900069656C645F626C6F6228646573635B64A6
:1098A0006573635F696E6465785D2C20266164630F
:1098B0005F69636F64655F646966665B6469666659
:1098C0005F696E6465785D2C2065667573655F6998
:1098D000636F64655F626974732900005435C93F22
:1098E0004C35C93F4435C93F3C35C93F3435C93F84
:1098F0002C35C93F2435C93F1C35C93F1435C93FF4
:109900000C35C93F0435C93FFC34C93FF434C93F65
:10991000EC34C93FE434C93F6C35C93F6573705FAF
:1099200065667573655F726561645F6669656C64C1
:109930005F626C6F6228646573635B695D2C2026CF
:109940006164635F766F6C5F646966665B695D2CFA
:109950002065667573655F766F6C5F6269747329E5
:10996000006573705F65667573655F7274635F63CE
:10997000616C69625F6765745F63616C5F766F6C71
:1099800074616765006573705F65667573655F72A6
:1099900074635F63616C69625F6765745F696E6958
:1099A000745F636F6465006573705F65667573658A
:1099B0005F7274635F63616C69625F6765745F7631
:1099C000657200626C6B203E3D20302026262062AE
:1099D0006C6B203C2045465553455F424C4B5F4DD8
:1099E0004158002F4944462F636F6D706F6E656E4E
:1099F00074732F65667573652F7372632F6573704B
:109A00005F65667573655F7574696C6974792E63DB
:109A1000006E756D5F726567203C3D202872616E37
:109A200067655F726561645F616464725F626C6FD9
:109A3000636B735B626C6B5D2E656E64202D2072B0
:109A4000616E67655F726561645F616464725F62C5
:109A50006C6F636B735B626C6B5D2E73746172749D
:109A600029202F2073697A656F662875696E7433B3
:109A7000325F742900656675736500452028257579
:109A8000292025733A2052616E6765206F66206435
:109A900061746120646F6573206E6F74206D6174F2
:109AA00063682074686520636F64696E6720736300
:109AB00068656D650A00626974735F636F756E74C3
:109AC0006572203C3D207265715F73697A6500653F
:109AD00073705F65667573655F7574696C697479B9
:109AE0005F726561645F726567006573705F65666C
:109AF0007573655F7574696C6974795F70726F6393
:109B0000657373002C7000604070006044700060EA
:109B1000587000605C700060787000607C7000605D
:109B2000987000609C700060B8700060BC7000604D
:109B3000D8700060DC700060F8700060FC7000603D
:109B4000187100601C710060387100603C71006029
:109B5000587100605C7100607871006063707569B5
:109B600064203D3D2078506F7274476574436F7276
:109B70006549442829002F4944462F636F6D706F53
:109B80006E656E74732F6573705F6970632F737287
:109B9000632F6573705F6970632E6300697063255E
:109BA00064006970635F7461736B006573705F69F3
:109BB00070635F696E69740000000000452028250D
:109BC00075292025733A202573282564293A2075A4
:109BD0006172745F6E756D206572726F720A0045F6
:109BE00020282575292025733A20257328256429E6
:109BF0003A206461746120626974206572726F72C8
:109C00000A004520282575292025733A2025732828
:109C10002564293A2073746F70206269742065721C
:109C2000726F720A004520282575292025733A2075
:109C30002573282564293A2075617274206472693D
:109C4000766572206572726F720A00212869735FEF
:109C500072733438355F6D6F646520262620646921
:109C60007361626C656420262620756172745F687A
:109C7000616C5F6765745F696E747261775F6D6157
:109C8000736B282628756172745F636F6E746578D4
:109C9000745B756172745F6E756D5D2E68616C29A1
:109CA00029202620554152545F494E54525F545842
:109CB0005F444F4E4529002F4944462F636F6D7016
:109CC0006F6E656E74732F6472697665722F75613D
:109CD00072742E63004520282575292025733A20AB
:109CE00072785F62756666657265645F6C656E202A
:109CF0006572726F720A00756172745F666C75735B
:109D0000685F696E70757400756172745F67657401
:109D10005F62756666657265645F646174615F6CDD
:109D2000656E00756172745F7265656E61626C6507
:109D30005F696E74725F6D61736B00756172745FE1
:109D4000776169745F74785F646F6E6500756172C6
:109D5000745F776169745F74785F646F6E650075B6
:109D60006172745F6765745F626175647261746566
:109D700000756172745F7365745F626175647261AE
:109D8000746500756172745F6765745F7061726994
:109D9000747900756172745F7365745F7061726964
:109DA000747900756172745F6765745F73746F7046
:109DB0005F6269747300756172745F7365745F7359
:109DC000746F705F6269747300756172745F676548
:109DD000745F776F72645F6C656E6774680075613D
:109DE00072745F7365745F776F72645F6C656E67C2
:109DF000746800737461727420213D202828766F86
:109E00006964202A293029002F4944462F636F6D49
:109E1000706F6E656E74732F657370636F726564B7
:109E2000756D702F7372632F636F72655F64756DEC
:109E3000705F636F6D6D6F6E2E63006573705F632F
:109E40006F72655F64756D705F6765745F7573656C
:109E5000725F72616D5F696E666F00636865636BE8
:109E600073756D5F73697A65203C3D203332002F36
:109E70004944462F636F6D706F6E656E74732F6506
:109E80007370636F726564756D702F7372632F6387
:109E90006F72655F64756D705F666C6173682E6369
:109EA0000043616C63756C6174656420636865630D
:109EB0006B73756D00496D61676520636865636BE1
:109EC00073756D006573705F636F72655F64756D48
:109ED000705F696D6167655F636865636B00434FC1
:109EE0005245004553505F434F52455F44554D50D6
:109EF0005F494E464F0045585452415F494E464FC8
:109F000000656C665F77726974655F636F72655F29
:109F100064756D705F696E666F00656C665F777201
:109F20006974655F636F72655F64756D705F75738B
:109F300065725F6461746100656C665F6164645F33
:109F40007365676D656E7400656C665F73617665D9
:109F50005F7461736B00656C665F77726974655FCF
:109F60007365676D656E745F6865616465720065D1
:109F70006C665F70726F636573735F6E6F74655F3D
:109F80007365676D656E7400656C665F7772697482
:109F9000655F6E6F746500656C665F6164645F6EBB
:109FA0006F746500656C665F70726F636573735F75
:109FB0007461736B735F7265677300656C665F775E
:109FC000726974655F7461736B735F64617461005F
:109FD000656C665F77726974655F66696C655F68FA
:109FE0006561646572006573705F636F72655F645D
:109FF000756D705F646F5F77726974655F656C66BD
:10A000005F70617373006573705F636F72655F6427
:10A01000756D705F77726974655F656C66007374E7
:10A020006B5F706164647220213D202828766F691F
:10A0300064202A2930292026262073746B5F7661DC
:10A0400064647220213D202828766F6964202A29C3
:10A050003029002F4944462F636F6D706F6E656E17
:10A0600074732F657370636F726564756D702F7391
:10A0700072632F706F72742F7874656E73612F63C3
:10A080006F72655F64756D705F706F72742E6300C0
:10A090007461736B20213D202828766F6964202A23
:10A0A000293029202626207265675F64756D70202F
:10A0B000213D202828766F6964202A2930290065EF
:10A0C00073705F636F72655F64756D705F676574F1
:10A0D0005F7461736B5F726567735F64756D700049
:10A0E0006573705F636F72655F64756D705F6765E0
:10A0F000745F737461636B00636B735F6374780088
:10A100002F4944462F636F6D706F6E656E74732FA9
:10A11000657370636F726564756D702F7372632FF2
:10A12000636F72655F64756D705F636865636B73A1
:10A13000756D2E6300636B735F63747820213D201F
:10A140002828766F6964202A293029207C7C2063A6
:10A1500068735F707472203D3D202828766F6964B3
:10A16000202A29302900636865636B73756D20218F
:10A170003D202828766F6964202A293029006573DC
:10A18000705F636F72655F64756D705F7072696E2A
:10A19000745F636865636B73756D006573705F638F
:10A1A0006F72655F64756D705F636865636B73750F
:10A1B0006D5F66696E697368006573705F636F7267
:10A1C000655F64756D705F636865636B73756D5F04
:10A1D00075706461746500000100000000000000FB
:10A1E000010000000100000001000000000000006C
:10A1F000010000000100000001000000000000005C
:10A20000000000000000000001000000000000004D
:10A21000000000000000000001000000000000003D
:10A22000010000000000000001000000000000002C
:10A230000100000001000000010000000200000019
:10A240000200000002000000010000000200000007
:10A2500002000000020000000100000000000000F9
:10A2600001000000010000000100000000000000EB
:10A2700000000000000000000100000001000000DC
:10A2800000000000000000000300000002000000C9
:10A2900002000000020000000100000000000000B9
:10A2A00000000000000000000100000000000000AD
:10A2B0000000000000000000070000000000000097
:10A2C0000100000001000000030000000200000087
:10A2D0000200000002000000050000000200000073
:10A2E0000200000002000000010000000000000069
:10A2F000000000000000000001000000000000005D
:10A30000000000000000000002000000000000004B
:10A31000000000000000000002000000000000003B
:10A32000000000000000000002000000000000002B
:10A330000000000000000000030000000100000019
:10A340000100000000000000030000000000000009
:10A3500000000000000000000400000000000000F9
:10A3600001000000000000000400000000000000E8
:10A3700001000000010000000500000000000000D6
:10A3800000000000010000000300000000000000C9
:10A3900001000000010000000400000001000000B6
:10A3A00000000000000000000300000002000000A8
:10A3B0000200000002000000040000000100000094
:10A3C0000100000001000000050000000000000086
:10A3D00001000000010000006D65736800736D618D
:10A3E0007274636F6E666967004553504E4F570035
:10A3F00080000000000000000000000000000000DD
:10A40000000000000000000000000000000000004C
:10A41000000000000000000000000000000000003C
:10A42000000000000000000000000000000000002C
:10A430006573702D736861004520282575292025D6
:10A44000733A20496E76616C6964207420666F727D
:10A45000205348413531322F742C2074203D202563
:10A46000752C63616E6E6F74206265203338340A18
:10A47000004520282575292025733A20496E7661EC
:10A480006C6964207420666F722053484135313204
:10A490002F742C2074203D2025752C206D7573742D
:10A4A00020657175616C206F72206C657373207408
:10A4B00068616E203531320A004520282575292033
:10A4C00025733A2053484120444D41206275665F10
:10A4D0006C656E2063616E6E6F7420657863656570
:10A4E00064206D61782073697A6520666F722061DF
:10A4F0002073696E676C6520626C6F636B0A004540
:10A5000020282575292025733A204661696C6564E9
:10A5100020746F20616C6C6F636174652062756676
:10A52000206D656D6F72790A0045202825752920F8
:10A5300025733A206573705F7368615F646D615F56
:10A540007374617274206661696C65642C206E6F2F
:10A5500020444D41206368616E6E656C20617661B8
:10A56000696C61626C650A0063727970746F5F7305
:10A5700068617265645F67646D61004520282575B8
:10A58000292025733A204661696C656420746F2028
:10A590006163717569726520444D41206368616E25
:10A5A0006E656C2C204572723D25640A00496E76FA
:10A5B000616C696420636F6578697374206164619C
:10A5C000707465722066756E6374696F6E206D6459
:10A5D000352C20696E7465726E616C3A2025732C7F
:10A5E000206964663A2025730A00636F6578697391
:10A5F0007420616461707465722066756E6374693D
:10A600006F6E206973204E554C4C00636F657869FE
:10A61000737420616461707465722066756E637412
:10A62000696F6E2076657273696F6E206572726FE6
:10A6300072212056657273696F6E202578206973C8
:10A640002065787065637465642C20627574206978
:10A65000742069732025780A00636F6578697374C4
:10A6600020616461707465722066756E6374696FD1
:10A670006E206D61676963206572726F7221204D73
:10A680006167696320257820697320657870656348
:10A690007465642C206275742069742069732025A8
:10A6A000780A0039646133363935003166643230F6
:10A6B000663400636F657869737420726F6D2076FD
:10A6C000657273696F6E2025730A00000101010134
:10A6D000010101010101010301010703050101025B
:10A6E000020203030404050304030405DD570142C9
:10A6F0009E570142BA570142DD57014200580142BC
:10A700002358014223580142235801422358014251
:10A71000AB570142C9570142DD570142005801427F
:10A7200000537439657863657074696F6E0000005A
:10A730005CA7033C21A7033C5374396261645F61E9
:10A740006C6C6F630000000088A7033C38A7033CD3
:10A7500030A7033C0000000000000000245E01421E
:10A76000385E01428862024288620242CC5E014247
:10A7700038620242AC5E0142745E01426C62024287
:10A780000000000000000000486001425C600142DF
:10A790008862024288620242CC5E01423862024212
:10A7A00050610142C460014298600142026301426B
:10A7B000C9620142DF620142026301422563014234
:10A7C00048630142486301424863014248630142D1
:10A7D000D3620142EE6201420263014225630142FB
:10A7E000166D0142DD6C0142F36C0142166D0142AF
:10A7F000396D01425C6D01425C6D01425C6D01424C
:10A800005C6D0142E76C0142026D0142166D01422E
:10A81000396D0142000000000000000025730000B7
:10A820002020202020202020202828282828202000
:10A830002020202020202020202020202020202018
:10A840008810101010101010101010101010101090
:10A850000404040404040404040410101010101070
:10A860001041414141414101010101010101010149
:10A87000010101010101010101010110101010107D
:10A88000104242424242420202020202020202021A
:10A890000202020202020202020202101010102042
:10A8A00000000000000000000000000000000000A8
:10A8B0000000000000000000000000000000000098
:10A8C0000000000000000000000000000000000088
:10A8D0000000000000000000000000000000000078
:10A8E0000000000000000000000000000000000068
:10A8F0000000000000000000000000000000000058
:10A900000000000000000000000000000000000047
:10A910000000000000000000000000000000000037
:10A920000000000000000000000000000000000027
:10A930000000000000000000000000000000000017
:10A940000000000000000000000000000000000007
:10A9500000000000000000000000000000000000F7
:10A9600000000000000000000000000000000000E7
:10A9700000000000000000000000000000000000D7
:10A980006A8E0142988B01429D8B0142F88B0142F5
:10A99000398E0142378E0142E08D0142048E014220
:10A9A000C18F01422D8C0142A08F0142898F01424B
:10A9B000C18F0142C18F0142C18F01422D8C0142E2
:10A9C0002D8C01422D8C01422D8C01422D8C014297
:10A9D0002D8C01422D8C0142898F01422D8C014228
:10A9E0002D8C01422D8C0142B68F01422D8C0142EB
:10A9F000898F01422D8C01422D8C0142138C014222
:10AA00002D8C01422D8C01422D8C01422D8C014256
:10AA10002D8C01422D8C01422D8C01422D8C014246
:10AA2000C18F01422D8C0142248C0142138C0142C2
:10AA3000C18F0142C18F0142C18F01422D8C014261
:10AA4000138C01422D8C01422D8C01422D8C014230
:10AA50002D8C0142B68F0142138C0142B68F014208
:10AA60002D8C01422D8C0142B68F01422D8C01426A
:10AA7000138C01422D8C01422D8C0142138C01421A
:10AA80004F8C0142868C0142308D0142668D01421D
:10AA9000A68D0142C68C01423C8F0142E38E0142E9
:10AAA0003C8F01420F8F01420F8F01423C8F0142C8
:10AAB0008B91014244B2014244B201429991014258
:10AAC00044B2014244B2014244B2014255910142B2
:10AAD00044B2014244B201429E910142A09201421D
:10AAE00044B201429B920142AB92014244B2014204
:10AAF000DE930142E4930142E4930142E493014274
:10AB0000E4930142E4930142E4930142E49301425D
:10AB1000E4930142E493014244B2014244B201424F
:10AB200044B2014244B2014244B2014244B2014241
:10AB300044B20142E198014244B201427894014298
:10AB40005E950142E1980142E1980142E19801429B
:10AB500044B2014244B2014244B2014244B2014211
:10AB60002494014244B2014244B20142E4A30142AE
:10AB700044B2014244B2014244B2014238A8014207
:10AB800044B2014255A9014244B2014244B20142D9
:10AB9000B1AC014244B2014244B2014244B201426A
:10ABA00044B2014244B2014244B2014244B20142C1
:10ABB00044B20142E198014244B201427894014218
:10ABC00069950142E1980142E1980142E198014210
:10ABD00029940142699501426A94014244B20142BA
:10ABE0004594014244B2014232A00142EFA3014226
:10ABF00050A701426A94014244B2014238A801427E
:10AC00001E91014260A9014244B2014244B2014294
:10AC1000BAAC014244B201421E91014230303030A0
:10AC20003030303030303030303030302020202064
:10AC3000202020202020202020202020494E4600B7
:10AC40004E414E0030313233343536373839616257
:10AC50006364656600303132333435363738394114
:10AC600042434445460000000EC201423CBF01423F
:10AC700041BF01429CBF0142DDC10142DBC1014233
:10AC800084C10142A8C1014265C30142D1BF014252
:10AC900044C301422DC3014265C3014265C3014261
:10ACA00065C30142D1BF0142D1BF0142D1BF0142C0
:10ACB000D1BF0142D1BF0142D1BF0142D1BF014248
:10ACC0002DC30142D1BF0142D1BF0142D1BF0142D8
:10ACD0005AC30142D1BF01422DC30142D1BF01423B
:10ACE000D1BF0142B7BF0142D1BF0142D1BF014232
:10ACF000D1BF0142D1BF0142D1BF0142D1BF014208
:10AD0000D1BF0142D1BF014265C30142D1BF01425F
:10AD1000C8BF0142B7BF014265C3014265C30142DA
:10AD200065C30142D1BF0142B7BF0142D1BF014259
:10AD3000D1BF0142D1BF0142D1BF01425AC301423A
:10AD4000B7BF01425AC30142D1BF0142D1BF014244
:10AD50005AC30142D1BF0142B7BF0142D1BF014234
:10AD6000D1BF0142B7BF0142F3BF01422AC0014235
:10AD7000D4C001420AC101424AC101426AC0014233
:10AD8000E0C2014287C20142E0C20142B3C20142B5
:10AD9000B3C20142E0C2014203C60142C4E601421D
:10ADA000C4E6014211C60142C4E60142C4E60142C2
:10ADB000C4E60142CDC50142C4E60142C4E60142F7
:10ADC00016C6014218C70142C4E6014213C7014238
:10ADD00023C70142C4E6014256C801425CC8014291
:10ADE0005CC801425CC801425CC801425CC80142C7
:10ADF0005CC801425CC801425CC801425CC80142B7
:10AE0000C4E60142C4E60142C4E60142C4E601428E
:10AE1000C4E60142C4E60142C4E601425DCD0142FE
:10AE2000C4E60142F2C80142D6C901425DCD0142E9
:10AE30005DCD01425DCD0142C4E60142C4E601425E
:10AE4000C4E60142C4E601429CC80142C4E6014294
:10AE5000C4E6014264D80142C4E60142C4E60142AC
:10AE6000C4E60142B6DC0142C4E60142D5DD01423E
:10AE7000C4E60142C4E6014231E10142C4E60142B6
:10AE8000C4E60142C4E60142C4E60142C4E601420E
:10AE9000C4E60142C4E60142C4E601425DCD01427E
:10AEA000C4E60142F2C80142E1C901425DCD01425E
:10AEB0005DCD01425DCD0142A1C80142E1C901421F
:10AEC000E4C80142C4E60142BDC80142C4E60142F1
:10AED000AFD401426FD80142D0DB0142E4C8014245
:10AEE000C4E60142B6DC014296C50142E0DD014202
:10AEF000C4E60142C4E601423AE10142C4E601422D
:10AF000096C5014230303030303030303030303063
:10AF100030303030202020202020202020202020F1
:10AF200020202020496E66696E697479004E614E5A
:10AF3000005245454E54206D616C6C6F63207375F3
:10AF400063636565646564002F6275696C64732F63
:10AF50006964662F63726F7373746F6F6C2D4E47E5
:10AF60002F2E6275696C642F484F53542D783836F4
:10AF70005F36342D7736342D6D696E677733322F17
:10AF80007874656E73612D657370333273332D651C
:10AF90006C662F7372632F6E65776C69622F6E65B6
:10AFA000776C69622F6C6962632F7374646C696279
:10AFB0002F64746F612E630042616C6C6F63207349
:10AFC000756363656564656400504F5349580000BC
:10AFD000430000000000000000000000000000002E
:10AFE0000000000000000000000000000000000061
:10AFF000430000000000000000000000000000000E
:10B000000000000000000000000000000000000040
:10B0100043000000000000000000000000000000ED
:10B020000000000000000000000000000000000020
:10B0300043000000000000000000000000000000CD
:10B040000000000000000000000000000000000000
:10B0500043000000000000000000000000000000AD
:10B0600000000000000000000000000000000000E0
:10B07000430000000000000000000000000000008D
:10B0800000000000000000000000000000000000C0
:10B09000430000000000000000000000000000006D
:10B0A00000000000000000000000000000000000A0
:10B0B000A859024220040242000000001FA8033CDD
:10B0C0008004033CA824033CA824033CA824033C9C
:10B0D000A824033CA824033CA824033CA824033C44
:10B0E000A824033CA824033CFFFFFFFFFFFFFFFF52
:10B0F000FFFFFFFFFFFF00000100415343494900EC
:10B10000000000000000000000000000000000003F
:10B1100000000000000000000000415343494900C6
:10B12000000000000000000000000000000000001F
:10B130000000000000000000000000002F627569A0
:10B140006C64732F6964662F63726F7373746F6FAF
:10B150006C2D4E472F2E6275696C642F484F5354E7
:10B160002D7838365F36342D7736342D6D696E671D
:10B170007733322F7874656E73612D657370333257
:10B1800073332D656C662F7372632F6E65776C69F0
:10B19000622F6E65776C69622F6C6962632F7374BE
:10B1A000646C69622F6D707265632E63000000002D
:10B1B00005000000190000007D00000000000000F4
:10B1C000BC89D897B2D29C3C33A7A8D523F649397D
:10B1D0003DA7F444FD0FA5329D978CCF08BA5B259F
:10B1E000436FAC642806C80A0080E03779C3414346
:10B1F000176E05B5B5B89346F5F93FE9034F384DDD
:10B20000321D30F94877825A3CBF737FDD4F157588
:10B21000000000000000F03F00000000000024409B
:10B2200000000000000059400000000000408F4076
:10B23000000000000088C34000000000006AF840E1
:10B240000000000080842E4100000000D012634105
:10B250000000000084D797410000000065CDCD417B
:10B26000000000205FA00242000000E8764837425C
:10B27000000000A2941A6D42000040E59C30A242FA
:10B280000000901EC4BCD64200003426F56B0C436F
:10B290000080E03779C3414300A0D8855734764316
:10B2A00000C84E676DC1AB43003D9160E458E14377
:10B2B000408CB5781DAF154450EFE2D6E41A4B44EC
:10B2C00092D54D06CFF08044F64AE1C7022DB54431
:10B2D000B49DD9794378EA441A110242480E0242D9
:10B2E0004D0E0242A80E0242E9100242E71002424D
:10B2F00090100242B410024271120242DD0E02426C
:10B30000501202423912024271120242711202427A
:10B3100071120242DD0E0242DD0E0242DD0E0242D9
:10B32000DD0E0242DD0E0242DD0E0242DD0E024261
:10B3300039120242DD0E0242DD0E0242DD0E0242F1
:10B3400066120242DD0E024239120242DD0E024254
:10B35000DD0E0242C30E0242DD0E0242DD0E02424B
:10B36000DD0E0242DD0E0242DD0E0242DD0E024221
:10B37000DD0E0242DD0E024271120242DD0E024279
:10B38000D40E0242C30E02427112024271120242F4
:10B3900071120242DD0E0242C30E0242DD0E024273
:10B3A000DD0E0242DD0E0242DD0E02426612024254
:10B3B000C30E024266120242DD0E0242DD0E02425E
:10B3C00066120242DD0E0242C30E0242DD0E02424E
:10B3D000DD0E0242C30E0242FF0E0242360F02424F
:10B3E000E00F02421610024256100242760F02424D
:10B3F000EC11024293110242EC110242BF110242CF
:10B40000BF110242EC1102422B150242002F0242F0
:10B41000002F02423C150242002F0242002F02423E
:10B42000002F0242F5140242002F0242002F024276
:10B430004115024248160242002F024243160242C0
:10B4400057160242002F0242891702428F1702420A
:10B450008F1702428F1702428F1702428F17024244
:10B460008F1702428F1702428F1702428F17024234
:10B47000002F0242002F0242002F0242002F024200
:10B48000002F0242002F0242002F0242002F0242F0
:10B49000002F024216180242E3180242002F024215
:10B4A000002F0242002F0242002F0242002F0242D0
:10B4B000002F0242002F0242002F0242002F0242C0
:10B4C000002F024257200242002F0242002F024268
:10B4D000002F0242E4240242002F0242D8250242F9
:10B4E000002F0242002F02427E290242002F024218
:10B4F000002F0242002F0242002F0242002F024280
:10B50000002F0242002F0242002F0242002F02426F
:10B51000002F024216180242EE180242002F024289
:10B52000002F0242002F0242CA170242EE180242C6
:10B5300008180242002F0242E6170242002F024280
:10B54000AA1C024262200242082402420818024257
:10B55000002F0242E4240242BA140242E3250242CE
:10B56000002F0242002F0242EC140242002F02423E
:10B57000BA14024230303030303030303030303079
:10B58000303030302020202020202020202020207B
:10B590002020202000010003040000000000010022
:10B5A0000304000000000000070304000000000086
:10B5B0000000030400000000000000000400000080
:10B5C0000000020003040000000000010005060561
:10B5D000000000000100050600000000000000035C
:10B5E000040000000000000800000000000000004F
:10B5F0000800000000000000000000000000000043
:10B6000001020B040B0506010B01020B040B0506DE
:10B61000010B0B0B03040B050B0B0B0B0B0B040BA0
:10B62000050B0B0B0B0B0B0B0B0B0B0B0B05080B79
:10B63000040B0B070B0B0B090B040B050B0B0B0B74
:10B640000A0B040B0B0B0B0B0B0B0B040B0B0B0B59
:10B650000B0B0B030B0B0B0B0B0B0B0B080B0B0B45
:10B660000B0B0B0000000000000000000808080899
:10B67000080808080808080808080808080808084A
:10B68000080808080808080808080808070808073C
:10B690000208080708080607080705080001010155
:10B6A000010101010101080808080808080408044C
:10B6B0000404040408080808030808040808080427
:10B6C000080408080408080808080808080408040A
:10B6D0000404040403040308030804040403080422
:10B6E00003040808040803080808080808080808EC
:10B6F00008080808080808080808080808080808CA
:10B7000008080808080808080808080808080808B9
:10B7100008080808080808080808080808080808A9
:10B720000808080808080808080808080808080899
:10B730000808080808080808080808080808080889
:10B740000808080808080808080808080808080879
:10B750000808080808080808080808080808080869
:10B76000080808080808080808080808AA36024255
:10B77000D8330242DD330242383402427936024283
:10B7800077360242203602424436024201380242F3
:10B790006D340242E0370242C937024201380242A8
:10B7A00001380242013802426D3402426D340242D5
:10B7B0006D3402426D3402426D3402426D340242F5
:10B7C0006D340242C93702426D3402426D34024286
:10B7D0006D340242F63702426D340242C9370242EA
:10B7E0006D3402426D340242533402426D340242DF
:10B7F0006D3402426D3402426D3402426D340242B5
:10B800006D3402426D3402426D340242013802420C
:10B810006D3402426434024253340242013802421F
:10B8200001380242013802426D340242533402426E
:10B830006D3402426D3402426D3402426D34024274
:10B84000F637024253340242F63702426D34024266
:10B850006D340242F63702426D34024253340242E2
:10B860006D3402426D340242533402428F3402423C
:10B87000C634024270350242A6350242E635024223
:10B88000063502427C370242233702427C370242AD
:10B890004F3702424F3702427C370242A33A0242FC
:10B8A0005854024258540242B43A02425854024296
:10B8B00058540242585402426D3A024258540242CD
:10B8C00058540242B93A0242C03B02425854024222
:10B8D000BB3B0242CE3B024258540242013D02426F
:10B8E000073D0242073D0242073D0242073D024238
:10B8F000073D0242073D0242073D0242073D024228
:10B90000073D0242585402425854024258540242DF
:10B910005854024258540242585402425854024267
:10B9200058540242585402428E3D02425B3E02424B
:10B930005854024258540242585402425854024247
:10B940005854024258540242585402425854024237
:10B950005854024258540242CB45024258540242C3
:10B960005854024258540242584A02425854024221
:10B970004C4B02425854024258540242EE4E02428C
:10B9800058540242585402425854024258540242F7
:10B9900058540242585402425854024258540242E7
:10B9A00058540242585402428E3D0242663E0242C0
:10B9B000585402425854024258540242423D0242F4
:10B9C000663E0242803D0242585402425E3D0242BF
:10B9D0005854024221420242D64502427C49024268
:10B9E000803D024258540242584A0242323A0242D0
:10B9F000574B02425854024258540242643A02429F
:10BA000058540242323A0242303030303030303016
:10BA100030303030303030302020202020202020A6
:10BA20002020202020202020FFFF0100FFFF010018
:10BA3000FFFF010C0306000023395F0067060000CA
:10BA4000FFFF010C030E0000110F2E003606000050
:10BA5000FFFF010C060600000C1674007C060000B7
:10BA6000FFFF010C030600001F032C00340600003A
:10BA7000FFFF010C03060000270334003C06000012
:10BA8000FFFF0100FFFF010B6606D70500E701B1CC
:10BA900004000000FF001901105EB0020000A704BE
:10BAA00006A40501C3044F000001000000000000CF
:10BAB000FF0015010C1B062101421F6900770600DB
:10BAC0000001000000000000FFFF0100FFFF010077
:10BAD000FFFF0100FFFF010C0A06000014064000F2
:10BAE0004A060000FFFF0100FF0019010C03090CCA
:10BAF0000115061B05260C000001007F00007D00DB
:10BB00000000000000000000FF001101041D0323DD
:10BB1000030000017D00000048A7033C0C0000006A
:10BB2000000000000300017C000C01001400000074
:10BB300014000000041C0042350000000403000053
:10BB4000000E2000140000002C0000003C1C0042ED
:10BB50001900000004030000000E20001400000083
:10BB600044000000581C00421900000004030000BB
:10BB7000000E2000140000005C000000741C004255
:10BB80001900000004030000000E20001400000053
:10BB900074000000901C00422D000000040300000F
:10BBA000000E2000140000008C000000C01C0042A9
:10BBB0000C00000004030000000E20001400000030
:10BBC000A4000000CC1C00420C0000000403000094
:10BBD000000E200014000000BC000000D81C004231
:10BBE0001800000004030000000E200014000000F4
:10BBF000D4000000F01C00426E00000004030000AE
:10BC0000000E300014000000EC000000601D004237
:10BC10003E00000004030000000E2000140000009D
:10BC200004010000A01D00420B00000004030000FE
:10BC3000000E2000140000001C010000E01D004266
:10BC40008500000004030000000E20001400000026
:10BC500034010000681E00421700000004030000C9
:10BC6000000E2000140000004C010000801E004265
:10BC70007200000004030000000E20001400000009
:10BC800064010000F41E004266000000040300008E
:10BC9000000E2000140000007C0100005C1F004228
:10BCA0001E00000004030000000E2000140000002D
:10BCB000940100007C1F00425801000004030000B2
:10BCC000000E200014000000AC010000D42000424F
:10BCD0003600000004030000000E200014000000E5
:10BCE000C40100000C2100425800000004030000C1
:10BCF000000E800114000000DC01000064210042FD
:10BD0000A000000004030000000E800114000000E9
:10BD1000F401000038220042E600000004030000A5
:10BD2000000E2000140000000C020000202300423E
:10BD30005F00000004030000000E2000140000005B
:10BD40002402000080230042FA00000004030000E7
:10BD5000000E2000140000003C0200007C24004281
:10BD60006600000004030000000E20001400000024
:10BD700054020000E4240042830000000403000099
:10BD8000000E2000140000006C0200006825004234
:10BD90007A00000004030000000E300014000000D0
:10BDA00084020000E4250042850000000403000036
:10BDB000000E2000140000009C0200006C260042CF
:10BDC000A600000004030000000E20001400000084
:10BDD000B4020000142700427200000004030000B7
:10BDE000000E200014000000CC02000010280042C9
:10BDF0008600000004030000000E20001400000074
:10BE0000E4020000982800427600000004030000CD
:10BE1000000E200014000000FC0200001029004267
:10BE20005200000004030000000E20001400000077
:10BE300014030000642900428F0000000403000086
:10BE4000000E2000140000002C030000F429004222
:10BE50003100000004030000000E20001400000068
:10BE600044030000282A0042890000000403000067
:10BE7000000E2000140000005C030000B42A004201
:10BE80004005000004030000000E30000C0000001C
:10BE9000000000000300017C000C01001400000001
:10BEA000140000002C3000422F00000004030000AA
:10BEB000000E2000140000002C0000005C30004246
:10BEC0002700000004030000000E20001400000002
:10BED00044000000843000422700000004030000FA
:10BEE000000E2000140000005C000000AC30004296
:10BEF0004300000004030000000E200014000000B6
:10BF000074000000F0300042120000000403000042
:10BF1000000E2000140000008C00000004310042DC
:10BF20001400000004030000000E200014000000B4
:10BF3000A400000000000000000000000400000059
:10BF4000000E200014000000BC0000001831004268
:10BF50003400000004030000000E20001400000064
:10BF6000D4000000000000000000000004000000F9
:10BF7000000E200014000000EC0000004C310042D4
:10BF80001A00000004030000000E2000140000004E
:10BF90000401000068310042490100000403000070
:10BFA000000E2000140000001C0100000000000032
:10BFB0000000000004000000000E2000140000003B
:10BFC0003401000000000000000000000400000038
:10BFD000000E2000140000004C01000000000000D2
:10BFE0000000000004000000000E2000140000000B
:10BFF00064010000000000000000000004000000D8
:10C00000000E2000140000007C010000B432004249
:10C010003600000004030000000E200014000000A1
:10C020009401000000000000000000000400000077
:10C03000000E200014000000AC0100000000000011
:10C040000000000004000000000E200014000000AA
:10C05000C401000000000000000000000400000017
:10C06000000E200014000000DC01000000000000B1
:10C070000000000004000000000E2000140000007A
:10C08000F4010000000000000000000004000000B7
:10C09000000E2000140000000C0200000000000050
:10C0A0000000000004000000000E2000140000004A
:10C0B0002402000000000000000000000400000056
:10C0C000000E2000140000003C02000000000000F0
:10C0D0000000000004000000000E2000140000001A
:10C0E00054020000000000000000000004000000F6
:10C0F000000E2000140000006C0200000000000090
:10C100000000000004000000000E200014000000E9
:10C110008402000000000000000000000400000095
:10C12000000E2000140000009C020000EC320042CF
:10C130001400000004030000000E2000180000009E
:10C1400000000000037A504C00017C000600AC594E
:10C150000142000C01000000180000002000000057
:10C1600000330042E100000004000000000403006E
:10C1700000000E20180000003C000000E4330042E4
:10C1800017000000040000000004030000000E205F
:10C190001800000058000000FC3300420A000000B4
:10C1A0000428BA033C04030000000E20180000001D
:10C1B0007400000000000000000000000400000007
:10C1C0000004000000000E20180000009000000095
:10C1D0000000000000000000040000000004000057
:10C1E00000000E3018000000AC000000000000004D
:10C1F00000000000040000000004000000000E30F9
:10C2000018000000C800000000000000000000004E
:10C21000040000000004000000000E3018000000C0
:10C22000E400000000000000000000000400000026
:10C230000004000000000E301800000000010000A3
:10C2400000000000000000000400000000040000E6
:10C2500000000E30180000001C010000000000006B
:10C2600000000000040000000004000000000E3088
:10C27000180000003801000000000000000000006D
:10C28000040000000004000000000E301800000050
:10C290005401000000000000000000000400000045
:10C2A0000004000000000E201800000070010000D3
:10C2B0000000000000000000040000000004000076
:10C2C00000000E20180000008C010000000000009B
:10C2D00000000000040000000004000000000E3018
:10C2E00018000000A801000000000000000000008D
:10C2F000040000000004000000000E3018000000E0
:10C30000C401000000000000000000000400000064
:10C310000004000000000E2018000000E0010000F2
:10C320000000000000000000040000000004000005
:10C3300000000E3018000000FC01000000000000AA
:10C3400000000000040000000004000000000E20B7
:10C35000180000001802000008340042E400000049
:10C36000040000000004030000000E30180000006C
:10C370003402000000000000000000000400000083
:10C380000004000000000E30180000005002000001
:10C390000000000000000000040000000004000095
:10C3A00000000E30180000006C02000000000000C9
:10C3B00000000000040000000004000000000E5017
:10C3C00018000000880200000000000000000000CB
:10C3D000040000000004000000000E20180000000F
:10C3E000A4020000000000000000000004000000A3
:10C3F0000004000000000E3018000000C002000021
:10C400000000000000000000040000000004000024
:10C4100000000E3018000000DC02000000000000E8
:10C4200000000000040000000004000000000E30C6
:10C4300018000000F80200000000000000000000EA
:10C44000040000000004000000000E30180000008E
:10C4500014030000000000000000000004000000C1
:10C460000004000000000E3018000000300300003F
:10C4700000000000000000000400000000040000B4
:10C4800000000E30180000004C0300000000000007
:10C4900000000000040000000004000000000E2066
:10C4A0001800000068030000000000000000000009
:10C4B000040000000004000000000E20180000002E
:10C4C00084030000000000000000000004000000E1
:10C4D0000004000000000E3018000000A00300005F
:10C4E0000000000000000000040000000004000044
:10C4F00000000E3018000000BC0300000000000027
:10C5000000000000040000000004000000000E20F5
:10C5100018000000D8030000000000000000000028
:10C52000040000000004000000000E501C00000089
:10C53000F403000000000000000000000400000000
:10C540000004000000000C0740000000180000007C
:10C5500014040000EC3400428000000004000000DD
:10C560000004030000000E4018000000300400002A
:10C570006C350042CB000000040000000004030002
:10C5800000000E50180000004C04000000000000E5
:10C5900000000000040000000004000000000E3055
:10C5A0001800000068040000000000000000000007
:10C5B000040000000004000000000E30180000001D
:10C5C00084040000000000000000000004000000DF
:10C5D0000004000000000E300C000000000000000D
:10C5E0000300017C000C0100140000001400000096
:10C5F000F45902422200000004030000000E200053
:10C60000140000002C000000383600421E0000001C
:10C6100004030000000E200014000000440000008D
:10C62000000000000000000004000000000EA00157
:10C63000140000005C00000000000000000000008A
:10C6400004000000000E2000140000007400000030
:10C65000583600421100000004030000000E2000C4
:10C66000140000008C000000185A02421400000060
:10C6700004030000000E200014000000A4000000CD
:10C68000000000000000000004000000000E200078
:10C6900014000000BC0000000000000000000000CA
:10C6A00004000000000E700014000000D400000020
:10C6B000000000000000000004000000000E200048
:10C6C00014000000EC00000000000000000000006A
:10C6D00004000000000E200014000000040100000F
:10C6E000000000000000000004000000000E200018
:10C6F000140000001C010000000000000000000009
:10C7000004000000000E20001400000034010000AE
:10C71000000000000000000004000000000E2000E7
:10C72000140000004C0100000000000000000000A8
:10C7300004000000000E200014000000640100004E
:10C740006C3600426800000004030000000E500038
:10C75000140000007C010000D43600422B000000D1
:10C7600004030000000E20001400000094010000EB
:10C77000000000000000000004000000000E200087
:10C7800014000000AC0100000000000000000000E8
:10C7900004000000000E200014000000C40100008E
:10C7A000000000000000000004000000000E200057
:10C7B00014000000DC010000000000000000000088
:10C7C00004000000000E200014000000F40100002E
:10C7D000000000000000000004000000000E200027
:10C7E000140000000C020000000000000000000027
:10C7F00004000000000E20001400000024020000CD
:10C80000000000000000000004000000000E2000F6
:10C81000140000003C0200000000000000000000C6
:10C8200004000000000E200014000000540200006C
:10C83000000000000000000004000000000E2000C6
:10C84000140000006C020000000000000000000066
:10C8500004000000000E80011400000084020000AB
:10C86000000000000000000004000000000E200096
:10C87000140000009C020000000000000000000006
:10C8800004000000000E200014000000B4020000AC
:10C89000000000000000000004000000000E200066
:10C8A00014000000CC0200000000000000000000A6
:10C8B00004000000000E200014000000E40200004C
:10C8C000003700426901000004030000000E300040
:10C8D00014000000FC0200006C380042160000004A
:10C8E00004030000000E20001400000014030000E8
:10C8F000000000000000000004000000000E200006
:10C900000C000000000000000300017C000C01008E
:10C9100014000000140000000000000000000000EF
:10C9200004000000000E3000140000002C00000085
:10C93000000000000000000004000000000E500095
:10C94000140000004400000000000000000000008F
:10C9500004000000000E5000140000005C00000005
:10C96000000000000000000004000000000E500065
:10C97000140000007400000000000000000000002F
:10C9800004000000000E5000140000008C000000A5
:10C99000000000000000000004000000000E300055
:10C9A00014000000A40000000000000000000000CF
:10C9B00004000000000E200014000000BC00000075
:10C9C000000000000000000004000000000E7000E5
:10C9D00014000000D400000000000000000000006F
:10C9E00004000000000E700014000000EC000000C5
:10C9F000000000000000000004000000000E3000F5
:10CA0000140000000401000000000000000000000D
:10CA100004000000000E4000140000001C01000093
:10CA2000000000000000000004000000000E4000B4
:10CA300014000000340100000000000000000000AD
:10CA400004000000000E4000140000004C01000033
:10CA5000000000000000000004000000000E400084
:10CA6000140000006401000000000000000000004D
:10CA700004000000000E4000140000007C010000D3
:10CA8000000000000000000004000000000E400054
:10CA900014000000940100000000000000000000ED
:10CAA00004000000000E400014000000AC01000073
:10CAB000000000000000000004000000000E400024
:10CAC00014000000C401000000000000000000008D
:10CAD00004000000000E200014000000DC01000033
:10CAE000000000000000000004000000000E200014
:10CAF00014000000F401000000000000000000002D
:10CB000004000000000E2000140000000C020000D1
:10CB1000000000000000000004000000000E2000E3
:10CB200014000000240200000000000000000000CB
:10CB300004000000000E2000140000003C02000071
:10CB4000000000000000000004000000000E2000B3
:10CB5000140000005402000000000000000000006B
:10CB600004000000000E2000140000006C02000011
:10CB7000000000000000000004000000000E200083
:10CB8000140000008402000000000000000000000B
:10CB900004000000000E20000C0000000000000057
:10CBA0000300017C000C01001400000014000000D0
:10CBB0006C4700422700000004030000000E200024
:10CBC000140000002C0000009C47004228000000D8
:10CBD00004030000000E30001800000000000000F8
:10CBE000037A504C00017C000600AC590142000C55
:10CBF00001000000180000002000000000000000FC
:10CC000000000000040000000004000000000E20EE
:10CC1000180000003C0000000000000000000000C0
:10CC2000040000000004000000000E2018000000B6
:10CC30005800000000000000000000000400000098
:10CC40000004000000000E2018000000000000009A
:10CC5000037A504C00017C000600AC590142000CE4
:10CC6000010000001800000020000000000000008B
:10CC700000000000040000000004000000000E207E
:10CC8000180000003C000000C89B00421800000093
:10CC9000042CBA033C04030000000E20180000001E
:10CCA00058000000E09B0042140000000400000057
:10CCB0000004030000000E201800000074000000B3
:10CCC000F49B00426D0000000430BA033C040300F2
:10CCD00000000E401800000090000000649C00421C
:10CCE00021000000040000000004030000000E20EA
:10CCF00018000000AC000000000000000000000070
:10CD0000040000000004000000000E2018000000D5
:10CD1000C800000000000000000000000400000047
:10CD20000004000000000E2018000000E4000000D5
:10CD3000889C00423C0000000440BA033C0403000D
:10CD400000000E301800000000010000C49C0042EA
:10CD50000D000000040000000004030000000E208D
:10CD6000180000001C010000D49C0042920000004A
:10CD70000450BA033C04030000000E301800000009
:10CD800038010000689D0042160000000400000009
:10CD90000004030000000E201800000054010000F1
:10CDA000000000000000000004000000000400007B
:10CDB00000000E30180000007001000000000000AC
:10CDC00000000000040000000004000000000E301D
:10CDD000180000008C0100000000000000000000AE
:10CDE000040000000004000000000E3018000000E5
:10CDF000A801000000000000000000000400000086
:10CE00000004000000000E3018000000C401000003
:10CE1000000000000000000004000000000400000A
:10CE200000000E3018000000E001000000000000CB
:10CE300000000000040000000004000000000E30AC
:10CE400018000000FC0100000000000000000000CD
:10CE5000040000000004000000000E301800000074
:10CE600018020000000000000000000004000000A4
:10CE70000004000000000E30180000003402000022
:10CE8000000000000000000004000000000400009A
:10CE900000000E30180000005002000000000000EA
:10CEA00000000000040000000004000000000E303C
:10CEB000180000006C020000809D00423A00000053
:10CEC0000460BA033C04030000000E3018000000A8
:10CED00088020000000000000000000004000000C4
:10CEE0000004000000000E3018000000A402000042
:10CEF000BC9D0042420000000470BA033C040300E1
:10CF000000000E3018000000C00200000000000009
:10CF100000000000040000000004000000000E30CB
:10CF200018000000DC02000000000000000000000B
:10CF3000040000000004000000000E301800000093
:10CF4000F8020000000000000000000004000000E3
:10CF50000004000000000E30180000001403000060
:10CF600000000000000000000400000000040000B9
:10CF700000000E3018000000300300000000000028
:10CF800000000000040000000004000000000E305B
:10CF9000180000004C03000000000000000000002A
:10CFA000040000000004000000000E301800000023
:10CFB0006803000000000000000000000400000002
:10CFC0000004000000000E30180000008403000080
:10CFD0000000000000000000040000000004000049
:10CFE00000000E3018000000A00300000000000048
:10CFF00000000000040000000004000000000E20FB
:10D0000018000000BC030000009E00421400000055
:10D01000040000000004030000000E2018000000BF
:10D02000D803000000000000000000000400000021
:10D030000004000000000E2018000000F4030000AF
:10D0400000000000000000000400000000040000D8
:10D0500000000E3018000000100400000000000066
:10D0600000000000040000000004000000000E208A
:10D07000180000002C040000000000000000000068
:10D08000040000000004000000000E201800000052
:10D090004804000000000000000000000400000040
:10D0A0000004000000000E201800000064040000CE
:10D0B0000000000000000000040000000004000068
:10D0C00000000E3018000000800400000000000086
:10D0D00000000000040000000004000000000E201A
:10D0E000180000009C040000000000000000000088
:10D0F000040000000004000000000E3018000000D2
:10D10000B80400000000000000000000040000005F
:10D110000004000000000E3018000000D4040000DD
:10D1200000000000000000000400000000040000F7
:10D1300000000E2018000000F0040000149E0042C1
:10D1400039000000040000000004030000000E206D
:10D150000C000000000000000300017C000C010036
:10D160001400000014000000509E0042AE000000B9
:10D1700004030000000E6000140000002C000000FA
:10D18000009F00423601000004030000000E9002E0
:10D19000140000004400000038A000424A000000D3
:10D1A00004030000000E5000140000005C000000AA
:10D1B00084A000421C02000004030000000E900145
:10D1C0001400000074000000A0A20042E70000006C
:10D1D00004030000000E8001140000008C00000019
:10D1E00088A30042DE00000004030000000E70006F
:10D1F00014000000A400000068A400420E0100001A
:10D2000004030000000E800114000000BC000000B8
:10D2100078A500429200000004030000000E700098
:10D2200014000000D40000000CA6004242020000DE
:10D2300004030000000E700014000000EC00000069
:10D2400050A800429900000004030000000E600096
:10D250001400000004010000ECA800423F000000A0
:10D2600004030000000E2000140000001C01000058
:10D270002CA900427F00000004030000000E6000A3
:10D280001400000034010000000000000000000055
:10D2900004000000000E2000140000004C010000FB
:10D2A000000000000000000004000000000E20004C
:10D2B0001400000064010000ACA900427F000000DF
:10D2C00004030000000E6000140000007C01000058
:10D2D000000000000000000004000000000E6000DC
:10D2E0001400000094010000B8AA0042ED00000004
:10D2F00004030000000E400014000000AC01000018
:10D30000000000000000000004000000000E2000EB
:10D3100014000000C4010000A8AB0042640100003A
:10D3200004030000000E6000180000000000000070
:10D33000037A504C00017C000600AC590142000CFD
:10D340000100000018000000200000001CAD004299
:10D35000140000000480BA033C04030000000E2007
:10D36000180000003C00000044AD0042280000000E
:10D37000040000000004030000000E20180000005C
:10D38000580000006CAD00422A00000004000000BC
:10D390000004030000000E201800000074000000CC
:10D3A00098AD0042200000000400000000040300CB
:10D3B00000000E201800000090000000B8AD0042F0
:10D3C00022000000040000000004030000000E2002
:10D3D00018000000AC000000DCAD0042220000009C
:10D3E000040000000004030000000E2018000000EC
:10D3F000C800000000AE0042300000000400000041
:10D400000004030000000E2018000000E4000000EB
:10D4100030AE0042210000000400000000040300C0
:10D4200000000E20180000000001000054AE004271
:10D4300022000000040000000004030000000E2091
:10D44000180000001C01000078AE00422600000019
:10D45000040000000004030000000E30180000006B
:10D4600038010000A0AE00422400000004000000CB
:10D470000004030000000E2018000000540100000A
:10D480000000000000000000040000000004000094
:10D4900000000E20180000007001000000000000D5
:10D4A00000000000040000000004000000000E2046
:10D4B000180000008C0100000000000000000000C7
:10D4C000040000000004000000000E20180000000E
:10D4D000A80100000000000000000000040000009F
:10D4E0000004000000000E2018000000C40100002D
:10D4F0000000000000000000040000000004000024
:10D5000000000E2018000000E001000000000000F4
:10D5100000000000040000000004000000000E20D5
:10D520000C000000000000000300017C000C010062
:10D530001400000014000000C4AE004215000000FA
:10D5400004030000000E2000140000002C00000066
:10D55000DCAE00421500000004030000000E2000B5
:10D560001400000044000000F4AE0042100000006F
:10D5700004030000000E2000140000005C00000006
:10D5800014AF00421D00000004030000000E200044
:10D59000140000007400000034AF00421D000000C1
:10D5A00004030000000E2000140000008C000000A6
:10D5B00054AF00421A00000004030000000E2000D7
:10D5C0000C000000000000000300017C000C0100C2
:10D5D0001400000014000000B4AF0042220000005C
:10D5E00004030000000E2000140000002C000000C6
:10D5F000D8AF00428E00000004030000000E40007F
:10D60000140000004400000068B00042BD000000AB
:10D6100004030000000E3000140000005C00000055
:10D6200028B100427700000004030000000E300023
:10D630001400000074000000000000000000000062
:10D6400004000000000E20000C000000000000009C
:10D650000300017C000C0100140000001400000015
:10D66000C4B100428200000004030000000E20004C
:10D67000140000002C00000048B2004242000000EC
:10D6800004030000000E20000C0000000000000059
:10D690000300017C000C01001400000014000000D5
:10D6A00058B300422900000004030000000E2000CF
:10D6B000140000002C00000084B30042140000009D
:10D6C00004030000000E20001400000044000000CD
:10D6D00098B300427E00000004030000000E5000DA
:10D6E000140000005C000000985C0242580000003A
:10D6F00004030000000E300014000000740000005D
:10D7000018B400425700000004030000000E20007F
:10D71000140000008C000000F05C02427E0000005B
:10D7200004030000000E300014000000A4000000FC
:10D7300070B40042AA00000004030000000E2000A4
:10D7400014000000BC0000001CB500427201000083
:10D7500004030000000E800114000000D40000004B
:10D76000705D02422000000004030000000E300043
:10D7700014000000EC000000905D02422800000050
:10D7800004030000000E200014000000040100004B
:10D79000C4B600423300000004030000000E200065
:10D7A000140000001C010000F8B600422000000038
:10D7B00004030000000E20001400000034010000EB
:10D7C00018B700421800000004030000000E2000FB
:10D7D000140000004C0100000000000000000000E8
:10D7E00004000000000E200014000000640100008E
:10D7F000000000000000000004000000000E2000F7
:10D80000140000007C010000000000000000000087
:10D8100004000000000E60001400000094010000ED
:10D8200098B700422A01000004030000000E6000C7
:10D8300014000000AC010000C4B80042B6010000B2
:10D8400004030000000E700014000000C40100007A
:10D850007CBA00420401000004030000000E9001A5
:10D8600014000000DC01000080BB00420401000045
:10D8700004030000000E900114000000F4010000F9
:10D8800084BC00425300000004030000000E60004E
:10D89000140000000C020000000000000000000066
:10D8A00004000000000E60001400000024020000CC
:10D8B000D8BC00421E03000004030000000E9001CB
:10D8C000140000003C020000F8BF00425C010000B0
:10D8D00004030000000E5000140000005402000079
:10D8E00054C10042C200000004030000000E5000BA
:10D8F0001800000000000000037A504C00017C007A
:10D900000600AC590142000C0100000018000000A4
:10D9100020000000000000000000000004000000E3
:10D920000004000000000E20180000003C00000071
:10D930002CC200424100000004000000000403006B
:10D9400000000E20180000005800000070C20042C5
:10D95000A5000000040000000004030000000E20E9
:10D96000180000007400000018C3004243030000C8
:10D970000484BA033C04030000000E700C00000095
:10D98000000000000300017C000C010014000000F6
:10D99000140000005CC600423600000004030000D2
:10D9A000000E20000C000000000000000300017CBD
:10D9B000000C0100140000001400000094C6004296
:10D9C0002C00000004030000000E200014000000E2
:10D9D0002C000000C0C60042280000000403000024
:10D9E000000E20001400000044000000E8C60042C1
:10D9F0001400000004030000000E20000C000000D2
:10DA0000000000000300017C000C01001400000075
:10DA100014000000000000000000000004000000EE
:10DA2000000E2000140000002C0000000000000088
:10DA30000000000004000000000E200014000000A0
:10DA4000440000000000000000000000040000008E
:10DA5000000E2000140000005C0000000000000028
:10DA60000000000004000000000E2000180000006C
:10DA700000000000037A504C00017C000600AC5905
:10DA80000142000C0100000018000000200000000E
:10DA9000046202423400000004000000000403009D
:10DAA00000000E30180000003C0000006C570142DE
:10DAB000DB000000040000000004030000000E3042
:10DAC0001800000058000000485801424E000000B5
:10DAD000040000000004030000000E3018000000E5
:10DAE0007400000098580142380000000400000053
:10DAF0000004030000000E40180000009000000029
:10DB0000D058014258000000040000000004030047
:10DB100000000E2018000000AC000000285901424F
:10DB20001C000000040000000004030000000E20A0
:10DB300018000000C80000004459014268000000BD
:10DB4000040000000004030000000E301800000074
:10DB5000E4000000AC590142C70200000494BA037B
:10DB60003C04030000000E701800000000010000DB
:10DB7000745C01427D00000004B0BA033C04030061
:10DB800000000E401800000000000000037A504C16
:10DB900000017C000600AC590142000C01000000AD
:10DBA0001800000020000000005D0142230000007A
:10DBB000040000000004030000000E201800000014
:10DBC0003C000000245D01421A00000004C8BA03B2
:10DBD0003C04030000000E20180000005800000064
:10DBE000405D01423A00000004CCBA033C0403004B
:10DBF00000000E201800000074000000A05D01422B
:10DC00001200000004D0BA033C04030000000E2000
:10DC10000C000000000000000300017C000C01006B
:10DC200014000000140000000000000000000000CC
:10DC300004000000000E200018000000000000009A
:10DC4000037A504C00017C000600AC590142000CE4
:10DC5000010000001800000020000000000000008B
:10DC600000000000040000000004000000000E207E
:10DC7000180000003C000000000000000000000050
:10DC8000040000000004000000000E201800000046
:10DC90005800000000000000000000000400000028
:10DCA0000004000000000E301800000074000000A6
:10DCB000000000000000000004000000000400005C
:10DCC00000000E301800000090000000000000006E
:10DCD00000000000040000000004000000000E200E
:10DCE00018000000AC000000000000000000000070
:10DCF000040000000004000000000E2018000000D6
:10DD0000C800000000000000000000000400000047
:10DD10000004000000000E2018000000E4000000D5
:10DD200000000000000000000400000000040000EB
:10DD300000000E201800000000010000C45D014238
:10DD40005200000004D4BA033C04030000000E207B
:10DD5000180000001C010000185E01420B000000CA
:10DD600004E4BA033C04030000000E200C00000091
:10DD7000000000000300017C000C01001400000002
:10DD80001400000038620242320000000403000068
:10DD9000000E3000140000002C000000CC5E014298
:10DDA0002000000004030000000E20000C00000012
:10DDB000000000000300017C000C010014000000C2
:10DDC00014000000485F01426200000004030000EC
:10DDD000000E20000C000000000000000300017C89
:10DDE000000C0100140000001400000000000000FE
:10DDF0000000000004000000000E200014000000DD
:10DE00002C000000000000000000000004000000E2
:10DE1000000E20001400000044000000C05F01421A
:10DE20005000000004030000000E20000C00000061
:10DE3000000000000300017C000C01001400000041
:10DE400014000000986001422C0000000403000050
:10DE5000000E2000140000002C000000C4600142ED
:10DE60008C00000004030000000E400014000000BD
:10DE7000440000005061014226000000040300003D
:10DE8000000E20001800000000000000037A504C33
:10DE900000017C000600AC590142000C01000000AA
:10DEA00018000000200000007861014232000000EC
:10DEB00004E8BA033C04030000000E201800000030
:10DEC0003C000000C861014209000000040000009D
:10DED0000004030000000E2018000000580000009D
:10DEE000E461014209000000040000000004030096
:10DEF00000000E201800000000000000037A504CC3
:10DF000000017C000600AC590142000C0100000039
:10DF10001800000020000000FC61014236000000F3
:10DF20000408BB033C04030000000E200C000000AA
:10DF3000000000000300017C000C01001400000040
:10DF400014000000000000000000000004000000B9
:10DF5000000E20000C000000000000000300017C07
:10DF6000000C01001400000014000000000000007C
:10DF70000000000004000000000E20000C00000063
:10DF8000000000000300017C000C010014000000F0
:10DF90001400000000000000000000000400000069
:10DFA000000E20000C000000000000000300017CB7
:10DFB000000C01001400000014000000000000002C
:10DFC0000000000004000000000E20000C00000013
:10DFD000000000000300017C000C010014000000A0
:10DFE0001400000098640142C20100000403000014
:10DFF000000E4000140000002C0000009C6601424E
:10E000006400000004030000000E40001400000043
:10E010004400000000670142740000000403000097
:10E02000000E6000140000005C000000C8670142A0
:10E030001500000004030000000E3000180000006E
:10E0400074000000F0670142EE00000004060000CA
:10E05000000C07B001000000180000009000000054
:10E06000E06801429600000004060000000C07A0D2
:10E070000100000018000000AC00000078690142B7
:10E080009C00000004060000000C07A00100000036
:10E0900018000000C8000000146A01429E00000041
:10E0A00004070000000C07A001000000140000009D
:10E0B000E4000000B46A0142100000000403000004
:10E0C000000E200014000000FC000000C46A0142A1
:10E0D0005400000004060000000C07700C00000053
:10E0E000000000000300017C000C0100140000008F
:10E0F000140000007C6B01425A0000000403000081
:10E10000000E3000140000002C000000D86B01420B
:10E110005000000004030000000E30001400000056
:10E12000440000002871014296030000040300002F
:10E13000000E5000140000005C000000CC7401428E
:10E140003E00000004030000000E20001400000048
:10E15000740000000C750142100000000403000070
:10E16000000E2000140000008C0000001C7501420D
:10E170001A00000004030000000E2000140000003C
:10E18000A4000000387501423600000004030000BE
:10E19000000E200014000000BC0000007075014259
:10E1A0001000000004030000000E20001400000016
:10E1B000D400000080750142160000000403000036
:10E1C000000E200014000000EC00000098750142D1
:10E1D0009300000004030000000E20001400000063
:10E1E000040100002C7601420C0000000403000032
:10E1F000000E2000140000001C01000038760142CF
:10E200001400000004030000000E200014000000B1
:10E21000340100004C760142CA00000004030000F3
:10E22000000E30000000000000000000F42F00424B
:10E230006C3A0042748C00421CCA00427CD10042FD
:10E24000D82A0142F04C01427C5D0142C45D01428A
:10E25000FFFFFFFF143000427C3A0042A05D014204
:10E26000185E014200000000F0FF0F600000106027
:10E2700000E00F6000E00F600000003D0000003E85
:10E2800000403740881A38400040C83F881AC93FCC
:08E29000901AC93FF065C93F77
:020000043FC9F2
:101A9000087837400100000001000000000070429B
:101AA00000001041000080410000F041000096421B
:101AB0000000A8410000C0400000A8410AD7233D13
:101AC000000020400000803F0AD7233C01010101B3
:101AD0000000A04000004041C704033C6666664128
:101AE0009A9959410000A041CF04033C9A99614161
:101AF000CDCC5C4100007041D304033C33336B41D7
:101B0000000058410000C8414607033C5165033CB2
:101B10004B67033C8365033C9D65033CB365033C15
:101B2000D065033CE965033C0466033C1E66033C48
:101B30003766033C4269033C6766033C01010C03C2
:101B40000000000000000000000000000000000095
:101B50000000000000000000000000000000000085
:101B60000000000001010000000000000000000073
:101B70000000000000000000000000000000000065
:101B80000000000000000000000000000101000053
:101B90000000000000000000000000000000000045
:101BA0000000000000000000000000000000000035
:101BB0000000000001010000000000000000000023
:101BC0000000000000000000000000000000000015
:101BD0000000000000000000000000000101000003
:101BE00000000000000000000000000000000000F5
:101BF00000000000000000000000000000000000E5
:101C000000000000010100000000000000000000D2
:101C100000000000000000000000000000000000C4
:101C200000000000000000000000000001010000B2
:101C300000000000000000000000000000000000A4
:101C40000000000000000000000000000000000094
:101C50000000000001010000000000000000000082
:101C60000000000000000000000000000000000074
:101C70000000000000000000000000000101000062
:101C8000981CC93FFFFF3FB30000000003000000A5
:101C900000000000000000000040006000000000A4
:101CA000FFFF3FB300000000FFFF3FB30000000054
:101CB000006001600068016000000000FFFF3FB3AA
:101CC0000000000000000000000000000000000014
:101CD0000000000000000000FFFF3FB30000000014
:101CE000FFFF3FB300000000000000000000000004
:101CF00001000000F81CC93FAC4CC93F504AC93F25
:101D0000304DC93FB84FC93FCC49C93F384FC93F93
:101D1000B04EC93F184CC93F00000000FFFF3FB361
:101D200000000000FFFFFFFFFFFF3FB300000000C7
:101D3000FFFF3FB300000000FFFF3FB300000000C3
:101D4000FFFF3FB300000000FFFF3FB300000000B3
:101D50000000006000000000008000600100000042
:101D600000F00160FFFF3FB300000000FFFFFFFF36
:101D7000FFFFFFFF00FFFF00FFFF00FFFF00FFFF6F
:101D800000FFFF00FFFF00FFFF00FFFF00FFFF005D
:101D9000FFFF00FFFF00FFFF00FFFF00FFFF00FF4E
:101DA000FF00FFFF00FFFF00FFFF00FFFF00FFFF3E
:101DB00000FFFF00FFFF00FFFF00FFFF00FFFF002D
:101DC000FFFF00FFFF00FFFF00FFFF00FFFF00FF1E
:101DD000FF00FFFF00FFFF00FFFF00FFFF00FFFF0E
:101DE00000FFFF00FFFF00FFFF00FFFF00FFFF00FD
:101DF000FFFF00FFFF00FFFF00FFFF00FFFF00FFEE
:101E0000FF00FFFF00FFFF00FFFF00FFFF00FFFFDD
:101E100000FFFF00FFFF00FFFF00FFFF00FFFF00CC
:101E2000FFFF00FFFF00FFFF00FFFF00FFFF00FFBD
:101E3000FF00FFFF00000000FFFFFFFF00000000A9
:101E40000000000000000000000000000100000091
:101E500054F50042B0F50042000000000000000010
:101E6000FFFF3FB30000000000000060FFFFFFFF26
:101E70000000000000000000000000000000000062
:101E800001000000D0F60042FCF6004200000160B4
:101E9000FFFFFFFF00000000000000000000000046
:101EA0000000000001000000D0F60042FCF60042F5
:101EB00000E00260FFFFFFFF0000000000000000E4
:101EC000000000000000000001000000D0F6004209
:101ED000FCF6004202000000E47B37407C02014235
:101EE000D4020142047C3740F07B3740F8020142C3
:101EF00064020142BC903740D07B3740F400384048
:101F000060843740AFBEADDE04F401420100000042
:101F1000FFFFFFFFFFFF3FB300000000FFFF3FB3E5
:101F200000000000FFFF3FB300000000FFFF3FB3D1
:101F300000000000FFFF3FB300000000FFFF3FB3C1
:101F4000000000001B0000001B0000001C0000003F
:101F50001C00000000000000448337400000000027
:101F600044833740010000004483374002000000F2
:101F700044833740030000004483374004000000DE
:101F800044833740050000004483374006000000CA
:101F900044833740070000004483374008000000B6
:101FA0004483374009000000448337400A000000A2
:101FB000448337400B000000448337400C0000008E
:101FC000448337400D000000448337400E0000007A
:101FD000448337400F000000448337401000000066
:101FE0004483374011000000448337401200000052
:101FF000448337401300000044833740140000003E
:102000004483374015000000448337401600000029
:102010004483374017000000448337401800000015
:102020004483374019000000448337401A00000001
:10203000448337401B000000448337401C000000ED
:10204000448337401D000000448337401E000000D9
:10205000448337401F0000004483374020000000C5
:1020600044833740210000004483374022000000B1
:10207000448337402300000044833740240000009D
:102080004483374025000000448337402600000089
:102090004483374027000000448337402800000075
:1020A0004483374029000000448337402A00000061
:1020B000448337402B000000448337402C0000004D
:1020C000448337402D000000448337402E00000039
:1020D000448337402F000000448337403000000025
:1020E0004483374031000000448337403200000011
:1020F00044833740330000004483374034000000FD
:1021000044833740350000004483374036000000E8
:1021100044833740370000004483374038000000D4
:102120004483374039000000448337403A000000C0
:10213000448337403B000000448337403C000000AC
:10214000448337403D000000448337403E00000098
:10215000448337403F0000009C7837409C783740EC
:102160009C7837409C7837409C7837409C78374043
:102170009C7837409C7837409C7837409C78374033
:102180009C7837409C7837409C7837409C78374023
:102190009C7837409C7837409C7837409C78374013
:1021A0009C7837409C7837409C7837409C78374003
:1021B0009C7837409C7837409C7837409C783740F3
:1021C0009C7837409C7837409C7837409C783740E3
:1021D0009C7837409C7837409C7837409C783740D3
:1021E0009C7837409C7837409C7837409C783740C3
:1021F0009C7837409C7837409C7837409C783740B3
:102200009C7837409C7837409C7837409C783740A2
:102210009C7837409C7837409C7837409C78374092
:102220009C7837409C7837409C7837409C78374082
:102230009C7837409C7837409C7837409C78374072
:102240009C7837409C7837409C7837409C78374062
:102250009C7837409C7837409C7837409C78374052
:102260009C7837409C7837409C7837409C78374042
:102270009C7837409C7837409C7837409C78374032
:102280009C7837409C7837409C7837409C78374022
:102290009C7837409C7837409C7837409C78374012
:1022A0009C7837409C7837409C7837409C78374002
:1022B0009C7837409C7837409C7837409C783740F2
:1022C0009C7837409C7837409C7837409C783740E2
:1022D0009C7837409C7837409C7837409C783740D2
:1022E0009C7837409C7837409C7837409C783740C2
:1022F0009C7837409C7837409C7837409C783740B2
:102300009C7837409C7837409C7837409C783740A1
:102310009C7837409C7837409C7837409C78374091
:102320009C7837409C7837409C7837409C78374081
:102330009C7837409C7837409C7837409C78374071
:102340009C7837409C7837409C7837409C78374061
:102350009C7837409C783740FFFF3FB30000000077
:10236000FFFFFFFFFFFFFFFFFFFFFFFFFFFFFFFF7D
:10237000FFFF3FB30000000000000000000000006D
:10238000000000000000000000000000000000004D
:10239000000000000000000000000000000000003D
:1023A000000000000000000000000000000000002D
:1023B000000000000000000000000000000000001D
:1023C000000000000000000000000000000000000D
:1023D00000000000000000000000000000000000FD
:1023E00000000000000000000000000000000000ED
:1023F00000000000000000000000000000000000DD
:1024000000000000000000000000000000000000CC
:1024100000000000000000000000000000000000BC
:1024200000000000000000000000000000000000AC
:10243000000000000000000000000000000000009C
:10244000000000000000000000000000000000008C
:10245000000000000000000000000000000000007C
:10246000000000000000000000000000000000006C
:10247000000000000000000000000000000000005C
:10248000000000000000000000000000000000004C
:10249000000000000000000000000000000000003C
:1024A000000000000000000000000000000000002C
:1024B000000000000000000000000000000000001C
:1024C000000000000000000000000000000000000C
:1024D00000000000000000000000000000000000FC
:1024E00000000000000000000000000000000000EC
:1024F00000000000000000000000000000000000DC
:1025000000000000000000000000000000000000CB
:1025100000000000000000000000000000000000BB
:1025200000000000000000000000000000000000AB
:10253000000000000000000000000000000000009B
:10254000000000000000000000000000000000008B
:10255000000000000000000000000000000000007B
:10256000000000000000000000000000000000006B
:10257000000000000000000000000000000000005B
:10258000000000000000000000000000000000004B
:10259000000000000000000000000000000000003B
:1025A000000000000000000000000000000000002B
:1025B000000000000000000000000000000000001B
:1025C000000000000000000000000000000000000B
:1025D00000000000000000000000000000000000FB
:1025E00000000000000000000000000000000000EB
:1025F00000000000000000000000000000000000DB
:1026000000000000000000000000000000000000CA
:1026100000000000000000000000000000000000BA
:1026200000000000000000000000000000000000AA
:10263000000000000000000000000000000000009A
:10264000000000000000000000000000000000008A
:10265000000000000000000000000000000000007A
:10266000000000000000000000000000000000006A
:10267000000000000000000000000000000000005A
:10268000000000000000000000000000000000004A
:10269000000000000000000000000000000000003A
:1026A000000000000000000000000000000000002A
:1026B000000000000000000000000000000000001A
:1026C000000000000000000000000000000000000A
:1026D00000000000000000000000000000000000FA
:1026E00000000000000000000000000000000000EA
:1026F00000000000000000000000000000000000DA
:1027000000000000000000000000000000000000C9
:1027100000000000000000000000000000000000B9
:1027200000000000000000000000000000000000A9
:102730000000000000000000000000000000000099
:102740000000000000000000000000000000000089
:102750000000000000000000000000000000000079
:102760000000000000000000000000000000000069
:102770000000000000000000000000000000000059
:102780000000000000000000000000000000000049
:102790000000000000000000000000000000000039
:1027A0000000000000000000000000000000000029
:1027B0000000000000000000000000000000000019
:1027C0000000000000000000000000000000000009
:1027D00000000000000000000000000000000000F9
:1027E00000000000000000000000000000000000E9
:1027F00000000000000000000000000000000000D9
:1028000000000000000000000000000000000000C8
:1028100000000000000000000000000000000000B8
:1028200000000000000000000000000000000000A8
:102830000000000000000000000000000000000098
:102840000000000000000000000000000000000088
:102850000000000000000000000000000000000078
:102860000000000000000000000000000000000068
:102870000000000000000000000000000000000058
:102880000000000000000000000000000000000048
:102890000000000000000000000000000000000038
:1028A0000000000000000000000000000000000028
:1028B0000000000000000000000000000000000018
:1028C0000000000000000000000000000000000008
:1028D00000000000000000000000000000000000F8
:1028E00000000000000000000000000000000000E8
:1028F00000000000000000000000000000000000D8
:1029000000000000000000000000000000000000C7
:1029100000000000000000000000000000000000B7
:1029200000000000000000000000000000000000A7
:102930000000000000000000000000000000000097
:102940000000000000000000000000000000000087
:102950000000000000000000000000000000000077
:102960000000000000000000000000000000000067
:102970000000000000000000000000000000000057
:102980000000000000000000000000000000000047
:102990000000000000000000000000000000000037
:1029A0000000000000000000000000000000000027
:1029B0000000000000000000000000000000000017
:1029C0000000000000000000000000000000000007
:1029D00000000000000000000000000000000000F7
:1029E00000000000000000000000000000000000E7
:1029F00000000000000000000000000000000000D7
:102A000000000000000000000000000000000000C6
:102A100000000000000000000000000000000000B6
:102A200000000000000000000000000000000000A6
:102A30000000000000000000000000000000000096
:102A40000000000000000000000000000000000086
:102A50000000000000000000000000000000000076
:102A60000000000000000000000000000000000066
:102A70000000000000000000000000000000000056
:102A80000000000000000000000000000000000046
:102A90000000000000000000000000000000000036
:102AA0000000000000000000000000000000000026
:102AB0000000000000000000000000000000000016
:102AC0000000000000000000000000000000000006
:102AD00000000000000000000000000000000000F6
:102AE00000000000000000000000000000000000E6
:102AF00000000000000000000000000000000000D6
:102B000000000000000000000000000000000000C5
:102B100000000000000000000000000000000000B5
:102B200000000000000000000000000000000000A5
:102B30000000000000000000000000000000000095
:102B40000000000000000000000000000000000085
:102B50000000000000000000000000000000000075
:102B60000000000000000000000000000000000065
:102B70000000000000000000000000000000000055
:102B80000000000000000000000000000000000045
:102B90000000000000000000000000000000000035
:102BA0000000000000000000000000000000000025
:102BB0000000000000000000000000000000000015
:102BC0000000000000000000000000000000000005
:102BD00000000000000000000000000000000000F5
:102BE00000000000000000000000000000000000E5
:102BF00000000000000000000000000000000000D5
:102C000000000000000000000000000000000000C4
:102C100000000000000000000000000000000000B4
:102C200000000000000000000000000000000000A4
:102C30000000000000000000000000000000000094
:102C40000000000000000000000000000000000084
:102C50000000000000000000000000000000000074
:102C60000000000000000000000000000000000064
:102C70000000000000000000000000000000000054
:102C80000000000000000000000000000000000044
:102C90000000000000000000000000000000000034
:102CA0000000000000000000000000000000000024
:102CB0000000000000000000000000000000000014
:102CC0000000000000000000000000000000000004
:102CD00000000000000000000000000000000000F4
:102CE00000000000000000000000000000000000E4
:102CF00000000000000000000000000000000000D4
:102D000000000000000000000000000000000000C3
:102D100000000000000000000000000000000000B3
:102D200000000000000000000000000000000000A3
:102D30000000000000000000000000000000000093
:102D40000000000000000000000000000000000083
:102D50000000000000000000000000000000000073
:102D60000000000000000000000000000000000063
:102D70000000000000000000000000000000000053
:102D80000000000000000000000000000000000043
:102D90000000000000000000000000000000000033
:102DA0000000000000000000000000000000000023
:102DB0000000000000000000000000000000000013
:102DC0000000000000000000000000000000000003
:102DD00000000000000000000000000000000000F3
:102DE00000000000000000000000000000000000E3
:102DF00000000000000000000000000000000000D3
:102E000000000000000000000000000000000000C2
:102E100000000000000000000000000000000000B2
:102E200000000000000000000000000000000000A2
:102E30000000000000000000000000000000000092
:102E40000000000000000000000000000000000082
:102E50000000000000000000000000000000000072
:102E60000000000000000000000000000000000062
:102E70000000000000000000000000000000000052
:102E80000000000000000000000000000000000042
:102E90000000000000000000000000000000000032
:102EA0000000000000000000000000000000000022
:102EB0000000000000000000000000000000000012
:102EC0000000000000000000000000000000000002
:102ED00000000000000000000000000000000000F2
:102EE00000000000000000000000000000000000E2
:102EF00000000000000000000000000000000000D2
:102F000000000000000000000000000000000000C1
:102F100000000000000000000000000000000000B1
:102F200000000000000000000000000000000000A1
:102F30000000000000000000000000000000000091
:102F40000000000000000000000000000000000081
:102F50000000000000000000000000000000000071
:102F60000000000000000000000000000000000061
:102F70000000000000000000000000000000000051
:102F80000000000000000000000000000000000041
:102F90000000000000000000000000000000000031
:102FA0000000000000000000000000000000000021
:102FB0000000000000000000000000000000000011
:102FC0000000000000000000000000000000000001
:102FD00000000000000000000000000000000000F1
:102FE00000000000000000000000000000000000E1
:102FF00000000000000000000000000000000000D1
:1030000000000000000000000000000000000000C0
:1030100000000000000000000000000000000000B0
:1030200000000000000000000000000000000000A0
:103030000000000000000000000000000000000090
:103040000000000000000000000000000000000080
:103050000000000000000000000000000000000070
:103060000000000000000000000000000000000060
:103070000000000000000000000000000000000050
:103080000000000000000000000000000000000040
:103090000000000000000000000000000000000030
:1030A0000000000000000000000000000000000020
:1030B0000000000000000000000000000000000010
:1030C0000000000000000000000000000000000000
:1030D00000000000000000000000000000000000F0
:1030E00000000000000000000000000000000000E0
:1030F00000000000000000000000000000000000D0
:1031000000000000000000000000000000000000BF
:1031100000000000000000000000000000000000AF
:10312000000000000000000000000000000000009F
:10313000000000000000000000000000000000008F
:10314000000000000000000000000000000000007F
:10315000000000000000000000000000000000006F
:10316000000000000000000000000000000000005F
:10317000000000000000000000000000000000004F
:10318000000000000000000000000000000000003F
:10319000000000000000000000000000000000002F
:1031A000000000000000000000000000000000001F
:1031B000000000000000000000000000000000000F
:1031C00000000000000000000000000000000000FF
:1031D00000000000000000000000000000000000EF
:1031E00000000000000000000000000000000000DF
:1031F00000000000000000000000000000000000CF
:1032000000000000000000000000000000000000BE
:1032100000000000000000000000000000000000AE
:10322000000000000000000000000000000000009E
:10323000000000000000000000000000000000008E
:10324000000000000000000000000000000000007E
:10325000000000000000000000000000000000006E
:10326000000000000000000000000000000000005E
:10327000000000000000000000000000000000004E
:10328000000000000000000000000000000000003E
:10329000000000000000000000000000000000002E
:1032A000000000000000000000000000000000001E
:1032B000000000000000000000000000000000000E
:1032C00000000000000000000000000000000000FE
:1032D00000000000000000000000000000000000EE
:1032E00000000000000000000000000000000000DE
:1032F00000000000000000000000000000000000CE
:1033000000000000000000000000000000000000BD
:1033100000000000000000000000000000000000AD
:10332000000000000000000000000000000000009D
:10333000000000000000000000000000000000008D
:10334000000000000000000000000000000000007D
:10335000000000000000000000000000000000006D
:10336000000000000000000000000000000000005D
:10337000000000000000000000000000000000004D
:10338000000000000000000000000000000000003D
:10339000000000000000000000000000000000002D
:1033A000000000000000000000000000000000001D
:1033B000000000000000000000000000000000000D
:1033C00000000000000000000000000000000000FD
:1033D00000000000000000000000000000000000ED
:1033E00000000000000000000000000000000000DD
:1033F00000000000000000000000000000000000CD
:1034000000000000000000000000000000000000BC
:10341000FFFF3FB300000000FFFF3FB300000000CC
:1034200000C53740000138400C01384018013840D1
:103430002C01384038FF3740D45F024260F0004230
:10344000C88E3740B88E3740C016014220F0004287
:10345000C0EF00427CEF004238EF0042FC16014210
:10346000D45F0242D45F024200000000B0EE00428E
:1034700010ED0042D0ED00421CEE004264EE00422E
:10348000248D3740388D37404C8D37405C8D374028
:103490006C8D3740908D3740B48D3740DC8D374090
:1034A000048E3740188E37400000000000000000F6
:1034B000CCFF374038FF37401C7B01424C97033C20
:1034C000000000005097033C000000005497033CAC
:1034D000000000005897033C000000005C97033C8C
:1034E000000000006097033C000000006497033C6C
:1034F000000000006897033C000000006C97033C4C
:10350000000000007097033C000000007497033C2B
:10351000000000007897033C000000007C97033C0B
:10352000000000008097033C000000008497033CEB
:10353000000000008897033C000000008C97033CCB
:10354000000000009097033C000000009497033CAB
:10355000000000009897033C000000009C97033C8B
:1035600000000000A097033C00000000A497033C6B
:1035700000000000A897033C0000000001000000CC
:10358000000000000000000000000000000000003B
:10359000FFFF3FB30000000000000060FFFF3FB3EB
:1035A000000000000000000000000160FFFF3FB3CA
:1035B000000000000000000000E00260FFFF3FB3D9
:1035C00000000000000000000000000000000020DB
:1035D000300000000000000070000020000000002B
:1035E00000000000000000000000000000000000DB
:1035F00000000000000000000000000000000000CB
:1036000000000000000000000000000000000000BA
:103610000000000000000000FFFF000000000000AC
:10362000000000000000000000000000000000009A
:103630000000000000000000A8610000204E000013
:10364000881300000201280300003C0080000000F5
:1036500038FF3740BC61014201000000FFFFFFFF5F
:10366000D0AF033C086C37402C6D374000000000A1
:103670000000000000000000000000001C6B37404C
:10368000946C3740809B0042949B0042049A004215
:10369000886037409836C93F709037409C903740DB
:1036A000289A0042FC603740C836C93F000000003D
:1036B0002437C93F000000000500000000000000A2
:1036C00000000000000000000000000000000000FA
:1036D00000000000000000000000000000000000EA
:1036E00000000000000000000000000000000000DA
:1036F000506A3740746A3740106A3740C0693740B3
:10370000786937406C693740D06937405C6A374028
:1037100000000000000000000000000000000000A9
:1037200000000000B86A3740986A37400000000087
:10373000886A374000000000000000000000000020
:103740000000000000000000000000000000000079
:10375000400D030000093D00A08F3E00C027090076
:1037600020A107008437C93F8A37C93F8CD9374029
:10377000B0D93740C8D93740FCD9374020DA374074
:1037800030DA3740080A080808000406080808006C
:103790004CE8374048E4374010023840E4E5374011
:1037A0000CE637407CE637406C01384064E7374030
:1037B000E4E6374074E300427803384060E5374080
:1037C00098E30042B403384070E9374064E1374081
:1037D00060E93740F4013840000000009CE93740C0
:1037E000B4E9374090E73740537461636B20736DE1
:1037F000617368696E672070726F746563742066A8
:1038000061696C75726521005461736B7320637517
:103810007272656E746C792072756E6E696E673A3D
:103820000043505520302F31004350552031004384
:10383000505520300000000018000000000000007B
:103840004520282575292025733A20436F7265206D
:1038500064756D702077726974652062696E61723B
:1038600079206661696C6564207769746820657287
:10387000726F723D25640A006573705F636F7265D5
:103880005F64756D705F636F6D6D6F6E00452028AE
:103890002575292025733A20496E636F727265631E
:1038A000742073697A65206F6620636F7265206487
:1038B000756D7020696D6167653A2025640A004561
:1038C00020282575292025733A204661696C656496
:1038D00020746F207265616420636F726520647567
:1038E0006D7020646174612073697A652028256495
:1038F00029210A004520282575292025733A2054BE
:103900006F6F20736D616C6C20636F7265206475DE
:103910006D7020706172746974696F6E210A004560
:1039200020282575292025733A204E6F20636F7259
:10393000652064756D7020706172746974696F6E52
:1039400020666F756E64210A0045202825752920A0
:1039500025733A20436F72652064756D7020646131
:10396000746120636865636B206661696C65643AA5
:103970000A004520282575292025733A20466169CB
:103980006C656420746F2072656164206368656390
:103990006B73756D2066726F6D20636F7265206446
:1039A000756D702028256429210A00452028257579
:1039B000292025733A204661696C656420746F2064
:1039C0007265616420646174612066726F6D20634A
:1039D0006F72652064756D702028256429210A00A6
:1039E0004520282575292025733A20496E76616C7B
:1039F000696420666C6173682070617274697469AF
:103A00006F6E20636F6E666967210A004520282566
:103A100075292025733A20436F72652064756D7097
:103A200020666C61736820636F6E666967206973D6
:103A300020636F7272757074656421204352433D38
:103A40003078257820696E7374656164206F662014
:103A5000307825780A004520282575292025733AD5
:103A6000204661696C656420746F20666C757368AC
:103A700020636163686564206461746120746F20F1
:103A8000666C6173682028256429210A0045202876
:103A90002575292025733A204661696C6564207478
:103AA0006F20666C75736820636163686564206469
:103AB00061746120746F20666C61736820282564CE
:103AC00029210A004520282575292025733A2046FA
:103AD00061696C656420746F20657261736520662E
:103AE0006C6173682028256429210A004520282557
:103AF00075292025733A204E6F7420656E6F7567A7
:103B00006820737061636520746F2073617665202F
:103B1000636F72652064756D70210A004520282549
:103B200075292025733A204661696C656420746F9D
:103B3000207772697465206461746120746F2066F7
:103B40006C6173682028256429210A0045202825F6
:103B500075292025733A204661696C656420746F6D
:103B600020777269746520636163686564206461AD
:103B7000746120746F20666C617368202825642945
:103B8000210A004520282575292025733A204E6FEB
:103B900020636F72652064756D7020706172746946
:103BA00074696F6E20666F756E64210A00657370AC
:103BB0005F636F72655F64756D705F666C6173687B
:103BC000004520282575292025733A204661696C17
:103BD000656420746F20656E6420636F7265206475
:103BE000756D702028256429210A00452028257537
:103BF000292025733A204661696C656420746F2022
:103C0000777269746520636F72652064756D7020CA
:103C10006865616465722028256429210A004520B1
:103C2000282575292025733A204661696C65642032
:103C3000746F20737461727420636F726520647591
:103C40006D702028256429210A0045202825752922
:103C50002025733A204661696C656420746F20707A
:103C600072657061726520636F72652064756D7036
:103C70002073746F726167652028256429210A000A
:103C80004520282575292025733A20257328257578
:103C9000293A20496E76616C696420696E7075748A
:103CA00020646174612E0A0045202825752920258D
:103CB000733A202573282575293A20566572736951
:103CC0006F6E20696E666F2077726974696E672007
:103CD0006661696C65642E2052657475726E6564E8
:103CE00020282564292E0A0045202825752920250D
:103CF000733A202573282575293A206D656D6F72FA
:103D00007920726567696F6E732077726974696E66
:103D100067206572726F722C2072657475726E65A1
:103D20006420282564292E0A00452028257529208D
:103D300025733A202573282575293A20454C4620BD
:103D400053697A652077726974696E67206572724B
:103D50006F722C2072657475726E656420282564FC
:103D6000292E0A004520282575292025733A20256B
:103D700073282575293A20454C462068656164659D
:103D8000722077726974696E67206572726F722C27
:103D90002072657475726E656420282564292E0A68
:103DA000004520282575292025733A2025732825CC
:103DB00075293A20454C4620686561646572207714
:103DC000726974696E67206572726F722C207265F9
:103DD0007475726E656420282564292E0A004520BA
:103DE000282575292025733A202573282575293A19
:103DF0002045585452415F494E464F206E6F7465BE
:103E0000207365676D656E742070726F6365737380
:103E1000696E67206661696C7572652C20726574C5
:103E200075726E6564282564292E0A0045202825B0
:103E300075292025733A202573282575293A2045B0
:103E40007874726120696E666F206E6F746520777A
:103E500072697465206661696C65642E20526574B0
:103E600075726E656420282564292E0A0045202875
:103E70002575292025733A205A65726F2073697A57
:103E80006520657874726120696E666F210A00454D
:103E900020282575292025733A2025732825752982
:103EA0003A2056657273696F6E20696E666F206E78
:103EB0006F7465207772697465206661696C6564EA
:103EC0002E2052657475726E656420282564292E33
:103ED0000A004520282575292025733A20257328B6
:103EE0002575293A206D656D6F7279207265676955
:103EF0006F6E207772697465206661696C65642EE7
:103F00002052657475726E656420282564292E0A16
:103F1000004520282575292025733A20257328255A
:103F200075293A20696E76616C6964206D656D6FE4
:103F3000727920726567696F6E0A004520282575C1
:103F4000292025733A202573282575293A20496EA2
:103F5000746572727570746564207461736B20731C
:103F60007461636B207772697465206661696C6542
:103F7000642C2072657475726E20282564292E0ABF
:103F8000004520282575292025733A2025732825EA
:103F900075293A205461736B2025782C20544342B4
:103FA000207772697465206661696C65642C207283
:103FB000657475726E20282564292E0A0045202814
:103FC0002575292025733A202573282575293A203F
:103FD0005461736B732072656773206164646974E4
:103FE000696F6E206661696C65642C2072657475FA
:103FF000726E20282564292E0A004520282575295F
:104000002025733A202573282575293A2054617399
:104010006B2025782C20737461636B207772697430
:1040200065206661696C65642C2072657475726EBA
:1040300020282564292E0A004520282575292025B9
:10404000733A202573282575293A205461736B2013
:1040500025782C205443422077726974652066616C
:10406000696C65642C2072657475726E20282564F5
:10407000292E0A004520282575292025733A202558
:1040800073282575293A2050525F53544154555393
:10409000206E6F7465207365676D656E7420707235
:1040A0006F63657373696E67206661696C757265AD
:1040B0002C2072657475726E6564282564292E0A39
:1040C000004520282575292025733A2025732825A9
:1040D00075293A205461736B2025782C2050525F4B
:1040E0005354415455532077726974652066616951
:1040F0006C65642C2072657475726E2028256429A5
:104100002E0A004520282575292025733A2025737D
:10411000282575293A205461736B2025782C20506E
:10412000525F535441545553207772697465206629
:1041300061696C65642C2072657475726E20282527
:1041400064292E0A004520282575292025733A2048
:104150002573282575293A205461736B2025782C06
:104160002050525F535441545553207772697465FF
:10417000206661696C65642C2072657475726E20AE
:10418000282564292E0A0045202825752920257315
:104190003A202573282575293A205461736B202510
:1041A000782C2050525F53544154555320777269F4
:1041B0007465206661696C65642C20726574757223
:1041C0006E20282564292E0A0045202825752920DF
:1041D00025733A202573282575293A204E4F5445DA
:1041E000207365676D656E74206865616465722013
:1041F0007772697465206661696C7572652C2072CE
:10420000657475726E656420282564292E0A004540
:1042100020282575292025733A205461736B2028A6
:104220005443423A2578292C2028537461636B3A11
:104230002578292C20737461636B2070726F63651D
:104240007373696E67206661696C757265203D20C5
:1042500025642E0A004520282575292025733A203B
:104260005461736B20285443423A25782920707298
:104270006F63657373696E67206661696C757265DB
:10428000203D2025640A0045202825752920257316
:104290003A205A65726F2073697A65207265676982
:1042A000737465722064756D7020666F722074611E
:1042B000736B2030782578210A0045202825752940
:1042C0002025733A202573282575293A20577269CD
:1042D000746520454C46206E6F746520646174617E
:1042E000206661696C7572652C2072657475726EDA
:1042F000656420282564290A004520282575292081
:1043000025733A202573282575293A20496E766150
:104310006C6964206461746120706F696E74657289
:1043200020666F72207365676D656E740A004520A4
:10433000282575292025733A202573282575293AC3
:1043400020577269746520454C46206E6F74652055
:1043500064617461206661696C75726520282564EA
:10436000290A004520282575292025733A20257320
:10437000282575293A20577269746520454C4620D6
:104380006E6F7465206E616D65206661696C757213
:104390006520282564290A0045202825752920251F
:1043A000733A202573282575293A20577269746558
:1043B00020454C46206E6F746520686561646572A7
:1043C000206661696C75726520282564290A00459C
:1043D00020282575292025733A202573282575293D
:1043E0003A205365676D656E74206E6F7465206E3C
:1043F000616D6520697320746F6F206C6F6E67202C
:1044000025642E0A004520282575292025733A2089
:104410002573282575293A20577269746520454C03
:1044200046207365676D656E7420646174612066F3
:1044300061696C75726520282564290A0045202869
:104440002575292025733A202573282575293A20BA
:10445000577269746520454C46207365676D656EBB
:10446000742064617461206661696C7572652028CE
:104470002564290A004520282575292025733A201E
:104480002573282575293A20496E76616C69642068
:104490006461746120666F72207365676D656E7408
:1044A0002E0A004520282575292025733A202573DA
:1044B000282575293A20577269746520454C462095
:1044C0007365676D656E74206865616465722066EA
:1044D00061696C75726520282564290A00452028C9
:1044E0002575292025733A202573282575293A201A
:1044F000577269746520454C462068656164657231
:10450000206661696C75726520282564290A00653A
:1045100073705F636F72655F64756D705F656C6605
:10452000004520282575292025733A204572726F91
:1045300072207768696C652072656769737465724B
:10454000732070726F63657373696E672E0A00451E
:1045500020282575292025733A20546F6F20736D0C
:10456000616C6C20737461636B20746F206B656584
:1045700070206672616D653A2025642062797465E9
:1045800073210A006573705F636F72655F64756D98
:10459000705F706F727400270D0A00253038780044
:1045A00025733D27004520282575292025733A20AD
:1045B000456D707479206461746120746F2061644A
:1045C0006420746F20636865636B73756D2063612D
:1045D0006C63756C6174696F6E210A006573705F3E
:1045E000636F72655F64756D705F636865636B733D
:1045F000756D0000000000000000000000000000D9
:104600000000000000000000000000005B25755D58
:1046100020434F3A20696E697420636F6578207378
:1046200063686D206572726F72210A005B25755D8B
:1046300020434F3A206372656174652073656D6134
:1046400070686F7265206572726F72210A000E0ABF
:104650000C0C0E010101010A040302010101080A08
:1046600008080A080A08080A0A0A0A0808080803C3
:1046700003030F0E00000000000000000001000016
:104680005B25755D204E6F206D656D6F72792074AE
:104690006F20616C6C6F6361746520636F6578690E
:1046A0007374206F73692066756E63730A005B25EF
:1046B000755D20434F3A20637265617465207363B2
:1046C000686D2073656D6170686F726520657272C8
:1046D0006F72210A000000007274635F636C6B00EC
:1046E0004520282575292025733A20756E7375702D
:1046F000706F72746564206672657175656E63793A
:1047000020636F6E66696775726174696F6E0A0007
:104710004520282575292025733A20696E76616C1D
:104720006964206672657175656E63790A00302070
:10473000262620224C444F206462696173206E65F6
:10474000656420746F206D6F64696669656422001A
:104750002F4944462F636F6D706F6E656E74732FB3
:104760006573705F68775F737570706F72742F70A8
:104770006F72742F657370333273332F7274635F8B
:10478000636C6B2E63007274635F636C6B5F63704A
:10479000755F667265715F746F5F386D0025732099
:1047A0006661696C65643A206573705F6572725FFB
:1047B0007420307825780020282573290020617422
:1047C000203078253038780A0066696C653A2022F6
:1047D000257322206C696E652025640A66756E63F8
:1047E0003A2025730A65787072657373696F6E3A43
:1047F0002025730A004553505F4552524F525F4384
:104800004845434B00706572696F64203C20283135
:10481000203C3C20323629004944462F636F6D709E
:104820006F6E656E74732F68616C2F6573703332B1
:1048300073332F696E636C7564652F68616C2F73B9
:10484000797374696D65725F6C6C2E68007379732F
:1048500074696D65725F6C6C5F7365745F616C61C8
:10486000726D5F706572696F640061626F72742847
:1048700029207761732063616C6C6564206174200A
:10488000504320307800206F6E20636F72652000E7
:104890003C6361636865642064697361626C65642C
:1048A0003E000800617373657274206661696C650F
:1048B000643A20003A0020280000000073746172FE
:1048C000745F61646472657373203C2030783130AA
:1048D0003030303030002F4944462F636F6D706F99
:1048E0006E656E74732F7370695F666C6173682F89
:1048F0006D656D7370695F686F73745F64726976FC
:1049000065722E630061646472657373202B206C82
:10491000656E677468203C3D20307831303030302F
:104920003030006D656D7370695F686F73745F70B0
:10493000726F6772616D5F70616765006D656D7341
:1049400070695F686F73745F65726173655F626CD5
:104950006F636B006D656D7370695F686F73745F13
:1049600065726173655F736563746F72006D656D09
:10497000737069009CDA374030DE374010023840EF
:10498000A401384090023840D00238406C013840D1
:10499000C801384010033840ACE037407803384055
:1049A000D8DF3740B4E03740B4033840BCE037408C
:1049B000D8DB37409CE037400000000000000000DA
:1049C0009CE93740B4E9374000000000484AC93F3D
:1049D0005037C93FE0033840B0083840C804384079
:1049E000280B3840940B3840040C3840001000006D
:1049F00000000100AC093840DC0C38400000000029
:104A00000000000000000000000000005C063840CC
:104A100020073840740C3840000100000809384075
:104A2000440D3840080B3840AC0A38400000000004
:104A3000300D3840DC073840E4093840240838405D
:104A4000000438400C053840626F796100000000B6
:104A5000CC4AC93F5037C93F58043840B0083840A5
:104A600008043840280B3840101638409816384053
:104A70000010000000000100AC093840DC0C384098
:104A80000000000000000000000000000000000026
:104A9000D814384020073840AC15384000010000D9
:104AA00008093840440D3840780438403C04384008
:104AB00000000000300D3840DC073840E409384081
:104AC00024083840B00438400C053840676400457D
:104AD00020282575292025733A20636F6E66696743
:104AE00075726520686F737420696F206D6F6465DF
:104AF000206661696C6564202D20756E7375707019
:104B00006F727465640A0045202825752920257375
:104B10003A204E6F20726573706F6E7365206672F7
:104B20006F6D20646576696365207768656E2074B3
:104B30007279696E6720746F207265747269657628
:104B40006520556E697175652049440A0A006F75C4
:104B5000745F77726974655F70726F7465637421D6
:104B60003D4E554C4C002F4944462F636F6D706F7E
:104B70006E656E74732F7370695F666C6173682FF6
:104B80007370695F666C6173685F636869705F67A3
:104B9000656E657269632E6300452028257529209E
:104BA00025733A2054686520666C61736820796FBC
:104BB000752075736520646F65736E277420737537
:104BC00070706F7274206175746F20737573706587
:104BD0006E642C206F6E6C792027584D4327206916
:104BE0007320737570706F727465640A00737069F6
:104BF0005F666C6173685F636869705F67656E6547
:104C00007269635F6765745F77726974655F7072FC
:104C10006F74656374000000944CC93F5037C93FFE
:104C2000200B3840B0083840C8043840280B3840C2
:104C3000940B3840040C38400010000000000100C4
:104C4000AC093840DC0C38400000000000000000D7
:104C500000000000000000005C06384020073840DB
:104C6000740C38400001000008093840440D3840F9
:104C7000080B3840AC0A384000000000300D3840C6
:104C8000DC073840E409384024083840C40D384077
:104C90000C05384067656E6572696300636869700A
:104CA0005F67656E6572696300000000284DC93F4B
:104CB0005037C93F740E3840B0083840C8043840F7
:104CC000280B3840940B3840040C3840001000008A
:104CD00000000100AC093840DC0C38400000000046
:104CE0000000000000000000000000005C063840EA
:104CF00020073840740C3840000100000809384093
:104D0000440D3840940E3840A80E38400000000092
:104D1000300D3840DC073840E4093840240838407A
:104D2000C40E38400C0538406973736900000000F8
:104D3000AC4DC93F5037C93FCC0E3840B008384061
:104D4000C8043840280B3840940B3840040C3840D5
:104D50000010000000000100AC093840DC0C3840B5
:104D60000000000000000000000000000000000043
:104D70005C06384020073840740C384000010000C1
:104D800008093840440D3840940E3840A80E384089
:104D900000000000300D3840DC073840E40938409E
:104DA000E00D3840E80E38400C0538406D786963F6
:104DB0000028696F5F6D6F6465203D3D2053504949
:104DC0005F464C4153485F4F50495F53545229202E
:104DD0007C7C2028696F5F6D6F6465203D3D2053AA
:104DE00050495F464C4153485F4F50495F445452CD
:104DF00029002F4944462F636F6D706F6E656E7486
:104E0000732F7370695F666C6173682F7370695F6D
:104E1000666C6173685F636869705F6D7869635F12
:104E20006F70692E63004520282575292025733A67
:104E3000206E6F20726573706F6E73650A0A006F63
:104E400075745F77726974655F70726F746563748F
:104E50006564213D4E554C4C007370695F666C6112
:104E600073685F636869705F6D7869635F6F7069AD
:104E70005F6765745F77726974655F70726F746580
:104E80006374007370695F666C6173685F636869FF
:104E9000705F6D7869635F6F70695F6765745F6489
:104EA0006174615F6C656E6774685F7A6F6F6D00C7
:104EB0002C4FC93F5037C93F84143840B0083840A0
:104EC000F00E3840900F384014103840A010384091
:104ED00000100000000001004C143840240F38403E
:104EE00000000000000000000000000000000000C2
:104EF0005C063840DC1138402C11384000010000BD
:104F000008093840440D3840A8143840DC133840B4
:104F1000C01238408C133840DC073840E409384070
:104F2000E00D3840A0143840AC1138406D7869630A
:104F300020286F7069290000B44FC93F5037C93F1E
:104F4000B0143840B0083840C8043840280B384006
:104F5000940B3840040C38400010000000000100A1
:104F6000AC093840DC0C38400000000000000000B4
:104F700000000000000000005C06384020073840B8
:104F8000740C38400001000008093840440D3840D6
:104F9000080B3840AC0A384000000000300D3840A3
:104FA000DC073840E409384024083840D014384041
:104FB0000C053840746800003450C93F5037C93F71
:104FC00024173840B0083840C8043840280B38400F
:104FD00010163840981638400010000000000100FC
:104FE000AC093840DC0C3840000000000000000034
:104FF0000000000000000000D814384020073840AE
:10500000AC1538400001000008093840440D384014
:10501000080B3840AC0A384000000000300D384022
:10502000DC073840E4093840240838403C17384051
:105030000C05384077696E626F6E64006368697052
:105040005F77620066726571646976203E20300089
:105050002F4944462F636F6D706F6E656E74732FAA
:105060007370695F666C6173682F65737033327338
:10507000332F7370695F74696D696E675F636F6EFC
:105080006669672E63007370695F74696D696E6726
:105090005F636F6E6669675F7365745F666C61738B
:0850A000685F636C6F636B0035
:02000004403783
:1040000000C54910D54920E54930F5490034000084
:1040100000000000000000000000000000000000A0
:104020000000000000000000000000000000000090
:104030000000000000000000000000000000000080
:1040400000C50910D50920E50930F5090035000043
:10405000004803F0804020E60320383440333040ED
:10406000D10380331130223020E613102000F77482
:10407000CEF08040E77848F08040863000000000B5
:1040800000C94900D10910D94920E94930F949400E
:10409000804950904960A04970B049003400000048
:1040A0000000000000000000000000000000000010
:1040B0000000000000000000000000000000000000
:1040C00000C90910D90920E90970D10930F909405E
:1040D000870950970960A70970B7090035000000EB
:1040E00000000000000000000000000000000000D0
:1040F00000000000000000000000000000000000C0
:1041000000CD4900D10910DD4920ED4930FD49407D
:104110004049505049606049707049808049909092
:1041200049A0A049B0B049003400000000000000E0
:10413000000000000000000000000000000000007F
:1041400000CD0910DD0920ED09B0D10930FD09408D
:104150004B09505B09606B09707B09808B09909B50
:1041600009A0AB09B0BB0900350000000000000049
:10417000000000000000000000000000000000003F
:1041800000D213857C040000000000000000000045
:10419000000000000000000000000000000000001F
:1041A000000000000000000000000000000000000F
:1041B00000000000000000000000000000000000FF
:1041C00000D31385830400000000000000000000FD
:1041D00000000000000000000000000000000000DF
:1041E00000000000000000000000000000000000CF
:1041F00000000000000000000000000000000000BF
:1042000000D41345FB020000000000000000000085
:10421000000000000000000000000000000000009E
:10422000000000000000000000000000000000008E
:10423000000000000000000000000000000000007E
:1042400000D513859004000000000000000000006D
:10425000000000000000000000000000000000005E
:10426000000000000000000000000000000000004E
:10427000000000000000000000000000000000003E
:1042800000D613858A040000000000000000000032
:10429000000000000000000000000000000000001E
:1042A000000000000000000000000000000000000E
:1042B00000000000000000000000000000000000FE
:1042C00000D7130589040000000000000000000072
:1042D00000000000000000000000000000000000DE
:1042E00000000000000000000000000000000000CE
:1042F00000000000000000000000000000000000BE
:1043000000D113052104000000000000000000009F
:10431000000000000000000000000000000000009D
:10432000000000000000000000000000000000008D
:10433000000000000000000000000000000000007D
:1043400000D113051F040000000000000000000061
:10435000000000000000000000000000000000005D
:10436000000000000000000000000000000000004D
:10437000000000000000000000000000000000003D
:10438000000000000000000000000000000000002D
:10439000000000000000000000000000000000001D
:1043A000000000000000000000000000000000000D
:1043B00000000000000000000000000000000000FD
:1043C0004041000C2000E81385C5040032000000C5
:1043D00000000000000000000000000000000000DD
:1043E00000000000000000000000000000000000CD
:1043F00000000000000000000000000000000000BD
:0344000036810002
:104404007852C93FA01CC93FFFFF07000000F8FF16
:10441400BC1CC93FB01CC93FA852C93F0080000062
:10442400006801600C1FC93F711F033C751F033CEA
:10443400941F033CB41F033CF4110040D00500401A
:10444400E8110040F01CC93F2000033CE052C93F82
:104454004D2C033CB82C033C832C033C962C033C8E
:10446400002000600000200000000080FFFFFF0F1C
:10447400000000700000FFFFFFFFFFBFFFFFFF030E
:10448400E4FFCE3FFFFFFFDFFFFFFFF7FFFFFFEF7C
:10449400000004000000FF0000FF0000F852C93FC4
:1044A40000500C60004000000000003C000000428E
:1044B400008037C0FF7F7500000000B0FF1F0000C0
:1044C4000020F09F040800005F31033C8D32033C60
:1044D400CC31033CD931033C00000100F854C93FFE
:1044E400F452C93FB0160040FFFF0000000800006E
:1044F4003032033C7C32033C4A32033CFFFFFF0072
:10450400FC54C93F9436C93F0560000004600000B4
:1045140003600000066000001834033CA232033C30
:10452400F41CC93F4C5B0242D432033C000000013E
:1045340064240142489A004200000000F832033C1F
:104544000134033C2333033CD0230040001000001B
:104554003333033CF133033C4C55C93F0055C93F49
:104564004733033C8A33033CCA33033CD733033C0D
:1045740078030142000600409034033CD334033CEA
:10458400BB34033C0F270000609900427C36C93FCE
:10459400D4160040A8180040C01800402437C93F72
:1045A4004837C93F1C1DC93FFF7F07002E35033C18
:1045B4007036033C2035033C241DC93F5635033C6B
:1045C4006B35033C0555C93F4C6C37407C35033C87
:1045D4000735033CC635033C0C55C93F809B00425C
:1045E400842B01420455C93FE035033C3F36033C6C
:1045F400F835033C949B004260400C60C8FFCE3FFA
:10460400E06A3740F46A3740ACC700429F39033C44
:10461400C239033C5239033C3855C93FE837C93FD6
:1046240000403740D8E00C60DCE00C605F55C93FC7
:104634005D55C93F5C55C93F4840033C20070040D5
:1046440080330142C006004084CE00420CD20042B6
:1046540064400C6004400C606C18004084180040F6
:104664007818004090180040F065C93FA850C93F31
:1046740000000050000000502000033C000000C473
:1046840098E2033C593C033C633C033CC33C033C7D
:1046940000000C60706E37403856C93F00C20100FC
:1046A400005A62027C0500401C1A0040281A00408F
:1046B400AC270142141900408C330142EC11014231
:1046C400501900400CCF00423CD00042D0090142B6
:1046D4009C06004078110142FFFFFFFDF055C93FE1
:1046E40025000400948F37400080FFFF813D033C88
:1046F400DD3D033CCE3D033CC8800060E803000080
:10470400F83D033C003E033C5441006058410060C6
:104714005C41006060410060644100606841006089
:1047240018600260AF3F000020000C60070000200A
:1047340024000C6044000C6004000C60442500401C
:10474400F0400C60FC400C60000000BEFFFFFF0165
:104754000000C9BFFFFF0600000000C0FFFF050006
:10476400F07F37C0E07F07006CD50042FFFFFF3FBA
:1047740000000040083E033C1243033C173E033C48
:104784001B3E033C2A3E033C383E033C463E033C6E
:1047940094D5004230000C6034000C60401DC93FC9
:1047A4004B3E033C913E033C813E033C6855C93F6C
:1047B4007055C93FF455C93F0856C93F0456C93F0F
:1047C400D41EC93FF0140142083B0142C4DB00423D
:1047D4000453014248530142C07401423456C93F54
:1047E40028D80042786B0242C8D90042641DC93FF0
:1047F400B9FFCE3FB8FFCE3FE8050040000000609F
:104804000000016000E0026000B4C404002D310126
:10481400FF0F000000F0FFFFFFFF0FFFFF0FF0FF8F
:1048240030410C609C180040B4180040E41800406B
:10483400FC1800400816004034170040C816004019
:10484400401700402C400C6030400C6050410C601C
:1048540028400C60007000600C0800009857C93FA5
:10486400E065C93FFF7F0600834C033C114E033CC7
:10487400BE4C033CFC7F37C0CA4C033CEE4C033CAB
:10488400004D033C00006F00294E033C101FC93F3C
:104894000018000000140000F84D033C0080C8BF5D
:1048A400104D033CB84D033C4E4D033CC74D033CF7
:1048B400884D033CA64D033CDE4D033C954D033C23
:1048C400008000600C20100040420F00401A00409D
:1048D400A457C93F7C500360341FC93FB457C93F34
:1048E400A857C93FAC57C93F541B0040640C014250
:1048F4000763033C1763033CFA62033C780C0142F0
:104904003C1FC93F545D0040605D00406C5D004049
:104914000E64033C5823C93FD457C93FD057C93FFD
:10492400D857C93FE057C93FE457C93F7023C93F2F
:104934006023C93FFC57C93F240004005821C93FE4
:10494400D0853740D45AC93F9083033CF033C93FE4
:104954007083033C21000400FF370600581FC93F41
:10496400E88937402200040000003800988A374064
:10497400230004000088C0281458C93F1834C93FD4
:104984000B91033C3692033C3391033C3B91033C33
:104994000E92033CF161033C2192033C6591033C7C
:1049A4004B92033C33C410BB305BC93FDC5AC93F54
:1049B400D0FFCE3F1C7B0142745CC93F0817014203
:1049C4009C180142742500405C9B033CA29B033C61
:1049D400929B033CCC5CC93FBC5CC93FB45CC93FFF
:1049E400AC5CC93FC45CC93FD42B0142E45CC93F01
:1049F4008035C93F000000103C000C6038000C609A
:104A0400E465C93FE865C93FEC65C93F7C35C93FEA
:104A14008462033C486002426080006000000E0033
:104A2400FFFFF1FFFF1FFFFFFFE3FFFFC0840060F4
:104A340000000800C4840060C3160000FFFFFEFFEE
:104A4400748000601C8000603FC0FFFF0000000411
:104A5400FFFFFFFB40130200070B010000000020D2
:104A640040E0006010000C60C857C93FC08000607F
:104A740060000C60D846C93FE046C93F1047C93FB3
:104A8400676666664C1FC93F501FC93FFC810060C2
:104A940000E00700FF1FF8FFFFF3FFFFC457C93F03
:104AA400441FC93F481FC93F4C1A004000E00000A2
:104AB400008003602E47C93F8647C93F7C47C93FF2
:104AC4009080006088800060FFF7FFFF9C600260B8
:104AD40054D00160D4CC016090600060F05000605C
:104AE400B0600260F83F000007C0FFFF68F001609B
:104AF40080F0016000600000FF9FFFFFFFEFFFFFF9
:104B04000000FF7FFFFF0080FFFFFF7F6CF001606C
:104B1400D00700000C8000601080006014800060EA
:104B2400000000127A000000EC10033CD718033C8C
:104B34009E11033CA811033C0812033C3712033CAA
:104B44007E18033C7716033C6912033C8A12033C2B
:104B5400BE12033CF612033C2E13033C7313033CB6
:104B64006C18033C8C13033CCC13033C3214033CFD
:104B74006314033CAA14033CF014033C5618033C8E
:104B84003315033C9915033C3F18033CB915033C0A
:104B9400F115033C2718033C78A13740E8A33740BC
:104BA400209F3740349E374074A8374020A33740B5
:104BB400ACA8374038A53740A8A237409C9D374061
:104BC400FCA43740F4A83740FFFF3FB3C418033CAC
:104BD4009318033C3716033CCC17033C4B16033C99
:104BE4006C16033CE918033C9816033CA918033CD3
:104BF400C316033C1818033CE216033CFE18033C9E
:104C0400F216033C1117033C0818033C1F17033C1E
:104C1400F117033CDE17033CB617033CA017033C13
:104C24009D47C93FB747C93F20A93740BD47C93F42
:104C3400C947C93F98130142F547C93FE433C93F07
:104C44000858C93FB02BC93F30080000F0FFFBFFF4
:104C5400200004001058C93FAC8A3740A684033CA6
:104C64005485033C2885033C0000F0FFF401000058
:104C74004C1001426485033C8C8A033C0F0C0000F9
:104C84009185033C9985033C140C0000E085033CAA
:104C94003D8B033CE885033C238B033C0A86033CA1
:104CA4002786033C6686033CA586033C0F8B033CA6
:104CB400C086033C0F87033C4D87033CB98A033C01
:104CC4005D87033CA78A033C7A87033CD187033C76
:104CD4001E88033C7188033C0A89033CF68A033C22
:104CE4007A8A033C1289033C2B89033C381C00401C
:104CF4008C89033C668A033CDD8A033C518A033C6D
:104D0400F289033C448A033C53080000B458C93F69
:104D14003458C93F508B033CD490033C71120000BB
:104D24006F8B033C778B033CC790033C63120000FA
:104D3400648701421034C93F7458C93F01000080A0
:104D44007C58C93F7058C93F5858C93F10D30042D6
:104D54005458C93F5C58C93FB058C93FE058C93F8F
:104D6400CC58C93FB858C93F8858C93F9C58C93F17
:104D74004C58C93F3858C93F5058C93FA98B033CC8
:104D8400ED90033CCD8B033CF48B033C2B8C033C18
:104D94002458C93F448C033C5D90033CE40B000061
:104DA4002C58C93F4E8C033CE50B0000788C033C27
:104DB4004A90033CA50C00003C58C93F4858C93FE1
:104DC4004058C93F1C58C93F3690033CEE8C033C05
:104DD4001590033CE60D00000C120040078D033CC7
:104DE400FF8F033C540E0000138D033CE68F033CFD
:104DF400B80E0000228D033CD18F033C540F0000F9
:104E04002C8D033C550F00003A8D033CAB90033CC2
:104E14007A90033CF30A0000558D033CE190033C77
:104E2400BC90033C868D033C8890033C3F0A000001
:104E3400B78D033C7C0A0000DA8D033CB98F033C38
:104E44003D130000028E033C3E130000958F033C8B
:104E54008F130000178E033CAA1300003F8E033CFF
:104E64007D8F033C6A150000658E033C5F8F033C15
:104E74001E170000518E033C1F170000A58E033C33
:104E8400451700004A8F033C1B8F033C6201033C1F
:104E9400B4B83740388F033C9790033CC8090000EE
:104EA40098E2033C98E2033C300005001000000047
:104EB4002001033CCC81033C5083033C0D82033C22
:104EC4001482033C3F83033C4782033C6666000034
:104ED400000000C30100C04C5482033C8482033CA4
:104EE400B482033CF457C93FEC57C93FD40801428C
:104EF4002E83033CC882033CE082033CF482033CDF
:104F04001A83033C741300400458C93F0012000084
:104F1400F083033CA46B0242F583033C8984033C85
:104F24002184033C2CD4004280D40042A4D2004209
:104F34002F84033C6184033C4784033C00C0FFFF8F
:104F4400FFFF0FC0FF03F0FF000000FC0000F003B0
:104F5400BC8000604C000C6044C00C6040C00C601D
:104F640048C00C6000C00C604CC00C6058C00C60A1
:104F740050C00C6054C00C6000001000FFFFFBFF29
:104F8400FFFF3FF8FFFFC1FF000000F0FFFFFF0736
:104F94009F3CFFFFFFCFFFFF00200000FFFF030047
:104FA4000000FCFF000080008FBD6FFEFFDFFFFFED
:104FB400000040000000005C0000000200300260BD
:104FC40018000C60FFFF0F000548C93F4D48C93F5A
:104FD4001848C93F00F001600000026000800060D2
:104FE400A13AD850FFFFFF8FFFFFFFF1FFFF3FFE05
:104FF400FFFFC7FF00000700FFFFFF9FFFFFFFE762
:10500400FFFFFFF9FFFF7FFE00001C00008003008C
:10501400FFBFFFFF5A54033C1956033C6950033C3D
:105024009254033C0856033CBE54033C9251033C47
:105034007956033CBC51033C0455033CFB55033CEB
:105044003B55033CEA55033C6755033C2450033C61
:105054008B56033C7550033CDB52033C3F56033CE8
:105064001453033C5556033C2E53033C2F56033C28
:105074005B53033C2356033CCF53033C0F54033C84
:10508400DD55033C9F55033CCD55033CF74E033C93
:10509400554F033C624F033C484F033C1157033CBC
:1050A4007B57033C3357033C4A57033C6857033C44
:1050B4003412BAAB7856ADBA9D56033CD756033C6E
:1050C4009457C93F9057C93F38FF37406A48C93F92
:1050D4008648C93FC41400409048C93FA248C93F0C
:1050E4001A003840A448C93FB248C93FB448C93F30
:1050F400B648C93F1648C93F4812004060120040F4
:10510400010000FF6D49C93F264EC93FBC48C93F55
:105114005449C93FF048C93F3C49C93F0549C93FC3
:105124002349C93F9037C93F7449C93F54E20042FB
:105134000100FFFF00DF00006C0A384044063840DD
:105144009C0A3840F00A38406437C93F6837C93F81
:105154009C4CC93FCF4AC93F074BC93FCC210040B3
:105164006C37C93F4E4BC93FED4BC93F804BC93FDC
:10517400994BC93F000000FF35757A0000CF00004D
:10518400C80A3840D80A384006F9000004FB000079
:10519400609FFFFF21DEFFFFDC23000012EDFFFF15
:1051A400EC130000EE110000B14DC93F834EC93F1E
:1051B4000C4EC93F9F6000002C4FC93F264EC93F8B
:1051C400D8210040718EFFFF3F4EC93F594EC93F61
:1051D4003C50C93FCF4AC93F08190040F01800406D
:1051E400030006004450C93F8650C93F7250C93F6E
:1051F4003641008183FC20B220A22800A5610890DA
:1052040000000000366100326103650A08A17DFCDC
:10521400B2AFFF650C08C221033179FC260C06A845
:1052240003BD02A55108A22300964403C81AE082D4
:1052340011E09C112A88CA99B80AB09911E0881122
:105244009A888A8BB171FCC04411C0200092280254
:10525400B0B410416EFC404910B04420C020004955
:1052640028CD05BD02A55008A803CD06BD02A5534F
:1052740008A803CD07BD02A55608C8C1A803BD02EE
:10528400A55E08AD02A5F6FF650208A15EFC22A09A
:1052940000A518081DF00000364100650108615C96
:1052A400FCB2AFFF60A620250308F082112A8821F2
:1052B40059FCC088115A889812E088118A8942C41E
:1052C400FF660409A5FE07AD062515081DF0280391
:1052D4004B33C0200029084B8846F8FF3681003242
:1052E400A0003261063222000C14C0200052231D9B
:1052F4005050345665083802C0200082231D80684F
:105304003456461238020C17C0200052231D505048
:105314003556352438020C15C0200062231D606800
:105324003556C63F38020C14C0200052231D505C71
:105334003456055038022137FCC0200052231D4842
:10534400028135FC5054350C167CF70C297CDA0CA0
:105354004B7CBC566553C02000A2231D712FFCA0BA
:10536400A4340C157CF60C287CD90C4B7CBC562A36
:10537400592861661202E516031DF0000050A06072
:1053840050AA10A0FA40A0A060A2CA1FA0307400C6
:1053940013400074A162AFFF706630605510611E47
:1053A400FCE0731170668072260016A706A867B227
:1053B400C118E502068117FC8B639808E066116A40
:1053C40069C0200098060C2AA09920C020009906E4
:1053D400C0200098067CDAA09910C020009906C06D
:1053E400200098060C4AA09920C020009906C020ED
:1053F4000098067CBAA09910C0200099060C066992
:105404005769176907692762672662470C68688CC1
:1054140056B878AD03E00600680200134000A4A16A
:10542400C02000A2661F46B2FF6040606044104086
:10543400F44040406042C41F4040740C13001440C8
:105444000073A17CF370333030661031F3FBE074E9
:10545400117A33380316F30772030CBC37C22325C1
:10546400169C080C077971A22326722323D823B231
:10547400231D4BF3E2C11CE00700A871722326929E
:105484002325AA7772632672231DA099C0926325EF
:10549400795378028B94E099119A77C02000F80729
:1054A400E813C823F0F504B85310FF11D803C73E1E
:1054B40046AD04D0D0F4C0C0F4E5DDFFA823985372
:1054C400E07A117A9978139953A077C079139803E5
:1054D4007D05CC097823790338028B440C19001418
:1054E400400049A1C0200042631FC684FFC2632656
:1054F400C2430CC6E6FF0000F094114A99C079112A
:10550400DC4E81C4FBDA97E0D9119818DA99C020EF
:1055140000F909C6EDFF0000D0D0F4E0C0F440A4C7
:1055240020E26103F2610225D7FFE831D80381B993
:10553400FBDADE7A9D7818F821E099119A9778536E
:10554400C02000F909E09E119A7779537813E0E7B7
:10555400C0E913C6DDFF000050306050331030F353
:105564004030306032C31F3030740013400067A1F4
:105574007CF46044304055104BC341A7FBE06C11F0
:105584006A44480416C41661A3FB7CEAF8066B63FC
:10559400D086118A8FC020009818F0BC11A09910F1
:1055A400C020009918C020009818A19CFBA0992045
:1055B400C020009918C020008808CAAB808835F044
:1055C40098118A998197FBA0AA118AAAC099110CF3
:1055D4000887191BE0D811DADAC02000E80DE0E0F2
:1055E400E48CBEC02000D80D1B88D0D0E5560DFE3B
:1055F400D096119AFFC02000981F7C7AA09910C001
:105604002000991F92241E16D90F922422CABBA0EF
:10561400BB1187A9029088C0A22421E09911D22449
:105624001FB0B980917FFBE0AA11E0C811B0B98026
:10563400AAAD8261028180FBE00800C22421882196
:10564400B2241FCAC8A2241EC26421D2C118E0CC4D
:1056540011650C05DC6A8173FB88088CF825890ABE
:10566400BD0AC171FBA171FB8175FBE008000C0B45
:10567400C22420A2241FB26422B264218171FBE0FF
:1056840008008164FBD0661148080C286A64C020B5
:10569400004816804420C020004916C02000481647
:1056A4007CD8804410C020004916C0200048160C45
:1056B40048804420C020004916C0200048167CB809
:1056C400804410C020004916C0200048160C888071
:1056D4004420C020004916C0200048168150FB70A9
:1056E4004420C020004916C020004816804420C031
:1056F40020004916480232C3100013400037A1C0ED
:10570400200032641F0602FF8147FB880816D8F583
:10571400E57D0ABD0AC144FBA146FB46D2FF000059
:105724000060306060331030F34030306032C31FAB
:105734003030740013400075A17CF470443040662E
:10574400104BC34135FBE07C117A4478044131FBB2
:105754006BD39804D04D114A49C020004804B227A5
:1057640022404835F084114A8842C32CE044114A4F
:1057740049C020004804C088114040848C1B404824
:10578400C0A22721E227204AFAE0E241E73F02468D
:105794002000D0DD11DA99C02000E8197C7FF0EEFA
:1057A40010C02000E919F09C11CA99A09911E0BB1E
:1057B40011E2271F9ABB911AFBE0AA11E0C411BAA7
:1057C400B9AAAE8921D931811CFBE008009111FBF3
:1057D400D83198090C8ADAD9C02000981DA09920E4
:1057E400C02000991D92272188214A99926721920D
:1057F40027229A4487A416426722480232C318001B
:1058040013400035A1C0200032641F86C4FE0C047E
:10581400C6F8FF004104FB480416D4FD256D0ABDFB
:105824000AC101FBA104FBD2A0048104FBE008002F
:1058340086F1FF000050A06050AA10A0FA40A0A07A
:1058440060A2CA1FA030740013400074A162AFFFAD
:1058540070663060551061F0FAE073117066806212
:1058640026009C46A866B2C11865B70571EAFA68B5
:10587400678C56B877AD03E006006802CB3300139B
:10588400400034A1C0200032661FC6A8FE5020602C
:1058940050221020F24020206022C21F20207400D9
:1058A400124000D6A1D0D730D055104BD2E0DD1134
:1058B400DAD8D80DBC9D6BD2D0DD11DAD4C020006B
:1058C400E81D90EE20C02000E91DC02000E81DA0C6
:1058D400EE10C02000E91DC02000E81DB0EE20C07D
:1058E4002000E91DC02000E81DC0EE10C02000E922
:1058F4001D22C2140012400026A1C0200022631FF2
:10590400C693FE00A02060A0221020F24020206058
:1059140022C21F20207400124000D5A1D0D630D05E
:10592400AA10E0D211DAD7D80DBC9D8BD2E0DD11DC
:10593400DAD4C02000E80D80EE20C02000E90DC0BC
:105944002000E80D90EE10C02000E90DC02000E812
:105954000DB0EE20C02000E90DC02000E80DC0EE1F
:1059640010C02000E90D4B220012400025A1C020E8
:105974000022631F867DFE0036410081B2FA920840
:1059840000AC490C0992480091B0FAA2A090D1AFA2
:10599400FA9AAA0C080C8976890E8ABAC02000C229
:1059A4000B00DAB8C24B001B880C190C0820898341
:1059B40080807456280530898356C8040B330CF94B
:1059C4000C88373902308141F0881131A0FA8AB24B
:1059D4000C9C279B0B0C02224B001B281DF0000083
:1059E4000092030090A441D2CA57A73C02D2CA3005
:1059F400909034D24200A2C957973C02A2C930A267
:105A040042011B332B2206F2FF0C0246F3FF000077
:105A14003641006060742C08202074505074920148
:105A24002067B80ED18BFAC18BFAB2A269A18AFAA7
:105A340065590A97B80ED189FAC186FAB2A26A8664
:105A4400FAFF0000008186FAA187FAC02000D82856
:105A5400C02000C868C02000B878C02000A928C0B1
:105A64002000A868E181FAE0AA20C02000A968C04B
:105A74002000A888E17EFAE0AA10E17DFAE0AA20DD
:105A8400C02000A988C02000A888E17AFAE0AA1002
:105A9400202A20C0200029880C0A0C1E30EA832109
:105AA40076FAC02000A86820EE0120AA10E0AA20FF
:105AB400C02000A968C02000A8782170FA0B3360C8
:105AC400330120AA10303A20C020003978C02000C9
:105AD40049188C89216BFA28022202192A550C0ACA
:105AE400C0200038680C1E2D0A4166FA502E9330EF
:105AF4002201403310203320C020003968C0200028
:105B0400387822AFC00B55203310505054505320D6
:105B1400C020005978C020003868215BFA60EA830D
:105B240050EE01203310E0E320C02000E26806A715
:105B34001605A2C6FFA0A094C02000689822AC005D
:105B4400206610A0A620C02000A998C0200072687A
:105B540016C0200038680C050C14214CFA904583BB
:105B6400404401203310403320C0200032680657DF
:105B7400190552C9FF505094C0200038A822AC0027
:105B8400203310505320C0200059A8C020002228E0
:105B940000313FFA302220C020002908C02000280C
:105BA4000827F2F7C02000D928C02000C968C02007
:105BB40000B978C0200022281626C90D7CF30019EC
:105BC400400083A18083308022101DF0366100D212
:105BD400A00050507452610030F32040E074CD0DA9
:105BE400BD0D20A074A5E2FF2D0A1DF03641000C66
:105BF4000C1C8DC0BC20A2A09F25FDFF8126FA00AD
:105C04002A11802210A080758022208123FA80AA84
:105C140010A022201DF00000364100E120FA820E7F
:105C240000FC78F120FA0C1DF02F20D03D20C2A2F8
:105C340000768C27411BFAE0A8114AAAC02000B8BC
:105C44000AF09B10DC89809D83909074565900B0B3
:105C54009D9316A9008A9E3249001B881DF00000FE
:105C6400C02000290A46FCFF364100E5EA00810C09
:105C7400FAE02211802280C02000222200250101A6
:105C84001DF0000036410056320122630065C8044D
:105C9400A0A2412105FAA2640029051DF00022A05A
:105CA4000022630065C604222300A0A24120AAC0EA
:105CB400A90421FEF906F8FF36410042A000426320
:105CC4000025C504A0524165C40491F5F98D04571B
:105CD400281D91F3F9A0A2410C04A7A424E0841187
:105CE4009A88C02000880887122D1B4486FAFF007A
:105CF400E048119A44C02000480447120A1B880651
:105D0400F3FF0C021DF0000021E8F90088112A8835
:105D140089030C1206FBFF0042D4420044114903DC
:105D240086FBFF003681000C0889055931890687F6
:105D3400133291DFF9A1DFF99A925D0272A0019703
:105D4400BA0280782081DCF9A1DDF98A820C1987F6
:105D5400BA010C0990772007E71171D9F981D7F9B5
:105D64007A7277B80622A1028630000071C5F90C58
:105D740009A8078D03768813E079117A727807965B
:105D840027FEB81A007711B7B7DA1B99B1CEF91C00
:105D94004AE5F9017D0A9CAAE5D700E5E7FFD2C1EF
:105DA4001CC2C118B2C114AD04A5EDFF886137B897
:105DB40008E5ED0022A101C61C004851D198F94A1A
:105DC4008882C801E094113088C09022C040B3801A
:105DD40087A40286240087940206420021B0F98D2C
:105DE400042A244AC3871C0206210021BCF9880224
:105DF40089378C4892C70C92680472620022670447
:105E040021B8F93927380249171B33390228513987
:105E1400072044C028710044112A4422A00025E729
:105E240000CC34AD07A52C0A5831490539061DF0BC
:105E3400E19CF9E0A911EACAE199F9C02000C80C73
:105E4400EAF9F20F00D78C0D8C5FAAA2A80AC79AB0
:105E5400041B99B739D94099C022C2FC1BBB37999E
:105E640002C6DDFF1B4486D9FF9D0406F9FF00002E
:105E7400A18CF9E09811A09980A20200C02000B280
:105E84002900163A019805B71949D18FF9C18FF93C
:105E9400B2A0F2A18FF925130AC02000A809E7EAED
:105EA4000BD18CF9C18AF9B2A0F446F9FFA805B761
:105EB4001A21C02000A9099851A8719098C000998E
:105EC40011B185F9AAA98921C9118186F9E00800CF
:105ED400C81188219202001B881B999242004B55DD
:105EE4001B22C6BFFF0C034D0322A10186CBFF007A
:105EF4003661002070F4DD05CD0452A102ECF78177
:105F040060F93A42880888184738244177F9B1770C
:105F1400F94A333030F5E0A311C931D92125E10123
:105F24002020F54D0A52A101C831D8218D07CCFAA1
:105F34002D051DF000E058118A725A54790582C863
:105F4400013728F0ED06BD03AD04A5DDFF5D0AAD04
:105F540004E5190A06F6FF00364100E5BB00315F8F
:105F6400F93223001653028223002798679813B14D
:105F74004BF9C14BF9D14BF9881328232A88872977
:105F84002088338C28284329482843890225D000B7
:105F9400566304D159F9C157F9B2A1480605000066
:105FA4000000B0A980820A0056E800D151F9C1511D
:105FB400F9B2A13AA147F925010A82C8FF80807489
:105FC400824A00569800E08911CA88C02000D90886
:105FD4001B9986E8FF383346E2FFAD0325110A1DFD
:105FE400F000000036610025B300E5C2FFCBD18B81
:105FF400C14BB120A220E5C8FF88119821B127F92F
:10600400C128F9D128F99A980C0297280425C800C8
:106014001DF0BAA8A20A00CCDAE0A811CAAAC020CE
:1060240000A80AD79A011B221B8806F7FF0000006C
:10603400366100812DF9510FF98A335042102A3309
:106044004033C05033100C023A3437B40C812BF96E
:1060540040A0F50C0547B8032D051DF0B2C10C5244
:10606400610365C5FFA05A208CDAA8318C9AB11A55
:10607400F92D05811CF9E008005117F95A4406F27C
:10608400FF000000364100101120255206662A0543
:106094001011202564061DF0364100656B0B2D0A96
:1060A4001DF000003641008116F929081DF000009A
:1060B40036610020B22040528021F1F82802881273
:1060C40022A10457382F0C0227142AA1EAF8CD0282
:1060D400A0AB10A05BC0CBE18BD14AB525E1FF2D6D
:1060E4000ADC1AB821CD045ABBAD0381D3F8E00809
:1060F40000A83165E6FF1DF036410040407471018F
:10610400F9DC048807AD028808E008008C5A30A343
:10611400932D0A1DF0A802880A8228118C88CD06C6
:1061240050B520E008008C03AD033807BD0A3813CE
:10613400AD02E0030006F6FF36410082A105871296
:106144006227283782A10227282882A10187A22852
:1061540016520281B4F882280016380125D909A004
:10616400BA20C1EDF8A1EDF8DD0281B4F8E0080031
:1061740025DC0982A1048792D91DF00081E3F82768
:10618400281981E2F887A21B82A1088712EA81E01C
:10619400F88792BE22A10386F7FF000081DEF8860D
:1061A400FBFF000022A10686F3FF00003641003DFC
:1061B4000262220621DBF851D3F848022804AD0319
:1061C40081D9F8E00800BCE28C6A0C02060D0000DC
:1061D400000029132805AD03222200E002002D0A45
:1061E400EC0A8813BD06882830A320E008008C0A36
:1061F400291328050C0B2812AD03E002004B442D93
:106204000A167AFB1DF0000032A105A0238386FC48
:10621400FF00000036610020A22081C2F8E00800DF
:1062240061B9F85D0A7806AD027807E00700FCEA78
:106234008CA552220120722052251856750078022E
:10624400522700522502BD0370A720E00500DC3A66
:106254009C14CBB1AD07E00500CC8A480338313734
:106264001402A1ABF83806BD0A3813AD02E00300EE
:106274002D0A1DF0368100293121A2F8CBA1880214
:106284008828E00800FCFA8831A19FF898189849FA
:10629400BC49A2A102ACF39802AD089809E0090038
:1062A400EC4AA831B2C11C881A8848E00800CCAA7C
:1062B40098318871B859CC0B895989032802BD0AD1
:1062C4002812A22103E002002D0A1DF036610048C5
:1062D400023D0222A10216F406580416A50648142B
:1062E4001654060C02584329210CF257B24121647A
:1062F400F8280228022261022821AD0322630681C4
:1063040089F8E00800169A04B2C10C30A32065F69F
:10631400FF2D0A16BA04A5BD09B17FF8C183F8DDC3
:106324000AED0BA2A0018182F8E0080046060000F5
:106334000CB48BB1AD03817FF8E008006175F82DD2
:106344000A679A070B445684FE1DF000168AFA86E3
:10635400FDFFAD0365E5FF2D0A16BAFA46FAFF0004
:106364000000281322221D16220130A320E002007F
:1063740017EA09216EF8483147B20129314161F821
:10638400AD0328042802E002002D0A56AAFB0CF8EB
:106394005738185813AD03522516E0050052A108CA
:1063A400579A0A82230482C8FCB62801AD02280445
:1063B400BD0A2812AD03E002002D0A86E2FF0000A8
:1063C40036A1006150F829712806A2C11C2822E0D8
:1063D40002002D0A56DA0E58717815886716F81BD4
:1063E400787716A71B782578278CC7A835CD04BDE8
:1063F40003E007008C1AE5B309A8710C07881A5842
:106404007877150178985888596116A5195057E27C
:10641400564519985A37B9020665004A5357B902C6
:10642400066300B22106B093E2563918B094E256DE
:10643400D91716F40822280EEC126D045D03A87116
:10644400281A22221A56320C212FF8A871880288A1
:1064540008E00800162A0C0C0BC64A00002208307B
:106464001662FD28062802E002002D0A565A05A8E5
:10647400718131F8281A9130F828E289A199B1B2D2
:10648400C128E002002D0AEC5A98A1D8B1D06920A5
:106494009CC66871BD0A88160C1FE208306D0AE7B5
:1064A400A60BA2A000B0AF83A0A074569A012D0B36
:1064B4005115F8A871580520B220522501E00500B5
:1064C4002D0A164AF71DF000AD09BD0DCD06895100
:1064D4009911D931E941F921811CF8E00800BD0284
:1064E40088519811D831E841F821076A18B8D8D0F2
:1064F400A611AAABC80AA22A01AAACA7B305B10582
:10650400F8573C01BD021B66C6E4FF000C0BE00219
:10651400002D0A161AF3C6EAFF000C189871708A47
:1065240083808074B819AC687736247085E2DCE81F
:10653400887BAD09BD05E008007A557066C0473612
:1065440021D1FEF7C1FFF7A1FFF7B2A281A5A709E8
:10655400886BAD09BD05E0080088618A558066C076
:1065640086F6FF0C080C19BD08A0B99360898380D6
:10657400BB20C8718802CCEB8818AD0C9911E008D7
:10658400009811167AEBBD092802CD0B2832BD0AFA
:10659400A871ED04DD03E002002D0A86C9FF0000A6
:1065A40021DAF786C7FF000021DAF786C5FF00006D
:1065B40022A10286C3FF0000368100293121D1F7D0
:1065C400CBA1622200426101622602E006004D0A6C
:1065D400564A046831781672271016E70C16330DE4
:1065E4007856881187B7024632005A9897B7024600
:1065F4003000AC25A806BD03680A62260CE006003C
:1066040071A9F7706563692156CA068831A9716852
:10661400286846CC5642A1012D041DF0A838B821A3
:10662400C2C11CE0060088716D0A826102164AFE2E
:106634008802A8318808E008004D0AEC5AA83148BD
:1066440021881A407563822810C811BD03DD0760D4
:10665400B693E008004D0AAC2A2802BD0A2812A805
:1066640031E0020038312823285216A2FAA833BD9B
:1066740006E0020006E8FF006D0486ECFFA802BDF8
:1066840004C81AA831E00C004D0A8CA6CD07BD063B
:10669400AD038169F7E0080088117055C07A8889D4
:1066A400117A3356D4FB5665F8C6EDFF4197F74689
:1066B400D9FF000042A10246D7FF000036A10029FD
:1066C400312190F7CBA128022822E002008D0A563E
:1066D4001A102831681262261116061068226826DC
:1066E4009C06A832CD058901BD04E0060088018C12
:1066F4001A25840916C30E2831685247B602863813
:10670400005A7477B60286360016750CA802BD03CB
:10671400280A7D052892E00200A9214911282116A2
:10672400F204618AF72D03606763A831881A82280E
:106734001A8C880C0BE008008D0A566A099171F7CF
:10674400A83188098808E00800561A07A831C8113A
:10675400881ADD0682281120B2206077C0E0080084
:10676400573726D17BF7C17BF7A176F7B2A3A1A552
:1067740085092C09906763CD06BD03A2C110812E43
:10678400F7E0080022C110C6E7FF0C020C18CD0286
:10679400915DF7702883A0C89320CC2028099831F4
:1067A400DCCC2812BD0C8901AD09E002008801ECA3
:1067B4005A28116A336A22291106D8FF00000C0CEA
:1067C4002151F7BD0A2802A8312832ED05DD04E085
:1067D40002008D0A2D081DF0CD0886F8FF814AF7C6
:1067E40006FCFF0082A10246FAFF000036010122E6
:1067F40061032159F7426102C0200028024141F798
:10680400C020002261172804CBA12822E0020061E5
:1068140053F7783168062D0A671702464800ECFAE8
:10682400682116261278575A6367B7020646003065
:106834006034BC2621FCF632220022A10216030198
:10684400E56A09BD0AC134F7A146F781FCF6E00800
:10685400003141F7C02000422117C020003803371F
:106864009402063A00A55F001655FE50203416B275
:106874000121ECF632220022A1041633FD2567091A
:10688400A0BA20C125F7A137F786EFFF0068213AA7
:10689400722AB670605456A6042065C03CF867B8E6
:1068A400424C0CA2C11C81E4F6E008004C068804AA
:1068B400A8318808E008008D0A56BA06A831DD061A
:1068C400981A70C720922914B2C11C826101E00990
:1068D400008811BCAAD124F7C125F7A11AF7B2A4E4
:1068E40022656E09706044DC662065C01CF867B8D8
:1068F4000F2C0CA2C11C81D0F6E008002C0606EB7C
:10690400FF1C0CA2C11C81CCF6E008001C0606E7A3
:10691400FF7804A8317817BD08E007008D0ACC6A17
:106924006A2257B20206D9FF2804A8312832ED059D
:10693400DD030C0CBD08E002002D0A86C4FF000034
:1069440022A10686C2FF000022A10286C0FF1DF01C
:1069540036410020C22040D420BD030C0AA5C5FF47
:10696400657DFF2D0A1DF000364100AD0325780931
:106974001DF0000036410021D3F60C650B55CC7593
:106984003D05AD05C60A000000AD0281F9F6E00838
:1069940000A73309AD0281F6F6E008003D0A32C3D0
:1069A4000382AFFC803310B1C7F630A32025380131
:1069B400168AFC39042D0A1DF0000000364100300F
:1069C400A32081ECF6E008000C021DF0364100160D
:1069D400E300D1E9F6C1E9F6A1EAF6B2A08BA55E1F
:1069E4000925A301883292A7CF808AC087B90AA952
:1069F4002222A1078C0439041DF0282220AAC021D8
:106A0400E1F6A7B2EB0C130C02C6F9FF36410022E3
:106A1400020430A32040B42056A20081DBF6E00833
:106A24000022A1068C0A0C021DF0000036410081F0
:106A3400D7F6822801E008001DF0000036410081ED
:106A4400D3F6822800E008001DF00000364100E57E
:106A5400FEFF0C021DF0000036410025B505662A34
:106A64000225C705E59A01A262020C021DF000008E
:106A7400364100A5FBFFE59901A2620322A0001D97
:106A8400F000000036410030A32081BAF6E008008F
:106A94000C021DF036410081BEF6E00800A222007F
:106AA40081BDF6E00800A8120C0281BBF6E00800E4
:106AB4001DF00000364100A5EF00A26200E5F000E1
:106AC400A262010C021DF00036410081B4F6892255
:106AD40081B4F689320C021DF00000003641002515
:106AE4007D06A1B0F6B2AFFFE57E0690000000007F
:106AF400364100E57B06A1ABF62592061DF00000A9
:106B0400364100E5EA00A02A2025EC00008211A00D
:106B1400A820A263001DF00036610010212031641A
:106B2400F641A1F630328037B41A3165F63022804E
:106B34003163F627B30ED19DF6C19DF6B2A086A1AE
:106B44009DF665480981A5F6E0080030EB03303D69
:106B5400044199F60C05C0200088040C12302593DA
:106B640026080DD196F6C192F6B2A08EC6F3FF00A8
:106B740000C02000390465A305661A11165306D116
:106B840090F6C18BF6B2A098C6ECFF0000001C8BF7
:106B94008BA1E52406B18CF6418BF6CD02AD02C083
:106BA4002000524400818EF6E008008CDAE187F67A
:106BB400D180F6B187F6C2A0A2E5DB03C020008233
:106BC40004008080741638FFA511058BA1252A06C0
:106BD40040EB03404D0447130BD17EF6C175F6B26A
:106BE400A0AE46D6FFE54D01417CF6E0B311B0B44A
:106BF4008030A320A5F0FFE0B211BAB4AD0225F0B5
:106C0400FF1DF00036410020EB03202D040C030C83
:106C14001A20A3933171F6E0BA11BAB325EEFF65D9
:106C24004A01E0B211BAB3AD0265EDFF1DF00000F8
:106C340036410030A0F48158F6E0080030A0F58118
:106C440055F6E008001DF000364100A5090565472A
:106C5400019164F682A000C020008249008159F6A7
:106C6400A2A001C02000A24800C020008209008028
:106C740080741638FF8158F6E09211908880B2280B
:106C840000AD02E5FAFF254901E5A8051DF0000065
:106C940036410040EB03404D0432A00122A00040E5
:106CA40023833145F6C0200052230047150ED14EF0
:106CB400F6C14EF6B2A0C0A13FF6E53009E58E0557
:106CC4009C05661A0ED14AF6C149F6B2A0C246F92D
:106CD400FF00000052AFFFC020005903313FF6E02F
:106CE40084118A83B808AD04E0421165F4FF4A3385
:106CF400B803AD02A5F3FF658B05261A0A2139F600
:106D04000C13C02000324200101120E54001101184
:106D140020A58905261A05101120E59F058135F661
:106D2400E008001DF0000000364100A0EB03A0AD18
:106D3400048129F6E09A11908880B2280025EFFF9B
:106D4400653D011DF0000000364100212BF6C020F6
:106D54000028022020041DF0364100B2A000B0AB90
:106D640020E5ECFF900000003641008124F69124D8
:106D7400F699089124F699181DF000003641001C7C
:106D840068ACF2422201262418A2220022220166C3
:106D9400122530B320258A041C08661A160C0846EE
:106DA4000400A22200253A04A04A20A55B0582A083
:106DB4002DA794D42D081DF0BD03A56F04C6F5FFBF
:106DC400364100A2A01616C20082220026080AA894
:106DD400027CFBA5FAFF2D0A1DF0AD02810BF6E043
:106DE4000800560AFF86F9FF36410016920438025D
:106DF40016430428130B22B6221D2813A803661277
:106E0400296557040C02261A1FD100F6C101F6A108
:106E140001F6B2A2C8251B09A2230022A001A532B3
:106E2400044D0A255405A714D01DF00C0DCD0DBD3D
:106E34000DE5370406F3FF001C62C6FAFF000000EC
:106E440036410031F5F522A00488438C18E008008F
:106E54000B2232C3FC6602F0A5E80465430000007F
:106E6400364100A1EEF5A5B203000000364100A1B1
:106E7400ECF522A001E58B06A2A00081F0F5E00864
:106E84000081EFF5E00800A5A4000C0A81EEF5E00E
:106E9400080081E4F5C02000290881E3F5C0200042
:106EA400290881E2F5C0200022480181E7F5E008C5
:106EB4000081E6F5E0080081DEF5C02000224801EB
:106EC40031DDF5C020002203002020749C4220EB19
:106ED40003202D04E0821121D8F58A222802E00241
:106EE400001DF000A2A06481A3F5E00800C6F3FF32
:106EF40036410061D7F541D7F5C0200028067CF360
:106F0400202330209004C0200028040C270C057096
:106F1400221082A00820859390282081CFF5E008D4
:106F24000081CEF5E00800F08211C02000980670C0
:106F34008810808330908810C020008906C020000B
:106F44006804202341202330602210AD05C02000B6
:106F5400290481C3F5E00800AD0581C2F5E008000D
:106F64001DF00000366100A1AEF5A57C060C0A8177
:106F7400CDF5E008005D0AA2A00181CAF5E0080091
:106F8400A1BBF5C1B9F50C0BA0CCC0812DF5E0086F
:106F940000265510A1B8F5C1B6F50C0BA0CCC081E4
:106FA40028F5E00800A5F4FFA13FF52C0CB2A008D9
:106FB40081BEF5E0080065A100A118F52C0C0C8B2E
:106FC40081BBF5E008000C0A8174F5E00800A5D93E
:106FD400FF81B7F5E008008C1A65E6FF2126F5313C
:106FE400A6F5B2A40020431031A5F5213FF53A34AB
:106FF4003030F5E0A311A0BBC061A1F581AEF5E08E
:10700400080025060281ACF5E00800E508FF2A2601
:10701400258C024022C0657D0A8189F5E008004183
:1070240083F50C184BA1C0200082440081A4F5E034
:10703400080082010E2020F5F6283031FAF42803E6
:10704400AC52E5EA08218FF5BD0AA18FF5CD028186
:10705400FBF4E0080038038CE365E908BD0AA18B62
:10706400F5CD0281F6F4E00800A5EC080C1AE5F071
:10707400008187F50C2AC020009808A78939C02010
:10708400009808A09920C020009908C02000980802
:107094007CEAA09910C020009908C0200098080C30
:1070A4004AA09920C020009908C0200098087CBA02
:1070B400A09910C020009908A177F572A064815F9F
:1070C400F5E00800C02000A20400C02000820401F2
:1070D400808074A0681070A7208126F5E00800164F
:1070E40016FEF2A000C164F5D166F5ED0FBD02AD48
:1070F400038173F5E008008173F5E008008172F5FF
:10710400E008008172F5E008002163F5B912A902D4
:10711400814EF5E008002579020C0A816DF5E0083E
:1071240000C15EF5B15FF50C0A257C00665505814A
:1071340069F5E008008145F5E00800413DF50C12D1
:107144000C03C02000224400C020003241043D0250
:10715400C020002201042020749C4220EB03202D37
:1071640004E032112135F53A222802E002001DF034
:1071740000C02000324104C02000520400C020009E
:10718400220104A2A064202074502210C0200022F6
:107194004104C02000520401C02000220104202028
:1071A40074502210C0200022410481F2F4E008004F
:1071B40006E7FF0000E203000C0556F0070D01127C
:1071C400D1FF12C140094100D14900E60309210061
:1071D400B403091100C149C2610FD261108595033E
:1071E40000EE0302611500E2030009059C0000E4BF
:1071F400034139F500041000E4130C70C6030000C9
:107204000137F50800CC300C6086000002A00502AE
:10721400611400D4030261030132F500E6136D0129
:10722400156600859B03082100E613081100B413BA
:107234000831184110200000D4031034000129F54E
:10724400A00000003641008128F587020ED127F501
:10725400C128F5A128F5B2A061E5D6080082112065
:1072640088202181F42088202124F5C0200089026F
:107274001DF000003641002120F5C02000822200CC
:107284008020E48090E52799029618000C021DF0F6
:107294003681007CFA257D0A0C0DCD0DBD0DA2C1F1
:1072A40008259E0765060222A3E820BAA2C113F5A9
:1072B400D1A2F420AA828121F5E008002D0A8BA135
:1072C40065D407CD028BA10C3D0C0BE5BF07CD02A5
:1072D4000C4D8BA10C1B25BF070C1B8BA165E30771
:1072E4008BA165E7072106F5A2C1103802281239DF
:1072F40041295165D107A2C11065D707A2C110A5C4
:10730400E5072100F5A2C1183802222201326106E4
:10731400297165CF07A2C11865D507A2C118A5E3D5
:10732400070C0A81EBF4E008000C1A81E9F4E00888
:107334000081C9F4E0080081C9F4E0080040EB03CF
:10734400404D040C020C135D02405383AD05A5C3EC
:1073540000AD05E5C10051ECF43C08C020008905EE
:1073640051EBF4C02000890551EAF4C020008905DE
:1073740051E9F4C02000890551E8F4C020008905D2
:1073840051E7F4C02000890581E6F451E6F4C020F9
:10739400009808509920C020009908C020002908AE
:1073A40081E2F451E2F4C020009808509920C020F2
:1073B400009908C02000290881DEF44C05C0200093
:1073C4009808509920C020009908C02000290881FD
:1073D400D9F40C25C020009808509920C0200099A9
:1073E40008C0200098087CD5509910C02000990846
:1073F40025480251D1F4C02000290527940DAD037E
:1074040065B800AD0425B80006FFFF0020A220A542
:10741400B700AD0265B600AD03E5B60006FAFF009D
:1074240036410021C7F4C0200088020C0280804449
:1074340027981421C4F47CF9C0200028020C1820D9
:1074440020442089838028201DF0000036410081DB
:10745400BEF491BEF48A8287B92A81BDF491BDF449
:107464008A8287B91F91BCF4A1BDF49A920C189733
:10747400BA0D9113F49A229111F427B90282A00053
:107484008020041DF00C1846FDFF000036410081E9
:10749400B4F491B4F48A828739062090340C188CA1
:1074A400D98107F49106F48A220C1827B9010C0833
:1074B4008020041DF0000000364100AD028C738171
:1074C400AAF4E008001DF00081DDF3E00800C6FC2A
:1074D400FF00000036410082220132220292C8F0ED
:1074E4003902980982C8F49922A808A912E5F9FF7B
:1074F4000C02271A1627A30B219DF4203310219C7C
:10750400F4203320A2C3FD65F4FF2D0A2020041DBE
:10751400F000000036610020522040407422A10295
:10752400E61502862900C2A01030B320AD0181C245
:10753400F3E00800A190F4BD04E5F7FFB801D6BB61
:1075440000218AF420BB10218AF420BB2022CBFD29
:10755400322101169407A188F48183F4E008002005
:10756400A220818BF4E00800A185F4817FF4E00877
:107574000030A3208187F4E00800A8110C13E5F083
:10758400FFAC9AA801D6BA002179F420AA10217878
:10759400F420AA20A2CAFD65EBFF0C03379A0E283B
:1075A400310C138C7222221422C2EC203A832D0552
:1075B4000C16582116050AAC73A172F440B420A528
:1075C400EFFF22AFFFA171F4BD04E5EEFF1DF00053
:1075D400A16CF4CD03BD028199F3E0080046E6FFF7
:1075E4000000AD01101120E5EEFFB80160AA30A043
:1075F4003074D6BB00515DF450BB10515DF450BBE8
:107604002052CBFD72210116D403A15BF48156F400
:10761400E0080050A520815EF4E00800A158F48140
:1076240052F4E00800AD07815AF4E008000B22563A
:10763400F2F75633F858212D031685F8A153F4BDFB
:107644000465E7FF46DFFF00A14EF4CD07BD0581C9
:107654007BF3E0080006F5FF2D031673F606D6FF4C
:10766400366100C2A010B2A00010A1208175F3E021
:1076740008008BC14BB1AD01E500000C0CBD01ADA0
:107684000225E9FF2D0A1DF036410025340A50C1B8
:107694000952620060D10950D60952630050C609EC
:1076A4005264001DF000000036410030EB03303D11
:1076B400045673034138F4C0200039045138F47C73
:1076C400FBAD0565C1050C04C020003802AD05C042
:1076D4002000490265D405475304AD0465E0002742
:1076E4006305A2A064A5F7FF1DF00000312BF40C84
:1076F40004C02000490386F0FF000000364100A6C4
:10770400220ED127F4C127F4A128F4B2A075A58BC9
:10771400084122F4B2AFFFAD04E5BB058124F4E0D7
:1077240092119A88C020009808AD04309920C02096
:10773400009908A5CE050C18CC822116F4C02000AF
:1077440089021DF02115F486FCFF0000364100B2C9
:10775400A00120A22065FAFF90000000364100B28B
:10776400A00420A22065F9FF90000000364100200B
:10777400EB03202D04310EF4B0221130228032A00C
:107784000088028C18E008001B334B226683F11D2D
:10779400F000000036410040EB03404D0431CFF3CC
:1077A4008C9422A0012243001DF00000002203005B
:1077B4001642FF2100F420A220E58407D2A001C2D2
:1077C400A25840B420AD022570070C3DC2A4B00CF1
:1077D4001BAD02656F07AD02259107AD02A59707A2
:1077E40042430046F0FF000036410081F3F30C19D8
:1077F40092480081F2F329080C08C020008908F09F
:107804004100000036410081EFF3E0080081EEF30F
:10781400E0080081EEF3E00800A1E9F381EDF3E074
:10782400080081ECF3E00800A2A001658801A2A091
:107834000081E9F3E0080090000000003641008177
:10784400E8F3E0080021E5F3C02000820200808014
:10785400748C4881E4F3E00800A2A0648146F3E05C
:107864000800C6F7FF00000036410020EB03202D7E
:1078740004654DFF568A00A5700120A220A54DFF86
:107884001DF0000036410025FEFF0C1BAD0281D621
:10789400F3E008001DF00000364100E5FCFF0C0B8E
:1078A400AD0281D1F3E008001DF00000364100254F
:1078B400A005A1CEF365B6051DF0000036410025F4
:1078C4009F05A1CAF3B2AFFFE5A005900000000038
:1078D40036410091C7F382A00182490091C6F38228
:1078E400490081C5F3E008001DF000003661002066
:1078F400207431C2F38C7231C2F326120231C1F307
:10790400C0200082231E21C1F3808415262808216B
:1079140064F326380221BCF3D1BEF30C1AD0C4821E
:10792400D0D4A20B9CC739010C0A0B8D8A8A2AA9D0
:107934000C1B973A02B2A0008ABB8180F3E00800D6
:10794400CC1A255F08A04482C020008853C02211AD
:1079540091B1F34022C22044B4908810408820C0E2
:1079640020008953C02000885341ABF320203440C9
:107974008810C02201202820C020002953C02000E4
:1079840022231E0BAAC020002931C0200028314127
:10799400A3F3A0A07440221040AA11A0A220C020EA
:1079A40000A931C020002831C0200022631E1DF030
:1079B400364100819CF3E008009199F3C0200088CF
:1079C400098080B46618F42D0A1DF0003641008148
:1079D40096F3E008009192F3C020008809808CB4EB
:1079E4006618F42D0A1DF00036410020A220818F74
:1079F400F3E00800918BF3C0200088098080B4660E
:107A040018F41DF036410020A2208189F3E008001B
:107A14009184F3C020008809808CB46618F41DF0AA
:107A24003661008184F3E008004D0ACC330C021D5A
:107A3400F0000B7A3A6227072E0B52AA85A05060F9
:107A44008055102085C087335E5036C08067000C97
:107A54001B20A2208931A5050082210380E6131092
:107A640020001673FC50252067071940A06060AA07
:107A740010203AC04067000C1B65030040E6131059
:107A840020001673FA816CF3E008004D0A30B3202D
:107A9400AD02816AF3E00800A02A2040A420816896
:107AA400F3E00800C6E1FF000C0386E7FF000000D6
:107AB4003641004164F329044164F33904C02000D1
:107AC4002163F33163F348027CD55044100C155004
:107AD400442049020C454802C020005704F74803DB
:107AE4000C2550442049030C854803C0200057044A
:107AF400F748027CE550441049020C454802C02076
:107B0400005784F71DF00000364100650400A03AD8
:107B140020E02311302280E03211302280E506007B
:107B2400E02211AA221DF000364100214AF30C196B
:107B3400C0200088D20C02808225CC281DF00000D1
:107B440007680590223020207480814186FAFF0066
:107B54003641008140F3C02000222816C0200022B4
:107B64002814202225567201C0200092281B9090D0
:107B74001466190BC0200092281490982526190821
:107B8400C020002228162028151DF000364100814F
:107B940031F3C02000222816C02000922814202788
:107BA40005909225D022119A2220A024DC8AC0209C
:107BB4000092281B90901466190DC020008228148E
:107BC4008088250B88802A831DF00000364100B18F
:107BD40022F320A220A51500A02A20900000000076
:107BE4003641000C0AE58F001DF00000364100A26A
:107BF400220030B320A57E03A02A201DF00000003F
:107C0400364100A802CD030C0BE5A6032D0A1DF096
:107C14003641008112F3AD028808BD03CD04162855
:107C240000E008001DF00000364100810DF38808D3
:107C3400CC282D081DF098788C89983897220498C0
:107C4400489722ED888886F9FF00000036610051CC
:107C54002BF20B4247352E0763150CC44783260CC1
:107C6400244033203B227CC4402210060100000043
:107C740017E3F00C0561FAF2E0851148068931CC6E
:107C8400941B556635EE0C0A46250000A874CC3AC0
:107C9400488446FAFF82210380648068066703EF04
:107CA4007814680470662078247066203066103773
:107CB40096DD07636F783461FEF191EAF26A7777B3
:107CC40039624B72BD079921A50508982116FAFB64
:107CD4006A6AAA7767B90DD1E4F2C1E4F24C9BA1B8
:107CE400E4F2652E0821E3F22A2727B90AD1E2F249
:107CF400C1DFF24CAB86F9FFA020148C92D1DFF2E5
:107D0400C1DBF24CBB86F5FF7070148C97D1DCF2AA
:107D1400C1D7F24CCB86F1FF21DBF22A2AA9024B10
:107D2400A22D0A1DF0BD02E5FF07162AF606FCFF88
:107D340036410030B32020A22025F1FF4D0ACCAA01
:107D44008C82C1D1F2BD03AD0265ECFF2D041DF0A0
:107D540036410031CEF232230066030FB1CDF2205A
:107D6400A220E5FCFFA03A202D031DF0B1C9F227A3
:107D7400B302B1C8F220A22025EDFF3D0A567AFED7
:107D84001642FE41F2F1AD02BD0425ECFF3D0A5658
:107D94005AFDC1C1F2BD04AD0265E7FF06F2FF0062
:107DA40036410016D20281BDF291AEF28A82873941
:107DB4000522C2FC222200AD02E5E6FFCCDAD1B8EE
:107DC400F2C1B8F2A1ABF2B2A17DE51F08A87ABD59
:107DD40002A5EE071DF00000366100CCB2BD04AD73
:107DE40003A5E6FF5D0A2D051DF0CCB3AD0225FB0E
:107DF400FF0C05C6FBFF00000051CCF13735F151F3
:107E0400A7F26198F250528057362052C2FC722574
:107E14000070A72025E1FF6D0A0C18ECBAD1A2F27C
:107E2400C1A3F2B2A19FA192F2E5190820A220A554
:107E3400DFFF72A000A06A208D07779A0CD19AF216
:107E4400C19BF2B2A1A806F7FF00A8765D0A8CBA1E
:107E5400981658069055209226029055205054109A
:107E64000C1947950297982CBD04AD03826103E574
:107E7400DDFF5D0A8831167AF7A876BD07CC08BD08
:107E840002E5E607EC4AD18AF2C188F2B2A1C6C67D
:107E9400E4FF00000030C32020B22082610365EBC0
:107EA400075D0A883156DAF306EFFF00A0C36320AA
:107EB400B22050A5208160F1E0080020A22025EE28
:107EC400FF46C8FF364100AD02CD04BD03A5F0FF57
:107ED4002D0ACCAA8C83C177F2BD04AD0325D3FF50
:107EE4001DF000003641002042202168F2222200C9
:107EF400660211C167F230B320AD04A5FCFF2D0A60
:107F04001DF0000000C162F237B202C162F2BD038B
:107F1400AD0465ECFF2D0A565AFE1623FE518BF173
:107F2400BD03CD05AD0425EBFF2D0A561AFDC16234
:107F3400F2BD05AD03A5CDFF06F1FF0036410030CB
:107F440052A23062820C02DC35BD04AD06E5CFFFDF
:107F54002D0A8C8ACD06BD05813AF1E00800CCA239
:107F64008C83C156F2BD04AD0365CAFF1DF0000049
:107F7400364100AD02A592051DF00000364100AD6A
:107F840002659B051DF00000364100A14DF22C094D
:107F9400C02000880A1C0B20B983B088202D0BC098
:107FA4002000890A1DF00000364100AD02BD03CD5A
:107FB4000422A102F62A360B843CF987392F408823
:107FC400104063E2602820DC2281E3F187151681EA
:107FD400E8F187151A8124F10C1D87150A22A102E4
:107FE4008602000000000C2D101120A56C051DF068
:107FF400DD0286FCFF0000003641002132F22062DF
:10800400402020041DF000003641008130F2E008D9
:1080140000212DF2202A821DF0000000364100814B
:108024002BF2E0080082A04F21F8F1A7280B81274A
:10803400F2E008002125F2202A821DF0364100A535
:10804400FCFFA02A2065FDFFA0A2D2D08A11A0883F
:10805400C0911FF290A81180AAC0D22900811DF2FC
:10806400F0AA110C02B0EA03C02000C808C02230F4
:10807400D0CBC0A73CEEB909C02000880820283026
:108084001DF000003641003114F2B2AFFF30A320DE
:108094002812652405CC72AD032538051DF00000B7
:1080A40082120007E81588128C98C0200098088274
:1080B40022028709068832A842E008002852C6F442
:1080C400FF000000364100A51E053103F2B2AFFFE8
:1080D40030A32065200590EB03909D048101F221DB
:1080E400FFF1908880E049115208004A2228028C4E
:1080F4001525E40752A00152480050E403AD02A53F
:10810400960981F8F15022104A882908251A05ADEC
:1081140003A530051DF0000036410065190521EE68
:10812400F1B2AFFF20A220251B05B0EB03B0BD04C4
:1081340091EDF1E08B1180998081E9F1A809BA8869
:10814400920800562900E5DE0792A0009248002517
:108154009009E51505AD02652C051DF0364100CCEE
:108164006222A1021DF000000065140531DBF1B2AA
:10817400AFFF30A3202516058812BC289218007C76
:10818400EAA09910925800B80890BB01B0B8312801
:1081940002968B02A802A0C145A0A00581D3F1E0FC
:1081A4000800E51005AD036527050C0206EDFF0088
:1081B4008802B808E0BB1146F4FF00000080EB031E
:1081C400808D04A802A02005879295A0A14581C7AF
:1081D400F1E0080086F2FF0036410016720A250D10
:1081E4000531BDF1B2AFFFAD03E50E05881216E807
:1081F400059218000C1AA09920925800B808880219
:10820400B0B174881800BB23CCD8D1B9F1C1B9F18D
:10821400A1BAF1B2A2F125DB0798089099019098D0
:1082240031B7990592180007693E88585698FE960A
:108234009B0328020C6CA802A0A00581ABF1E00806
:1082440000E5060530A320651D0522A0009000006E
:108254008802B808E0BB11B0B83146F4FFA0A145CC
:1082640081A7F1E00800C6F5FFD64BFD822200206D
:10827400EB03202D04A22800A080052718DE250387
:1082840005AD03A5190522A10206F0FF364100251C
:108294000205719BF1B2AFFF70A720E50305202012
:1082A40074303074404074505074606074ED06DD76
:1082B40005CD04BD0320A2208193F1E008002D0A1E
:1082C400E5FE04AD076515051DF0000036410025E7
:1082D400FE04618BF17CFBAD06E5FF0420207430C5
:1082E4003074404074505074DD05CD04BD03AD02BC
:1082F4008186F1E00800A5FB04AD062512051DF0FA
:10830400364100E5FA04A17EF1B2AFFFA5FC0420DA
:1083140020743030744040745050746060747070D5
:1083240074FD07ED06DD05CD04BD03AD028177F1D3
:10833400E00800E5F704A172F1250E051DF0000028
:10834400364100BD02C0EB03C0CD04A171F1813BF5
:10835400F0E008001DF0000036410065F504A16D51
:10836400F1D02211B2AFFF20AA80E5F6041DF0007F
:10837400364100C2020F9168F1C0C004E0BC11BADA
:10838400A9880ADC188962290AA972CC53A802B800
:1083940012650E000C021DF0E802D812A818A73DC1
:1083A40007D79A24A808A7BE1FA8788962A97229AA
:1083B4000AA2C218A97856A3FDBA9938092793D3FB
:1083C40046F2FF008D0A86F4FFA868565AFFA96298
:1083D400296882C8188972C6F6FF00003641002554
:1083E400ED04A14CF1D022112AAA2503051DF000A9
:1083F400366100814AF122A000A22800CBC1BD024F
:108404002931258604883166180520A220650D00CF
:108414001DF000003641006504003141F1222300C3
:10842400822301202A800C13A732010C038ABBBAD1
:10843400331DF000364100813BF10C4A9808C020FE
:108444000082291BA08820C0200082691B8136F18C
:10845400AD02822800E008001DF00000364100A1B2
:1084640031F10C0B255A06402B01A0A441A0222077
:10847400B034411DF000000036410065E304512B87
:10848400F17CFBAD0525E504812AF1D044114A486D
:10849400290439144818D8389808C828D734054707
:1084A4009D07C7B90490C920DD04660C02260D0798
:1084B400A11DF10C2B655A0665DF04AD05E5F50435
:1084C4001DF0000036410020EB03202D04E0821152
:1084D4002119F10C198A2228020C082089932D08ED
:1084E4001DF0000036A10082C130391189913D018F
:1084F4000C48492159316941795139A189B18C72AA
:108504000C8889B188116618026549021DF00000C3
:108514000041000C3000E81345B0000030000000BA
:1085240010112085B2FB0000450B0000850F0000F0
:1085340000E80366400286DC00F6C0EF2650E02621
:1085440010E510012012D1FF12C14002610400D1D4
:108554004900E603092100B103091100C149C261C0
:108564000FD26110055D0200E80302611400EE03FE
:1085740002611500D103093101F0F000E61338312E
:1085840030C149384130D14900B1035173F0102052
:108594000050002000059020E80320E80331E7F0B4
:1085A40040EB03404D044022903042A048046D014A
:1085B400D00400856202082100E613081100B113FB
:1085C400083118411020000030000000082100E6A6
:1085D40013081100B11308311841102000003000B5
:1085E40012D1FF12C140C2610FD261108554022022
:1085F400B10332C20300010307930D000203167096
:10860400000B0030000300021330B113C55C0212EA
:10861400D10112C1C07CF020209300D103003000AE
:10862400469F0000069200000D0112D1FF12C140C6
:10863400094100D14900E603092100B103091100F1
:10864400D103093100C14901BEF0090100E8035911
:108654008152C0E0295139614971F26112C54A025F
:1086640016CFFB21B8F030EB03303D042023A028C3
:108674000222C248390201B4F040E0030005A00818
:10868400000020F420442040E0131C0230228231F8
:10869400AFF02A333035A02803F903102000279FB8
:1086A40002C6DFFF16820E421200078402C637009C
:1086B40051A8F00044304252000040455054A042BA
:1086C4001201580500442042520128220030455A24
:1086D40022FCB3803EE33902903EE33912034202A6
:1086E40013420323420433420543420653420763C1
:1086F400420873420983420A93420BA3420CB342D9
:108704000DC3420ED3420FE34210F34211C61F00C1
:1087140066337C0030E339021030E339122030E351
:1087240039223030E339324030E339425030E339D2
:10873400526030E339627030E339728030E3398259
:108744009030E33992A030E339A2B030E339B2D0AB
:1087540030E339C2E030E339D2F030E339E20031BA
:10876400E339F21031E33262102031E33262112432
:1087740065CD24E6CD2467DD22D20122C28024E027
:10878400DD2461ED24E2ED2463FD24E4FDC6FFFF56
:1087940016CF0D321F01416EF00783020638000028
:1087A4003330325F010030454043A04804582F5A0B
:1087B40024FCB3380230E8F3381230E9F303020240
:1087C4001302032302043302054302065302076320
:1087D400020873020983020A93020BA3020CB30278
:1087E4000DC3020ED3020FE30210F30211C61F00E1
:1087F40066337C38023000F338123001F33822300B
:1088040002F338323003F338423004F3385230057F
:10881400F338623006F338723007F338823008F3E5
:1088240038923009F338A2300AF338B2300BF338F7
:10883400C2300DF338D2300EF338E2300FF338F291
:108844003010F33222103011F33222113012F3249B
:1088540025CD24A6CD2427DD22D20122C28024A046
:10886400DD2421ED24A2ED2423FD24A4FDC6FFFF75
:10887400F2211258814871322106222105C5D4FF04
:10888400221F020702E9002210202074D26110E2A4
:108894006111C53F02D22110E2211146F4FF00000C
:1088A400000C4000E813101120457700100120123D
:1088B400D1FF12C14002610400E60302610200B16B
:1088C40003091100D1030931011EF009010D010052
:1088D400D113450E02011FF000E61310200020E41E
:1088E4000330E203411DF030221040221016F2043E
:1088F40000D103383030C149384030D14900B10388
:108904004196EF4000200004900B42402210567222
:10891400FF1B4440E3131CF340F4404033C0C0EB5E
:1089240003C0CD04C03390410DF04033B048036020
:108934002620622301D0040086E8FF000046E7FFFA
:10894400101120850B02000010012012D1FF12C16A
:108954004002610400C20302610200B20309110073
:10896400D203093101FFEF09010D0100D21385047F
:108974000201FCEF00E61310200020E40330E203C0
:1089840041FAEF30221040221016F20400D20338CC
:108994003030C149384030D14900B203416FEF4013
:1089A40000200004900B424022105672FF1B4440EA
:1089B400E3131CF340F4404033C0C0EB03C0CD04C8
:1089C400C0339041E6EF4033B04803602620622371
:1089D40001D0040086E8FF000046E7FF101120C51F
:1089E40001020000082100C213081100B21308316B
:1089F400184110200010320010012012D1FF12C1C2
:108A04004002610400C30302610200B303091100C0
:108A1400D303093101D6EF09010D0100D31385F900
:108A24000101D3EF00E61310200020E40330E20339
:108A340041D1EF30221040221016F20400D3033843
:108A44003030C149384030D14900B3034143EF408D
:108A540000200004900B424022105672FF1B444039
:108A6400E3131CF340F4404033C0C0EB03C0CD0417
:108A7400C0339041BAEF4033B048036026206223EC
:108A840001D0040086E8FF000046E7FF101120C56E
:108A9400F6010000082100C313081100B3130831C4
:108AA400184110200010330036410030EB03303DF4
:108AB400040C1461B1EFCB530013400044A1E03324
:108AC40011E055113A7698020C1BC0200082291B34
:108AD400AD02408820C0200082691BE5F2058802AF
:108AE4000C0D5A88C02000C8188164EE80CC108117
:108AF40013EFE00800B807B09AC09C890C168C3BB1
:108B04006D09A09A20819CEF3AA8926A0062C6FF80
:108B1400E527025666FF822200C0200082281C87B7
:108B240084A39000000000000C1000E81300B603BA
:108B340000B11300D60300D113454E0010360000D7
:108B440000D403103400000000D5031035000000E9
:108B540000D70310370000003641004188EFB2AF60
:108B6400FFAD046577048802CCB8AD03258402CC3C
:108B74001A253C07A2620040A420258A0490000024
:108B84003661005802EC7565A203661A060C021DD4
:108B9400F000000040B42020A220E5FBFF5802CCE6
:108BA400D5D177EFC178EFA178EFB2A081A54107C5
:108BB400101120A59F03261AD320E603202034BCDD
:108BC40052664405101120E536070C0BCBC1AD05E8
:108BD400B93165AA022D0ACC1A5673FE3221031646
:108BE4005300A2A000E58FFF0B220C140C032034C9
:108BF40093302060C6E5FF0030B32050A5206644C2
:108C04000A65A302A02A2046F7FF0000658A0246EF
:108C1400FCFF000036410056E200D15CEFC15CEF7E
:108C2400A15AEFB2A135253A071DF000366100E5DF
:108C34009703261A38A2220056EA00D156EFC156ED
:108C4400EFA151EFB2A0BA253807B0E603B0B034B3
:108C540016CB01664302E52D0732A000B2C10C39E0
:108C640031E577028831371804AD03A587FF1DF07D
:108C740066430665700206FDFF00DD0BCD0B255330
:108C84000246FAFF364100413DEFB2AFFF40A42057
:108C94006564043222009CD3AD03E54A025D0A8C6C
:108CA400DAD13EEFC13FEFA138EFB2A06BA5310797
:108CB400AD03A5A7025902AD042576041DF00000FA
:108CC4003641000C1C7CFBAD0265EBFF1DF000007F
:108CD4003641000C4C7CFBAD0265EAFF1DF0000040
:108CE4003641000C1C0C0BAD0265E9FF2D0A1DF08A
:108CF4003641000C4C0C0BAD0265E8FF2D0A1DF04B
:108D0400364100B2A00120A22025F2FF900000000D
:108D1400364100B2A00420A22025F1FF90000000FB
:108D240036410082A00020A2208262000C1BA5E232
:108D3400FF1DF00036410082A00020A220826200C4
:108D44000C4B65E1FF1DF000366100A2C10C2261ED
:108D54000325F3FF90000000366100A2C10C2261DC
:108D64000325F2FF9000000036610020A22022615A
:108D74000325EAFF810CEF222200879204210AEFE7
:108D84002931CBA1A5F3FF1DF000000036610020BE
:108D9400A220226103E5E7FF8103EF2222008792EC
:108DA400042102EF2931CBA165F2FF1DF000000080
:108DB40036610020A220226103A5E5FF81FAEE229C
:108DC400220087920421F8EE2931A2C10C25F1FF7B
:108DD400A02A20900000000036610020A220226119
:108DE4000325E3FF81F0EE22220087920421EFEEB7
:108DF4002931A2C10CA5EFFFA02A20900000000099
:108E040036610020A220226103A5E0FFCBA125EF5B
:108E1400FF1DF00036610020A22022610365DFFF00
:108E2400CBA1E5EEFF1DF000364100C2A0F00C0B13
:108E3400AD028183EDE0080081DEEE880898289970
:108E440022983888189932891281DAEE89A20C188E
:108E540089620C088262368262378262381DF000B1
:108E640036410051D5EE0C13AD0565E5FF81D3EE17
:108E7400E008004D0AAD056D0B65E8FF81D1EEE019
:108E840008004A4AA734010C036ABBBA33C18EEE08
:108E9400D1AAEDAD04BD038129EEE00800C18AEE3C
:108EA400D1A6EDA902BD0340A42081C6EEE00800CE
:108EB400A9121DF0364100AD038C1365FAFF0C02B4
:108EC4001DF0000036610065E40282A000A2630187
:108ED4008933892389038BA1892182610325F8FFC2
:108EE40028211DF036410030EB03303D04371210C9
:108EF400D1B6EEC1B6EEA1B6EE2CEB101120A50C46
:108F04000781B9EEE0080051B3EE31B3EEE022116F
:108F1400205580203380A22500B2AFFF6559022678
:108F24001A02250107C020004223001674FE42A045
:108F340000C02000622300C02000490341A8EE2A9B
:108F440044C02000780441A6EE2A44C0200048040E
:108F5400CCE481A4EEDD042A88A808CD04BD042550
:108F6400250270A720E006006614AA419EEED2A056
:108F740000204480A804CD0DBD0D65230246E5FF05
:108F8400364100819AEE0C09C0200099081DF000BA
:108F94000198EE29103920493020D40329002C509F
:108FA40000E6131020003193EE30E31330EB03306E
:108FB4003D048CA33191EE0C044903060200000029
:108FC400318FEE0C044903018EEEC020000900012C
:108FD4008DEE0800218DEE2802C000000185EE28E8
:108FE40010382048300189EEC02000090000D40365
:108FF4001034000036410081DAED91DAED8A82877F
:1090040039062090340C188CD9812DED912CED8AE1
:10901400220C1827B9010C088020041DF000000060
:1090240010012012D1FF12C14002610400D1490095
:10903400E603092100B103091100C149C9F1D26154
:109044001045AF0100E80302611400EE030261154C
:1090540000D10309310138EE00E6136D015582FE9B
:109064000DF000003641001DF0000000364100887C
:1090740022561801A802280A2802E002000C0A2D30
:109084000A1DF000000088081688FEA832E00800D7
:10909400160AFE06FAFF000036410088228C9888E2
:1090A400188C58A832E008008C03AD032D0A1DF07B
:1090B4003641001DF000000036410020E6030C1983
:1090C4002020340C082089932D081DF0368100B12E
:1090D40050EE1C4CCBA10C0381D8ECE00800CB2152
:1090E4004D03A802BD041B33814BEEE008004B2264
:1090F4006653EE0C1BAD0B8147EEE008001DF0003B
:109104003641008145EE209054B144EEF09901C0FF
:109114002000A808B09910B142EEB0AA10A099207E
:10912400C020009908C02000A808B13EEE20962473
:10913400B0AA10309911A09920C020009908C0202D
:1091440000A808B139EE209924B0AA10609911A0A2
:109154009920C020009908C020009808202C04A25F
:10916400ADFFA09910702211902220C02000290880
:10917400C02000280891D8EC902220C020002908A3
:109184001DF00000364100202074ACE28128EEA1DD
:1091940028EEC0200098082128EEA09920C02000C5
:1091A40099089124EEC020008809A08820C02000DE
:1091B400890920A0F4A5F4FF1DF000008117EEA298
:1091C400A080C020009808A09920C020009908C061
:1091D40020009808A11AEEA09910C0200099084612
:1091E400F5FF00003641008116EE202074C02000F7
:1091F400A8083030749113EE160204B2AFBFB0AABF
:1092040010C02000A908C020008809A10FEEA08882
:1092140010A2A140A08820C0200089093C2A81D541
:10922400ECE008008107EEC020009808BC0332AFD0
:109234007F309910C0200099081DF0004C0BB0AA93
:1092440020C02000A908C020008809A1FFEDA08843
:1092540010A2A500A08820C02000890906F1FF0003
:1092640032A08030992086F2FF00000036410021B0
:10927400F4EDC0200088020C128086042028301DE2
:10928400F000000036410021EEEDC0200088020C01
:10929400128087042028301DF00000003641008130
:1092A400E8EDA132EDC0200098080C0BA099102025
:1092B400A201A09920C020009908C020009808A20B
:1092C400AEFFA09910C2A1000BA2A0CB93C099201D
:1092D400C020009908C020009808A1DDED22C2FE3C
:1092E400A09910A1DAED20AB93A09920C020009999
:1092F40008A2A12C81A0ECE008001DF03641002159
:10930400D0EDC020002802202E151DF0364100218A
:10931400CCEDC0200088022141EC808E1526180F68
:1093240021CDED8C9821CCED82C8FE0C09802993C7
:109334001DF0000036410091C2EDA1C8ED302201BC
:10934400C020008809A02210A14FECA08810802220
:1093540020C0200029090C3A8187ECE008001DF0A8
:1093640036410041BFED7CB8C02000680452A1E042
:10937400806610C020006904C0200078040C866058
:109384007720C02000790441B7ED5713020633005B
:10939400C0200058040C4CC0552022C2E0C020005C
:1093A40059040C370C040C1B2074830C551CA82086
:1093B4004B83D2A06BA2A066205C832068832D041B
:1093C400A5F0FEC0D51120DD200C2C0C1BA2A0663C
:1093D400A5EFFEDD060C3C0C1BA2A066E5EEFEFD2F
:1093E400040C0E0C2D0C5C0C1BA2A06625F1FEFDDA
:1093F400040C4E0C6D0C5C0C1BA2A06625F0FED276
:10940400A070D0D720C2A006B2A001A2A066E5EB4E
:10941400FE0C1D0C2F0C0E0C9CBD0DA2A06625EE9F
:10942400FE418FED2142ECC0200058042705F7A22D
:10943400A00A8150ECE00800C0200028047C75508C
:109444002210C020002904C0200028040C4550220A
:1094540020C0200029042184ED39021DF0C0200021
:10946400522400B2A001805510C020005264002292
:10947400C2E05D0B0C040C4C2054930C66D2A06922
:10948400A2A066206C930C372D0525E4FE0C55062E
:10949400CCFF00003641002175EDC0200088028019
:1094A40020F48090F59792080B887CD98739011DA8
:1094B400F02C8206FEFF0000364100A5FDFF273A8E
:1094C40020209AC290B141A0BB8090BBC282A00070
:1094D400B7920A826300A913992329330C182D0823
:1094E4001DF05C0887121782A0A087121692A0F0C4
:1094F4000C089792E80C290C18A2A1E0C6F4FF0C02
:109504006986FCFF0C3946FBFF0000003641003140
:1095140058EDC020004803404A1426143E9CC4263B
:10952400246921C0EB28028CF2659C06BD0AC15156
:10953400EDA151ED81C2EBE008001DF000C0200058
:1095440032230025F5FF30309432C301308AC24201
:109554006200A9123922893286F7FF008142EDC0E8
:1095640020003808C020008808303014808204ECC1
:10957400D8A2A140CC835C080C43A2A14086F3FF8F
:1095840026131166239B82A0F086F0FF0C880C132F
:10959400AD0846EEFF4D0382A0A00C33C6EBFF00DE
:1095A400A2A1E05693FD4D080C635C08A2A1E0065D
:1095B400E7FF00003661005C030C0437122A32A076
:1095C400A00C1437122232A0F00C2437121A319551
:1095D400EB0C043803471310659106BD0AC125ED51
:1095E400A127ED8196EBE008008125ED203F318035
:1095F40082B2AD018085213038C025F1FF88312742
:10960400B85D82A0F0879230811FED0C4DF2080006
:10961400CD0D0C0E0C1BA2A06D65CEFE811BEDA220
:10962400A06DF208000C0E0C4D0C6CB2A00125CDFF
:10963400FE2C8A81D0EBE008000C79A114EDB11462
:10964400ED0003409090B1309911C02000880AB019
:109654009910B110EDB08810809920C02000990AAB
:109664009101ED7CCAC020008809A08810404820E0
:109674008100EDC020004909C02000480892AC00D8
:10968400904410C020004908C0200048089102ED11
:10969400AD0290441092A400904420C020004908D8
:1096A40041FFEC8159EC89048100EDE00800483168
:1096B40047B25C22A0F027942F21F9EC0C4DF20262
:1096C40000CD0D0C0E0C1BA2A06D65C3FE21F5ECA4
:1096D400A2A06DF202000C0E0C4D0C6C0C1B25C2EA
:1096E400FE2C8A81A4EBE008000C7841E8EC00032E
:1096F400408080B131E7EC308811C020002804306C
:10970400881031E4EC302210208820C02000890425
:109714001DF00000366100AD0125DFFFAD0281E2DE
:10972400ECE0080081D3ECB2AC00C02000A8080B28
:1097340033B0AA10C02000A908C020009808303017
:1097440094B09910903320C020003908C02000380C
:109754000891D1EC903310C020003908315BEC3013
:10976400228231CEEC2903383122A0F02793302114
:10977400CCEC0C4DF20200CD0D0C0E0C1BA2A06D16
:10978400E5B7FE21C8ECA2A06DF202000C0E0C4D50
:109794000C6CB2A001A5B6FE2C8A8176EBE0080021
:1097A40031BBEC81BCECC02000280380221081BFB7
:1097B400EC802220C0200029031DF0003641003136
:1097C400ACECC02000422300322200404A1456F37D
:1097D40002B822A832E5F3FF66142221B5ECC020BA
:1097E40000281217E2174136EC82A540C020002859
:1097F40004802220C020002904219BEC39021DF0A2
:109804000066132726141C412EEC82AABFC0200038
:10981400322400803310C0200032640065C7FFB8D2
:1098240012E5B3FFA832E5D8FF46F4FF6623CED194
:10983400A1ECC1A1ECA1A1ECB2A20AE5780600005A
:109844003641008802AD02CC98B822A83265ECFFFC
:109854001DF000006618148184EC92220182280015
:10986400879908A22203E5D4FFC6F8FFE5F4FF4672
:10987400F7FF0000364100E5C1FFB2A00165E9FF32
:10988400818CECC0200082280117E819910DECA20C
:10989400A540C020008809A08820C0200089098133
:1098A40072EC0C0999081DF0364100817CEC280803
:1098B4001DF000003641009162ECA2A400C020001B
:1098C4008809A08820C0200089090C5A812AEBE06D
:1098D40008001DF036610010A12025C3FF8221007D
:1098E40066180825F9FF10A12025EDFF1DF00000E2
:1098F4003641008173EC6CFEC0200048082030041F
:10990400E04410C03311403320C020003908316DC9
:10991400EC20A104C02000880342AEFF40881080E0
:109924004A11408820C020008903C02000480381D8
:1099340066EC50AA11804410A04420A164ECC0201D
:10994400004903C02000380A209604C04911E033BE
:1099540010403320C02000390AC02000380A7CB4EB
:10996400403310E04911403320C02000390AC020A0
:1099740000380A7CE4403310903320C02000390AB8
:10998400A154EC20D404C02000380A7C74D08D117A
:10999400403310803320C02000390AC02000880AD8
:1099A4007CD3308810F0DD11D08820C02000890AD3
:1099B400A149EC20C504C02000F80AE2AFDFB08C56
:1099C40011E0FF1080FF20C02000F90AC02000D859
:1099D4000A20B07440DD10D04C1140DD20C02000BE
:1099E400D90AC02000880AF0CC11308810C0882021
:1099F400313AECC02000890AC02000A803B0491104
:109A0400E0AA1040AA20C02000A9033134EC42ABE4
:109A1400FFC02000A80360991140AA10909A20C0AA
:109A24002000990382AF8D32A07280821030BB1067
:109A3400B0882032AF0030221080807442A0808031
:109A440022203127EC470827C0200048038125EC59
:109A5400804420C0200049033122EC876221C020C9
:109A64000028030C74402220C0200029031DF000AC
:109A7400C020004803811CEC80441006F5FF000060
:109A8400C0200028037C8440221086F6FF000000DA
:109A94003641004D022D0356D4192586FF661A025D
:109AA400066800A2CAFE32A001A0438331E5EBC0E0
:109AB4002000580350584166241207E50FC02000C7
:109AC400680372A100706620C020006903E579FF75
:109AD4006D0A257BFF7D0A661419BD04AD0465700B
:109AE400FF81D7EB92A200C020003808903320C039
:109AF4002000390891FEEBC020003809C7632831E3
:109B0400FCEBA2A080C020008803808074A0882081
:109B1400A143EAC020008903C020008809A7880760
:109B2400C0200088030768EF31F1EBA1F2EB308429
:109B340011C020009803A08810A1EFEBA099109009
:109B44008820C020008903C02000880391ECEBA189
:109B5400ECEB908810C020008903008211C0200023
:109B64009803A08810A1E7EBA09910908820C0204A
:109B740000890331DFEBC020008803808064262441
:109B840002063100D09201908820C124EAC020004E
:109B9400890331D6EB91DCEBC020008803A14AEBAA
:109BA400908810C0200089039130EAC02000880307
:109BB400A0B2A2908820A0A282C020008903D2A0D3
:109BC4000081DEEAE00800816BEAE00800B113EAF4
:109BD40091C8EBAD03C02000280AB0221016F20889
:109BE40021CBEBC020002802202741C0200088039D
:109BF40091C6EB805511908810C0200089033190E4
:109C0400EB92A100C02000880390551092AEFF9003
:109C14008810805520C020005903661416C0200007
:109C2400480352ADFF504410C020004903BD07ADA6
:109C340006255BFF1DF00000263402469BFF0C0442
:109C4400069AFF000C248698FF661410D0920190A7
:109C54008820C020008903C180EB06CDFFF092016B
:109C6400908820C020008903C17BEBC6C8FF000098
:109C7400C02000880907E80246D6FF06DBFF000083
:109C84003641002581FF5D0ABD03AD0225E0FF30AA
:109C940045826D0A0C073035A2662254810BEBC154
:109CA4009CEB8023828054828084A2505F418A820C
:109CB400F02801505220D120EA802F41AD05BD0289
:109CC400819FEAE00800A085C00C198735019D0733
:109CD400B0C2C090CCC0562C0587364FAA850C194B
:109CE4005738019D0CBA222A292797040C02673899
:109CF40038D0A6010B5A602D410C16A735010C066D
:109D04000B222A2640A141106301A0A620AAA53057
:109D140061410C1B573A02B2A0006A222ABBCD044F
:109D2400DD038186EAE008002D0A1DF00C0206FE20
:109D3400FF00000036410020BD41D03301CD040CAA
:109D44000DD0A20130BB20817DEAE008002D0A3D40
:109D54000B1DF000364100916FEB21C3E9C02000D8
:109D64008809316EEB208820216CEBC02000890922
:109D7400C020002802C0200038031DF03641009C9A
:109D840012A167EBB168EBCD02D2A000816CEAE0CE
:109D940008002D0A1DF000003641008D0228E2A6BD
:109DA400120D28A8A22809A7921792280227E911C0
:109DB400D15EEBC15EEBB2A243A15DEB101120A515
:109DC4002006B8C8B7320498D897320BD15AEBC1E1
:109DD40057EBB2A24406F8FFC8B8C7120BD156EB32
:109DE400C153EBB2A245C6F3FF273A04C828276C37
:109DF400162099C08C14973424990548E8B9A89082
:109E040094C099E81DF00000209AC08C1497340D7A
:109E1400990548E8A9A89044C049E846F9FF4905CE
:109E240058E84055C04A4259E849A846F5FF0000A1
:109E34003641003080149C08D141EBC141EBB2A201
:109E440069A13BEB10112025180698C297B30CD1D9
:109E54003DEBC13BEBB2A26A46F9FF00A8D237BA88
:109E64000BD139EBC137EBB2A26BC6F4FF32C3F8A6
:109E74008803B81287BB0CD135EBC131EBB2A26FAA
:109E840046EFFF0088130C2BB7080CD131EBC12C23
:109E9400EBB2A27046EAFF0007680BD12EEBC12893
:109EA400EBB2A27146E6FF7CBCC088100C1CC088D3
:109EB40020E8B289137CCD381E3080148C5888B2C7
:109EC400F8A2F79816382227634F88B29882971819
:109ED400437CB88033103922860F0000B70315C0C5
:109EE4003320391E99B238B2303AC0F6830199B2A0
:109EF400E8B246F0FF380E3B33D033108B333A3898
:109F0400880239B28A8937B8DCD113EBC10DEBB2C0
:109F1400A286C6CAFF98A29718B61DF03641008DD6
:109F240002CCD3D10EEBC10EEBB2A21BA101EBA567
:109F3400090628E2A6120C98A828989792112228BC
:109F44000227E20BD1F9EAC106EBB2A21CC6F6FF66
:109F54009020148CB2D103EBC102EBB2A21D86F2A5
:109F6400FF00A8C8A73904B8D8B7390BD1F2EAC1A1
:109F7400FCEAB2A21EC6ECFFD8190C22D02210C8EB
:109F840018D809D7BC0DCCC2D1F8EAC1F5EAB2A2FF
:109F94001FC6E5FF9C42280AA9A89D0A27BC0CD12C
:109FA400F3EAC1EFEAB2A22706E0FF00C8A8E80975
:109FB4008B2C0C1DA732010C0DD0D074560E01272A
:109FC4003B019CBDD1EBEAC1E6EAB2A22CC6D6FFA6
:109FD400B7B2018CADD1E7EAC1E2EAB2A22F86D2D0
:109FE400FFE905D8E80BDDD9E8D819D0D204D903A4
:109FF40098097CC33B993099108B999A9C90BBC06B
:10A00400B68B0499A81DF000A9A8C6FDFF000000A6
:10A01400364100B22208208220B0E014C2220D8C06
:10A02400DED1D5EAC1D6EAB2A15AA1C1EAA5F905A1
:10A03400D8C2C7BB16D73B13B0FCC0F68F19D1D119
:10A04400EAC1CEEAB2A15CC6F7FF0000D1CDEAC1F5
:10A05400CBEAB2A15B46F4FF7CCA3B93A099108B78
:10A06400A9A7BF070C22291BE90BD98898880C02E1
:10A07400291939098B29AA9990CCC0B68C139988CF
:10A08400988838B837990898280C4330992099282B
:10A094001DF0D98806FAFF003641003040149C04B4
:10A0A400D1A7EAC1B9EAB2A17FA1A1EA101120A502
:10A0B400F10598C297B30CD1A3EAC1B3EAB2A18067
:10A0C40046F9FF00A8D237BA0BD19FEAC1AFEAB272
:10A0D400A181C6F4FF32C3F84803881247B80CD1F3
:10A0E4009BEAC1A9EAB2A18546EFFF0088130C2CB4
:10A0F400C7080CD197EAC1A4EAB2A18646EAFF00D8
:10A104000C8BB7080BD1A1EAC1A0EAB2A187C6E5BE
:10A11400FF7CB4408810B08820891338E2F8921B81
:10A124003339E20CAD7CCE381FD703074892822224
:10A13400088794031DF00000C70315B03320391FAE
:10A1440099923892303AC0F683019992F89246F582
:10A15400FF880F38023B88E088108B888A848992B4
:10A164003A3987B3DCD18AEAC188EAB2A19FC6CD65
:10A17400FF000000364100988290C01416EC00D114
:10A184007EEAC184EAB2A12BA16AEAE5E305F8C23A
:10A19400F7390488D287390BD17AEAC17EEAB2A1B1
:10A1A4002CC6F8FF7CCA3B33A03310A8B28BE30C57
:10A1B4001BA7990B9822909204B089302D081DF0AA
:10A1C400A7B90C909AC08D0BE7B9F08D0CC6FAFFB5
:10A1D40090D8C08D0BE7BDE3D822D0D0048CFD28E5
:10A1E40002A099C032C3109092C037B9CE86F6FF50
:10A1F400F09AC0E7B9C58D0D06F0FF003641002086
:10A20400858052640C52640B59A4599459840C05EA
:10A21400290489D459E45924579344315FEA20210D
:10A22400413934315EEA3B223944315DEA395431F3
:10A234005DEA39647CC330221022C2F82914215A01
:10A24400EA0C0D2974A2C43C22A0E4CD0DBD0D2559
:10A25400F6002A44215DEA29040C0229141DF000A9
:10A264006613203924314CEA22C2F03934314FEAE2
:10A2740029143944314BEA214EEA3954314AEA3936
:10A284006406EFFF0C233924314BEA2914393431A5
:10A294004AEA214CEA39443149EA39543149EA3924
:10A2A4006406E7FF364100A88252220C573A04584C
:10A2B400D2573A0ED133EAC145EAA11DEAB2A1EA66
:10A2C40065D005A055C047B51B50C52030B32081CB
:10A2D4005AE8E0080082220E5A335A885044C05883
:10A2E400C289E25982A882CD04BD038153E8E00803
:10A2F4000038E258824A3339E24A4538D249823733
:10A30400940338C23982488238B237940838220C10
:10A3140045503320392249921DF000003641006235
:10A32400220852220D60801416E800D113EAC128D5
:10A33400EAB2A1B5A1FFE925C90578C27736145759
:10A34400B6116055C0F68517D10FEAC121EAB2A152
:10A35400B7C6F7FFD10BEAC11EEAB2A1B6C6F4FF35
:10A364003B947CC77079108B9797B52D52C5F88BA9
:10A37400A689165906A982161506CD05BD03812E98
:10A38400E8E0080088E25A331B885044C05077C084
:10A3940089E20C45591658C25982A8820C05490A0B
:10A3A400591A8BAACD04BD03A9828123E8E00800D1
:10A3B40038E248821B3339E238D27A747982707376
:10A3C400C0F6870338C23982488238B237940838D5
:10A3D400220C45503320392249921DF00C2586EC7D
:10A3E400FF00000036410040B42020A22025C2FF17
:10A3F40030B320CD048110E8E00800BD0AAD02A509
:10A40400C9FF1DF036A100594169517971E58F01E9
:10A4140052211462A0905AAA593152A0E4A26106B2
:10A42400606280505280B2210360A6206508012634
:10A434001A0772A0002D071DF000B2AFFF50A5202F
:10A4440065E90220A220E53F007D0A261A02C62003
:10A454000098220C2C90CC108852D841B2C12C8C7C
:10A464002CC8710C0B20A220E00800822202A263F7
:10A47400000768430C0CC7143E8851C7183988B1CB
:10A484006618328852D851B2C12CAD02E00800A936
:10A49400043803373A0ED1CFE9C1CFE9B2A31DA1E5
:10A4A400A4E965B20538B18CD3D1CCE9C1CBE9B20A
:10A4B400A31E46FAFF00C90428E2AD05E5F502E64D
:10A4C4001202C6DBFF0C0DCD0DBD0DAD0625CE0071
:10A4D40046D8FF00009221142609092583018861CA
:10A4E400A0A8C0A931AD0565F30292211488318773
:10A4F400390206CCFF46CEFF36410088C287B30E30
:10A50400D1B8E9C1B8E9B2A29DA189E9A5AB058892
:10A51400D287330BD1B5E9C1B3E9B2A29E06FAFFE3
:10A5240038A2882239B22768067CB3308810892281
:10A534001DF00000364100988288C287390488D211
:10A5440087390ED18FE9C1A9E9A179E9B2A147A55B
:10A55400A705A8B20C18A7990B2822202204802250
:10A56400301DF00000A7B90C909AC037B9010C084F
:10A574002D08C6FAFF2802A099C09092C086FAFF5F
:10A58400364100882227E821988288B29088C098B2
:10A5940002E618019A882D0887B910D195E9C1956A
:10A5A400E9A163E9B2A12425A2050C021DF0000073
:10A5B4003641005D02DC02D190E9C190E9B2A36AA0
:10A5C400A15CE910112025A005B6330CD18DE9C199
:10A5D4008BE9B2A36BC6F9FF002623073B5222AFD7
:10A5E400FC205510B2A0ECA2A00125B6052D0A0C42
:10A5F400160C04AD0520468365AD054040747D0A04
:10A60400CC34A046838CC4AD0265AE05AD0725AE3F
:10A61400050C021DF0D2C23CCD04BD040C3EAD06B7
:10A62400E5A000D2A090DAD2CD04BD040C3EAD0664
:10A63400E59F00DD07CD0230B32050A520E5BBFF28
:10A64400C6F3FF003661003921CCD2D16EE9C16E68
:10A65400E9B2A403A137E92597050C060C1340368B
:10A66400936821303074CCF6CCD3D168E9C166E963
:10A67400B2A40446F7FF000000681247B602061FA2
:10A684000068221766040C1656430725680132C277
:10A694003C5AAA391132A0E4A9317D053A32A811F5
:10A6A400BD0725E100661A557CFBAD03A5C202680F
:10A6B40032BD04AD02E006006D0A661A2AB82158BC
:10A6C40042CD04AD02E00500AD0265EBFF4D0AADDD
:10A6D40003A5D402ECE40C0DA2A090CD0DBD0DAAEF
:10A6E400A2E5AC000606000026050A101120E5616B
:10A6F400016831A076C0AD0325D20277B59F0C0660
:10A704002D061DF00000D2A000A22101D0CD20BD55
:10A714000DE5A90086EFFF0036410056E200D1396D
:10A72400E9C13BE9B2A440A102E9E589050C180C92
:10A734000640869380807467930E67980BD133E943
:10A74400C134E9B2A44146F7FF681247B6070C06C4
:10A754002D061DF0000068221766040C1656F8FE3C
:10A7640072A0E47A727CFBAD07E5B6026832BD04E0
:10A77400AD02E006006D0A661A358842BD03CD04B9
:10A78400AD02E00800AD02A5DFFF0C03A03693ADD7
:10A7940007A5C802661307BD05A2C23C25C400660E
:10A7A40016ABA2A090BD05AAA265C30006E8FF00EF
:10A7B4000C036D03C6F5FF0036810056E200D1118B
:10A7C400E9C114E9A1DBE8B2A467E57F050C0F2019
:10A7D400A220426100ED0FD2C11CCD0FB2C1186599
:10A7E400C2FF0C02661A0827130328712903286183
:10A7F4001DF0000036410056E200D102E9C106E92D
:10A80400B2A50BA1CBE8257C05CCC3D104E9C102D8
:10A81400E9B2A50CC6FAFF000042A0E44042807CE5
:10A82400FBAD0465AB028862BD03AD02E00800AD78
:10A8340004A5BE020C0DCD0DBD0DA2C23C25970092
:10A844001DF0000036410098228D02176909B8A254
:10A85400A8B222A000A79B13A8E80C02A61A0CA871
:10A86400A8889822A001879A029022041DF0000073
:10A8740036410098220C0827E921A88298B2A089C1
:10A88400C0973A0C88D2A088C0A8C2A099C090886A
:10A894007382C8F896880028122088632D081DF05A
:10A8A4000C0886FDFF00000036410098220C0827A2
:10A8B400E919A882B8C298B2B79A14979A11880273
:10A8C40082C8F89628022222012088632D081DF0F0
:10A8D40097BA05A089C086F9FF88D2B099C0A0882C
:10A8E400C09A8882C8F046F6FF0C0846F7FF0000BD
:10A8F40036410098220C0827E90D88B29882908886
:10A90400C0E6180328022A882D081DF036410021CC
:10A91400F7E61DF036410021F5E61DF0364100A1B1
:10A92400C0E8CD03BD0281C5E6E0080030A3208164
:10A93400C1E8E00800BD0AA1BBE881C0E6E0080068
:10A9440081BAE8E0B011808E15208801B0B2418050
:10A95400BB20A1B6E8B2CBFD81B9E6E00800A53E74
:10A96400FC8CFAA1B3E8ED07DD06CD05BD0481B387
:10A97400E6E008001DF00000364100A1AFE8FD0646
:10A98400ED05DD04CD03BD0225F9FFA55A05000040
:10A99400364100AD0225E5FC3641001DF000000003
:10A9A40036210030EB03303D0421A4E82023A00C21
:10A9B4001339021DF0000000C9F1D26110CD0085E9
:10A9C400170040EB03404D04219EE82024A031D918
:10A9D400E73034A028029CE228031B2229036612D4
:10A9E4001621D8E72024A028028CB219021195E878
:10A9F4002196E82024822A110D0C0DF040EB03402F
:10AA04004D04218FE82024A031CBE73034A000632B
:10AA1400002802ACE228030B222903EC6221C9E7D7
:10AA24002024A028029C0218022184E82024A038B3
:10AA3400029C0332A000326200101120D50A0010DB
:10AA4400112085000045190008010DF0D54A0121A7
:10AA5400BDE730EB03303D042023A0322200122353
:10AA6400003262002801CCF2283120E7F3382108B3
:10AA74001110200030E6131DF031B2E720EB032063
:10AA84002D043032A032230022230132120030E0A0
:10AA9400138514001020000221000DF0364100201F
:10AAA400E60309112921702EE329316168E8602247
:10AAB4001022C20320E613102000C5DF062821203F
:10AAC400E613206300051A00219FE730EB03303DB5
:10AAD400042023A028020C033901190228120C03B4
:10AAE40030E01316220032520005F6FF3621003101
:10AAF40095E720EB03202D043032A03803281330CF
:10AB0400E0033252000C0330E0131DF030EB03304D
:10AB14003D04F14BE8F0F3A0F80F9C6FF186E7F0E9
:10AB2400F3A0F80FCCCFF187E7F0F3A0F80F8C4F28
:10AB3400F81F0DF00C0F0DF029513961497159813D
:10AB4400699179A189B199C1A9D1B9E1E26111F2FF
:10AB54006112300303326113300003326116300195
:10AB6400033261173002033261189D00C26119D2A9
:10AB7400611A92611BC8F1D2211098C122C17005DB
:10AB8400EA0620E6030CF0003210F6330232A0038A
:10AB94000130E800332030E61300B10312D1011272
:10ABA400C1C0C0CC10308040C0CC10308040C0CC7C
:10ABB40010308040C0CC10308040C0CC1040804069
:10ABC40012D1FF12C14020E61310200000B113C2BD
:10ABD4002119D2211A92211B0D090DF0DD0022C189
:10ABE40070C5E0060D0D2221163221172000132214
:10ABF400211830011320021332211328513003137A
:10AC0400386148715881689178A188B198C1A8D1F8
:10AC1400B8E1C8F1D22110E22111F221120DF000A5
:10AC2400362100214AE732C22042A00049024B22C9
:10AC34003732F81DF000000036210050EB03505D60
:10AC4400041C033055823141E750338042C3105213
:10AC5400A000606300780377920159034B334733B4
:10AC6400F360E6131DF0000020E0039CD2ED00C564
:10AC7400E9FF0D0E9C4F225F02D135E7F82F0762E2
:10AC840003E80DFA3E376203E83DFA3E0DF000009A
:10AC9400ED0085E7FF0D0E9C9F321F0220333039F3
:10ACA4001FD12BE7F82F076203E80DFA3E37620342
:10ACB400E83DFA3E0DF0000036410020EB03202D64
:10ACC4000431E4E7C1E5E70C0EDD03B2A402A2C23D
:10ACD4003981E7E7E008008CCAE1E0E7D1E1E7B1B8
:10ACE400E1E75C1C25C9FF56B209AD03A5CD038875
:10ACF4000391DDE7C020004858DD02904410C020D5
:10AD0400004958C0200029680C14C020004268186B
:10AD1400CD02BD04AD0365F303CD02BD02AD0365F1
:10AD2400E803CD04BD04AD03DD0225F203CD02BD6D
:10AD340004AD0325E703CD04BD02AD0365EA03C2F8
:10AD4400A3E8BD02AD03A5D803CD04BD02AD0365E0
:10AD5400E503DD04CD0240B42030A320E5EE03DC9E
:10AD6400E2BD02AD0325EA03BD04AD03A5EB03C1B7
:10AD7400BFE7D1F1E5BD04AD03E5DC032D0406ED29
:10AD8400FF6612F71DF0BD02AD03E5E703C6FCFF45
:10AD940036410065FD00A02A20164A000C0A65749D
:10ADA400FD1DF00036410042C24CB2AFFF40A4206A
:10ADB40065520240A420C0200038E20C14E565026C
:10ADC4000C023024831DF000364100C22210C02042
:10ADD4000052220E30B320569C0138024D0CCC7325
:10ADE400A82225BF014D0A39221B55C0200059E273
:10ADF4002D041DF0DCD4A8128190E5E0080088122F
:10AE04003222103A88382289123738DC3802391253
:10AE140046F5FF0000A8328188E5E0080082221090
:10AE240098328080608A993802993237B90598221D
:10AE34008A8989326624090C044715AC0B55C6E986
:10AE4400FF0C0486E8FF000036610042221229311B
:10AE5400CCD4D188E7C188E7B189E7A189E7A516F1
:10AE64000562C44C7CFB60A620E54602C02000229B
:10AE7400240E58F457320CD183E7C17FE7B182E73F
:10AE8400C6F5FF00C0200082240E0C0257B82CC067
:10AE94002000520445CD03CBB140A420A5F2FF50BD
:10AEA40050740085232D0A660819C0200058948C1C
:10AEB40095A2C424E529010C14A02493AD06E555FC
:10AEC400021DF0001B55505074C0200052444546EA
:10AED400FAFF0000364100C22210AD039C5C8832A8
:10AEE4009822CA88893297380388028932B8328115
:10AEF40052E5E008001DF00036410042C24C7CFBE4
:10AF0400AD04101120253D02C0200032024562C26A
:10AF140024303074005323E6153A32AFFFC02000CA
:10AF240032424540A420654F027CFBAD04A53A02A1
:10AF3400C0200032024452C210303074008323E631
:10AF4400183D32AFFFC0200032424440A420E54CFB
:10AF54000290000000522212164501B2A000AD0278
:10AF640065EEFF8C1A253E010B33303074C6E8FFC2
:10AF7400C0200058921615FAAD06A51D0186F8FFEB
:10AF8400C020008222041688FB50A520651C018C79
:10AF94001A653B010B33303074C6E7FF3641005667
:10AFA400E200D13AE7C13AE7A136E7B2A11FA50111
:10AFB4000566130A4105E74262130C044262144217
:10AFC400C24CB2AFFFAD04253102B2221098F2A8F0
:10AFD40002908B82A9128A9AB088C08A8A99220C1C
:10AFE40009C0200099E289327CF8C02000824244E2
:10AFF400C02000824245979326C020003842971310
:10B0040010A2C210E514018C7AA0EB03A0AD04E5F4
:10B0140073FC40A42065400222A0019000000000BF
:10B02400A2C210A50F02A2C224250F0286F8FF00B7
:10B0340036610056E200D117E7C117E7B2A161A15A
:10B0440010E765F804CCD5D115E7C113E7B2A165C3
:10B05400C6FAFF0000000C1A0C09409A8390907401
:10B06400BD0ACCF9309A93CCA9D10DE7C10BE7B254
:10B07400A16946F2FF0C08408B93808074CCF830B1
:10B084008B83CCA8D108E7C104E7B2A16A86EBFFA1
:10B094005C48C020008931C02000983187190CD148
:10B0A40002E7C1FDE6B2A174C6E4FF00C02000823D
:10B0B400210382A00130458322650F82454649055C
:10B0C4003265100C1BAD0565EDFF0C022265122DD7
:10B0D400051DF0003641004D02DC02D1EEE6C1F35D
:10B0E400E6B2A1A1A1E7E6101120E5ED0430A282A9
:10B0F400AC23302AC247120BD1EEE6C1ECE6B2A172
:10B10400B1C6F7FF22AFABA7B20BD1EAE6C1E7E6BF
:10B11400B2A1B446F3FFA2CA5465FB04A02A2016C8
:10B124001A0282A000824A468D0A16230082CA545B
:10B13400326210890249F20C1BAD0232A000E5E52F
:10B14400FF3262121DF0000036410042C24CB2AF21
:10B15400FF40A4202518028222000C0337980138EE
:10B164002240A420652B0230232090000000000020
:10B17400364100AD02DD0456E200D1CFE6C1CFE690
:10B18400B2A2F8A1BFE625E40437B20CD1CDE6C1E2
:10B19400CBE6B2A2F986FAFF00C2A000E2A002C088
:10B1A400BC20E5E8FF8C3AC0200039EA2D0A1DF0E6
:10B1B4003681004931CCD2D1B5E6C1C2E6B2A3345E
:10B1C400A1B0E665E004DC234222108CD4D1BEE6B3
:10B1D400C1BDE6B2A33586F9FF000000662510481C
:10B1E400F226140BD1BAE6C1B7E6B2A336C6F3FF12
:10B1F400A53B01562A0142210316C400D1B5E6C17C
:10B20400B1E6B2A339C6EDFF00480216540682A087
:10B214000042C5FE72A0019D0840978362C24C9013
:10B2240040747CFBAD06826102E50A02C02000A8DE
:10B23400E298F28821973A02164406BD03CD05AD83
:10B2440002C0200078E225B8FF32221216C303168A
:10B254001700DC44BD05AD02101120E5BEFF168ABF
:10B2640000A0EB03A0AD04654EFC60A620E51A0225
:10B274000C121DF048221644F9A50E01A7148ED114
:10B2840095E6C190E6B2A34006CDFF00C020003889
:10B29400921693FCA2C224E5EB0006F0FF00000026
:10B2A40092210356A90060A6202517020C0206F07D
:10B2B400FFCC48A2C118A5FB00AD062516027CFBF5
:10B2C400AD066501027CFB60A620E50002C02000FB
:10B2D4008202440088236608070C08C020008242CA
:10B2E40044C020008202450088236608070C08C079
:10B2F4002000824245AD06651202CBB1A2C118E519
:10B30400F800566A03C0200098E288F287190EAD4F
:10B314000265BEFFAD066510028D07C6C0FFB831D9
:10B32400A2C21065DE00AD02E5BCFFAD06E50E026B
:10B33400A0EB03A0AD046541FC06F7FFAD02A5BB7D
:10B34400FF46D8FF364100C2A00020E07430D3206D
:10B35400BD0CA2A001A5CDFF2D0A9C6A811BE60CA1
:10B364000BB92AB90AB93A826A13B26A14DD0BCD51
:10B374000BE5E3FF1DF0000036410056E200D15614
:10B38400E6C156E6A13FE6B2A295E5C304482265AC
:10B39400FD0032A000A79413B8320C130BBBB932D2
:10B3A400CC8BDD0BCD0B20A22065E0FF2D031DF01F
:10B3B40036410020C074B2A000A2A00165D1FFA054
:10B3C4002A209C6A8101E60C0BB92AB90AB93A828F
:10B3D4006A13B26A14DD0BCD0B65DDFF1DF00000AE
:10B3E4003641004D02DC02D129E6C13DE6B2A4C1DA
:10B3F400A124E610112025BD042222108CA2D139EB
:10B40400E6C137E6B2A4C546F9FF2804DC022824C5
:10B414008CC2D135E6C132E6B2A4CA46F4FF0000BC
:10B4240060630052C44C7CFBAD05E5EA01C020001A
:10B4340098E478F40C0277B95CC020008204451BC0
:10B4440099808074C0200099E400782366075672BE
:10B454002412271713BD02AD04E59EFF271302270C
:10B464009A2D0C12860B000000C02000222409161D
:10B47400F2FEA2C42470272042A00130249320208D
:10B484007425CD0016A2FDA0478340A074161AFDB2
:10B4940022A00122630050A52025F801AD068113E6
:10B4A400E6E008001DF01B88808074C02000824400
:10B4B4004546EBFF36810039314D0256E200D10C8E
:10B4C400E6C10CE6B2A609A1EEE5E5AF042222101E
:10B4D4008CD2D104E6C107E6B2A60D06FAFF00003D
:10B4E40000A50C01A05A20563A013221032D0A8CE2
:10B4F400D3D1F7E5C100E6B2A61246F2FF005D0221
:10B5040032C44C06290062210356C60030A320E54C
:10B51400F0010C024635000000CC45A2C11825D527
:10B5240000AD03A5EF017CFBAD03E5DA017CFB3044
:10B53400A32065DA01C020005204440055236605A7
:10B54400070C05C02000524444C0200052044500AA
:10B55400552366050852A000C02000524445AD039F
:10B56400A5EB01CBB1A2C11825D200562A09AD041E
:10B574002583FF16BA075804DC157CFBAD03A5D55B
:10B5840001A8246536012D0AAD0325E901B831A2CD
:10B59400C42465B700AD042596FFAD03E5E701A01B
:10B5A400EB03A0AD04651AFC52A001B2AFFFAD03DA
:10B5B40065D201C0200088E416A8F40B882804C0D2
:10B5C400200089E4564200255601A924C020002207
:10B5D4002404160201A2C410A5B7008C7AA0EB03C0
:10B5E400A0AD04A516FCAD0325E3010C121DF0006B
:10B5F400000040A4202590FF30A32025E20186E925
:10B60400FF40A420258FFF30A32025E10140A42082
:10B614002579FF161AF91632FD7CFBAD03A5CB0183
:10B62400C02000B8948C7B28C41C9B280220BBC07B
:10B63400A824A54401C6B4FF36410056E200D1A6B1
:10B64400E5C1ADE5A18FE5B2A2CDE5970448226539
:10B65400D100A7940C88320C1A1B8889322D0A1D3C
:10B66400F00030B32020A220A5E4FF16EAFE8222D7
:10B67400031B88893206F9FF3661009D03CCD2D1C1
:10B6840083E5C19EE5B2A790A17EE5E59304DC23A2
:10B694003222108CD3D19AE5C199E5B2A79186F9EB
:10B6A400FF00000070630062C24C7CFBAD06993160
:10B6B40065C201C0200088E20C03983137182BBD05
:10B6C40009AD02C020005202448931A580FF8831AF
:10B6D4005050740B88C0200089E200852366083D21
:10B6E400C02000584237951732A00160A620E5D249
:10B6F4000170A720817EE5E008002D031DF0000005
:10B70400A2C21052A00130232040259365A4001644
:10B7140052FDA0359316F3FC52640046F2FF1B550C
:10B72400505074C02000524244C6EEFF364100AD72
:10B7340002DC02D156E5C173E5B173E5A151E51010
:10B744001120658804820246CC18659A041DF00015
:10B754003661008D0338C1CD04A8D3B2A0A58931C8
:10B7640049218137E3E00800D82148D30B9D9A444E
:10B774007C0990441088314263131628090C091C73
:10B784000A768A0D9AB8B20B009AC3B24C388C0B65
:10B794001B990C088243471C8880866368E189C32F
:10B7A4006263120C068263146263158BA38931D918
:10B7B40021259801A2C31CE5970188311C99808931
:10B7C400C0D821C8D3B8D189734BA3395339A365E1
:10B7D400D501A2A1500C4CBD06626316626317AA80
:10B7E400A38117E3E0080082A1548A83624800A27F
:10B7F400C3606563FD82D301624856DD06CD05BD95
:10B8040002AD04A5A001A90367170139071DF000C3
:10B8140082433806E0FF0000364100913CE5C02039
:10B82400008809C02000A808813AE5CC9A7CF9C0B8
:10B83400200099081DF00000C0200098099839984C
:10B8440039982906FAFF000036410056E200D1314A
:10B85400E5C131E5B132E5A132E5E576048222178E
:10B86400168800B22216A2A000E008009000000092
:10B87400364100A2C260812EE5E00800A2C204A500
:10B88400C90182D20182085556C800A8D22586046F
:10B89400AD02E585041DF0002618F42628F6D12112
:10B8A400E5C121E5B122E5A11EE5E5710400000032
:10B8B4003641000C0240EB03404D040C156D024070
:10B8C4006583E06611311FE5C020007803BC07A141
:10B8D40019E5B2AFFF25A0019118E57D02C0200053
:10B8E400A8099C3AB118E4E0C411A839D115E5CAF5
:10B8F400CB6ABBD79A16207220A10EE5E5B101FCF4
:10B90400B78112E5E0080086EAFF000000783AC03B
:10B914002000980C971721C02000980B97171992B4
:10B9240027128D0290E4C0E0858380E074DCCEF1C0
:10B9340003E5FA9990E583DC2EA81A06EDFF70A7BB
:10B944002065F0FF70A720A5F2FFC6DDFFA58401E6
:10B95400A1FEE4C02000922A0092C9FFC0200092F8
:10B964006A00C0200098030B99C020009903C6E127
:10B97400FF00000036410081F3E341F5E4E02211C9
:10B984002A28C020004804C02000980281EBE498D3
:10B9940069871927C020008802C02000A80282D825
:10B9A400010C09924856A2CA08E57E01660310C03C
:10B9B4002000B802A1E8E48BBB6578011DF000000B
:10B9C400C0200082220030348032680247B3143130
:10B9D400E2E4C02000A803C02000B8028BBB657855
:10B9E40001C6F5FF41CAE4C02000A22400C0200023
:10B9F400B22200B2CB08E5760121C5E4C02000489C
:10BA04000247B3B7C020003902C6EBFF36410081BC
:10BA14003EE4AD0287121881CBE3E092119A88C00C
:10BA24002000880888C837B833E5A701460B000012
:10BA340080EB03808D048CB881C3E3C020008808A8
:10BA440088C837381A80EB03808D0426180E81BD10
:10BA5400E30C1AC02000881888C83738CB1DF000C2
:10BA64000C0AC6F0FF00000036610051B2E47CFB12
:10BA7400AD05658601A1B4E46124E4C02000480A50
:10BA84001B44C02000490A41AFE367932BC0200048
:10BA940068040C03C02000781437161C0C139C7720
:10BAA40088C668C278C767B8040C0377380A0C13D1
:10BAB40067370530EB03303D04E063116A94C0201E
:10BAC40000880956180DC020002909C02000980AD2
:10BAD40066195591A2E41C9790A92089319921E512
:10BAE4006301883198211B8892C9147798E9A19C35
:10BAF400E4A56201A19CE4656201A19BE4E5610106
:10BB0400A19BE4A56101A18CE4256101A192E4E576
:10BB14006001817EE49192E4C020009908818EE462
:10BB24009191E4C020009268009192E488091B88F6
:10BB340089099191E488C2C02000A80987BA04C089
:10BB440020008909E0A8118AAA8184E4E0AA11AA44
:10BB5400A88BB2E55E01AD05258C017185E4C0209A
:10BB6400007807ACF77CFB50A5206A44A57601C099
:10BB74002000480416740068C442220C47B61140E1
:10BB8400EB03404D0447933DA0EB03A0AD04E5BB9C
:10BB9400FBAD05A588011DF08176E4C0200088086E
:10BBA4005658F8C0200088098CD8C020008809980D
:10BBB400C288C887B902C6DBFF6A84C0200029088E
:10BBC40046D9FF000000B8C2AD0325E4FF06F0FF2C
:10BBD40036A10022610722211420A220259B01CC3A
:10BBE400DAD166E4C167E4B2A2A9A14DE4A53D049B
:10BBF400AD07A5A001CCDAD163E4C161E4B2A2AA85
:10BC040086F9FF000000822115B62813914CE49AAE
:10BC1400988CB9D15DE4C15AE4B2A2AB86F2FF00BC
:10BC240092A158C0200099B1C02000A8B1971A0B66
:10BC3400D157E4C153E4B2A2B346EBFFC020009253
:10BC4400210B162203ACF779D282D2010C29924837
:10BC540055822115A87189210C08BD038911290178
:10BC6400F2C128ED06DD05CD0465AEFFB22115ADA8
:10BC74000265DFFF28A11DF00C0229A106FDFF00CB
:10BC840036810079717D04410FE2AD07BD0429615D
:10BC9400E509FC8D0A7CF216FA03BD04A2A15889B9
:10BCA40051E508FC4D0A8851BC0A89DA22DA010CF4
:10BCB40008824255222110A9012921F8710C02A8F9
:10BCC400612911ED06DD0570C72030B32025A8FFDA
:10BCD400B22110AD0425D9FF0C121DF0AD08254189
:10BCE4000446FDFF364100A0630080EB03808D0411
:10BCF400E098118127E49A88C0200098081B99C015
:10BD04002000990881FAE3E008001DF03641002183
:10BD140010E4C0200028021DF0000000364100A0FD
:10BD24006300210BE4C02000280281F0E3E0080056
:10BD34001DF00000364100B6220ED116E4C116E40F
:10BD4400B117E4A1F7E32528048115E4E022112AC0
:10BD5400282802CCD2D113E4C110E4B113E446F88C
:10BD6400FF0000001DF0000036410065540156EA52
:10BD74000420EB03202D04E032112105E43A22C013
:10BD840020002802560216A1EBE37CFBA5540121F6
:10BD9400F0E3C0200038021B33C02000390256B340
:10BDA4000521DAE3C020004802C02000480416F44C
:10BDB40001D1FEE3C1FFE3B1FFE3A1D9E3A5200470
:10BDC400A59AFB20EB03202D041642FA0C1206213F
:10BDD4000041E1E3C02000522200C0200072240090
:10BDE400C02000726200C02000590441F3E3C02067
:10BDF4000028041B22C020002904E5A1FF51C4E34C
:10BE040041D1E2C02000280527B34E0C0230EB03D9
:10BE1400303D04E033113A44C02000380448C3E004
:10BE240034114A3341CEE3E03311303480C0200072
:10BE34003803B6230222A001A1BFE3255E0130EB43
:10BE440003303D04E0431131DEE3403380C0200081
:10BE54003223005653F7900000000C0261ACE3C09B
:10BE640020008806C020008808CC887CF3C020000D
:10BE74003905C6E5FF61A5E3C02000880688386857
:10BE840038982697B307C02000990586DFFF72C64D
:10BE94000870A72025300198B68C49A2C61CA52F8E
:10BEA40001A1B5E398C6C02000C80A97BC05C0200C
:10BEB40000926A00E0A91190AA8081A8E3E0AA1187
:10BEC40070B720A0A880A5270190EB03909D04E003
:10BED40099119A94C02000A80998C688CA87B90203
:10BEE40006DEFF0C12C6DCFF31B5E3C020002803D8
:10BEF4001B22C0200029030C0246D0FF366100A19A
:10BF04008DE3B2AFFF253D0120EB03202D04E03289
:10BF140011219FE3302280C02000480221A9E39C24
:10BF24009430EB03303D04E033113A220C13C0206B
:10BF3400003902A180E3654E011DF00030EB0330AF
:10BF44003D04E03311302280C0200042620020EB27
:10BF540003202D04319CE3E022112A230C13C0207A
:10BF640000390220EB03202D043176E2E022112A6D
:10BF740023C02000780220EB03202D04E022112AA4
:10BF840023C020006802280768D627362520EB0343
:10BF9400202D04E022112A23C02000A80220EB0354
:10BFA400202D04E022112A23C02000B802B2CB388D
:10BFB40025500120EB03202D04E022112A23C02068
:10BFC400002802B181E3A8D21C4C8183E3E008007D
:10BFD400AC4A20EB03202D04E022112A23C02000C8
:10BFE400A80220EB03202D04E022112A23C0200004
:10BFF400B802B2CB38E54B0160EB03606D04515ECF
:10C00400E38156E3C0200078050C0AE027117A2268
:10C01400E02211E0D6118A220C158D0ADA43962704
:10C0240000579814661802462B00D168E3C168E3F0
:10C03400B169E3A13BE325F903E08711B148E37A51
:10C0440088E088118A8BC02000B8080C08871B611F
:10C05400879A078149E3C020007908A8328B82A916
:10C0640012879A05A22801A26201A812F134E3E81A
:10C074003AE0BE208C96C02000A803B71A3B2616CF
:10C0840007C02000A813A71B30A22B12A71605F087
:10C09400AA80564A02C02000B26400B2CB088912BA
:10C0A400AD0BB931250F01B831AD02650901AD05FC
:10C0B4000C180B7722C2ECC6D8FFA812A81AA91232
:10C0C400879A04A818A26201A812B83AB79EA4AD30
:10C0D400050C08C6F6FF000020EB03202D0451399F
:10C0E400E3E0221120458022A000C0200022640049
:10C0F40020EB03202D04E022112A33C02000280362
:10C10400A8D2A53F01868AFF36410056E200D1330A
:10C11400E3C133E3B134E3A102E3E5EA034105E318
:10C124007CFBAD04251B0180EB03808D04E098119A
:10C134008105E2AD029A88C02000B808B2CB1C6524
:10C144000201A0EB03A0AD04BD03A582FFAD04E58D
:10C154002C011DF036410041F7E2B2AFFF40A420AC
:10C16400651701C0200032220016730C28323832C1
:10C17400CCD3D11DE3C11DE3B11EE3A1E9E2A5E4E3
:10C184000352C31CAD05250101A22312815FE221E4
:10C1940000E3871A02C62900A0EB03A0AD04C02067
:10C1A4000088028C78C0200022220156E2098B53B9
:10C1B400AD0565FE0021F0E2A8C3C020008802A7F7
:10C1C400B805C02000A26200E02A11AA22A1E3E27D
:10C1D400E02211BD05AAA2A5F600A2231220EB03BA
:10C1E400202D040C19A022C00C0520598350207462
:10C1F400CC9281D2E28A8A80298316F20520EB034D
:10C20400202D04E0821121CFE158C38A22C02000EE
:10C21400280228C227354530EB03303D04E02311C2
:10C2240031E8E22A330C12C020002903AD04E51ED4
:10C234000106020040A420651E0130232090000066
:10C24400E08A118A22C02000280246D7FFE02A1182
:10C25400AAA2E0AA11BD0521C4E2C6DDFF50EB038A
:10C26400505D040C02571AC3B8C3257AFFC6EEFF0B
:10C2740036410081D1E2C020008808890281B4E2FD
:10C28400C02000880889121DF00000003641005DBE
:10C2940002CCD2D1D8E2C1D8E2B1D8E2A1A1E2A5C0
:10C2A400D203CCA3D1D7E2C1D4E2B1D6E2C6FAFF1D
:10C2B40041A1E2B2AFFF40A420E5010121A5E2C003
:10C2C4002000A2220080EB03808D04219EE1E088FF
:10C2D400118A82C02000880882D8018208569CB83E
:10C2E40030EB03303D04E033113A22C02000280231
:10C2F4000C0322D2013242560C12460E0098032D32
:10C304000826093281ADE2B815C02000C8088805A6
:10C31400C088C00C1C802C93165200C02C20B7BAC5
:10C3240015B02AC097B216A099C0B0998092630044
:10C33400AD05E5F3FF0C02AD04250E011DF00C0262
:10C34400290386ECFF00000036410080EB03808D5A
:10C3540004E09811819BE29A880C19C02000990886
:10C364001DF00000364100A0630080EB03808D04C3
:10C37400E098118174E19A88C02000222800815B32
:10C38400E2E008001DF00000364100316AE2B2AF7D
:10C39400FF30A32025F400CC32A5FCFF2D0A30A3E6
:10C3A4002022220C65070190000000003641001C89
:10C3B4008437B40ED195E2C195E2A159E2B2A6F355
:10C3C40065C003515CE2B2AFFFAD05E5F000CC32CD
:10C3D40025F9FF2D0A422214479302863100915910
:10C3E400E137340206310040EB03404D04E04411D0
:10C3F4004A49C0200068040C04271647A222126090
:10C40400EB03606D04814DE20C1B8A8A804B8340F0
:10C414004074CC64A066C0604B839C6440EB0340D2
:10C424004D04E044114A99C02000480968C442A060
:10C434000167B30F60EB03606D040C04671A04BD5D
:10C4440003A55CFF68C282221467980139C288720E
:10C454003262149668001C983038C03972E0361184
:10C464006A33613EE2E0331188626A3337982A8B7B
:10C4740032AD0365D2008140E228C2C02000980892
:10C4840027B904C020002908E0A21120AA80E0AA4C
:10C494001130B320A0A680A5CA008C74A0EB03A021
:10C4A400AD04A52AFBAD0565F7001DF040EB034084
:10C4B4004D04E044114A49C0200068040C14279636
:10C4C40002C6DFFF40EB03404D04E044114A49C07B
:10C4D400200068040C04279602C6D9FF40EB0340F1
:10C4E4004D04E044114A99C02000480968C40C1462
:10C4F40067330246D3FFA22212C6CDFF3641006540
:10C50400E6FF22CA60CC3A212AE128021DF000008D
:10C51400364100566201E5E4FF2D0A56EA00D1FDDA
:10C52400E1C13BE2B13CE2A1FEE1E5A90322C2384C
:10C534001DF00000364100E6132261FEE1B2AFFFB8
:10C5440060A62065D900CC32A5E1FF2D0AE03311A5
:10C554003A22426216526217AD0625EC001DF00025
:10C56400364100AD020C02E6130F279A0265DFFF85
:10C5740032C314E033113A3A28231DF0364100AD9A
:10C5840002CC42101120E5DDFF222A121DF000002A
:10C594003641008D020C02E6280D21EAE0E0881104
:10C5A4008A82C020002228001DF00000364100A02D
:10C5B400630021EFE1C0200088020C129CC820EB2C
:10C5C40003202D04E0821121F2E10C298A22C020EB
:10C5D40000280282A00020898380282081C4E1E011
:10C5E40008001DF0364100A1D3E1B2AFFFA5CE0093
:10C5F40070EB03707D0441D3E0E03711303480C028
:10C6040020005803564200E5D5FF2D0A42C20840D7
:10C61400A42065B80038B2165300A2C21CA5B70006
:10C6240081D5E138081B3339080C130C0870838357
:10C634007D08E0681157121481C3E0609880C0201F
:10C6440000922900271905922212779962A1BAE172
:10C65400BD04E5AE0091BBE1C0200038091B33C026
:10C664002000390931B8E06A43C0200048040C03B3
:10C67400279404AD0725E300A1AFE125DA00661392
:10C684000B20A220251CFF20A220651EFF31B8E14B
:10C69400C02000322300579237164303E5F0FFEC25
:10C6A4005AD1DDE1C1DEE1A19EE1B2A59FA59103CE
:10C6B40071A6E1C0200042270042C4FFC02000420E
:10C6C40067006515FFC6EBFFA0EB03A0AD04E5070B
:10C6D400FB1DF00036410016020325EDFF56EA006B
:10C6E400D1CEE1C1CFE1A18EE1B2A622A58D033165
:10C6F40091E1B2AFFFAD0325BE00A0EB03A0AD04F2
:10C7040020B2202527FFAD0325D100A0EB03A0AD67
:10C7140004A503FB1DF0000036410025E9FF662A4D
:10C724000ED1C0E1C1C1E1B1C1E1A17DE1A589039F
:10C734003181E1B2AFFF30A320E5B90020EB032043
:10C744002D044193E1E022112A24C0200058020B59
:10C7540055C02000590220EB03202D04E022112AA9
:10C7640044C0200028048CA222A00030A320E5CAE3
:10C77400009000004175E1C0200048041684FE4189
:10C784007AE146250050EB03505D04E025115A225E
:10C79400E022112A2428322832A2C21CA59F008B31
:10C7A40062AD06659F005174E1A8C2C020008805EF
:10C7B400A7B804C02000A905E05A11AA55A167E151
:10C7C400E05511BD065AAAA5970092221280EB03E8
:10C7D400808D040C159088C00C068065836080747D
:10C7E400CC886156E16A99908583ACD850EB0350AC
:10C7F4005D04E065115153E06A55C0200058056896
:10C80400C258C557361450EB03505D04E06511510E
:10C814006CE16A550C16C02000690550EB03505DAD
:10C8240004E085115A88E088118A84C020005808E1
:10C834005615F58C1225FEFE5161E1C02000280535
:10C844006160E1EC1240EB03404D04E044114A46C0
:10C85400C02000280416F2F0A0EB03A0AD0422A02F
:10C8640001A5EEFAC6C0FF00212AE18139E1C0200A
:10C87400009802C02000480847B90DD16DE1C16A93
:10C88400E1B16CE186A8FF0000C020004802C0208E
:10C894000028082024C0C02000480527B405C02073
:10C8A40000222500B62238C0200048080B442A4440
:10C8B400C020004908254BFF40EB03404D04E044F1
:10C8C400114A46C020006804A06620C02000690404
:10C8D400C0200048052024C0C02000290586D6FFBA
:10C8E4000C12C6F3FF0000003641004112E17CFB4C
:10C8F40040A4200C05259E00579202862300A8C25E
:10C9040090EB03909D04310FE0E099119A93C020BD
:10C9140000680968C6673A020625005872968501C0
:10C9240050EB03505D04E055115A53C020005805E4
:10C9340068C51C956055C05972E08A11A088805161
:10C9440007E1E088116222065088808796498B624D
:10C95400AD0665840080EB03808D04E088118A3382
:10C96400C02000380338C339C22103E1C020008845
:10C974000237B804C020003902E0A31130AA80E0D5
:10C98400AA1160B620A0A580657B000C15AD04E556
:10C99400A8002D051DF0000050EB03505D04E05588
:10C9A400115A33C02000380338C339C2C6F6FF0019
:10C9B40080EB03808D04E088118A33C02000880353
:10C9C40062221428C80C132736013D055D03C6EE08
:10C9D400FF00000036410041D7E0B2AFFF40A42081
:10C9E400658F0056B20022A00040A420E5A200906A
:10C9F400000030EB03303D04E0831131D2DF8A3391
:10CA0400C0200032230027130ED10BE1C10CE1B189
:10CA14000CE1A1C3E0255B03822315CCB8D109E165
:10CA2400C107E1B109E106FAFF0082C8FF92230CB5
:10CA34002223148263152719AC5698FA22C308AD31
:10CA440002657500A223141C98A088C08973A9C329
:10CA540031CAE0C020008803A7B804C02000A9039D
:10CA6400E03A1120B220A0A38021BCE0E0AA11A0EA
:10CA7400A280E56C000C1286DBFF00003641004109
:10CA8400ADE0B2AFFF40A420E5840016F2085222C4
:10CA940015CCD5D1ECE0C1EDE0B1EDE0A1A1E0A56C
:10CAA400520382221498C280337366157037196D4D
:10CAB40080EB03808D04E0A81181A2DFAA88C02046
:10CAC40000580827950BD1E3E0C1E0E0B1E3E0466C
:10CAD400F2FF587239C29665001C983038C039721A
:10CAE400E089119A88319DE0E0881158623A88877C
:10CAF400952B8B52AD05256A00819FE028C2C0208A
:10CB040000980827B905C02000226800E0A211207F
:10CB1400AA80E0AA1150B520A0A380656200AD04EC
:10CB2400A58F001DF00000003641003182E0B2AF55
:10CB3400FF30A320257A0090EB03909D048181DFD0
:10CB4400E099119A98C0200028099C6290EB039008
:10CB54009D04E099119A98C02000A809922A151BF7
:10CB640099926A1590EB03909D04E099119A88AD0F
:10CB740003C020002808658A001DF0003641001615
:10CB8400E200D1B6E0C1B6E0B1B7E0A165E0A543EB
:10CB9400036168E07CFBAD06E5730080EB03808DE8
:10CBA400045168DFE088118A85C020002808C0206D
:10CBB40000222254FC0280EB03808D04E088118A59
:10CBC40085C0200028080C1822D201C0200082420F
:10CBD400549C34A0EB03A0AD0440B42065D9FEA05E
:10CBE400EB03A0AD0465B6FAAD062583007CFBAD6E
:10CBF40006656E0080EB03808D04E088118A85C091
:10CC040020002808C020002222549C9216C30380CE
:10CC1400EB03808D04E088118A85C0200038080C5D
:10CC240004C0200042635430EB03303D04E0331170
:10CC34003A55C0200038050C0432D301C02000420C
:10CC4400435460A620657D001DF0000080EB038046
:10CC54008D04E088118A85C0200038080B42C6EF95
:10CC6400FF00000036410056E200D17FE0C17FE0C2
:10CC7400B180E0A12BE02535038CB3D17EE0C17BEC
:10CC8400E0B17DE0C6FAFF00312BE0B2AFFF30A384
:10CC94002065640052D20192A002C0200082055493
:10CCA400C02000924554C020009222548080741BFE
:10CCB40099C02000926254261802C6250058B28CEE
:10CCC400A5D16EE0C16AE0B16EE046E9FF80EB03F6
:10CCD400808D04E09811812EE09A88C020005808C5
:10CCE4005685078B52AD05254B008123E0A8C2C0B1
:10CCF40020009808A7B904C02000A908E08A11A060
:10CD04008880A116E0E0881150B52080AA802543D0
:10CD140000A2221290EB03909D048108E00C1B8A70
:10CD24008A0C05805B83508074568800A099C0905B
:10CD34008B8316E80380EB03808D04E09811810156
:10CD4400DF58C29A88C02000880888C857B8248C45
:10CD5400240C122904AD03656C001DF0A0EB03A0A4
:10CD6400AD04E08A11AA88E08811B2C21CA1FEDFDA
:10CD7400C6E5FF0040EB03404D04471AD7B8C2E5AF
:10CD8400C8FEC6F3FF000000364100E082112A28E5
:10CD940081F3DFE022112A281DF00000364100E073
:10CDA40082112A2881F1DFE022112A281DF00000D7
:10CDB40036410021D6DFC0200028021DF00000000B
:10CDC40036410021E5DFC0200028021DF0000000EC
:10CDD40036410021D9DF1DF036410021DEDF1DF090
:10CDE40036410042A01837B40DD107E0C126E0A1B6
:10CDF40026E05CBB251D0351CFDFB2AFFF50A52059
:10CE0400654D002556FF98CA822A14990289124D4D
:10CE14000A37B851326A1437B94B287A39CA96623C
:10CE2400001C983038C0397AE089119A8831CBDFF8
:10CE3400E0881128643A8887922B8B24AD02A535AB
:10CE44000081CDDF48C4C02000980847B905C02040
:10CE540000426800E0A41140AA80E0AA1120B22098
:10CE6400A0A380E52D00AD05255B001DF0000000AA
:10CE740036410041B0DF7CFBAD04E54500654EFF63
:10CE8400722A1458123D0A77156668CA526A1467E2
:10CE9400975E722A151617005802287359C39672A2
:10CEA400001C925022C0226307E086116A8821ABDD
:10CEB400DFE0881178632A888797298B73AD07A5EB
:10CEC4002D0081ADDF38C3C02000980837B904C0F5
:10CED40020003908E0A3113AAAE0AA1170B720A0F3
:10CEE400A280E5250067B508A0EB03A0AD04E585A5
:10CEF400FAAD04A552001DF036A1004197DD0C03E4
:10CF0400C0200028048D03C0200029B151E0DF1B9C
:10CF1400988A252202009C7262C11C8A86224800DB
:10CF24005D03060100168A079D023D058D0986F6FC
:10CF3400FF62C11C8A86A2C330A248009A96C2C16D
:10CF440018B2C114A2C11022490029412951A56B6C
:10CF5400008841F851C861A1CEDF39118901ED0281
:10CF6400DD02B2C11CA5C6FE818EDF1B53E0331166
:10CF74003A38A9036625ADAC6A252600661A313015
:10CF840063003163DF7CF5C0200059033179DFC0D1
:10CF94002000A26300316EDFC020002263006524FC
:10CFA40000C0200038B1C02000280427131725EB47
:10CFB400F9660AECD1B8DFC1B8DFB1B8DFA158DF38
:10CFC4001011206500031DF036410020A220255CCD
:10CFD4000042A0019CA340AA30A0A074DC2A29032B
:10CFE400AD02A51E00A913AD02A51E00A9232D04A0
:10CFF4001DF00C0206FEFF0036810065DBFFA9412F
:10D00400E5DBFFA951A5DCFFA961E5DCFFA9714DB2
:10D014000216B207AD02A55700567A050C020603A4
:10D02400002833162206AD0265560016DAFE1DF0FE
:10D03400283A8BAAA79202862000283216D207C665
:10D04400F8FF000040AAC03D06A03283462200003B
:10D05400283A8BAAA792028625002832161209C6FE
:10D06400F0FF283A8BAAA79202C62800283216E2BB
:10D074000946ECFF20A220E51400284AAD046514FB
:10D0840000381A22C208279397AD04A51300484A12
:10D094000C030C175D034057931C963083205050AB
:10D0A400740B66AD06893125CEFF8831779302462D
:10D0B400DFFF16A5F740AAC03D08A037835606FE39
:10D0C400AD060C1265CDFF2713025665F7283A8B7F
:10D0D400AAA71204283256C2F40C1A0C12E5CBFF8C
:10D0E40027930246DAFF1665F640AAC00C03A03265
:10D0F4008382C1100C170C090C46A808779302C64A
:10D10400D7FF16C5F5403AC02D09302783203220B9
:10D114004B880B665626FE46C0FF00003641008B46
:10D124008289127CF9893289420C089922C0200034
:10D1340089021DF03641000C0889421DF0000000F0
:10D144003641008812982889139923982839193967
:10D15400282943C0200038021B33C0200039021D97
:10D16400F000000036410098038B8266091D884256
:10D17400981899133929892339182943C02000386C
:10D18400021B33C0200039021DF08D0AA818B80A0A
:10D19400B7B9F646F6FF0000364100A81298228877
:10D1A40042992AA919A818279A0199180C09994291
:10D1B400C0200028080B22C020002908C020002815
:10D1C400081DF0003641008B221DF0003641002876
:10D1D400021DF0003641002222131DF03641000CDE
:10D1E400121DF00036410020630065A3FDA5ACFDCF
:10D1F40080EB03808D04E098118191DE22A0019AD6
:10D2040088C0200029084584FD1DF00036410071C6
:10D2140025DFC123DF62AFF070CCC0C2CC0F60CC7D
:10D2240010C0A2C052AE04505A806055106D050C57
:10D234000867B260391532A0C03A35394531C0DDCE
:10D24400499539053119DF42AEC44AAA39257C0310
:10D25400308A100C06BD07AD0869358177DCE0081B
:10D26400008D0A9112DFA112DF4A2270AAC07B79D5
:10D2740090906090971090AAC08AAA4845A2651C15
:10D2840030221047B216D10BDFC10BDFA10CDFB285
:10D29400A0F965D3028246001B66C6E4FF42C21BA6
:10D2A4003034106902691239222D051DF000000086
:10D2B400364100A0630020EB03202D04E0821121FD
:10D2C4009DDD0C198A2228020C082089932D0881DF
:10D2D40087DEE008001DF0003681009D03606300D6
:10D2E400CCC2D1F7DEC1F7DEA1F8DE4CBBA5CD027E
:10D2F400506300260302D0EA0370EB0341F4DEE13D
:10D30400F4DEF17EDC3130DE404730EAE2E7BF2470
:10D314006609108D07300C1382E20089718714F2BC
:10D32400461C00008D07300C1382E20089718714BB
:10D334004706180000660918C2C11CBD03AD02727D
:10D34400610781EADEE0080088718714EA061100AB
:10D3540000C2C11CBD03AD029911D931E921F261AA
:10D3640000797181E2DEE0080088719811D221030E
:10D37400E22102F2210087941B80EA03D088C0874F
:10D38400B98A50E613102000AD068158DEE008008B
:10D394000C02C6200031CFDE0C193A380C04304997
:10D3A400934030748717108CD3D1CBDEC1C6DEA175
:10D3B400C6DEB2A07A25C10248120C1872A0004041
:10D3C400788337970ED1C5DEC1BFDEA1BFDEB2A020
:10D3D4007B65BF0232A0FE47B30ED1C1DEC1B9DE08
:10D3E400A1BADEB2A07C25BE021B44491250E6134A
:10D3F40010200040EB03404D0431BADEE044114AF2
:10D404003328031B22290366120C31B7DE4A436911
:10D41400040601000000002D081DF00036410056EE
:10D42400E200D1A7DEC1B2DEA1A8DEB2A09AA5B9FE
:10D4340002A0630090EB038802871911D1AEDEC10C
:10D44400ACDEA1A1DEB2A09E101120E5B7028812C5
:10D454000B888912CC9881DCDD8902C605000000A6
:10D464000022A0FF87B20ED1A4DEC1A1DEA196DE08
:10D47400B2A0A465B502A0E61310200090EB0390BF
:10D484009D042198DEE09911902280822200A61842
:10D494001382C8FF8902CCB82194DE9A92A809812C
:10D4A40013DEE008001DF000364100AD02E529FA64
:10D4B4001DF000003601012128DC4CBCC0200028EE
:10D4C400020C0BC02000226117218CDEA2C111299D
:10D4D40011218BDE3921293181DADBE008004B216F
:10D4E40032C110A2C111B8024B228186DEE00800CD
:10D4F4003792F2A2C111A549FD000000364100B2E5
:10D50400C21F82AFE0D1D8DBC2A02080BB10A2A092
:10D514000165A9FA1DF00000364100A802A571FDBD
:10D524001DF000003641000B555A547C08805510FC
:10D5340042AEC44A5580551059021DF0364100814F
:10D5440072DE0C19C020009248000C121DF000007D
:10D554003661008174DEE008008173DEE00800813A
:10D5640073DEE00800D2A000C169DEB169DEA16902
:10D57400DED26100FD0D0C1E6570FE261A0DD1660B
:10D58400DEC166DEA167DE5C1BE5A3021DF00000C0
:10D5940036410091CBDBA1C6DBC1C8DB9A92AAA2BB
:10D5A40082A00197BC0282A000B1C3DB809074BA50
:10D5B400B20C18B7BC010C08C1BFDBB2A001A7BCF8
:10D5C40002B2A000B0882080807456280016590248
:10D5D400B1F6DB82A001A7BB0282A0008089209162
:10D5E4003CDEA1C6DB9A2292A00127BA0292A000D7
:10D5F4009088208080748020041DF000364100ADA6
:10D6040002E5F8FF2D0A1DF036410061AEDBA2A44D
:10D614000060B620A571FA5D0ABD06A2A158257165
:10D62400FACCDAD143DEC143DEB2A0C2A13DDEA50D
:10D634009902CCA5D141DEC13FDEB2A0C3C6FAFF38
:10D64400A902590352A40059041DF0003661007563
:10D6540000001DF0366100CD00366100CD0036615A
:10D6640000CD003621008D081DF00000364100E594
:10D67400FDFF52C1F0681562C6F08D008601008876
:10D68400055D0662C7F0781677B2F342C1F068050B
:10D694007815690479146825783569247934808E7D
:10D6A40015E033110042403008811DF0364100007E
:10D6B40020001DF03641000C18BD05CD088CB50BBB
:10D6C4005592A00050989390C074BD083CF80C0A81
:10D6D40052A0010C7976890D001A4000D5A1D71407
:10D6E40004F088111BAA8080548C4C5121DC508892
:10D6F400208C4B515DDB5088208C7230911380A1BB
:10D70400131DF00030901380A013C6FCFF0000002E
:10D714003641009C523081133060030C18001240D3
:10D724000088A13088208060131DF00030801346EB
:10D73400F9FF000036410020E7131DF0364100A830
:10D7440012E083113A88E03A11AA339802E0881172
:10D75400B033113A888A89C02000981821F8DD4036
:10D7640040D4209910409920C0200099181DF00041
:10D77400364100A812E083113A88E03A11AA33989E
:10D7840002E08811B033113A888A89C020009838A1
:10D79400213ADB404004204401209910409920C0E4
:10D7A400200099381DF00000364100A812E08311D2
:10D7B4003A88E03A11AA339802E08811B033113A5A
:10D7C400888A89C02000983821DEDD404094C04416
:10D7D40001209910409920C0200099381DF00000C4
:10D7E400364100A812E083113A88E03A11AA33982E
:10D7F40002E08811B033113A888A89C02000983831
:10D8040021D1DD404094604411209910409920C0FA
:10D81400200099381DF00000364100A812E0831161
:10D824003A88E03A11AA339802B03311E088113AE9
:10D83400888A89C0200038081C02203320C02000B8
:10D8440039081DF0364100A812E083113A88E03A05
:10D8540011AA339802B03311E088113A888A89C03A
:10D86400200038483034E439041DF000364100A863
:10D8740012E083113A88E03A11AA339802E0881141
:10D88400B033113A888A89C02000983822AC00400D
:10D894004094209910409920C0200099381DF00030
:10D8A40036810081A9DD0C09890181A8DD9A3189BD
:10D8B400111CA889211C4889310CC889410C38895C
:10D8C400510C280018400022A19971C1A1DD2A93AE
:10D8D4008961A809C02000B80C7CF9A0A930B0AABD
:10D8E400108B31C02000A90C2AB3B80BC02000D87B
:10D8F4000C2C1A001B4000AAA1D0AA2032C110C0CF
:10D904002000A90CB1EFDB2AA3A80AC02000C80B91
:10D91400A09930C0991032C118C02000990B2A2355
:10D924002802C02000980B0012400088A190882093
:10D93400C02000890B1DF0003661008183DDE022E8
:10D944001189018182DD3D0189110CC889210C38BE
:10D954008931A17FDD2A839808C02000B80A7CF8A9
:10D96400909830B099108B31C02000990A2A2391E5
:10D97400D4DB2802C02000A809208830A08810C069
:10D98400200089091DF000003641009172DD0C9AD7
:10D99400C020008809A08820C020008909816EDD8C
:10D9A4000C09C0200099081DF000000036410091C8
:10D9B40069DD7CEAC020008809A08810C0200089A5
:10D9C400091DF0003641008165DD409541C020000D
:10D9D40099088163DDA163DDC0200029082020545B
:10D9E400AAA2CD04BD038194DAE00800215FDD0C16
:10D9F40018C0200089021DF0364100815CDDC02082
:10DA04000098082619F7915ADD0C1AC02000A909BC
:10DA1400C0200098086639F71DF0000036410081E7
:10DA240055DD0C19C0200099081DF0003641003066
:10DA340022E20C180C032038832D031DF000000093
:10DA4400368100405320505014CCF5B2A098CD0438
:10DA5400BAB2AD038179DAE008001DF03B6460627C
:10DA6400410C050C495716F182C524E088118A82BD
:10DA7400907463C020008828AD03CD07B2C11C99FF
:10DA8400318971816DDAE008007A337044C01B5526
:10DA94009831C6F3FF00000036410088120C0AC01A
:10DAA4002000A948C02000A928C02000B2283A0CB0
:10DAB4001990BB20C02000B2683AC02000B2283AB6
:10DAC4000C2CC0BB20C02000B2683AC02000B22891
:10DAD4003A0C4CC0BB20C02000B2683AC02000A958
:10DAE400C8C02000B8C8C124DDD1D1DBC0BB20C070
:10DAF4002000B9C8C02000B8C8ED0AD0BB20C0209F
:10DB040000B9C8C02000B8C8D11DDD7CEFD0BB105F
:10DB1400C02000B9C8C02000D888B822F0DD10B0F9
:10DB2400E993E0DD20C02000D988C02000D8880B0C
:10DB3400BB3D0AB039937CDE00194000B3A1E0DD9F
:10DB440010B0BD20C02000B988C02000B842F10C3C
:10DB5400DDC02000B938B2020EC02000D8580BEB4B
:10DB6400E0E044A0EE01F0DD10E0DD20C02000D9AB
:10DB740058C02000D8483D0AB03993E2AFBFE0DD79
:10DB840010A0B311B0BD20C02000B948B2020DC02E
:10DB94002000D848B09A8322AF7F20DD10909911DD
:10DBA400909D20C020009948C02000985821F5DCA1
:10DBB4000BBBB0B044209910F0BB01B0B920C02019
:10DBC40000B958C020002828C0C220C02000C9289D
:10DBD4002D0A1DF036810088127C79C02000B828F7
:10DBE40060A0F4606F0590BB10D06611606B20C01C
:10DBF40020006928C0200068289125DAC11EDA9027
:10DC04006620C020006928C0200068289189DB9024
:10DC14006620C02000692862A0FF9113DA3736021B
:10DC2400465E00C020006848303074906620C020F2
:10DC34000069480C06C020006931C0200098316199
:10DC4400D2DCC09910303920C020003931C0200006
:10DC54003831603320C020003931C020003831C051
:10DC640020003968C02000385891C8DC0B64506625
:10DC7400019033106033200C0BC0200039586D0B19
:10DC84000C1340639391FCD94D06C02000684820D2
:10DC94004401906610404620C02000494892020C7E
:10DCA40041F9D9C0200028485A59503B83402210DA
:10DCB400303301303220C020003948C020002858B9
:10DCC40032AF00C020002971C0200028710B5530EC
:10DCD4002210505074505220C020005971C02000AE
:10DCE400287131EAD9C020002958C02000284830C2
:10DCF4002210C020002948C02000284831E3D93030
:10DD04002210C020002948C02000282831A1DCC0EE
:10DD140020002951C020002848C020002961C020CB
:10DD2400002851302210C020002951C02000286151
:10DD34003199DC302210C020002961662A0286361F
:10DD440000B62A40664A02462600F64A02C6270062
:10DD5400265A02463400C02000285131B0D930225E
:10DD640020C020002951C0200028514C033022201B
:10DD7400C020002951C0200028613187DC302220D6
:10DD8400C020002961C020002851C020002928C0DB
:10DD940020002861C0200029480C021DF0C020008A
:10DDA40068483030F4906620C0200069480C06C0F2
:10DDB40020006941C020006841C06610303620C090
:10DDC40020003941C02000384161A8D96033106176
:10DDD400A8D9603320C020003941C0200038410652
:10DDE4009FFF0000C020002851318CD946DFFF007E
:10DDF400C02000285131ABD9302220C02000295145
:10DE0400C0200028512C03302220C020002951C0FA
:10DE14002000286131CED986D8FF0000C020002818
:10DE24005131A0D9C6F7FF00A51002003681005871
:10DE3400434812E22205B2130A620316176502E28E
:10DE440023065802C2030358F5DD06AD02E00500BF
:10DE54007203035223010C0826C70882AFFF000790
:10DE6400408080917070600017400055A18055205B
:10DE7400C0200059145203025695040C18C0200007
:10DE84007844608583917FD98080049077103088AE
:10DE940001808720C020008944C0200078540B668C
:10DEA400C020007961C02000786182AF0060607496
:10DEB400807710606720C020006961C0200068611D
:10DEC400C0200069546203010C07D086110C19802C
:10DED4009783A16DD9C020007844509901A0771090
:10DEE400907720C0200079449C98912CDC0B88C04A
:10DEF40020007874908810912ADC90771080872015
:10DF0400C0200089743B860C07E823808241DD072A
:10DF140087A702461F00C020006844D055110C1882
:10DF2400715BD9508D83408801706610806620C073
:10DF3400200069449C957119DC0B55C0200068745D
:10DF44007055107117DC706610505620C0200059AF
:10DF540074C0200058046113DC605520C0200059AF
:10DF640004C02000580477F5F7C020005804616FFE
:10DF7400D9AD02605520C020005904522200522518
:10DF840010E00500C203028C5CB833AD0425ABFF7E
:10DF94000C021DF00C49909663BD0ECD09A2C11C64
:10DFA400D97189319921D901E9118123D9E0080076
:10DFB400A2C7249821B871E0AA11E811AAA4C0202C
:10DFC40000B92A9066C09AEE1B77D801883186CFB3
:10DFD400FF0000003641006812AD02C020009846E0
:10DFE40082A000E7790BC02000822605808B458241
:10DFF400C8017C899088100C0926C8077CF90008A0
:10E00400409090918080600018400084A190882006
:10E01400C0200089160C09D085110C1B80B98341DE
:10E024001BD9C02000984640BB01409910B09920EC
:10E03400C0200099469CB841D9DB0B88C0200092CF
:10E04400260740881041D6DB409910808920C020E3
:10E0540000826607C02000480681D2DB804420C0CD
:10E0640020004906C0200042260077F4F6C02000B4
:10E07400422600812ED9804420C0200042660048F8
:10E084000A422410E004008C75CD05BD03AD0625BD
:10E094009BFF0C021DF000003641009812C02000C6
:10E0A400880987F8F71DF0003641000C121DF000B6
:10E0B4003641000C121DF0003641002812C0200029
:10E0C40088020C128088052028301DF03661003B40
:10E0D400747072410C067726021DF0000C0559314C
:10E0E4000C45505463BD03CD05CBA181D3D8E008C2
:10E0F4000082C6149831E088118A82C020009928D1
:10E104005044C05A331B66C6F2FF000036810040FB
:10E114005320505014CCD5CD04B2C258AD0381C69F
:10E12400D8E008001DF03B646062410C050C4957BF
:10E1340016F182C514E088118A82907463C02000AD
:10E144008828AD03CD07B2C11C993182610781BA19
:10E15400D8E008007A337044C01B55983186F3FF29
:10E1640036610088127C7CC02000A8286090F4608E
:10E174006F05D06611C0AA1060AA20C02000A9288B
:10E18400C020006828A1C2D8C2A0FFA06620C02079
:10E19400006928C020006828A126DAB1B6D8A06694
:10E1A40020C02000692830A0F461AFD8373C024673
:10E1B4005900C020003868603320C0200039680C42
:10E1C40003C020003911C020006811B06610A06699
:10E1D40020C020006911C020003811616BDB60335E
:10E1E40020C020003911C0200038110C0BC02000C1
:10E1F40039880C16C2C4E03D0BC02000A8F8C03614
:10E204008300164000C3A17CD330AA10C0AA20C04A
:10E214002000A9F8C02000A878C198D80B34603336
:10E2240001C0AA1030AA203D0BC02000A9784036B6
:10E2340093C02000A868204301318FD830AA104031
:10E244004A20C020004968A2020C318ED8C02000A8
:10E2540028685A5A50B69330221030BB01B0B2200D
:10E26400C02000B968C02000287832AFC00B5530F8
:10E274002210505054505220C020005978C0200021
:10E2840028683182D842AC00302210C020002968AE
:10E29400C0200038A8217CD8403310C0200039A801
:10E2A400C020003868203310C020003968C0200026
:10E2B4002898313DDB402210C020002998C020005E
:10E2C4002828C020002931C020002831302210C065
:10E2D40020002931C020002228387CE3302210C0DD
:10E2E4002000226838C020002831312BDB30222066
:10E2F400C020002931663902062900F6495D679974
:10E3040002062000B62902462800C0200028313128
:10E3140027DB302210C61900C02000386860332083
:10E32400C0200039680C03C020003921C0200068D7
:10E3340021314ED8B06610A06620C020006921C0EB
:10E3440020006821306610314AD8306620C0200091
:10E354006921C02000382106A4FF0000265915B603
:10E3640059314C0326B94F1C12279902062100107B
:10E37400112025BC01C020002831316CD830222066
:10E38400C020002931C020002831C0200029280CD9
:10E39400021DF000C02000283131F7DA46F7FF00F3
:10E3A400C02000283131FFDA46F4FF00C0200028E5
:10E3B40031313CD846F1FFC020002831302220C042
:10E3C40020002931C02000283132A200302220C090
:10E3D40020002931C0200028312C03302220C02005
:10E3E400002931C020002831909220C020009931AA
:10E3F40046E4FF00C020002831302220C02000293C
:10E4040031C02000283132A200302220C02000294F
:10E4140031C0200028312C03302220C020002931B3
:10E42400C0200028311C03302220C020002931C024
:10E434002000222838606220C02000626838C6D0DC
:10E44400FF00000036410088434812E852B2130A24
:10E45400520316176801E8638802C2030388F8DDD3
:10E4640005AD02E008008813C0200089149203025D
:10E47400FC490C18508983A103D8C02000986480FB
:10E484008004A09910308801808920C0200089640C
:10E49400C0200088740B5592AFC05050549088101F
:10E4A400505820C020005974C203010C05C020003C
:10E4B4008864D09C110C1AB1F4D790A58350AA019A
:10E4C400B08810A08820C0200089648D05571904E5
:10E4D4000B59508094C02000589492AC0090551071
:10E4E400805520C020005994B82340A420E5BDFFE6
:10E4F400820302C020005864D088110C090C1AB1A0
:10E50400E3D780A98340AA01B05510A05520C020AC
:10E5140000596497180582C8FF809094C020005267
:10E52400240A82AC00805510908520C020008264AB
:10E534000AC0200052240081D6D7AD02805520C0E5
:10E54400200059045802522510E00500C203028C31
:10E554005CB833AD0465BBFF0C021DF036410068A6
:10E5640012AD02C020008866E77805C0200082262C
:10E5740007C0200049160C08C020009866D0D511A9
:10E584000C1BC1C2D7D0B88340BB01C09910B0994D
:10E5940020C0200099669D08871D0582CDFF8090CC
:10E5A40094C0200082260AB2AC00B0881090882063
:10E5B400C0200082660AC0200082260091B5D79050
:10E5C4008820C020008906880A822810E008008C70
:10E5D40075CD05BD03AD0665B3FF0C021DF000004B
:10E5E4003641009812B172DAC020008809AD02B039
:10E5F4008820C020008909886207E80788028228E9
:10E6040010E008001DF0000036410088127CDBC0D9
:10E61400200098F8AD02B09910C0200099F8C020ED
:10E62400009878B196D7B09910B162DAB09920C049
:10E6340020009978C020009868B14DD8B09920C0C6
:10E644002000996891AED7903310C0200039180C7F
:10E6540003C020003928C02000980831B4D730996D
:10E6640020C020009908386207E3083222003223D0
:10E6740010E003001DF0000036410088127CDBC06E
:10E68400200098F8AD02B09910C0200099F8C0207D
:10E69400009878B17AD7B09910B146DAB09920C011
:10E6A40020009978C020009868B131D8B09920C072
:10E6B400200099689192D7903310C020003918C077
:10E6C400200098083138DA309920C02000990838A1
:10E6D4006207E3073802322310E003001DF0000054
:10E6E40036410068127CD9C0200088F6AD069088B7
:10E6F40010C0200089F6C0200088769160D7CD052F
:10E70400908810912CDABD03908820C0200089766F
:10E71400C0200088669116D8908820C020008966A1
:10E724008177D7804410808501804420C02000492F
:10E7340016C0200048668153D7804410C020004989
:10E7440066A598FF811DDAC020004806AD0280440A
:10E7540020C0200049064802422410E004001DF0B5
:10E764003641008812303074C02000980820A2205E
:10E77400B1BBD8CC13B1FED7B09920C02000990802
:10E78400880A0C02822810E008001DF03641000CB3
:10E794008CBD03A2C21C8128D7E008006579010062
:10E7A400366100812FD7A2AC03C020009228260C2A
:10E7B4001BC020009931C020009831A099101C4A38
:10E7C400A09920C020009931C020009831C02000B9
:10E7D400926826C02000A22826B0AA20C02000A249
:10E7E4006826C02000922828B09920C02000926892
:10E7F400281DF000366100811AD7A2AC03C02000A6
:10E804009228267CEBC020009931C020009831A0CA
:10E8140099101C4AA09920C020009931C02000986A
:10E8240031C02000926826C02000A22826B0AA1079
:10E83400C02000A26826C02000922828B09910C0E9
:10E8440020009268281DF000364100322201A2A067
:10E8540000C02000A26306C02000A923C02000B885
:10E86400D398220C18CD0A7CED90C893D0BB10C06D
:10E87400BB20C02000B9D3C02000B8D30B994D0AE7
:10E884009048937CDC0018400094A1C0BB10909B7E
:10E8940020C0200099D3C020009842D2AC1FC020D1
:10E8A40000995392020EC02000B8430BC9C0C04463
:10E8B400B0CC11D0BB10C0BB20C02000B943C020D5
:10E8C40000B8634D0A904893C2AFBFC0BB10A09478
:10E8D40011909B20C02000996392020DB2AF7F90EB
:10E8E4008A83C02000A863908811B0AA10808A206F
:10E8F400C020008963C0200088436C0A0B99A0885B
:10E9040010909044909820C0200099438862AD02F2
:10E91400076830E5E8FF886221D2D617682EC02048
:10E924000088D291F2D6908820C0200089D2C020DD
:10E934000022232A6C38802210C0200022632A0C73
:10E94400021DF000E5EAFFC6F2FF000000C020004F
:10E9540088D2915DD890881046F3FF003641009824
:10E9640012C0200088095678FF1DF0003641008847
:10E97400120C1AC02000222815C020008228292049
:10E9840020248080040C09209A83001A400088A166
:10E994008029201DF000000036410098120C1AC096
:10E9A4002000822927A08820C020008269271DF02A
:10E9B40036410098120C2AC02000822927A0882002
:10E9C400C020008269271DF0364100A17DD9817BDA
:10E9D400D9C02000980AB121D88902B09920C0205A
:10E9E40000990AA151D7B1A7D6C02000980AB099BE
:10E9F40010C02000990AC020009808A19BD6A099B5
:10EA040020C0200099081DF03661009802E08311AF
:10EA14008A89C02000222801A156D7A02220C02024
:10EA240000226801C020002818D772F7D083118A09
:10EA3400898B33D03311C02000222811B162D93A16
:10EA440099C020003809C02000A22811B03310A7B3
:10EA540092011DF02D0AC6F9FF0000003641004066
:10EA64008C35C05511A8025058201C883088C00C21
:10EA74001CC02000B80A001840008CA17CF98099C1
:10EA840030B09910C02000990A2B93D14ED9D09957
:10EA9400119A9AC02000B839D05510D173D832C316
:10EAA40014D0BB1050BB20C02000B939C04411E0C1
:10EAB4003311C0200049493A3AC02000C903C0209C
:10EAC40000380A308820C02000890A1DF0000000A8
:10EAD40036410098021C883088C00C1BC02000C836
:10EAE40009001840008BA17CFA80AA30C0AA10C18A
:10EAF40063D6C02000A909C0441147BC0ED132D945
:10EB0400C133D9A133D9B2A07CE54B01CBA3E0AA90
:10EB140011AAA9C0C410D10CD9C02000481A32C30C
:10EB240014D04410C04420E03311C02000491A3AE4
:10EB340039C02000B903C020003809308820C02023
:10EB44000089091DF000000036410030B32020A2E6
:10EB54002065EBFF408C35C04411C05511A0A48042
:10EB64005058200C18473A010C082802BA555A5834
:10EB7400D093118114D99A92805510413BD8C0206A
:10EB840000883932C314408810505820C0200059DE
:10EB940039E033113A32C02000A9490C12C02000D8
:10EBA40029331DF03641008C3426141D1DF08802D3
:10EBB400CB33E033113A38C020008813212FD620FC
:10EBC4008810C02000891346F8FF8802CB33E03355
:10EBD400113A38C02000881321E6D620882006F890
:10EBE400FF0000003641008802CB33E033113A388D
:10EBF400C02000881391C4D7104401908810408825
:10EC040020C0200089131DF036410098020C18C062
:10EC14002000A229190013400038A1A03320C020ED
:10EC2400003269191DF0000036410098021CE8C04A
:10EC34002000A8093038C00C180013400088A1A097
:10EC44008820C0200089091DF00000003641001C06
:10EC5400C8F0331198024048C03044C00C1300146B
:10EC6400400033A1505074C0200048098C854033C3
:10EC740020C0200039091DF07CF8303830403310B2
:10EC840046FBFF003661000C8CB2A000AD0281ECA3
:10EC9400D5E0080050507481CFD826130881CED80F
:10ECA40026230281CED88912390288129197D7215E
:10ECB400CCD850500456F311C0200022682CC02038
:10ECC4000022282641C8D8902210C020002268269D
:10ECD400C02000222826D05511402210C020002236
:10ECE4006826C0200022282641C0D8402210C02017
:10ECF40000226826C0200022282641BCD8402210C9
:10ED0400C02000226826C0200022282641B9D8400D
:10ED14002210C02000226826C0200022282642AFEC
:10ED240000C020002921C020002821402210C0203A
:10ED3400002921C02000282142AEFFC02000226803
:10ED440026C02000222826402210C0200022682647
:10ED5400C020002228130C84402220C020002268F6
:10ED640013C020002228107C74402210505220C06E
:10ED74002000526810C0200022282642A40040220D
:10ED840020C02000226826C0200022282641D7D592
:10ED9400402220C02000226826C0200022282642CB
:10EDA400A200402220C02000226826C02000222881
:10EDB400264190D8402220C02000226826C020008E
:10EDC400222826413AD7402220C02000226826C0AB
:10EDD400200032682C1DF000C02000226819C020D9
:10EDE400002228123185D8902210C02000226812F7
:10EDF400C02000222812E05511302210C020002229
:10EE04006812C02000222812317DD80C493022100B
:10EE1400C02000226812C020002228123179D800B4
:10EE24004411302210C02000226812C02000222881
:10EE3400123174D8302210C02000226812C0200081
:10EE4400A2281C7CB330AA1050AA20C02000A268BB
:10EE54001CC0200022281F902220C0200022681FEE
:10EE6400C0200092281C309910505920C020005214
:10EE7400681CC020002228123164D8302220C0200F
:10EE840000226812C020002228123160D8302220CB
:10EE9400C02000226812C02000222813C0200029AC
:10EEA40031C0200028312020F4402220C020002935
:10EEB40031C020002831C020002268130C02C02079
:10EEC4000022681946C3FF00364100881228025602
:10EED400A20950502426132F16830026234A2633D2
:10EEE4006A250501C02000322826213ED84055015C
:10EEF400203310505320C02000526826404141C0A6
:10EF040020004268271DF000C02000322826213648
:10EF1400D8705501203310505320C0200052682669
:10EF2400C02000426828C6F6FFC0200032282621EF
:10EF34002FD8A05501203310505320C02000526810
:10EF440026C0200042682986EEFF0000C02000325F
:10EF540028262127D8D05501203310505320C02013
:10EF640000526826C0200042682AC6E5FF26134FD7
:10EF7400AC8326236E66338CC020003228122121F4
:10EF8400D8505014905501203310505320C0200005
:10EF9400526812C0200042681706DAFFC02000320F
:10EFA40028122115D85050143055012033105053D5
:10EFB40020C02000526812C0200042681406D1FF0D
:10EFC400C02000322812210DD85050145055012071
:10EFD4003310505320C02000526812C020004268F1
:10EFE4001506C8FFC020003228122105D85050143D
:10EFF400705501203310505320C02000526812C0B5
:10F00400200042681606BFFF36410088122802918C
:10F01400F4D7CC62C0200092682C1DF0C02000926E
:10F02400681906FDFF00000036410088122802A17D
:10F034000ED5DCE2C0200092282BA09920C020002D
:10F0440092682BC02000922826A09920C02000920C
:10F0540068261DF00C12C02000226818C0200092FF
:10F064002812A09920C02000926812C6F8FF000060
:10F0740036410088122802A1A4D6CCF2C020009206
:10F084002826A09910C020009268261DF0C02000F8
:10F09400922812A09910C02000926812C6FAFF00AC
:10F0A40036410088122802EC32C0200092282B211D
:10F0B400EED4209920C0200092682BC02000922812
:10F0C400130C82209920C020009268131DF00C12AA
:10F0D400C02000226818C0200092281F0C422099EA
:10F0E40020C0200092681F46F8FF000036410088C7
:10F0F400122802DC22C0200092282B21DBD4209984
:10F1040020C0200092682B1DF00C12C02000226841
:10F114001886FCFF36410098122802303004DCA225
:10F12400C020008229262175D64033112088103052
:10F134003820C020003269261DF00000C020008263
:10F14400291221B3D7203311208810303820C02051
:10F154000032691206F8FF0036410098028812CC8A
:10F1640069C0200092682C1DF00C02C020002268A7
:10F174001986FCFF36410088122802CC92C0200078
:10F18400222826202F051DF0C0200022281246FC2C
:10F19400FF0000003641000C421DF0003641000C17
:10F1A4000887120922C2F828127CC82088102D086A
:10F1B4001DF000003641008D028CB228420C18204C
:10F1C40028540012400088A12D081DF03641001675
:10F1D400F32D82C3F8B2280180C820B0900416E948
:10F1E40000D18CD7C18DD7B2A3C5A18CD7A5DD0022
:10F1F4007CC440BB104A333A3BB8130C2AA0BB2052
:10F20400B913B81889030C13B033203918A7830233
:10F21400863E008808CCB8D182D7C182D7B2A15724
:10F2240086F1FF00A81807EA0BD17FD7C17ED7B2B9
:10F23400A15806EDFF384240AA1030B775B7BA1C82
:10F24400303E5430BBD2B0AAD23D09B838D828FCDD
:10F25400BBD176D7C177D7B2A0CD06E3FF4D098CD9
:10F264006A40FA402C0B404BC030B4250BE4B0EE9E
:10F27400C00C1D000E40A0A091001B4000DDA13079
:10F284003524D0AA303034C0C6EFFF000000CCAD26
:10F29400D169D7C167D7B2A0CE46D3FFB93DD92B28
:10F2A400B842E882B0BE5430BB82AABBE0BB11BAFC
:10F2B400BE480B479832D90B279D2DB872E0E31155
:10F2C400EAEB0C1D480E001A4000ADA17CFBA0AB7C
:10F2D4003040AA10A90ECCFA001340003DA130BB67
:10F2E400303862B0B310B2620648187CC337840B5E
:10F2F400D152D7C152D7B2A14446BBFFA81CA0A388
:10F30400104AAA4BAAA91830AA10AAA8891A381810
:10F314007CC48BC8303410CAE34AEECCAED148D793
:10F32400C149D7B2A16406B0FFA81E07EA02862726
:10F3340000CCD3D145D7C143D7B2A16886AAFF0078
:10F344000000384240AA1030D775D73A02062D0083
:10F35400303E5430DDD2D0AAD2BD09D83E382E1664
:10F36400EDEE16A3F2D933392DD842F882D0DE540B
:10F37400B0DD82AADDE0DD11DADF480D479E3239C7
:10F384000D27932D3872E0FB11FAF30C1D480F0082
:10F394001A4000ADA17CF3A0A33040AA10A90FCC61
:10F3A400FA001B4000BDA1B03330B862303B1032CC
:10F3B400620638187CCDD78302C6CCFFB81E4B3307
:10F3C400B0BD103AABA918D0AA10AAACDAAA890A1F
:10F3D40038187CCB30BB10384230D77530AE54D798
:10F3E400BB53A0DDD2D0BBD2A0A982D882BAAAE0F6
:10F3F400AA11AAAD380A568306D114D7C115D7B2BB
:10F40400A0E90679FFBD098C6A40FA402C0B40BB89
:10F41400C03044250BFB40FFC00C1D000F40A0A0D2
:10F424009100144000DDA1303524D0AA3030BBC097
:10F43400C6C9FF0000008C6B40FB402C094099C0FA
:10F4440030F4250BE9F0EEC00C1D000E40B0B09175
:10F45400001F4000DDA1303524D0BB303099C046B8
:10F46400E1FF3928293889337CC43B3C40331037C9
:10F474001C0BD1F8D6C1F6D6B2A0EFC65AFFA842EB
:10F484000C13A0AE5490AA820019400043A1BAAA5A
:10F49400E0AA11AAAD890A8862E0991140882089FE
:10F4A400622872001B4000B3A19A923809B0B320BD
:10F4B400B9091DF03641008D028C0288528A221D42
:10F4C400F000000036410016A32D32C303B2AFFC96
:10F4D400AD02B03310E5CDFFA7330286B200A842D7
:10F4E4000CCBB0B373A0877587BB02861F0040FBAB
:10F4F400401CF34033C0A0C425C043C00C13001407
:10F50400400033A10B33BA3387B366A04E5440880E
:10F51400D28033D20C09A0404447290246A200C835
:10F5240072E049114A4C7CFD8804001340003DA15F
:10F534008083105698061B399862001340003DA141
:10F5440090331016E32530906030391030F3401CAE
:10F55400F93099C0E039113A3C8803561804D1BEF9
:10F56400D6C1BED6B2A0C0A1ADD6E5A5003D0B065E
:10F57400E6FF0C0997130840F34092A0204099C07D
:10F584000B89C088C00008403030910C18001C4022
:10F5940000C8A1A04524C033304099C086DDFF00D7
:10F5A40080306080831080F8401CF38083C0A03ECC
:10F5B40054903382D8828A33E033113A3D380316AB
:10F5C400231E58137CC4504410B7B40BD1A5D6C124
:10F5D400A5D6B2A1B986E3FF58334823CCA5D1936D
:10F5E400D6C193D6B2A0CD06DFFFCCA4D192D6C1AA
:10F5F40090D6B2A0CE86DBFF59344925A842A0AEEE
:10F604005490AA828AAAE0AA11AAAD580A57932F45
:10F61400490A27942AE0A911AAAC0C15E80A001893
:10F62400400085A17CF4808430E08810890ACCE80D
:10F634000019400095A190443098624049104962F5
:10F64400881307E80BD188D6C189D6B2A17346C501
:10F65400FF7CC990881042CB108BE347B8028649DF
:10F66400009AABEAAAB0F9C08A5FBBFA8B4A90FF52
:10F6740010F7140BD17FD6C17FD6B2A11D86B9FF76
:10F684004BFB5AFFF7180CD17CD6C17AD6B2A12015
:10F69400C6B4FF00F81AF0F01450FF20F91A0CB5A4
:10F6A40090FF10F7350BD175D6C172D6B2A12206E0
:10F6B400ADFF88130C25808014B0B820B913881AC4
:10F6C4008089104A8882C8FC4818A90850442049F7
:10F6D40018481A0C15505420591A88130C3580896F
:10F6E400108A8E82C8FC3908505420591AB84290A6
:10F6F4009410B0477547B927B05E545044D240992E
:10F70400D20C08B0BE5480BB829ABBE0BB11BABD18
:10F71400480BFCA4D14ED6C14ED6B2A0E98691FFC7
:10F724000C0887190740F9402C084088C0B0F4251C
:10F734000B58F055C00C14001F400044A1000540B4
:10F74400909091409930B045244088C0C6ECFF00A9
:10F75400492A293AA934B8420C14B0BE5480BB8259
:10F7640058629ABBE0BB11BADDA90D00184000A491
:10F77400A1A05520E0881159628ACC001940009458
:10F78400A1480C909420990C48137CC24022102A62
:10F794002E48027CD5504410490228137CE44022B0
:10F7A4001029133D0E2D031DF00C0386FDFF0000F0
:10F7B40036410016F30056C40030B320AD02E5A074
:10F7C400FF0C0546030056E30040B42020A2206548
:10F7D400CFFF5D0A2D051DF01654FE3BB47CC7AD6A
:10F7E40002705B10E59CFFA7B5D6D2C3F8681D0C68
:10F7F400CB609004B0B5738CD9D106D6C121D6B2F2
:10F80400A3F8A106D6257C00706610A2C3FCB73607
:10F8140002C64C00AAE6C81E4B56708C1080558058
:10F82400B7350207EC23BD04AD02A5C9FF5D0A1676
:10F834001AFABD0360C4638100D3E00800BD03ADC0
:10F8440002A598FF06E3FF000000CCAED1FDD5C1B0
:10F85400FDD5B2A16446EAFFCCA6D1FBD5C1F9D54A
:10F86400B2A168C6E6FF584250477547B81B505EC0
:10F87400545044D24088D2583E482EFC75D1EBD522
:10F88400C1ECD5B2A0CD06DEFF008C6840F8402C58
:10F89400094099C05074250B697066C00C140006A9
:10F8A400408080910017400044A150552440883086
:10F8B4005099C006F0FFCCA4D1DFD5C1DDD5B2A0EC
:10F8C400CE46CFFF5934492558426882505E549041
:10F8D40055828A55E055115A566805E7963249050E
:10F8E40027942D4872E069116A640C157806001893
:10F8F400400085A17CF48084307088108906CCF89F
:10F904000019400095A19044309862404910426229
:10F9140006481D7CC557840BD1C8D5C1C8D5B2A132
:10F924004446B7FF981E4B449095104A89891D5050
:10F934008810AA8848187CD55044104918481D7C62
:10F94400E5D908504410491D581D5080048CB8D185
:10F95400CDD5C1CDD5B2A18086A9FF007CC9905573
:10F964001042CB1047B502467500AAABBB4A9A5564
:10F974008BCA904410B055C0471C0CD1BDD5C1BD35
:10F98400D5B2A11D869EFF00E81A0CB4E0E0145025
:10F994005E20591A90551057340BD1B8D5C1B5D53E
:10F9A400B2A122C696FF481D0C26404014B0B420D4
:10F9B400B91D581A505910CA5552C5FC4815A90505
:10F9C4006044204915481A7CD55054100C169044B4
:10F9D40010605520CAD4591AD2CDFC16DDE6581D44
:10F9E40007E502C623001604E790951058425047D5
:10F9F40075473902062D00505E545044D24099D2C6
:10FA0400BD08583D482D1635E716B4EA5934492542
:10FA140058426882505E54B055829A55E055115A46
:10FA2400566805679D31490527942C5872E04B119F
:10FA34004A450C1678040019400096A17CF590956F
:10FA4400307099109904CCE94862001B4000B6A1BB
:10FA5400B0B530B0B410B962481A7CC667840246A7
:10FA6400ADFF981D4B449096104A59591A60551091
:10FA74005ACC6ACCA90C481A58427CCB40BB1050D3
:10FA84004775509E5447BB519044D240BBD2909886
:10FA940082C882BA99E099119A9C4809566406D1A1
:10FAA4006BD5C16BD5B2A0E98655FF00BD088C6942
:10FAB40040F9402C0B40BBC050E4250B6BE066C002
:10FAC4000C14000640909091001E400044A1505533
:10FAD4002440993050BBC0C6C9FF8C6B40FB402CFE
:10FAE400084088C050C4250B68C066C00C140006CA
:10FAF40040B0B091001C400044A150552440BB309C
:10FB04005088C0C6E1FF492A293AA93458420C1446
:10FB1400505E548055820018400064A1BA55E055E7
:10FB2400115A5CA9055862E0881160552059622871
:10FB340072001B4000B4A18A824808B0B420B908FE
:10FB44005D038623FF0000003641008C122222054B
:10FB54001DF00000364100A842A595FF8BC3A73CC9
:10FB64000628322AAAA73C0EA149D5B2A060813347
:10FB7400D2E00800E53B001DF00000003641009291
:10FB8400A00182A0002089838080745618033089E4
:10FB940083ECB8B2C3F8AD02A5FBFFAD02250300A8
:10FBA400AD03A55FFF8812AAA8A912A55EFF88125B
:10FBB400BD03AAA8A912A8422561FFAD022502002F
:10FBC4001DF00000364100AD03255DFF2D0A1DF038
:10FBD400364100A8028C3A7CFBE56FFD1DF0000065
:10FBE400364100A8028C1A6583FD1DF03641000CD5
:10FBF4001982A00030898380807456E803208983A9
:10FC040056880320A220A5FCFFA842BD03658BFFF4
:10FC14003D0A9CAA6558FF8812A0A8C0A26201658B
:10FC240057FF8812A0A8C08822A91287BA01A92266
:10FC340020A220E5FAFF3023209000000C0306FDEB
:10FC4400FF00000036410056E200D111D5C111D5A4
:10FC5400A112D5B2A0DA253700DC0340B42020A2DB
:10FC640020A5F8FF3D0A2D031DF0000000B2C3F8E3
:10FC740020A22025EEFF20A22065F5FF30A320E579
:10FC840051FF5D0AA842BD03CD0465B2FF3D0A9C45
:10FC94007AA8125AAAA912AD032550FF8812482245
:10FCA400A0A8C0A91247BA01A922AD0225F3FFC634
:10FCB400ECFF000036410039021DF0003641001609
:10FCC400B30220A220A5F0FF0C1BAD03E51200CC6B
:10FCD400DAD1F2D4C1F3D4A1F3D4B2A103A52E0096
:10FCE400A0BA2020A22065E9FFAD0265EFFF1DF058
:10FCF400364100B2A00130A32025100056EA00D1FD
:10FD0400E7D4C1E9D4A1E7D4B2A16BE52B00A0BA32
:10FD14002020A220E5EAFF82A00C0C02A7B8022250
:10FD2400CAF41DF036410082C3FF7C294D020C0247
:10FD340087391BAD04A5E9FFCBB3AD04E5EAFF2D7C
:10FD44000A8C5ABD03A507002D0AAD0425E9FF1D41
:10FD5400F000000036410020522022AFF330A320EF
:10FD6400473218CC93BD04AD05A5FBFF2D0A1DF049
:10FD740056E40030B32050A52025F4FF0C0206FB06
:10FD8400FF00B2A001650700A02A20CCDAD1C3D4B9
:10FD9400C1C7D4A1C4D4B2A127E5220050A520250F
:10FDA400E3FFBD02CBC4AD05A5E9FF2D0A8C5ABD06
:10FDB40004E500002D0AAD0565E2FFC6EBFF000077
:10FDC4003661009D028B223A82391931B9D439093E
:10FDD40091B9D48030149931CC4399081DF00000B6
:10FDE40092010C32010D92480032480192010E3208
:10FDF400010F92480232480306F8FF00366100B250
:10FE0400C2F8D80BC1ABD4C71D15CC630C0B2D0B9A
:10FE14001DF00000A1A9D48189D1E00800C6FAFF31
:10FE2400881B8A82809014DC5998089931D831C192
:10FE3400A1D4C71DD81633FDBD08A1A0D486F5FFF3
:10FE4400A20800920801A2410C92410DA20802925C
:10FE54000803A2410E92410F46F4FF0036410020F0
:10FE6400EA03819AD2E00800B08A11A088C0E08831
:10FE740011AA88D088118022C21DF00036410021C9
:10FE840090D4822200567800A2A0016552FBA902F8
:10FE9400A571FC261A06A8027CFBA561FB1DF000D7
:10FEA4003641003187D4222300567200A2A00125D6
:10FEB40050FBA903656FFC22A001271A12A223009C
:10FEC400B2A00A255FFB0BAA0C03A0239320207485
:10FED4001DF00000364100656DFC261A0F8178D4B0
:10FEE400D2A000A22800CD0DBD0D652CFB1DF00095
:10FEF400364100A56BFC661A0B25F6FFA02A20905C
:10FF04000000000000216FD482220056D80080EB4C
:10FF140003808D0456480065F4FFA9022539FD16B7
:10FF2400AA00A5DFFB2222002AAA86F3FFE5DDFB57
:10FF340046FCFF003601012188D142C121C02000C6
:10FF440028020C9C0C0B40A420C0200022611781C5
:10FF54003CD1E00800EB310C023C2C0C0BA2C12A72
:10FF64002253008137D1E008002157D4E0A01120AA
:10FF74002E15202201A0A24120AA201C0C40B4204E
:10FF8400A2CAFD8154D4E00800A0EB03A0AD040C88
:10FF9400ACBD038150D4E00800214CD4397129410F
:10FFA400214CD44951296132A00022C110B222004F
:10FFB400A2C12A32C30181D3D3E0080022C204665D
:10FFC40043EAA2C12AA59CFA3661026163D10CBC42
:10FFD400C020006806B2A000A2C139C0200062613E
:10FFE400438117D1E0080062A110B2AEFF1A660C7B
:0CFFF400ACBAB630A3208137D4E008007E
:02000004403882
:10000000A5D4F656FA04319ED161D1D130728077F1
:1000100036022132D43A3437362D4132D4E0A011A1
:10002000404E15204401A0A2413C0340AA20324189
:10003000391C0C32A078B2C13BA2CAFD32413A420F
:10004000C1398125D4E00800318ED161C1D13A3562
:100050003736025122D43124D43951CC144120D422
:1000600029812123D43121D42991FB2129A12121C6
:10007000D4496129B12120D4397129D159C142C152
:100080001472C13822A00032A0C76804AD06811BDB
:10009000D4E00800A05363BD0662C1442AA6CD0582
:1000A0005033C081E6D0E008005A221643004B448A
:1000B0004797D662A11032C110A2AF341A662A83C4
:1000C000A0A68022A000224834A58CFA3641001D4B
:1000D000F0000000364100AD02A5C7F72D0A1DF063
:1000E00036410030B32020A220E5DFF7A02A201DF2
:1000F000F0000000364100AD02A5CAF71DF0000077
:10010000364100AD03E5C4F72D0A1DF0364100ADC0
:100110000325C9F71DF0000036410040B42030A38C
:100120002065DCF7A02A201DF000000036410040C9
:1001300053824033A222A00056130150A52065C16E
:10014000F72D0A8C6ABD0581EED3E008001DF00092
:10015000364100E53AFC20B22030C320E5FCFFA088
:100160002A201DF03641001DF00000003681000CF1
:100170000B1CCC4BA1B90181B3D0E008000C188254
:1001800041060C5882510C88024D01881849414B98
:10019000B1AD02E00800CC3A28012243002D0A1D2F
:1001A000F00000003681001CCC0C0BA2C10481A51C
:1001B000D0E0080082A0C782510C88024BB1881899
:1001C000AD02E008001DF0003681001CCC0C0BA233
:1001D000C104819CD0E008000C493030740C6830B8
:1001E0008993380282510C38139AB1AD02E00300B2
:1001F0000C021DF0364100819BD092220130A320D9
:1002000040B420879902E5E2F50C021DF0000000E1
:100210003681000C04BD041CCC4BA149018189D05E
:10022000E008000C3882410682A09F82510C8802AF
:100230004A5188184BB1AD025941E008008801B11C
:10024000B1D30C12BAB8B0428340B074CC3B802B0F
:10025000939CB22175D0380222A1088CF365C9FFA6
:10026000BD0AC1A9D3A1A9D38176D0E008001DF0B1
:10027000A2AF008090F5A0A8104187D0A0992000DF
:1002800088119090F4408810808920890346F7FFF8
:10029000368100819BD037B80ED19DD3C19ED3A1AA
:1002A0009ED3B2A09565D2FF1CCC0C0B4BA18165EF
:1002B000D0E0080039212C0332510C38021C883858
:1002C000138241074BB120A220E003001DF0000083
:1002D000368100818BD037B80ED18DD3C190D3A198
:1002E0008ED3B2A0A165CEFF1CCC0C0B4BA18155C7
:1002F000D0E00800392132A0D832510C38021C88D5
:1003000038138241074BB1AD02E003001DF000003D
:100310003681009187D050848087B90ED181D3C1B6
:1003200081D3A17DD3B2A0AD25CAFFC2A01CB2A0CB
:10033000004BA18144D0E0080049210C2442510C1B
:10034000480252410548141C8552410739314BB1CE
:10035000AD02E004001DF0003641009873AD02BD0F
:10036000038171D38C198171D3890A8171D3E0081B
:10037000002D0A1DF000000036410028920762138C
:100380004020040763250B338C621B4406010000E8
:1003900000002B446023C21B2260228239053022D8
:1003A000C04C033044634022631DF0001642FEC679
:1003B000F5FF0000364100289207621140800407D3
:1003C00063150B338C481B44860000002B444C0201
:1003D00039052024631DF0001628FFC6F9FF000030
:1003E0003641003090F582A06822A10587990D81E1
:1003F0002BD080331032D3C00C083028831DF0007E
:100400003641000C421DF000364100B8620C1AB0B3
:1004100080F40C02802A83209074CCA92146D32A30
:1004200028209A832D098C790C0229032138D01DAC
:10043000F0001B4000AAA1A90386FCFF366100CB97
:10044000B1AD02A56500CCAA88310C49F0881190A5
:10045000881089032D0A1DF03641003090F582A0E6
:10046000C822A10587990D8134D380331032D3C0BF
:100470000C083028831DF00036410088629107D0B7
:10048000B19ED1909810AD02B7190880807492A0E7
:100490001587390FC12AD3B12AD3D2A200A594005F
:1004A0002D0A1DF00C2DC127D3B127D346FBFF0029
:1004B0003641002202181C890C0827B90282A002CA
:1004C0000C422028201DF00036410088620C0A8072
:1004D00090F40C1290A283A0A074CC8AB116D3BA67
:1004E0009990A2838C9A0C0229032108D01DF00058
:1004F000008080741C9287B20282C8FA0C1900181E
:10050000400089A189030C0246F8FF00364100E84B
:1005100042303004E090F4662902062D00F6391FBF
:1005200016290DA1FCCF661976987217E902862F5D
:10053000009106D398090CCBD209040CB90613001C
:10054000264936B64963A1F3CF66595398721769A5
:100550002291FED29809B2A0EBD2090192A0EC3010
:10056000B9931C8C2C0930C99331C0CF30EE2006D2
:100570000900000091F7D246F6FF9872176924919E
:10058000F3D29809B2A06CD2090292A06B30B98361
:100590002C0C1C8930C983A802380A38F3E0030008
:1005A0002D0A1DF091EBD2C6F5FF987217691C91C8
:1005B000E7D29809B2A0BCD2090092A0BB30B9839F
:1005C0002C0C1C8930C98386E7FF000091E1D2C65C
:1005D000F7FFA872A7091091DDD298093CCBD20988
:1005E000033CB986E9FF000091DAD2C6FAFF0000A9
:1005F00091D8D246CFFF987217691091D4D298093A
:100600001C3BD209050C3986E0FF000091D1D2C60F
:10061000FAFF000036A1001CCC0C0BA2C11459310A
:100620008189CFE00800A802404341424115480AB1
:10063000CB614814626107325114B2C114E0040066
:100640002D0A1DF036410030D320C2A010B2A00107
:10065000AD0225FCFF2D0A1DF00000003601017DD2
:100660000221BECF0C0BC020002802AD07C0200025
:10067000226117281762221322221E6931E002002C
:1006800062A106A02A20671A02C621006586FFB172
:10069000B1D2C1B1D2DD0AED0B0C1A81A6CFE008B0
:1006A0000031AECFC02000422117C02000380337F0
:1006B000146A257BF64C0CB2A0FFA2C11C8161CF4D
:1006C000E00800A807E831280ACD0528D2BD04D2E9
:1006D000C118E00200C861DD0AAA2CA8075A6420EC
:1006E0006663280AC094C028B24086C0B2C11C9973
:1006F000118921E00200981182C11CC8219AB82DED
:100700000AAD03814ECFE0080088216044C04A55FD
:100710008A334D065692F856A5F9C6E0FF1DF00043
:100720003601016D02218DCF0C0AC020002802C0C5
:100730002000226117281622221322610392A000B2
:1007400022A001509293909074CC0ADC493183CF5F
:10075000C02000422117C0200038032D0A3714772B
:100760002570F64C0CB2A0FFA2C11C99118135CFA7
:10077000E00800A806E831280AD2C11828A2CD0551
:1007800040B420E00200DD0AA8615A24DA7A70221F
:100790006382C11C4072C0A0A4C0CD07BD03A0A845
:1007A00080D261028126CFE00800A8160C0BC8BADF
:1007B000AD06E00C009811D82156CAF88816C86119
:1007C0008228122044C0B2C11CAD064A55E0080080
:1007D0007A334D0246D9FF001DF000003661004813
:1007E0002288640C044718340C1BA83230B483C22E
:1007F000C108E00800479A13382147530A3822A855
:10080000323873CBB1E003002D0A1DF022A1072777
:100810001A026572FFAD0446FBFF000000AD0846FA
:10082000F9FF000036A1009145CF8144CF8B411CD8
:10083000CC0C0BA2C114991489048102CFE00800EA
:100840000C888241164CB8825114A8022C088241AF
:100850002A280AB2C11428124981E002002D0AA8F0
:1008600004B8140B8A0C19A738010C09B0C06097A2
:100870009C2D92AFFD87B92721ECCE2222001602D3
:10088000012567FFBD0AC133D2A134D281EDCEE08C
:100890000800880498148903991322A1061DF0000A
:1008A0008130D2E00800A903B913C6FBFF000000A5
:1008B0003681000C0B1CCCA2C10481E2CEE0080002
:1008C000A80282A06682510C880A4BB1822801E0FE
:1008D0000800ECBABD0A1CCC4BA181DACEE00800BE
:1008E000A80282A09982510C880A4BB18818E008AE
:1008F00000CCCA8812AD029818822815B809E00801
:10090000002D0A1DF00000003641006115CF62265F
:1009100000271608A2A1062D0A1DF000006111D2C1
:10092000BD057856AD04E00700167AFE7806E007AC
:1009300000CC852816E00200AD0546F6FF40705455
:10094000CC573CF84C0757380E407044CC671CF825
:1009500072A0205738011C078826BD03AD0470C75C
:1009600020E0080088120C0B88B820A220E00800C4
:10097000563AFA8836E008008812DD05822811CD43
:1009800004BD03AD02E0080056BAF88812AD029823
:1009900018822815B849E0080056AAF7884670550D
:1009A000C0E008007A337A4446E1FF003661002057
:1009B000A22056E300D1ECD1C1EDD1A1EDD1B2A17D
:1009C00083A560FF822201CBC18228190C1BE0089D
:1009D00000CCBA88310C19808104908830824300A1
:1009E0002D0A1DF036610082120D26C820218ECE00
:1009F00082220022A106161801A54FFFA0BA20C12D
:100A0000D5D1A1DCD1818ECEE008009000000C0889
:100A100082510782A08091D8D18921A802883128EB
:100A20000A90881091D6D122221590882089318B86
:100A3000B1E002002D0A46F4FF0000003681000CF0
:100A40000B1CCC4BA1B901817FCEE00800A8020CA1
:100A500018824106880A5D018818594132510C4BB1
:100A6000B1E0080088012D0A89041DF0366100C23A
:100A7000C10CB2A03520A22025FCFFDC9A8BC10C52
:100A80005BAD02A5FBFFCCEA88312201088088110A
:100A90008080F420882089032D0A1DF0364100CD86
:100AA000033C5BAD0265F9FF2D0A1DF0366100CBFA
:100AB000B1AD02A5FEFFCCAA88310C49F088119097
:100AC000881089032D0A1DF0364100CD030C5BAD63
:100AD00002A5F6FF2D0A1DF036410030D320C2A03A
:100AE00008B2A001AD02E5B2FF2D0A1DF000000022
:100AF00036410030D320C2A008B2A031AD0265B1AA
:100B0000FF2D0A1DF0000000364100C18CD1B18CD0
:100B1000D1D2A20020A220252D00A02A20900000E2
:100B20003641000C021DF00036410038120C0B3823
:100B3000B3AD02E00300CCCA3812AD0288133223F1
:100B400015B808E003000C130C08A08383808074A0
:100B5000CC8892AEFA9A9A908383ACF8A802380AAD
:100B60003833E0030088720C1330882089728812B1
:100B7000AD029818822815B819E0080082A10687EE
:100B80009A0A8812BD0388B8AD02E008002D0A1D3C
:100B9000F000000036410048120C0B48B4AD02E0F2
:100BA0000400CCCA4812AD028814422415B808E0EB
:100BB00004000C140C08A08483808074CC9892AE3E
:100BC000FA909A80908483BC28A802BD03480A4208
:100BD0002404E0040038720C1440332039723812B7
:100BE000AD028813322315B838E0030032A106376E
:100BF0009A0A3812BD0438B3AD02E003002D0A1D75
:100C0000F000000036410048120C0B48B4AD02E081
:100C10000400CCCA4812AD028814422415B808E07A
:100C200004000C140C08A08483808074CC9892AECD
:100C3000FA909A80908483BC28A802BD03480A4297
:100C40002405E0040038720C144033203972381245
:100C5000AD028813322315B828E0030032A106370D
:100C60009A0A3812BD0438B3AD02E003002D0A1D04
:100C7000F00000003641008812AD02981882281555
:100C8000B22900E008000C1B0C08A08B8380807444
:100C9000CC9892AEFA909A80908B83BC68A802DDC3
:100CA00005880ACD04888830B320E0080038720C2B
:100CB0001440332039723812AD025813322315B85C
:100CC00045E0030032A106379A0A3812BD0438B352
:100CD000AD02E003002D0A1DF0000000366100881F
:100CE00012AD029818822815B809303074E0080057
:100CF0000C190C08A08983808074CC88B2AEFABA33
:100D0000AAA089838C98A802BD03880A8878E00885
:100D1000008812AD0288A8FBB1E008002D0ACCAA19
:100D200082010F3038C082A1053028931DF00000E9
:100D3000364100A802BD04880A8868E008002D0A30
:100D40001DF000003661001B430C054053931B450A
:100D50000C15A802680A62260EE00600BC1A68128A
:100D6000CBC1622619BD05AD02E00600DCDAA83170
:100D7000A06074A0A004ECBA387207630F7CE44052
:100D80003310397260610422A10660A2932D0A1DFE
:100D9000F02614BD6822A832683650B520E006005F
:100DA0000B4406EBFF88221C466064638838A83237
:100DB000BD06E008002603996044C05634F9A2A19C
:100DC0000706F2FF36410082120D0C1982C8E00CB2
:100DD000028029838D020C422028201DF000000093
:100DE00036410022A1061DF036610088426D028264
:100DF000C8FC0C02F62834CBB1AD06E004002D0A85
:100E0000EC8A88315058205718218816BD0A88B8B6
:100E100060A620E00800BD05AD06E003002D0A38FD
:100E2000168C9A38B30C1BAD06E003001DF0881336
:100E3000222315B2280060A620E0020032A1062D70
:100E40000A379A2728160C1B22220B60A620E002E4
:100E500000CBB1AD06E004002D0A56EAFC68313241
:100E6000A1085056C050239306F0FF0056CAFB86D7
:100E7000F7FF00003641003090F582A09D22A105C9
:100E800087990D81BFD080331032D3C00C08302831
:100E9000831DF000364100C1BBD0B1BBD04C0DADBD
:100EA0000265F4FF2D0A1DF0366100CBB1AD02A53D
:100EB000C1FFCCAA88310C498084419088108903F5
:100EC0002D0A1DF03641000C421DF0003641003065
:100ED00030F592A0C282A10597930898420CFA9728
:100EE0003A010C082D081DF03641000C021DF000DF
:100EF000364100B8620C1AB080F40C02802A8320BC
:100F00009074CCA9218CD02A28209A832D098C7921
:100F10000C022903217ECD1DF0001B4000AAA1A9CF
:100F20000386FCFF3681004812AD02881442241566
:100F3000B808303074E004004D0A1CCC0C0B4BA1F7
:100F40008141CDE008000C190C0840898380807431
:100F5000CC88A2AEFAAA444089839C48418CD08CAC
:100F600013418BD0A80242510C480A4BB14814E0FF
:100F700004004812AD0248A43BB1E004002D0ACCA5
:100F8000AA4201033034C042A1053024931DF00071
:100F900036810038120C0B38B3AD02E003003D0A75
:100FA000CCEA3812AD024813322315B804E003002E
:100FB0003D0A0C140C08308483808074CC9892AE67
:100FC000FA9A939084831668041CCC0C0B4BA18175
:100FD0001DCDE00800A802316FD04BB132510C3862
:100FE0000A0C143813E003003872AD024033203984
:100FF0007238128813322315B818E0030082A10654
:101000003D0A879A0A8812BD0488B8AD02E008003C
:101010002D031DF036810048120C0B48B4AD02E0E0
:101020000400CCCA4812AD028814422415B808E066
:1010300004000C140C08A08483808074CCA892AEA9
:10104000FA909A8090848316E8041CCC0C0B4BA178
:1010500081FDCCE008002C043921A802314FD04298
:10106000410732510C380A4BB132230142A001E052
:1010700003003872AD0240332039723812881332BF
:101080002315B22803E0030032A106379A0A38126A
:10109000BD0438B3AD02E003002D0A1DF0000000CE
:1010A00036810048120C0B48B4AD02E00400CCCAF3
:1010B0004812AD028814422415B808E004000C144C
:1010C0000C08A08483808074CCA892AEFA909A8099
:1010D00090848316E8041CCC0C0B4BA181DACCE085
:1010E00008002C043921A802312DD0424107325189
:1010F0000C380A4BB132230142A001E003003872E0
:10110000AD02403320397238128813322315B228C9
:1011100002E0030032A106379A0A3812BD0438B340
:10112000AD02E003002D0A1DF000000036810088AA
:1011300012AD029818822815B809E008000C1B0CA3
:1011400008A08B83808074CC9892AEFA9A9A908B88
:10115000831608051CCC0C0B4BA181BACCE008000F
:10116000A80252410539312C05310DD052410732C8
:10117000510C380A492138134BB1E0030038720C86
:101180001440332039723812AD025813322315B887
:1011900045E0030032A106379A0A3812BD0438B37D
:1011A000AD02E003002D0A1DF0000000364100E80A
:1011B00042E080F426B8101C19A1D6CCB1FBCF2C8C
:1011C0008D9718082D0A1DF0B1F7CF1C4DA8022CE1
:1011D0000C280A28F2E0020006FAFF003601016D31
:1011E0000221DECC0C0AC020002802C020002261AF
:1011F00017281622221322610392A00022A0015078
:101200009293909074CC0ADC4931D4CCC020004237
:101210002117C0200038032D0A37147765C4F54C18
:101220000CB2A0FFA2C11C99118186CCE00800A8D5
:1012300006E831280AD2C11828A2CD0540B420E022
:101240000200DD0AA8615A24DA7A70226382C11C86
:101250004072C0A0A4C0CD07BD03A0A880D2610287
:101260008177CCE00800A8160C0BC8BAAD06E00CDC
:10127000009811D82156CAF88816C8618228122011
:1012800044C0B2C11CAD064A55E008007A334D0295
:1012900046D9FF001DF0000036410022C2F0B62200
:1012A0000ED1C2CFC1C3CFA1C3CFB2A05DE5D1FEE5
:1012B00092A00182A0022089832D0889031DF000DD
:1012C00036A100819ECC919DCCA8428B414BB18927
:1012D00004991465FCFF1CCCB2A000A2C114815972
:1012E000CCE00800820104A802F098119A9892417B
:1012F00016E088112C0982412A924117880A51AEC2
:10130000CF88184981525114B2C114E00800284214
:101310001C188792302804981420884180A90180E5
:101320008A20A15ECCA0881000A9112090F5909A87
:1013300020A159CC202074A09910908820208820CA
:101340000C0289042914A8040C12819ECFE0080025
:10135000816DCF0C048A8A804283408074CC38A08F
:1013600028939CE22131CC32220022A108161301DD
:1013700025B8FEA0BA20C191CFA191CF8131CCE098
:1013800008001DF0A0A841A90346FDFF36A100A852
:10139000420C05B2C1105931E5EFFFBD051CCCA2CE
:1013A000C1148128CCE008008201102C058241166E
:1013B000A802E0881152411782412A280ACB3152F3
:1013C000AA05222201326108525114B2C114E0026E
:1013D00000CC3A22030029042D0A1DF036A100A8F2
:1013E000420C05B2C1105931E5EAFFBD051CCCA283
:1013F000C1148114CCE008008201102C0582411632
:10140000524117E088115170CFA80282412A5251EF
:1014100014580ACB415815426108B2C114E00500C6
:10142000DCCA420400261408262418A90306010079
:10143000001C044903480328422714030C02290313
:101440002D0A1DF01C1446FAFF0000003661002032
:10145000A22056E300D15DCFC15ECFA156CFB2A08E
:101460009EA5B6FE822201CBC18228190C1BE00882
:1014700000CCBA88310C19808104908830824300F6
:101480002D0A1DF03641003030F592A0C282A10530
:1014900097930898420CFA97BA010C082D081DF092
:1014A0003641000C221DF0003641000C021DF000F8
:1014B0003641003090F582A0CD22A10587990D819B
:1014C000F7CB80331032D3A00C083028831DF000F6
:1014D0003641000C421DF0003601016120CC911410
:1014E000CCC0200068060C1BC02000626117681287
:1014F00082261389315A848739010C0B62261EAD6E
:1015000002E0060062A1067D0A671A020624006551
:101510009EFEB130CFC130CFDD0AED0BA2A001811C
:1015200005CCE00800310DCCC02000422117C020BE
:101530000038032D07371470101120A592F54C0CBC
:10154000B2A0FFA2C11C81BFCBE00800A802E83115
:10155000680ACD0568D6BD04D2C118E00600C8618E
:10156000DD0AAA6CA8025A84980AC0E4C0608863A5
:1015700098B9B2C11C8911E261024068C0E009005B
:10158000E82192C11C7D0ACD06AD03E0B98081AB94
:10159000CBE0080088116A338044C04A5580482057
:1015A0005617F85675F9C6DEFF1DF0003681006843
:1015B00012AD028816622615B808E00600569A0495
:1015C000BD0AC2A01CA2C104622200819ECBE00819
:1015D0000081CBCB5241052C094738011C89393198
:1015E00092410749211C234738010C2332510C3802
:1015F000064BB13813AD06E00300CCCA4812AD0269
:101600005814322415B845E003002D0A1DF00000DF
:101610003681004812B2A00042240BAD02E0040063
:10162000560A064812AD028814422415B808E00490
:101630000056FA04BD0AC2A01CA2C104480281815E
:10164000CBE0080091AFCB82A02037390282A018EE
:1016500082410739212C183739012C0882510C8816
:10166000044BB18818AD04E00800DC6AA802480AFF
:101670008224115618013812AD024813322315B8CE
:1016800034E003002D0A1DF04812BD03C884E008B1
:1016900000161AFE06FBFF003681004812B2A000B9
:1016A00042240BAD02E00400564A064812AD0288FF
:1016B00014422415B808E00400563A05BD0A1CCCB3
:1016C000A2C104422200815FCBE00800918DCB8251
:1016D000A02037390282A018824107392182A0DC7C
:1016E00037390282A0D882510C88044BB18228017C
:1016F00040A420E00800DC6AA802480A82241156AF
:1017000018013812AD024813322315B824E0030043
:101710002D0A1DF04812BD03C894E00800161AFEF9
:1017200006FBFF003641003020F532A0EF3022C02A
:101730000C0832A1052038832D031DF0364100220C
:1017400002181C890C0827B90282A0020C4220282A
:10175000201DF0003641000C021DF000364100B2A1
:10176000A000AD0BA509002020740C4B0C0AA50CA1
:10177000008C520C4B0C1A250C00B2A004A2A00045
:10178000E50F009000000000364100A51200A0BA4D
:1017900020A2A000A506002020740C1B0C0AA5099D
:1017A000008C520C1BAD0B250900B2A001A2A000B9
:1017B000E50C0090000000003641000C0AE522F61E
:1017C0002020740C0A2524F61622010C0AE5F8FFE5
:1017D0008183CEE008008182CEE008001DF0AD02DA
:1017E00065FAFF46FAFF0000364100E574FE00008E
:1017F0003641001DF00000003641000C021DF000D3
:1018000036410020207426130B168300262305265C
:1018100033026572FE8173CE92A0EC2088C04088AE
:10182000119A88C0200098087CCAA099103099208D
:10183000C0200099081DF000364100202074CCF330
:10184000D16ACEC16ACEA16ACE5C2B101120E57799
:10185000FE8164CE2028C040221166130A3103CBDA
:10186000C0200039521DF0000B933031410B330082
:10187000891180331190882080332046F8FF0000C2
:101880003641008158CE2020742028C040221166A5
:10189000130A31F6CAC020003262141DF00B9330D7
:1018A00031410B330089118033119088208033201F
:1018B00046F8FF003641000C021DF0002048031BD3
:1018C000220002403049033020910033A1D6F30BAF
:1018D0003030F530222020306020331030F34000CB
:1018E000134020209120491320480322C21F303288
:1018F000C030481310200020490316A20707E20851
:1019000017E21927E23A06230032C9F049035913B6
:101910006923793320614110804006F7FF32CDF012
:10192000490359136923793332C5F4380332C3E0CC
:1019300089039913A923B93320A24120804006EEE0
:10194000FF108040D2CDF0090D191D292D393D32EF
:10195000C1F43803D2CD1032C3D0490359136923DF
:10196000793389439953A963B973F0804020E341E7
:10197000308040C6E0FF0000108040204803001285
:10198000400C120022A12049131020000C020DF07F
:101990000C120DF00000F022111B22304803F7E278
:1019A0000A0B33F02211F762F73030340013400095
:1019B00032113022812020F42049133003032C02FD
:1019C0003032C03048131020000C220DF00000000F
:1019D000362100619FCC50E6034D006025103B226C
:1019E00020E61310200045EDFF0D0450E6131020F3
:1019F000001DF000380230E7F3381230101338229F
:101A000030111338323004133842300C133852304E
:101A10002013386230211338723022133882302379
:101A2000130DF000703EE33902301003391230110B
:101A30000339223004033932300C03394230200399
:101A4000395230210339623022033972302303398D
:101A5000820DF0003621000C0330E46110200020DC
:101A6000232020E4131020002D031DF03621000C4C
:101A70000440E46110200020342020333030E4138F
:071A80001020002D041DF0F1
:020000044200B8
:10002000F550C93FD41AC93F1051C93FD81AC93F2A
:10003000D01AC93F000000003333733FCDCCCC3D14
:10004000742200400000803D00007A449C1AC93FA1
:10005000B850C93FD850C93FC450C93F00F07F4590
:100060009F49033C2001033C2C01033C3801033C25
:100070004101033C4C01033CC850C93F0000803F94
:100080000000A040CC50C93F0AD7A33C6666663F3B
:10009000B050C93FBC50C93F981AC93FC050C93F72
:1000A0000AD7A33B8FC2753C0AD7233CCDCC4C3D2D
:1000B000AC50C93F3F771B00CDCCCC3EB450C93FBC
:1000C0005901033CD050C93FF41100400000704278
:1000D00000001041000080410000F0410000964205
:1000E0000000A8410000C0400AD7233D0000204086
:1000F0006201033C6701033C7101033C7701033C4F
:100100008101033C8701033C9201033C9A01033CBB
:100110001851C93FAB01033CB301033CB701033C99
:100120007D02033CBA01033CA4220040BF01033C12
:100130005B43033CC201033C0851C93F0C51C93F1A
:10014000E004033CCC01033CDE01033CEA01033C38
:10015000F001033C0000C842F501033CF701033CF9
:10016000BC01033CFF01033C0B02033C0451C93FAB
:100170008103033C1802033C2702033C3602033C84
:100180004602033C5602033C6402033C7202033CF9
:100190000051C93F7C02033C7F02033CC402033C84
:1001A000F850C93F8202033CE402033CF502033CE1
:1001B0000603033C1603033C2603033C3103033CC4
:1001C0003A03033C4703033C5303033C5F03033CF4
:1001D0006B03033C7703033C8002033C8403033C32
:1001E0009703033CAA03033CD002033C0E04033CE8
:1001F0001104033CFC50C93F1F04033C2D04033C85
:100200003204033C3E04033C4A04033C0102033C29
:100210001451C93FA850C93F5404033CA8610000D1
:100220006004033C7204033CCDCCCCBD00001643FB
:1002300000004843CF1AC93FCE1AC93FCD1AC93F63
:10024000CC1AC93FABAAAA2A5655555567666666A9
:1002500001000080F450C93F0040000050C300007E
:10026000941100000005033CE80300001805033C5E
:1002700000110000081BC93FFFEEFFFF4007033CD1
:100280008305033CBF05033C6084374044250040A0
:100290003707033C4C06033C1D06033C2807033C80
:1002A0007D06033C1F07033CB206033CEE06033CFD
:1002B000481200404C55C93F646E37400000E03F93
:1002C0004C07033CFFFFFF7FFFFFFFFFFFFFEF7FB8
:1002D0005007033C000000E0FFFFEF415407033CE0
:1002E000FFFFEFC100000080000024408004033CB9
:1002F0008C250040B8230040A0230040DC230040B0
:100300005022004084210040F82200406423004035
:10031000FC24004018240040D42200403423004034
:10032000F4003840FFFF0000E000384000120040B9
:10033000E8110040A824033C3451C93F3E1BC93F8B
:100340003D1BC93F4451C93F4851C93F3F1BC93FAD
:100350005807033C3109033CB507033C2109033C22
:10036000E407033C2208033CE708033C0A09033C7A
:100370004651C93F3C1BC93F5461033C345A033CBE
:10038000FFFF3FFCFFFF01004009033CF609033C6F
:100390009E09033C0100000000400060CB09033CC3
:1003A000D0230040B4210040000A033CF10A033C82
:1003B0005E0A033CC60A033C0C52C93F84BC37406A
:1003C000D8C63740FB0A033CA00C033C900B033C0F
:1003D0008203033CF3EEFFFFF0EEFFFFEC0B033C68
:1003E0002F0C033C640C033C1852C93F1452C93F04
:1003F000AC0C033C4B0D033C0D0D033C088004008A
:1004000004800800590D033C080F033C240E033CF4
:100410005C0E033C2052C93FB8B43740B4B13740FA
:1004200000004841000080431C52C93F401BC93FA7
:10043000000F033C930E033CCF0E033CB4B3374094
:100440004052C93F00000000002000004452C93F54
:10045000190F033C6C4700424852C93F4C52C93FF8
:100460005052C93F00B4C404220F033CD910033CCE
:10047000E80F033C4410033C9C10033C9894374025
:1004800010953740BC943740449837409060033C07
:10049000301A033C1019033C1519033C2C19033C7A
:1004A000B05A033CF4FE37401D1A033C01240018E7
:1004B000F619033C801CC93FFFFF3F000000C0FF4E
:1004C00055110018E719033CD719033C761A033C71
:1004D0000A1A033C3E19033CA01A0040E61A033CEA
:1004E000841CC93FDCD2374020D43740D61A033CA5
:1004F00018800360C51A033CB31A033CA01A033CDE
:100500005919033C8F1A033C641A033C551A033CE7
:10051000421A033C0000C0030000FEFF7319033CB5
:100520009419033CCB19033CC419033C5090006060
:10053000FFBFFFFFFF8FFFFF00100000CCFF374021
:100540005852C93F40420F005452C93FF51A033C6C
:10055000FA1A033CA01CC93F7852C93FE31E033C72
:10056000211B033C541B033C1519033C891B033C12
:10057000FFFF03000F00C0FF00000001FFFFFFFEB0
:10058000000000020040420F00000000FFFE0300D8
:10059000A11B033C8F1E033CBE1B033CC51B033C3D
:1005A000441C033CCB1E033CF4513740BC1E033CAF
:1005B00000008000FFFF7FFFAA1E033C501C033C8D
:1005C000831C033CAD1C033C04080000407F374003
:1005D0006A1E033C311D033C501E033CFF3F0000DC
:1005E000611D033C085237407B1E033C901D033CB9
:1005F000CB1C033C001D033CC21D033C745B033C4D
:10060000421E033C341E033C48D83740261E033CA0
:10061000F41D033C0008000000000010000004006E
:100620000000200000800000000002000000100018
:1006300000000100000008008F07780000000300A0
:1006400000000020083E000018000C6008000C604C
:100650001C000C601460026020000C600C000C6038
:1006600024000C6018600260F21E033C5C1F033C17
:10067000241F033CA81CC93F7C52C93FB4D2374059
:10068000461F033C321F033CBC1CC93FB01CC93F82
:10069000785B033CC023033C711F033CDB1F033C1E
:1006A000FF00FFFFB323033CFFFFEFFFA723033C43
:1006B0009223033C4D20033C7D23033C6A23033CEF
:1006C0007320033CFFFFFFFBFFFFFFFC0FF0FFFF6A
:1006D000FF0FFCFFFFFF03FF000000045323033C58
:1006E0009720033C4623033CBE20033CE120033C0F
:1006F000941A00403B23033C0421033C2723033C82
:100700002320033C3721033C5B21033C0060016054
:1007100000000003A452C93FFFFFF0FFFF01F8FFF4
:10072000FFFFDFFF1F85EB51FFFFBFFFFFFFFFF064
:10073000FF0080FF1FE0FFFFFFFFFFEFFFFFFFDF76
:100740009321033C1623033CFF1F033C1422033C6C
:100750000323033CA852C93F6222033C8622033C88
:10076000B81CC93FC41CC93FE05237405001384053
:10077000D8B03740B4A5374034B03740D48C374078
:10078000148D3740F322033CA222033CC421033CD6
:10079000008037C0FF7F7500000000B0FF1F000021
:1007A0000020F09FC522033C9C5237404E24033C5E
:1007B000D023033CD623033CD81CC93F00800360F0
:1007C00000880060C05B033C3E24033C2724033CBC
:1007D0001324033CFD23033CFFFFFF8F0000004078
:1007E000B425033C5C24033C1519033C6024033C02
:1007F0009624033C7B24033C9A25033CE324033CDE
:10080000C852C93FC48C37408825033CF124033CBF
:10081000048D37407B25033CFFFFFFBF6125033C70
:100820001925033C5425033C2825033C3A25033C69
:10083000A924033C4C25033CCC52C93FE01CC93FD2
:10084000C925033C2B29033CFC25033C845A033C6B
:100850000326033C4529033C6F29033C76A5033C52
:100860001926033C3E26033C6D26033C9C26033C94
:10087000C826033C0E27033CFFFF3FB33727033C4A
:100880006227033C9B27033C5E29033C047F004214
:10089000887E00421A29033C0629033CF928033CC0
:1008A000A927033CE027033CE928033C2528033C17
:1008B000CF28033C6328033C9328033CFF9FFFFFA2
:1008C0000C1FC93FC428033CFFFF0F000000F0FFCE
:1008D00000004000D0050040031500008029033CC3
:1008E0008C29033CAA29033C5C5F3740DC52C93F9A
:1008F000A4890042D429033CEA2A033C162A033C7B
:10090000242A033C38FF37402F2A033C082B033CA2
:1009100005150000752A033CC22A033C446E37408B
:100920007C593740981C0040282B033C322B033C59
:10093000662B033C00700060A82B033C0C7B374007
:10094000E85F3740E852C93FEA2B033CFA2B033CEF
:100950000000FFFF252C033CF45E37402C7B374022
:10096000B46037405469374002200000E02C033C5B
:10097000EA2C033C212D033C6A2D033CA42D033CAF
:10098000E32D033CFFFFFF00162E033C000000BEDA
:10099000FFFFFF01000000C43E2E033C842E033CF9
:1009A000B32E033CD82E033C122F033C222F033CD2
:1009B000532F033CFC7F37400C120040D4003840DA
:1009C000612F033CCE2F033C9B2F033CAC2F033CF9
:1009D000B52F033CEC52C93FF052C93F00900000D4
:1009E000EBEBFFFFAA5000000055C93F0000FFFBE2
:1009F000E52F033CEF2F033C1B30033C4430033C0A
:100A00005C1C0040681C004024120040741C004024
:100A10006646033C4C31033C8830033C30120040B6
:100A20009430033C3A31033CA530033C1331033C82
:100A3000C0663740F0673740FC30033CBC65374048
:100A4000E430033CCA30033CC4633740B730033C56
:100A50002731033C008C0000FFFFFF4110A9374005
:100A600018A937406C5C37400360000018623740BB
:100A7000CC6A3740E4FFCE3FC836C93FA836C93FED
:100A80008634033C2234033C741F0040F81738407E
:100A9000E817384058033840D0623740B89B033CD1
:100AA0001437C93FF036C93F0855C93FED34033C00
:100AB000A236033C2035033C3CB637407CB337407C
:100AC000071100001455C93F2055C93F0C11000003
:100AD000B636033C2455C93F3C12004002110000C9
:100AE000051100000E1100000A110000181100008D
:100AF00001110000FEEEFFFF08110000BA36033CB2
:100B00001837033CEB36033C016000007CA93740FA
:100B10003DCFF33CFFFFFF3F7C37033C0411000057
:100B2000B837033C2855C93FE837033C0F11000094
:100B3000FFFFEF3F0B11000009110000A00F0000A4
:100B4000031100001011000020A7033C0D1100004C
:100B500061188601F037033C4A38033C1938033CDE
:100B600019110000FCC600422C55C93F3055C93F41
:100B7000ED39033C9038033C5C39033C281DC93FE8
:100B80007B39033CD739033C5239033C806D3740F5
:100B900030B73740301DC93F3455C93FFC39033C9D
:100BA000383A033C203A033C64C5374074C80042DD
:100BB00038C53740408037405055C93F5455C93F2C
:100BC0000CF03740F0F037405CF137402F38C93F28
:100BD0002938C93F2138C93F381DC93F663A033C0F
:100BE0006F3A033CD03A033C0838C93FE73A033C2C
:100BF000F63A033C0D3B033C233B033C553B033C93
:100C0000A4F0374094C5374014C537404872374088
:100C100080C53740647637406077374090CA0042DD
:100C2000783B033C473C033CD83B033C409C0000E2
:100C300088EC3740CCEE37402CF0374074F037402A
:100C400078CE0042FD3B033C363C033C68C3374052
:100C500038BD3740541B00405C55C93F8891374030
:100C6000849C3740A0923740703D033C0B3D033CD1
:100C7000743D033C643D033C008000602823000079
:100C80006A3D033C7C050040389337401093374061
:100C90009C060040C097374020300000F88FFB8E44
:100CA000F013E588CF9FFB0028000C6000F0FFFFE9
:100CB0002C000C606455C93FC880006078723740D2
:100CC000E0400C60DC400C60EC400C60E8400C60E4
:100CD000F8400C60F4400C60401DC93F6855C93FA6
:100CE000AC7637406C55C93F3625033CA83E033CE3
:100CF000673E033CB055C93F481DC93F7055C93FC9
:100D0000F455C93F1027000098773740C03E033C98
:100D1000C83E033C501DC93F0056C93F0006004075
:100D20000456C93F84D500420856C93FD03E033C13
:100D3000ED3E033CF93E033C483E033CFD3E033C94
:100D4000163F033C541DC93F581B00002A3F033C7B
:100D5000FC55C93F3E3F033C7B3F033C14D7374023
:100D600078F13740901AC93F901AC93F3556C93FAC
:100D70008A3F033C3B40033CDB3F033CD0FFCE3F7C
:100D80001C17033CE53F033CF33F033CF53F033CAA
:100D90007C36C93F2740033C0C56C93F1CBB033C73
:100DA00050E2033C2CE2033C3456C93F0C803740F0
:100DB0002C8E3740A86037404056C93F0000C9BF5D
:100DC000FFFF0600000000C0FFFF050000443740A1
:100DD0005C1DC93F5040033C58DB0042247437403F
:100DE000A4D83740848F3740483E033C9472374044
:100DF0005840033CB0783740C07837403006004058
:100E0000FCFFFFBFFFFFFF035D40033C3B3F033C94
:100E10005C43033CE4400C606F40033CBB40033C3C
:100E2000C20A033C98400C609C400C60BF40033CED
:100E30000E41033C44400C6048400C605A41033C66
:100E4000A941033C24410C60EF41033C20410C606C
:100E50002D42033C483E033C4242033C5B42033C80
:100E60006742033C7542033C9942033C9C42033C6D
:100E7000B442033CC142033CCF42033C1C44033C0C
:100E8000E73E033CDA42033C1143033C5B43033C33
:100E9000EA42033C0943033C1643033C2543033C1D
:100EA0003443033CC88437405040033C4447033C30
:100EB0007C44033CD8DB00429544033C2447033C7C
:100EC000FCDC00422CDC00421875374000840060D6
:100ED00000900160FF1FFCFFFFFFFDFF002000608E
:100EE0000040026000500260E447033C1C48033CA1
:100EF000D34D6210FF7F0700048337400000046079
:100F0000FFEFFFFFFFF3FFFFFFFFFBFFFFFF078088
:100F100000C0FFFF6C1DC93F3480006044E00060EA
:100F200048E0006000F003600FC0FFFFFF7FFFFF9D
:100F30000000FF0300000008741DC93FF13F033C9F
:100F40005448033CAD48033CA748033C4C56C93FBA
:100F50005056C93F181200404856C93FE4B33740C5
:100F6000BC48033CC648033C7056C93FC948033CD3
:100F7000F13F033C7856C93F7C56C93FE848033CE3
:100F8000D848033C381EC93F401EC93F4FC300002C
:100F9000024000008C49033CCE49033CB849033C65
:100FA0003C1EC93FEC49033CEC4B033C601EC93F6F
:100FB0008056C93F8456C93F70F900420096000030
:100FC0006009000080250000004B0000C0120000F6
:100FD0000008070000C201000084030000E10000D7
:100FE00000CA080000100E0020A10700A02526005E
:100FF00060E3160080841E0000941100E067350055
:1010000000093D00C0C62D00C648033C904A033C81
:10101000934A033C964A033C314B033CBB4A033C96
:10102000264B033C1B4B033CC64A033C004B033C92
:10103000E34A033C3C4B033CF54A033C114B033C65
:10104000484B033C74B13740E065C93F3A4E033C1E
:10105000E94E033C6A4E033CB8FC37407B4E033CF0
:10106000DA4E033C9459033C914E033CA74E033C9B
:10107000C64E033C28FD3740141FC93F347D37401E
:101080009458033C9858033C98E2033C68E2033CC4
:10109000FCFFF13F0000CF3FB85F02428B57033C9B
:1010A0007958033CCA57033CE057033C0A58033CB9
:1010B0001858033C88140040666600001C1FC93F96
:1010C000000000C30100C04C9061033C7262033C0D
:1010D000E861033CF361033C2362033C3662033C5A
:1010E0006162033C4D62033C241FC93F5480006091
:1010F0000800005000000050589D37402C1FC93F89
:10110000A057C93F9C57C93FB8983740809D37408A
:10111000BC57C93F9862033C3663033CFA62033C08
:10112000FFFFC1FFFFFFFEFF541A38406C1A384022
:10113000341FC93F0763033C4A63033C8880374040
:10114000FFFF3FC0B457C93FDC813740E41B00407C
:10115000601101421363033C2863033C00003FC05D
:1011600000004027C057C93FE0800060D880006081
:10117000CC57C93FFA63033CB763033CC763033CE6
:10118000FFFFFF9F00000060581FC93F44833740A6
:10119000CCA6033C3164033CA47A033CD457C93F3A
:1011A0001E1EDEF080CB37405C83374074833740AF
:1011B000E08337407C843740D057C93F001200009D
:1011C0005C81033CC0130142F4833740E8C53740DB
:1011D0003856C93FD857C93F38190142E057C93F6F
:1011E000CCE937402CEC3740A8EB3740E8EB3740F0
:1011F000E457C93FE857C93F38843740020C000024
:101200006681033C7981033CA281033C0CEC3740AE
:1012100060813740305BC93F9291033CF891033CB9
:101220003391033CDC5AC93FC091033C33C410BB2B
:1012300048B33740DC110040D4FFCE3F2034C93FD3
:10124000845BC93FDC65C93F805CC93F785CC93FAE
:10125000745CC93F905CC93F18843740885CC93FC3
:10126000588000605C8000603C38C93F5792033C66
:10127000AE92033C8492033CF493033C3097033CCE
:10128000CC92033CF192033C1B93033C4393033CFD
:101290002D40033CE093033C9693033CF095033CC4
:1012A000B094033C6094033C1094033CA493033C2F
:1012B000C593033CFF0F0000B293033C985CC93F09
:1012C00089280100BC130040882301423997033C60
:1012D0004797033C8C2401426435C93FAC97033CDB
:1012E000A799033C2C98033C1E98033C8599033C2A
:1012F0004998033C5F98033C6998033CDC98033CA5
:101300008098033C6199033CFC98033C1C99033C86
:10131000442901420616000004160000A85CC93FDB
:10132000759A033C7B9A033CFC290142B69A033C24
:10133000EA9A033CFD99033CC399033CCF9A033CD2
:10134000049B033C119A033C07000080D824004012
:10135000DC5CC93FD45CC93FBC5CC93FB45CC93FDD
:10136000AC5CC93FCC5CC93FC45CC93F8CC337404F
:10137000B0C337409C9B033CE88E3740F583033C69
:10138000AB9B033C929B033CB0C53740E45CC93F38
:10139000E85CC93F239D033CC148033CBC9B033C24
:1013A0009835C93FDE9D033CDF9B033CC99D033C50
:1013B000B69D033C029C033CA39D033C939D033CD0
:1013C000839D033C719D033C5F9D033C4D9D033C0D
:1013D000259C033C4B9C033C3B9D033CCE9C033C27
:1013E00010BD3740089D033CF79C033CD59C033C53
:1013F000BCA73740F8A7374048A637409035C93FCB
:10140000D0903740F05B3740F45CC93F6F61C93F13
:101410000C5DC93FF85CC93FFFF0F8FF7838C93F61
:101420004038C93FD019384060FE3740FCCF3740C4
:10143000F39D033C3B9E033C289E033CD546C93F9D
:10144000D546C93F881A3840881A384000000050F5
:101450000000005000E00F6000E00F60CCCF37408C
:10146000B061C93FAD3BC93FEC3AC93FC43AC93F3F
:101470001F39C93FF438C93FBF38C93F8D38C93F0C
:101480004C3BC93F1C3BC93F8D3AC93F563AC93F07
:10149000833BC93F0C3AC93FE039C93F6436C93F75
:1014A0009C61C93FA8350142983501422C38014260
:1014B0001C3701427061C93F5B9E033CC49E033CE4
:1014C0008F9E033CAB39C93F7239C93F4939C93F87
:1014D000A19E033CB59E033C979F033C0F45C93F2B
:1014E000F942C93F889F033CCF43C93FF461C93FDC
:1014F000C061C93F9843C93F6343C93F2E43C93FB9
:10150000BA42C93F8742C93FDE9E033C569F033C17
:10151000A344C93F389F033C7544C93F3D44C93F7C
:101520000544C93F6F9F033CC941C93F7F454C46B5
:1015300034002000D09F033CDD44C93FE69F033CBC
:10154000A13DC93F643DC93FA49F033C8741C93FBA
:101550004541C93F0341C93FC140C93F7440C93FEC
:101560005542C93F489F033C3840C93F0F42C93FDD
:10157000FA3FC93FBB9F033C813FC93F3B3FC93F47
:101580001A9F033C113FC93FD23EC93FE83CC93FC7
:10159000F861C93F4A200000E39E033C019F033CE1
:1015A0008F3EC93F6D3EC93FF69E033C2C3EC93F6E
:1015B000DE3DC93FA83CC93F293DC93FBD3FC93FAA
:1015C00006A0033C803CC93F4A3CC93F1E3CC93F82
:1015D000E061C93FEB3BC93FC13BC93F9864C93F8C
:1015E000EFBEADDE2C65C93F8023C93FF88F374081
:1015F000FF7F37C0FFFFFFAFFF1FF09FFFFFFFC25E
:10160000FFFFC8BF1EA0033CE0A0033C7FA0033C3B
:10161000FFFFFF0FC835C93F90A0033CBFA0033CAC
:101620004C62C93F8445C93F4F45C93F2145C93F29
:10163000000109003065C93FF8A0033CB9A1033C93
:1016400020A1033CDC45C93FA545C93F35A1033C6A
:101650009BA1033C66A1033C7EA1033CA045C93F7E
:101660009B45C93F9745C93F005A6202002D310191
:10167000FFFF0FFFFF0FF0FFD8A1033C4797033C8C
:10168000D8A3033CDDA3033CE9A3033CF0A3033C44
:101690000046C93FF445C93F30A4033CB9A4033C0C
:1016A0000C080000FFA4033C7F0F000088104208D4
:1016B000800F0000FF0F00FF29A5033C247A37406C
:1016C0003865C93F3C65C93F68A5033C7BA5033C21
:1016D00018B0036080B0036000B0036010B0036016
:1016E00014B003600CB003601CB0036020B0036052
:1016F00040B003606465C93FECA6033C00D5D4BC90
:10170000BCAAB1B87065C93F6865C93F005D0142B8
:101710007865C93F7C65C93F5CA7033C88A7033C4B
:101720005036C93F5436C93FACA7033C4864014218
:10173000F067014250D63740E068014278690142C3
:10174000296A0142C46A0142E0A7033CD86F014202
:1017500028700142806D01428C65C93F14A8033C8A
:10176000FFFF1F005836C93F3CC700425C36C93FE7
:101770009465C93FC46D3740EC6D37409065C93FF3
:101780009865C93F000000600000016000E0026051
:101790001CA8033CD865C93FD005004000C53740B0
:1017A00060A9033C40A9033C20A9033C908D37402D
:1017B000188E37400C0138405C8D374001004020C6
:1017C000FFF7FFFF307A0142588A0142908A0142B6
:1017D000C48A0142F88A0142C877014200013840B8
:1017E0001C7B01420100FFFF388D37402C7B0142FA
:1017F000487B01421A08000000F00000DFF7FFFFFD
:1018000080FFFF7FFEFFFF7F180138404413004038
:101810006C120040A724033C488801426CB6033C8C
:1018200000B6033C94B5033C80A9033CA0A9033C4B
:1018300080AA033C98AA033C3CAC033C5007033C01
:1018400040AC033C4C07033C44AC033C55AC033C6C
:10185000B0AA033C0000C03F000030400A00000076
:101860002CAC033C1CAC033C0886033C8C2200409F
:101870006C24004074250040B88E374068AC033CAF
:1018800088AC033C68AD033C80AD033C3CAC033CFE
:101890005007033C40AC033C4C07033C44AC033CC6
:1018A00055AC033C98AD033C14AF033C04AF033C80
:1018B0000886033C24AF033C2CAF033C2DAF033C14
:1018C00030AF033C0886033C31AF033C48AF033CD8
:1018D0000000F07F0F2700000986033C0000F03F66
:1018E000000010FE0000F83F61436F63A787D23FFE
:1018F000B3C8608B288AC63FFB799F501344D33FFF
:1019000010B2033CB8AF033CE8B1033C00001C40FC
:101910000000C0FC00001440882300406036C93F2E
:1019200031AF033C3CB1033C2C013840B8AF033C21
:10193000398EE338000000FF000000F0B0B1033C36
:101940000000000000005043FFFF0F80D8B2033CAE
:10195000F8B2033CD8B3033CF0B3033C55AC033CB2
:1019600044AC033C08B4033C84B5033C74B5033C6D
:101970006CB7033C8CB7033C6CB8033C84B8033CA5
:1019800055AC033C44AC033C9CB8033C18BA033C44
:1019900008BA033CDC34C93FD434C93FCC34C93F16
:1019A000C434C93F592A0000C52700001C800060CC
:1019B0003FC0FFFF2C80006024800060FF01FFFF1C
:1019C000FFFF00FE30800060288000602080006003
:1019D000FF7F00FF5C35C93F5F63033CA463033CAA
:1019E0009963033C7435C93FC7320000BC34C93F1A
:1019F000501FC93F481FC93F4C1FC93F441FC93F23
:101A00002C410C60A860026008400C6068400C60CB
:101A1000E8300060E82000607480006000800060B2
:101A2000FFDFFFFF88800060FFFFF7FF848000601A
:101A300014000C609080006094800060FFFFFFCF76
:101A4000FFFF3FFFFFFFFFF310000C6040800060CE
:101A50004C800060B817384000933740389D3740BD
:101A60007898374090823740F49837403855C93FCE
:101A700054D53740FCCE37400858C93FE8D13740ED
:101A800040D537400458C93FA083033C7F84033CC2
:101A90000484033CD783033C934F033C984F033C9F
:101AA0009D4F033C2C6C0242B34F033CE74F033C79
:101AB0002450033C8B56033C6950033C7550033C57
:101AC000B8F13740E651033CFFC0FFFFFFFF8FFF37
:101AD0000000300000005000FF3FF0FFFFFF7F805C
:101AE0001852033C6756033C7A52033C294F033C8F
:101AF0007A4F033C484F033C4CFB37400470024292
:101B0000D4FB3740B8F4374098F13740E4FB374016
:101B10009456C93F8C56C93FF84B033C5C4C033C80
:101B2000564C033C8C57C93F9056C93F8856C93F15
:101B3000D8FE37408203033C714C033C80FE3740A3
:101B4000081FC93FA4FE37403641008135F92020E7
:101B5000748208008C982133F90302004020FA1D9A
:101B6000F08131F998088131F9C099119A888C6215
:101B700003080246F9FF000003080146F7FF0000D2
:101B80003641008127F98208008CB88129F90308C1
:101B9000004020FA1DF000008124F98808C0981147
:101BA0008123F99A8803080346F9FF003661005043
:101BB00002FA2122F930A0745012FA10006B76104C
:101BC0003203410325F8FF03010340B0FA811CF9F9
:101BD000E008002118F9500AFA5012FA10004B766A
:101BE00010112115F95012FA00014B76100E402009
:101BF000FA1DF0002110F95002FA06FCFF5002FA1B
:101C000086FAFF003641002020741C040C0320A239
:101C100020E5120242C4FFA033805604FF2109F9D7
:101C20000003DA5012FA10002AB107F940A0FA8135
:101C300004F9E008002D0A1DF00000003641000CF8
:101C4000AA25FCFF8102F9501AFA03080500112A9F
:101C50004021FA1DF00000003641000CCA65FAFF71
:101C600081FBF8501AFA03080600112A4021FA1DD8
:101C7000F00000003641000CEAA5F8FF81F4F850AE
:101C80001AFA03080700112A4021FA1DF00000008B
:101C900036410020A074E5F6FF81ECF8502AFA03E3
:101CA000080913080A6000FA20014AB2280840A077
:101CB000FA81E3F8E00800A02A209000000000006C
:101CC0003641000CBAA5FCFF2D0A1DF03641000C70
:101CD000DAE5FBFF2D0A1DF03641001C0A65F2FF14
:101CE00081DBF8B2280B81D6F8E008002D0A1DF040
:101CF00036610065420231D6F8280320AAC022A02E
:101D000063A7B257254102A90325F3FF21D2F8A901
:101D100002E5FAFF31C8F8501AFA5003FA10004BE6
:101D20007610025013FA134201034103A5F2FFA9F2
:101D300022A5F9FF030103501AFA10004B76100296
:101D40000010FA134203E5F2FFA942E5F8FF03028F
:101D500000130201A95210002A0342061DF00000E0
:101D60003641005002FA21B3F85012FA10004B76B7
:101D7000102521B1F85012FA00014B76101921B745
:101D8000F881B5F85012FA03480010002A0C0A0036
:101D9000B0EAA52E021DF0000001FAC6F7FF000010
:101DA000364100A1A4F8A5FBFF1DF000364100213B
:101DB000B2F8880221ADF8263821F6481221A9F898
:101DC00026181821ACF826281221A5F806030000D1
:101DD00021A7F826480521A6F86658EC1DF000005A
:101DE000364100A19CF89199F8030A00130900817B
:101DF000A2F800014B7600130C19990881A2F80C87
:101E0000599908E5F9FF461600000000130A02235D
:101E1000090210024B7600040C2906F7FF230A037F
:101E200033090320034B7600060C39C6F2FF00008D
:101E3000230A0533090420034B7600040C4906EEFF
:101E4000FF218EF85022FA20014B760010218CF8E9
:101E50005012FA00014B7600040C59C6E6FF8808C0
:101E60005688F91DF00000003641009183F882A0E9
:101E7000008269009184F882690065F2FF1DF0001C
:101E80003641006529022182F882220080AAC082A0
:101E9000A0F9A7B854252802A26200216EF8A17DFE
:101EA000F8230206030A00817CF800024B76000743
:101EB000922800909060990888082179F80018CA43
:101EC0008177F85032FA030800216FF830014A5048
:101ED00012FA10004B761013216DF85012FA00011F
:101EE0004B761007034800234A001DF00001FA4614
:101EF000FCFF00003641008157F85013FA33080305
:101F00005022FA30014B5004FA7600132166F85043
:101F100012FA10001A40A0FA65E4FF1DF00000005C
:101F200043080240024B760006215FF8C6F7FF0027
:101F3000215FF85052FA50221A20044B7600D52126
:101F40003FF85022FA20111A10034B7600C6215494
:101F5000F85012FA10000A86EEFF000036410081A8
:101F600049F80C499908813CF8C8088131F8B8084B
:101F7000812DF8A808E5F7FF1DF00000364100416B
:101F800035F8313EF80304025023FA20000A130406
:101F9000002125F8313CF800014B22220076000B8D
:101FA00022A000226300A5DFFF1DF000B22300562F
:101FB000FB0052A00140A1FA590325BFFF5137F899
:101FC000A90552230066155465EBFF5118F8C0228D
:101FD00011911EF82A850309031308032308011031
:101FE000004B7610020001FA812DF840B0FAC228A9
:101FF0000040A2FAE5EFFF2A25030201212CF85048
:1020000012FA10001A13040210006B76009A0C22C8
:1020100029036510022126F8A902C6E2FF662560A1
:102020005103F8C022119109F82085800309031398
:10203000080323080110004B7610020001FA810604
:10204000F840B0FAC2280040A2FAA5EAFFA50C02A7
:102050008118F8880880AAC08117F8A738192A259E
:1020600003020321F6F75012FA10002A13040300AA
:10207000014B76100206CCFF0C32290346CAFF0042
:102080000026350246C8FF51E9F7C0221191EFF74B
:1020900020858003090313080323080210004B76F0
:1020A00010020001FA81ECF740B0FAC2280040A209
:1020B000FA25E4FF20258003020221FFF75012FADF
:1020C00010001A13040200014B76100246B6FF0CF2
:1020D0001246E9FF36410025040221F8F78222006A
:1020E00080AAC03C18A7B81781E4F7880856F80002
:1020F000650202A90221CAF72202008C52E5E5FF1F
:102100001DF0000065E7FF46FDFF0000360101B14C
:10211000CFF73C0CA2C10481ECF7E0080091C3F7B3
:102120004B810C0A030901A2CA0103480C030902EE
:1021300082C80403480E03090392C91003481166BC
:102140003AE181B8F7B1DEF703080081B9F703413E
:1021500016A1DCF7030800D2A05C4BC1034117A510
:102160002A011DF036010121D9F731DEF722610184
:1021700021D8F7326107292121D7F731D1F7293149
:1021800021D6F7BD03294121D5F7295121D5F729BA
:1021900061298121D5F7299121D5F729A121B7F707
:1021A00029B121C1F729C121C7F720A220E53301B8
:1021B0005CC8879A4CDD0A4BC1BD03AD02E53A010C
:1021C000A1A3F73C0C4BB181C0F7E008008197F761
:1021D0004B910C0A03090C1BAA03480103090F4B7E
:1021E0009903480203091103480382C810663AE3C1
:1021F000030116218CF7034200030117218DF70319
:1022000042001DF0364100219FF7880221BBF726CE
:102210003821F6481221B7F726181821BAF72628D0
:102220001221B3F70603000021B5F726480521B4B3
:10223000F76658EC1DF0000036410021B5F7AD02FD
:1022400025EC000C0CBD0CAD02E5EC00418BF73821
:102250000416330CB1B0F7AD02E53F01E5B4FFBDA4
:102260000AAD02653F010C1C0C0BAD02A5EA00B1E2
:10227000AAF7AD02253E013177F7A80381ABF7E05D
:102280000800CD0ADD0B0C1E20A220255E0161A3F3
:10229000F7AD0260B620253C01A81381A3F7E00842
:1022A00000DD0B0C1ECD0AAD02255C01519DF7AD82
:1022B00002BD05653A010C2C0C0BAD02A5E500B181
:1022C00099F7AD02253901A8238197F7E00800CDE1
:1022D0000ADD0B0C1EAD02655901BD06AD02A53726
:1022E00001A8338191F7E00800CD0ADD0B0C1EAD8B
:1022F00002A55701BD05AD02E535010C0B0C3CAD47
:102300000265E1003804B180F78C13B180F7AD02AB
:102310006534011DF0000000A5EEFF06D0FF0000AF
:10232000364100417BF7AD04A5DD000C0CBD0CADC2
:102330000465DE00B180F7AD04E53101517FF70C93
:102340000C38053A3CE663341B2C0C0BCD0240A440
:102350002065DC00817AF7B175F78808371802B17B
:1023600074F740A420252F018176F7E0331130382F
:1023700080B803AD04252E01CD026632C31DF000E6
:102380003641002163F7AD02A5D7000C0CBD0CADA2
:102390000265D8003123F7B16BF7320300CC13B1DB
:1023A0006AF7AD02252B010C1CAD020C0BA5D60063
:1023B000B167F7AD02252A013127F7A863815AF7E3
:1023C000E00800CD0ADD0B0C0EAD02254A01B1601C
:1023D000F7AD026528018120F7415EF70308005040
:1023E00014FA10002A40A0FA8150F7E00800DD0B33
:1023F0000C0ECD0AAD02654701B157F7AD02A52518
:10240000010C2CAD020C0B25D100B154F7AD02A587
:1024100024010C0A2573FF8144F7E00800CD0ADD92
:102420000B0C1EAD02654401B13DF7AD02A52201C2
:10243000E574FF813DF7E00800DD0B0C1ECD0AAD11
:1024400002A54201B137F7AD02E520010C3CAD0217
:102450000C0B65CC00B142F7AD02E51F01A853811A
:1024600032F7E00800CD0ADD0B0C0EAD02E53F01AE
:10247000B13DF7AD02251E011DF0000036410021DF
:1024800024F732A00020A220A5C7000C0CBD0CAD83
:102490000265C800B135F7AD02E51B0141E4F66104
:1024A00033F71B530C0BCD05AD02E5C600822600A9
:1024B000B11FF7371802B11EF720A220A51901B8E5
:1024C0000420A22025190181D8F68808379808B180
:1024D00028F720A2202518013D0542C4106635C109
:1024E0001DF000003641002121F738022109F7AD27
:1024F0000225C1000C0CBD0CAD02E5C100C083116A
:1025000031CBF6AD028A33B803E51401B120F7AD43
:10251000026514010C0B0C1CAD02E5BF00311CF769
:10252000B115F788038C18B114F720A220A5120169
:10253000B2A0000C2CAD0225BE008803B110F72616
:102540001802B10FF720A220E51001B2A0000C3C48
:10255000AD0265BC003803B10BF7262302B10AF7C0
:10256000AD02650F011DF000366100210CF74B41F3
:102570008802381228228911293121E5F63921AD46
:102580000225B8000C0CBD0CAD02E5B8003100F717
:10259000AD028803E088118A84B22800A50B010CE3
:1025A0001C0C0BAD0225B70081FEF6A80881DEF6F3
:1025B000E00800CD0ADD0B0C1EAD02252B0138030F
:1025C000B1F5F6262302B1F4F620A220A50801AD4C
:1025D000020C3C0C0B25B400B1F3F6AD02A50701CB
:1025E0001DF0000036410021CAF6AD0265B1000CB5
:1025F0000CBD0CAD0225B200B1F2F6AD02A505018D
:102600000C0B0C1CAD0225B10031D8F6B1E7F688F1
:10261000038C18B1E6F620A220E50301B2A0000C5D
:102620002CAD0265AF008803B1E2F6261802B1E1D5
:10263000F620A220250201B2A0000C3CAD02A5ADFF
:10264000003803B1BAF6262302B1B9F6AD02101173
:10265000206500013173F6B1D8F6320300CC13B116
:10266000D7F6AD0225FF001DF00000003641002125
:10267000A8F6AD02E5A800C2A000C0BC2020A220A0
:1026800065A900B1D4F6AD02E5FC000C0B0C1CAD45
:102690000265A80031B6F6B1CBF688038C18B1CA32
:1026A000F6AD0265FB00815FF6A808819FF6E008A1
:1026B00000CD0ADD0B0C1EAD02251B01B1C7F6AD26
:1026C0000265F9000C0B0C2C20A220E5A4003803B5
:1026D000B1BFF6261302B1BEF6AD02E5F7003154E4
:1026E000F6A8038191F6E00800DD0B0C1EA0CA20BD
:1026F00020A220A51701B18AF620A220A5F500ADE1
:10270000020C3C0C0B25A100B1B5F6AD02A5F400FE
:102710001DF00000364100317EF620207430A320E9
:10272000259E00C2A000BD0CAD03E59E00B1ACF635
:10273000CC12B1ACF630A320E5F100C2A0010C0B25
:10274000AD03659D008137F6CC128139F603080090
:1027500040A0FA8175F6E00800CD0ADD0B0C1E30B2
:10276000A320A51001B18CF6CC12B18AF630A320BB
:1027700065EE00AD030C3C0C0BE59900B18AF6AD9B
:102780000365ED001DF00000368100B197F61C4C8A
:10279000CBA1CB31E02211814CF6E008002A23289E
:1027A000021DF0003641008129F626121EE622079E
:1027B0009C020308048603002622186632F30308ED
:1027C000038600000308004020FA1DF003080106FC
:1027D000FDFF000003080206FBFF00003641005029
:1027E00003FA811AF626121BE622089C12034804FB
:1027F000860300002622116632F239388600000076
:1028000039081DF0391806FEFF3928C6FCFF000004
:10281000364100213FF6AD02A58E000C0CBD0CAD7B
:1028200002658F00B173F6AD02E5E2000C1C0C0BE3
:10283000AD02658E00B13DF6AD02E5E100316DF609
:10284000A80365F4FFBD0AAD02E5E0000C2C0C0BFB
:10285000AD02658C00A803E5F4FF8133F6E00800C3
:10286000CD0ADD0B0C1E20A2202500013803B14942
:10287000F6263308B15EF6264302B147F620A220C1
:1028800065DD00AD020C3C0C0BE58800B15BF6ADDC
:102890000265DC001DF00000364100211DF6AD028E
:1028A0002586000C0CBD0CAD02E58600B154F6ADDA
:1028B0000265DA003150F6A803E5ECFFBD0AAD026F
:1028C00065D9000C1C0C0BAD02E584008135F6A81F
:1028D000088115F6E00800CD0ADD0BE2A00120A278
:1028E00020A5F8008803B12BF6263808B140F6265B
:1028F0004802B129F620A220E5D500AD020C3C0C1F
:102900000B658100B128F6AD02E5D4001DF0000092
:1029100036410021FFF5AD02A57E000C0CBD0CADCB
:1029200002657F00B137F6AD02E5D2000C1CAD02A6
:102930000C0B657E00B133F6AD02E5D1000C2CAD79
:10294000020C0B657D00B130F620A220A5D000ADB1
:10295000020C3C0C0B257C00B12DF6AD02A5CF007E
:102960001DF0000036410081F5F582280026283C44
:10297000E638089CE82618271DF0000026485FA6C8
:1029800048456658F28122F60CC992680025F8FF86
:1029900006F9FF0000911EF68909E589FFC6F5FFDB
:1029A000811CF60C299908A59DFF86F2FF8118F677
:1029B00092A003926800819CF592280081ECF59921
:1029C00008A5ABFF06ECFF008112F692A006926804
:1029D0000081E6F592A0009908A5C0FF06E6FF81F8
:1029E0000CF60CA999088103F60C09990825E2FF59
:1029F00006E1FF003641002572012106F682220021
:102A000080AAC082A1F3A7B80EE57001A902210037
:102A1000F68802CC582582FF1DF000006628F825B4
:102A200096FF86FCFF00000036410021B9F50C0D31
:102A30000C4CAD021C4B2573000C5B0C9A25450118
:102A40000C5B0C8AA544010C5B0C1A6544010C5B01
:102A50000C0AE543010CCAA516010C0DB1EFF5A156
:102A600099F5CD0DA58900E56FFFB1ECF50CCC0C07
:102A70000A6554010C0B0CFAA563016532FFAD0227
:102A80002568000C0CAD020C2BE56800B1E5F520C3
:102A9000A22065BC000C2CAD020C1BE56700B1E167
:102AA000F5AD0265BB00A2A5DCA56801A578FF1DF8
:102AB000F0000000366100A523FF6532FF6561FF6D
:102AC00025F3FF0C020C1A42A001E54D013D029DC9
:102AD0000AA03493AD029911206220E54C01A06454
:102AE000933070743D0A0C9AE54B015D02CD0AA04B
:102AF00054930C8AC921254B018D02A084938080B8
:102B0000749811B1CCF589318D029084839D08822F
:102B10000B00B1C9F58099108D023084833D088285
:102B20000B00C8218083103D02C03483A02483B1F0
:102B3000C3F541C3F5C20B00A2040060607450509D
:102B400074C03310A02210CC6916F8040C180601CA
:102B5000005678FF7CF8A1AEF5A80A261A02862254
:102B600000A176F5980A9A8891B7F56B889098B28B
:102B700080BF31B099C0F0B9119A9BF0991190982B
:102B8000C0816DF5990AA808A7A9019908A8082B82
:102B9000AA97AA0492C9FE99086578FF1603013125
:102BA0009CF582230056B82482A00189032577FF73
:102BB0001652013197F5280356423B212FF5222268
:102BC000008C42652AFF2567FF819AF5B19BF521AC
:102BD0009BF54831319BF51C4A724800624B00520C
:102BE0004200424300E554011DF00000663A28A16E
:102BF0005FF5922A009088809194F582C80390989E
:102C0000B280BF31B099C0F0B9119A9B9088C08949
:102C10000AA586FF06E1FF00664A28A15DF5922A13
:102C2000009088809189F582C8039098B280BF3166
:102C3000B099C0F0B9119A9B9088C0890A658AFF43
:102C400006D6FF00666A29A149F5922A009088807D
:102C5000917EF582C8039098B280BF31B099C0F0E0
:102C6000B9119A9B9088C0890AA597FF06CBFF00EF
:102C700000669A2BA160F5922A009088809173F5E6
:102C800082C8059098B280BF31909121B099C0E080
:102C9000B9119A9B9088C0890A65B7FF06BFFF00EB
:102CA0000C9BB79A259131F5A809AA88A169F52B43
:102CB00088A08810D688000B887CEAA088201B8812
:102CC0008909A59AFFC6B4FF000000665A4981DB56
:102CD000F45008FACC49B154F5500BFA8131F54162
:102CE000D5F413080010000A5014FA10004B7610A7
:102CF000199127F5B118F59809501BFA26290541B5
:102D0000F3F45014FA00014B7600020001FA034874
:102D1000006585FF06A1FF00667A4481C8F450086B
:102D2000FACC49B141F5500BFA81BEF441C2F4131B
:102D3000080010000A5014FA10004B761019B1E385
:102D4000F4501BFA00014B76100D0348000C1A6575
:102D50009CFF8691FF0000000001FAC6FAFF000008
:102D6000668A3E41B6F45004FACC49812FF55008EA
:102D7000FA81AFF4B1B0F413080010000A501BFA46
:102D800010004B76101541D4F45014FA00014B7624
:102D900010090348000C0A06EDFF00000001FAC606
:102DA000FBFF0CB8871A02467CFF81A4F45008FA96
:102DB000CC49B11DF5500BFA81FAF4419EF4130889
:102DC0000010000A5014FA10004B7610199109F502
:102DD000B117F59809501BFA2649054115F550140D
:102DE000FA00014B7600020001FA034800A5AAFF91
:102DF000066AFF00661808E5B6FF866CFF00000053
:102E000066381C81DAF498088188F4990881E0F426
:102E10000C0999080C48826300A56CFF0664FF004A
:102E200066483781D2F4980881DAF4C09911A8086D
:102E3000817FF49A88DC3A03080181D9F4034800C1
:102E40000C588263002572FF0659FF00661A0503BD
:102E5000080206F9FF03080386F7FF66583581C3A9
:102E6000F492280081CBF4C09911A2280081CCF4FF
:102E7000030800816EF4908880CC7A034801E5282D
:102E8000FFC6E3FF661A0503480206FCFF0348037A
:102E900086FAFF0066684991B5F482290056380128
:102EA00091EDF4A2A0018249000C7889036586FFA8
:102EB000063FFF0066181081E7F40C099248000CE9
:102EC0008889030C0A06F9FF8156F40C1AA24800FF
:102ED0000C0889090C9889032579FF4634FF000006
:102EE000000C9997982581DBF40C19924800819F7A
:102EF000F40C79A8080C88A08983A2C8F989030C6E
:102F0000180C03A03883AD0346E8FF0066981881CB
:102F1000B9F4A22800E588FF81A2F4A268000CB8E9
:102F200089036597FFC621FF92A00B97981A819C91
:102F3000F4B80881B0F4A808258AFF251DFF0CA865
:102F40008903E58CFFC619FF0082C8F9B62802463E
:102F500017FFA51BFF81BFF4A2A00692080082A064
:102F600009908A83890356E9F6A567FF0610FF00DA
:102F70006612060C022903C612FF66420A0C3229A9
:102F800003A54FFF4610FF0066520C0C4229036553
:102F900055FFC60CFF00000082C2F9F6282221ADC1
:102FA000F492A00682020022A009802983226300F5
:102FB0008C48A56BFF0604FFA562FF8602FF000098
:102FC0000082A00B87920C22A00A2263002584FFB6
:102FD00046FDFE000C988792108111F40C022248E5
:102FE00000819CF422480006E2FF0C1229032533DD
:102FF000FF06F5FE3661000C78A145F489010C6FDF
:103000000C5E0C4D0C2C0C3BA52A00A12EF4A59DAA
:10301000221DF000364100A12BF4253E001DF000DA
:10302000364100AD026573121DF00000364100A26A
:10303000020AB2A000A5F400A2A001A51001A202FC
:103040000A0C1BE5F3000C1AA50F01A2020A0C0BD7
:10305000E5F200A2A064E50E011DF000364100304B
:1030600030740C0440828000044030B0B1A2080BE0
:10307000B0B00442C401A5F0006644E7AD02E5FA31
:10308000FF1DF0003641003030740C044082800097
:10309000044030B0B1A2080BB0B00442C40125EE28
:1030A000006684E7AD0265F8FF1DF000364100A21E
:1030B000020840B074A5EC00A2020982A0FF3030E3
:1030C00074871A040C0BA5EB0082021347680DBD30
:1030D0000320A220E5FAFF90000000000030B44178
:1030E000AD02A5F7FFBD03AD0225F7FFC6F9FF004E
:1030F000364100C2A00030B07420A220E5FAFF9053
:103100000000000036410020A220B2A00125FEFFF1
:10311000A2A7D02503011DF03641000C38404074B1
:1031200080446382021720A2203030748734040B5D
:1031300048404074404A80B20418B03380B2AF8037
:10314000B0B320B0B074A5FAFF90000036410092F1
:1031500002140C488089200CCBAD02824214B0B915
:1031600020E5F8FF1DF0000036410040407430308B
:1031700074505074B6240A8202130C8990882082FD
:1031800042136135F432421A32C34042421762524E
:103190000C32421B8CD566140B32021342A0044041
:1031A0003320324213A20208B2A00365CE00A2026D
:1031B0000932A0FF371A05B2A00365CD00A2020AAA
:1031C000B2A003E5CC002032201C048202130C8A3A
:1031D0004088100C49809A938D092093C087A90CD0
:1031E000A2030B0C3BA5CA001B3346F7FFA11BF43F
:1031F00032A0FF25F500A20208B2A00025D800A247
:10320000020AB2A000A5D700A20209371A05B2A08F
:1032100000E5D600B2021347EB5B0C3BAD02E5E3E1
:10322000FF310FF4AD03E5F1000C3BAD02E5E2FF29
:10323000AD0325F1000C3BAD0225E2FFA2A096658F
:10324000F0000C2BAD0265E1FFB202132C0330BB82
:1032500020B0B074AD02A5E9FF0C43324214AD02B8
:10326000A5EEFFAD02E5E9FF0C233242150C6BAD74
:1032700002E5E7FF1DF032A02030BB20B0B0742083
:10328000A220E5E6FFA1F6F3A5EB00B2021320A20F
:103290002030BB20B0B074A5E5FFA2A09665EA007F
:1032A000B20213AD0230BB20B0B07465E4FFC6E5D6
:1032B000FF00000036410091EBF38201200C0D99D4
:1032C000027CF9AD02D91232420892420942420A06
:1032D00052420B62420C72420D82420ED2420FD910
:1032E000420C1C1C0B25E8FF1DF00000364100209D
:1032F000A220C2A00130B07425DBFF22A0011DF086
:103300003641007D0222020440407456D20C4247EE
:103310000516450AAD052597066D0A166A0481DA79
:10332000F3E00800C1D1F3D143F381D8F3E0080002
:103330004D0AA1CEF325762251CEF331CEF367A507
:103340001E51CDF3506610E066116A63F806CD0A8F
:10335000E1CBF3A1CBF32CADBD04E5020F1DF000D2
:10336000F80306FAFFC2A00170D720C0C430BD0325
:10337000AD052596063D0A166A0581C3F3E00800EF
:10338000C1BAF3D12CF381C1F3E008004D0AA1B713
:10339000F365702251B7F361B7F337A52E51B6F339
:1033A000503310E033113A36F803CD0AE1B4F33C60
:1033B0002DBD04A1B4F306E8FFB2A00170C720B090
:1033C000B43030A320259A0646EAFF00F80606F638
:1033D000FF0C122247040C1246E0FF000C02C6DE6E
:1033E000FF00000036410082020416B800A222004D
:1033F00025A20682A0008242041DF000364100ADE5
:103400000225FEFF1DF00000366100820204A2A02A
:1034100000A718710C189D0A30988340A883A099C2
:103420002056190650899356B80592020556690B25
:10343000A802CD04DD0530B3202598064D0A160AF2
:10344000058191F3E00800C188F3D1FAF2818FF38E
:10345000E008005D0AA185F3E563228185F32185FB
:10346000F347A8278185F3804410E044114A42289D
:1034700004CD0AE187F3A187F32901FD03D2A12638
:1034800050B52065F00E0C052D051DF02802C6F77D
:10349000FF00A22200A58E06A02A20169AFE817A9D
:1034A000F3E00800C171F3D1E3F28178F3E00800A2
:1034B0005D0AA16EF3255E22816EF3416EF327A8AB
:1034C00020816DF3802210E022112A242802CD0AE7
:1034D0002901FD03E16FF3D2A12BBD05A16FF30616
:1034E000E8FF280486F9FF5D08C6E6FF3681004242
:1034F000A000C2020449710C1440CC30C0C0745604
:10350000AC050C1830C883562C05A802D2C11CBDCE
:1035100003E58E062D0A16EA04815BF3E00800C17C
:1035200052F3D1C4F28159F3E008004D0AA14FF3E0
:10353000655622914FF3814FF327A925914FF390C0
:103540002210E022112A282802CD0AE154F3A154C6
:10355000F32901FD03D2A1F7BD04E5E20E0C02C67A
:103560000100280846F8FF0028711DF036A1003040
:10357000B320AD0265F7FFA9B1167A050C160C0849
:1035800040868380807456A804506893564604A7EA
:10359000B546813DF3E008008D0AA134F38971B28C
:1035A0006106654F2288719861C12FF3D1A2F22D77
:1035B0000ABD09AD088135F3E0080038B1BD0AE164
:1035C00039F3A139F33901FD05D2A20320C220A5A8
:1035D000DB0E0C0A2D0A1DF000A22200D2C12C40E5
:1035E000C420BD03A581062D0AA8B11652FE81266E
:1035F000F3E00800C11DF3D18FF28124F3E008004D
:103600004D0AA11AF3254922511AF3611AF327A58D
:10361000205119F3502210E022112A262802CD0A47
:103620002901FD03E120F3D2A208BD04A120F30685
:10363000E7FF280686F9FF00364100AD039C1381A1
:103640001CF3E008008802CD0A8838BD03AD02E013
:1036500008002D0A1DF0000036410030B32020A2E2
:103660002065FDFFA02A201DF000000036A10051BA
:1036700011F3404074C020008805AD02C0200089CD
:10368000B182A00082412BF6240242A00AB2C12BD3
:103690000C9E40C3E2C0907482C93740D3C2808080
:1036A00074C73E0582C930808074B2CBFF824B0064
:1036B00047B31965F8FFC0200042210BC02000323B
:1036C00025002D0A37140A81FCF2E008003D0DC6E2
:1036D000EFFF1DF036410066941FD6C301B2A02D46
:1036E00020A220653322A05A2030306040C074BD33
:1036F00003AD02A5F7FFAA251DF00C0506FBFF0090
:10370000366100BD05CD04DD05AD0481F9F2E008A8
:1037100000606074B1EBF2568A0431EAF2C1EAF259
:10372000303510D1EAF240A42030B32081F1F2E02C
:103730000800DC5AC1E5F2D1E5F2BD0340A42081C6
:10374000EDF2E00800B1E2F2E61A17C1E2F2D1E2CE
:10375000F240A42050B52081E8F2E00800A61A103B
:10376000B1DFF2AD0225EDFF3D0A2D031DF0000093
:1037700000C1D8F2D1DBF2AD04BD0581E0F2E00872
:103780000096BAFDC12CF2D12BF2AD04BD0581DB50
:10379000F2E008000C03D6EA002CDBAD02A52722DC
:1037A00071D1F23D0A705530A123F2B1C4F20C0779
:1037B000771614C120F2D1CCF21B7781D1F2E00848
:1037C0000070707406FAFF0040C42050D52081CDEF
:1037D000F2E008005D0B4D0A81CCF2E008007D0AA2
:1037E00081CBF2E00800CD0ADD0BAD04BD0581C838
:1037F000F2E008004D0A5D0B0CACBD07AD02E5E63A
:10380000FFAA338C96B1B9F220A220E5E2FFAA33D9
:1038100082A0FF62C6FF60607487960286D2FFD1E5
:10382000B2F2C104F240A42050B520893181B9F22E
:10383000E008005D0B4D0A81B8F2E008000CACBD59
:103840000A7D0AAD02E5E8FFAA33AD0781B4F2E0D4
:103850000800CD0ADD0BAD04BD0581ADF2E0080026
:103860004D0A5D0B883146EAFF00000036410060DA
:10387000E07440C42050D52020A22065E8FF2D0A26
:103880001DF0000036410082020F20A220808064DB
:1038900082420F82A0008262008912BD08651A224E
:1038A0001DF0000036410082020F77E80AA80216D8
:1038B0005A00819BF2E00800AD02A5FCFF1DF0005C
:1038C000368100517CF2C02000422500C020004219
:1038D000610742A00D37346942020F77E4044802C1
:1038E00056D401AD0265142232020F42AF8040333C
:1038F0002032420FA0B0F4AD02A514220C1206141F
:103900000040B42030C320A2C10D81EFF1E00800D7
:10391000AD048183F2E00800AD0225112242020FBE
:1039200072AF8070442042420F6D0AAD0277E4010D
:10393000A802CD03DBB181E4F1E0080060B0F40639
:10394000EDFF7C0432C3104033104176F237B414DB
:103950000C02C020004871C0200038053714648173
:1039600056F2E00800AD02650C2242020F6D0A0C0F
:103970000A77E401A802BD03816CF2E008007D0A29
:1039800016CAFC82020F0CE4008823961800481225
:103990001B44D6B8000CFCBD02AD078164F2E00800
:1039A0000037B40C40C3C00C0B4AA78161F2E00899
:1039B0000042020F0B3340406442420F3912790239
:1039C00006DEFF001DF0000036410082020F77E89E
:1039D0000E88028CF8881237380B0C132D031DF05B
:1039E0000CE846FCFF0030B32020A22025EDFF3D6F
:1039F0000A167AFEAD0265032256DAFD82020F77BF
:103A000068098D020C02224800C6F3FF880286FC7A
:103A1000FF00000036410040B42020A220A5FAFF9C
:103A2000568A00AD02E5E7FF1DF0000082020FADEF
:103A30000277E802A22200BD031BC4813CF2E00829
:103A400000BD04AD02E5FF2106F7FF00364100206E
:103A5000A22025E3FF16130130A3208115F2E00810
:103A600000CD0ABD03AD02E5FAFF1DF0364100B1FD
:103A700031F2A131F265FDFF1DF00000364100A1D9
:103A80002EF225E2FF1DF000364100812CF2820863
:103A90000026A8130CB987391292A00C8089C000A7
:103AA00008402020B12020F41DF0000082C8F4005E
:103AB00018400022A106FBFF364100202074562248
:103AC0000022A001811FF22248001DF03641008132
:103AD0001DF292080056D90192A001924800811867
:103AE000F2A2080025FDFF9118F2A2A0043C18766E
:103AF0008803A9094B991DF036410020207420A2AB
:103B000020A53400A0807477EA31F6432E00A82364
:103B100082A00930B320A7A826A2CAF6A50A04E508
:103B2000FAFF8109F2E022112A9898096649089162
:103B300007F29209003719032A2839021DF0000004
:103B400025E40306F6FF000036410020207420A281
:103B500020A52F00776A3881CCF1E008004D0AA13A
:103B6000FCF15D0B25F321C1C0F1D132F13D0ABD5D
:103B700005AD0481C6F1E00800BD0AE1F6F1A1F649
:103B8000F1FD02D2A07030C320E57F0E0C021DF0C3
:103B9000A5F3FF20A220652800B2A0C0AD02252F0A
:103BA0000081E9F1E092119A88B808664B0581E737
:103BB000F1B20800AD0225F4FF0C12C6F3FF0000BD
:103BC0003641002020740B828080740CF9873905FF
:103BD00081DBF12248001DF036A100202074AD02E7
:103BE000A526000C04A0307449B1004323D69403E9
:103BF00081A6F1E008004D0AA1D6F15D0BA5E921EF
:103C0000C19AF1D10CF13D0ABD05AD0481A0F1E0EE
:103C10000800BD0AE1D2F1A1D0F1FD02D2A09ECDF3
:103C20000365760EA2111686090020A22052A00973
:103C300065F1FF472502C63E00A2C3F6C2C12C0CA7
:103C40003BA0A0742502043D0ACC8AA21116A5E36C
:103C5000FF2D0A1DF082A10351BEF141C0F1879AE8
:103C6000468189F1E00800A08A20AD058971B26122
:103C70000665E2215D0AAD03E5710D88719861C1A9
:103C80007AF1D1ECF03D0ABD09AD088180F1E00880
:103C900000BD0AA1B3F13901FD02ED04D2A0A8CD07
:103CA00005656E0E06DFFF0082A107879A428176C6
:103CB000F1E00800A08A2050A5208971B961A5DD36
:103CC000215D0AAD03256D0D88719861C167F1D141
:103CD000D9F03D0ABD09AD08816DF1E00800BD0ACB
:103CE0003901FD02ED04D2A0AACD05A19EF1C6EBDB
:103CF000FF8165F1E00800A08A2050A5208971B2FB
:103D0000610665D9215D0AAD03E5680D887198618A
:103D1000C156F1D1C8F03D0ABD09AD08815CF1E0A2
:103D20000800BD0A3901FD02ED04D2A0ACCD05A109
:103D30008EF1C6DAFFAD04E5DC03A0A0F406C4FFF3
:103D400036A10020207420A220251000005A23D67E
:103D5000A503814DF1E00800A04A20A17DF15D0B93
:103D600065D321C141F1D1B3F03D0ABD05AD048158
:103D700047F1E00800BD0AE17DF1A177F1FD02D233
:103D8000A0BE30C32025600E0C021DF0003178F17A
:103D900042130056C401A2A00165CF0D565A00423D
:103DA000A44C4253000C0AA5CE0D563A0642A44C30
:103DB0004253000C960C1457A6010C24AD02A5E149
:103DC000FF8161F1E022112A285160F128026D0A79
:103DD0005205002642022050742C4CB2A000A2C111
:103DE0000C8153F1E00800D21300CBE10C3CBD057F
:103DF000AD0425CC0D215FF13202008C330C03326F
:103E00004200B2C10C60A620A5D80DA02A2006DE73
:103E1000FF4213001654F906E6FF00003641002069
:103E2000A0743C0822A0FFA738119153F10C020C9A
:103E3000F8768810B809A79B042020741DF01B2277
:103E40002020744B9922A0FF06FCFF003641002081
:103E5000B0743C0822A0FFB7382C9148F10C08AD93
:103E6000090CA276820BC80AB71C1D1B88808074BF
:103E70004BAAA2A00A768A0B28A9271B0B1B8880B5
:103E800080744B9922A0FF1DF0802074C6FDFF00B6
:103E900036810020207442A061303074479209BD01
:103EA000033C0AE5FEFF1DF000A135F1B136F1CD6E
:103EB00002813BF1E008000C0447DA3781F3F0E0BF
:103EC00008004D0AA131F15D0BE5BC21C1E7F0D13D
:103ED00059F02D0A50B52040A42081ECF0E00800F4
:103EE000BD0AE12AF1A12AF1D2A066CD02A5490EB0
:103EF00086ECFF00A128F1B14FF0CD02812AF1E05C
:103F0000080022C21C8124F1E02211A921B9314903
:103F100041495149612A28C020002812202724291C
:103F2000711CF237321530201447E34929412763C9
:103F3000030C1229513763030C1229618BA16523ED
:103F400001161AF681D1F0E008004D0AA10FF15DCB
:103F50000B65B421C1C5F0D137F02D0ABD05AD0404
:103F600081CBF0E00800BD0AE109F1D2A082CD02C8
:103F7000A10BF186DDFF0C4440222046EBFF000040
:103F800036410020A07482A06130B074879A108CF2
:103F90000B4C0BDD0BCD0BA2A061E535001DF00035
:103FA00065070186FDFF000036410020A074251141
:103FB000012D0A1DF000000036C100205074404061
:103FC00074F6856022A00E47325A0C025061410CF3
:103FD00048A2C12C29B149C169D132610E82610F59
:103FE000A58801279A02861E0081A7F0E008008DAF
:103FF0000AA1EDF08971B961E5A92188719861C1C3
:104000009AF0D10CF04D0ABD09AD0881A0F0E0088E
:1040100000BD0AE1E6F0A1E7F04CBDCD04A5360EE7
:10402000060F0000008198F0E00800A04A20A1DE01
:10403000F0B05B2025A621C18CF0D1FEEF2D0ABD8A
:1040400005AD048192F0E00800BD0A0CE4E1D7F070
:10405000A1D8F0CD0249010C8F3CCDE5320E0C0207
:104060001DF0000081D5F060B620508880424800E5
:10407000E5D301A02A2086F9FF0000003641002088
:10408000207430C320F6822981CCF02088809208E9
:10409000000C180019400088A10B9897930592C84E
:1040A000FE90C893BD020C0A65BD01BD020C0AE575
:1040B00089011DF0368100303074202074F6832B86
:1040C00030B320A2A000A5C5014D0A1C4C0C0BA2C8
:1040D000C10C8197F0E008000C083921AD013031A6
:1040E000412901891139414951A59F011DF0000065
:1040F00036610088C1FD07AD02BD03CD04DD05EDCD
:1041000006F6280B890181ADF0E008002D0A1DF0AC
:10411000816DF046FBFF0000364100815BF0E00856
:1041200000C151F0D1C4EF8159F0E008002D0A1D03
:10413000F000000036410020A22081A1F0E008003C
:104140001DF000003641008150F0E00800AC72AA7A
:1041500032CD0A9D0B82A00127330282A000BA282B
:10416000973218279902C733128147F0E0080027D9
:104170003B1BB79202373A151DF03DF08143F0E04A
:104180000800B732F4279BE0A733EE86F6FF3DF038
:1041900046F5FF00366100A58F21DC7A658004CBEF
:1041A000B165A30456DA002831661208A58D2116E0
:1041B0002A06E5A004A2A0F0E56900A185F00C1B89
:1041C00025002325B0058183F02D0A8A8A0C030C73
:1041D0001A803A83308074CC88917FF09A92908ACA
:1041E000839CB80C0C0C2B0C1AA55505161A0DC87F
:1041F0004A0C0BA564052D0A565A05A5AC052D0AD7
:10420000561208E58C21CC3A0C3A657B0D258721A6
:104210006586211DF0811CF0E00800A04A20A169FC
:10422000F05D0B658721C110F0D182EF2D0ABD052D
:10423000AD048116F0E00800BD0AE163F0A163F06F
:10424000D2A0E9CD0225140E25980486D9FF0000DE
:1042500000810DF0E00800A04A20A15AF0B05B20D8
:10426000658321C101F0D173EF3D0ABD05AD048125
:1042700007F0E00800BD0AE154F0A158F0D2A10116
:10428000CD0365100E8100F0E00800A04A20A14D8A
:10429000F0B05B20258021C1F4EFD166EF3D0ABD6F
:1042A00005AD0481FAEFE00800BD0AE147F0A14D39
:1042B000F0FD02D2A10830C320E50C0EC6D0FF00ED
:1042C0000081F1EFE00800A04A20A13EF0B05B20A1
:1042D000657C21C1E5EFD157EF3D0ABD05AD0481F5
:1042E000EBEFE00800BD0AE138F0A13DF0D2A104F7
:1042F000CD0365090EC6C1FF36210120A07422A09E
:1043000061303074404074505074279A02A2A0303B
:104310006136F02206005622050C1CBD0C2521003A
:104320007133F02D0AA907FC6A81D7EFE008004D30
:104330000AA12FF05D0B257621C1CBEFD13EEF3DD9
:104340000ABD05AD0481D1EFE00800BD0AE129F006
:10435000A12AF01C2DCD0325030E29071DF0000016
:1043600000B17CEF0C12A51400224600491139213E
:1043700059314B910C0C0C7E1C8FD8090C0AB2A041
:1043800008768B19AA8CA02EC0E08811275D242204
:10439000C1708A82211AF082C8A029081BAA8BCC7E
:1043A0004B99F79CD42111F0B2C110A802A50A00C4
:1043B00006EAFF0022C1708A8282C8A02111F0C6DD
:1043C000F5FF000036610016320422022537920202
:1043D000061F00610CF0210CF016730381ABEFE0B7
:1043E0000800A04A20AD065D0BE56A21C19FEFD110
:1043F00011EF3D0A50B520AD0481A4EFE00800BDE7
:104400000AA102F0ED02D2A10ACD03E5F70D0C03DB
:104410002D031DF0819DEFE00800A08A2060A620FA
:104420008931B92125672188319821C18FEFD101C8
:10443000EF4D0ABD09AD088195EFE00800BD0AA166
:10444000F4EFED02D2A10CCD04E5F30D06F0FF0070
:104450000C1386EEFF00000036410020A220B2A01F
:104460000125F6FF2052202D0A16FA03682551E98E
:10447000EFE076117A55A22500B2AFFF81E7EFE0B9
:1044800008007D0A661AEEAD062511020C0BAD067A
:10449000E52502DD07CD04BD03AD06E5E4020C0D04
:1044A000A805CD0DBD0D81DDEFE008001DF0000079
:1044B000366100393131DFEE5003FA1692063222AE
:1044C0000221D4EFE04311405280A8057CFB81D249
:1044D000EFE00800661AF2BD0AAD03252902B1D04B
:1044E000EFA83181D7EEE0080051CEEF500AFA5024
:1044F00015FA00014BB2A10076100200B09A51C823
:10450000EF000BCA5015FA10002AB0B074AD034A80
:104510002203410265E7010C0DA802CD0DBD0D81FE
:10452000BFEFE008000301024020FA1DF000000088
:1045300036C100E1BDEF303074580E3931CCD50CA6
:104540001AE2610281BEEFE00800E821A90E7CF5C5
:10455000A80EBD05E2610281B0EFE00800E8216627
:104560001AED38310C750C373075830C4958310C05
:10457000083D09B1AEEF5038933737028622002646
:1045800083178A530C865736108084C00C1A52A0A9
:1045900000805A93508074166807D2A000A22E00A3
:1045A000CD0DD0BD20819DEFE008008137EFE00800
:1045B000004D0AA194EF5D0BE54D21C12BEFD19D7C
:1045C000EE2D0ABD05AD048131EFE00800BD0AE122
:1045D00098EFA198EFD2A243CD02E5DA0D0C0A863E
:1045E0004E001BA6E05A11AA55D0551152C5D8BA93
:1045F00055520500CCD51B886D0A47980246E0FF4E
:1046000067B7DE6D031B3686DBFF6D030C0806FA09
:10461000FFE073115186EF3A67D066116A6549363B
:10462000BD0647A802C636000C0DA80ECD0DBD0D67
:10463000817BEFE008003A87D088118A550C088901
:104640007589658955894582452489158831917117
:10465000EF824525E0831149353265028A59A2254A
:104660000016BA0A516CEF7AC5A80C7CFBC92181EF
:104670006AEFE008005D0AC821661AEC8831404004
:104680007416D8092CCC0C0BA2C1148129EFE008B8
:1046900000A2C11429713C224241213961524120BA
:1046A00059B122413452413E253E024D0ACC9ACDA9
:1046B0000ABD0AAD03E5A5024D0A9156EF0C0D7A2D
:1046C00079A807CD0DBD0D8155EFE00800AD0616A8
:1046D000A40481EDEEE008004D0AA14AEF5D0BA5B0
:1046E0003B21C1E1EED153EE2D0ABD05AD0481E7BA
:1046F000EEE00800BD0AE14EEFD2A278CD02A14E55
:10470000EF46B5FFA24B001B88B2CB2886C4FF0042
:104710000C1A814AEFE00800A905566AF42D0A1D1B
:10472000F000B8311CECA2C1228101EFE0080029A1
:104730007122A080225114A2C11422A064424121FE
:104740005951396152412022412A2534024D0A56DD
:104750007AF6C831B2A400AD03A59B024D0A568A71
:10476000F5BD05AD03E5EE0106D3FF0036410010AF
:104770001120652BFE2132EF820200162800A56968
:10478000082533FE8130EF16A8FE812EEFE00800E9
:1047900046F8FF00364100212CEF1DF03661008104
:1047A00028EF92A000924800A59EFFA5FEFF0C1ED8
:1047B000CD0AF126EFB126EFA127EFE9010C0D2577
:1047C00093FF1DF03641002124EFC020008202003B
:1047D000808074DCB80C180C1AC020008242008162
:1047E00017EFE00800811DEFA908CC4AC02000A205
:1047F00042001DF0364100E5FCFF4118EF7CFBA2B2
:1048000024008105EFE008003116EF38039C53ECDB
:10481000522114EF8833A823DD02CD020C0BE008EF
:1048200000381356D3FE0C0DA804CD0DBD0D81FB31
:10483000EEE008001DF03D0228135682FF2109EF2B
:104840008833A823DD02CD020C1BE0080038035694
:10485000D3FE06F4FF00000036C1008108EFE00837
:1048600000203220A07A20273A02862C0042AF1086
:104870004A420C0227940246290042AF604A43276D
:10488000940286260042C3B02794024624002C7866
:10489000A0514161F5EE41F5EEA7B843817BEEE012
:1048A00008008D0AAD068971B961E51E21887198ED
:1048B00061C16DEED1E0ED6D0ABD09AD088173EE09
:1048C000E00800708241BD0AA1EAEE892159117900
:1048D00001FD03ED04D2A0B6CD06E5AA0D1DF00042
:1048E000816AEEE008008D0AAD068971B961A51AEA
:1048F0002188719861C15CEED1CFED6D0ABD09AD23
:10490000088162EEE00800BD0AA1DAEE59117901D2
:10491000FD03ED04D2A0B8CD06E5A60D46EFFF00DD
:10492000A2C13081D7EEE0080028F13792060C12C0
:1049300046EAFF0000B2C120AD0381D2EEE00800DC
:104940002D0A56FA038150EEE008008D0AA1C6EE4A
:104950008971B96125142188719861C143EED1B57F
:10496000ED4D0ABD09AD088149EEE00800BD0AE140
:10497000BFEEA1C1EEFD03D2A0CF40C420A5A00D83
:1049800046D6FF000031B6EE422300165400A2A026
:104990000025E6FFA2C12081BCEEE0080038031626
:1049A000B3F8A2A001E5E4FF46CCFF003641003C8D
:1049B000090C0827291181B5EEE022112A282802C6
:1049C0007CF8208830808F052D081DF0366100A10D
:1049D0006CEEB16CEE20C2208172EEE0080007EAB6
:1049E0002A81B0EEE0080021ADEEB1AAEE2261010D
:1049F000F1A8EE22A0BFC1A8EE226100DD0AED0BF6
:104A00000C1A25A60D22A1021DF0000081A5EEE0E2
:104A100022112A28880292A200C020002808902291
:104A200020C0200029080C0206F7FF00366100A113
:104A300054EEB154EE20C220815AEEE0080007EA9D
:104A40002A8198EEE008002195EEB192EE226101F4
:104A5000F196EE22A0B8C190EE226100DD0AED0BC6
:104A60000C1A25A00D22A1021DF000008190EE92EB
:104A7000ADFF8A22E02211C020008802908810C079
:104A8000200089020C0286F7FF000000366100A1B9
:104A90003CEEB13CEE20C2208142EEE0080007EA85
:104AA0002A8180EEE00800217DEEB17AEE226101DC
:104AB000F180EE22A0C6C178EE226100DD0AED0B86
:104AC0000C1A259A0D22A1021DF00000817AEE1C1D
:104AD000F98808A8080C180012400088A127291995
:104AE000C0200089AA8176EE8A22E0221182A100EC
:104AF000C0200089020C0246F3FFB16FEEC0200017
:104B000098DAB08810B16DEEB09910808920C0207D
:104B10000089DA86F3FF0000366100A119EEB119B1
:104B2000EE20C220811FEEE0080007EA2A815DEE38
:104B3000E00800215AEEB157EE226101F162EE2247
:104B4000A0DCC155EE226100DD0AED0B0C1A659167
:104B50000D22A1021DF000008157EE22C21C880820
:104B6000E0221188080C492A28C020008812908869
:104B700020C0200089120C0206F6FF00366100A159
:104B800000EEB100EE20C2208106EEE0080007EA48
:104B90002A8144EEE008002141EEB13EEE2261019F
:104BA000F14AEE22A0D5C13CEE226100DD0AED0BF8
:104BB0000C1A258B0D22A1021DF00000813EEE2271
:104BC000C21C8808E0221188087CB92A28C020006D
:104BD0008812908810C0200089120C0206F6FF008F
:104BE000366100A1E7EDB1E7ED20C22081EDEDE0F7
:104BF000080007EA28812BEEE008002128EEB12505
:104C0000EE226101F132EE22A09FC123EE2261006B
:104C1000DD0AED0B0C1AE5840D22A1021DF0BD0288
:104C20002125EECD03A8020C0225550906FBFF0045
:104C3000366100A1D3EDB1D3ED20C22081D9EDE0E2
:104C4000080007EA2A8117EEE008002122EEB111E0
:104C5000EE226101F11FEE22A0CDC10FEE22610014
:104C6000DD0AED0B0C1AE57F0D22A1021DF00000FC
:104C70008111EE1CF98808A8080C18001240008861
:104C8000A1272918C02000899A0C0DAD02CD0DB2C4
:104C9000A1008111EEE008000C0286F3FFB106EEE0
:104CA000C0200098CAB08810B105EEB09910808974
:104CB00020C0200089CAC6F3FF000000366100A1B1
:104CC000B0EDB1B0ED20C22081B6EDE0080007EAFA
:104CD0002781F4EDE0080021F1EDB1EEED22610154
:104CE000F1FFED22A048C1ECED2901DD0AED0B0C2E
:104CF0001A25770D22A1021DF031F9EDB2AFFF3078
:104D0000A32081F8EDE0080081E6EDE022112A28D9
:104D1000880292A100C020002808AD03902220C084
:104D20002000290881F1EDE008000C02C6F1FF0027
:104D3000366100A193EDB193ED20C2208199EDE0A1
:104D4000080007EA2781D7EDE0080021D4EDB1D1B2
:104D5000ED226101F1E6ED22A05BC1CFED2901DD7D
:104D60000AED0B0C1AE56F0D22A1021DF031DCEDEE
:104D70007CFBAD0381DCEDE008001C4887922481B8
:104D8000DCEDA2A100C020009808A09920C020005E
:104D90009908C02000922800A2ADFFA09910C02061
:104DA0000092680081C2ED92AEFF8A22E02211C01B
:104DB00020008802AD03908810C02000890281CABB
:104DC000EDE008000C0246E8FF000000366100A19B
:104DD0006CEDB16CED20C2208172EDE0080007EAB5
:104DE0002A81B0EDE0080021ADEDB1AAED2261010C
:104DF000F1C1ED22A06EC1A8ED226100DD0AED0B2C
:104E00000C1A25660D22A1021DF0000031B5ED7CC3
:104E1000FBAD0381B4EDE0080081A1EDE022112A91
:104E200028880292A080C020002808AD039022208C
:104E3000C0200022680081ACEDE008000C0286F181
:104E4000FF000000366100A14EEDB14EED20C22002
:104E50008154EDE0080007EA2A8192EDE008002184
:104E60008FEDB18CED226101F1A4ED22A081C18A08
:104E7000ED226100DD0AED0B0C1AA55E0D22A102E8
:104E80001DF000003197ED7CFBAD038196EDE0084D
:104E9000008186ED92AF7F8A22E02211C020008837
:104EA00002AD03908810C020008902818FEDE008D8
:104EB000000C0246F2FF0000366100A131EDB13175
:104EC000ED20C2208137EDE0080007EA2A8175ED68
:104ED000E008002172EDB16FED22610122A094F192
:104EE00087EDC16DED226100DD0AED0B0C1A6557EF
:104EF0000D22A1021DF00000B66314816AEDE008E6
:104F000000217FEDB164ED291122A095C6F3FF00C9
:104F10004174ED7CFBAD048173EDE008008165ED2B
:104F200022C21C8808E02211880892AC7F2A28C07F
:104F300020008812303024908810903311303820AF
:104F4000C020003912AD048168EDE008000C024673
:104F5000E8FF0000366100A10AEDB10AED20C22091
:104F60008110EDE0080007EA2A814EEDE0080021FB
:104F70004BEDB148ED226101F163ED22A0A6C146DF
:104F8000EDA0DA2029010C1AED0BA54D0DA2A1020E
:104F90002D0A1DF04153ED7CFBAD048152EDE0087C
:104FA000003144ED883366380880EB03808D04823D
:104FB000630340A420814CEDE00800B2230320A24B
:104FC00020E5C1FF06F2FF00366100A1EDECB1ED76
:104FD000EC20C22081F3ECE0080007EA288131EDE3
:104FE000E00800212EEDB12BED226101F147ED2209
:104FF000A0B1C129ED226100DD0AED0B0C1A654656
:105000000D22A1021DF020B220212AEDA2220022B1
:10501000A000651C09C6FAFF366100A1D9ECB1D920
:10502000EC20C22081DFECE0080007EA2A811DEDB8
:10503000E008002128EDB117ED226101F134ED22E5
:10504000A0E3C115ED226100DD0AED0B0C1A6541EC
:105050000D22A1021DF000008117ED1CFA880898AE
:10506000080C180012400088A1AC73272A09C02040
:105070000089290C02C6F6FF3110EDC02000285926
:10508000308810310EED302210808220C02000893F
:105090005986F7FF272A08C020008939C6F4FF0087
:1050A000A106EDC020002869A08810A104EDA0226F
:1050B00010808220C0200089692D0346E5FF000092
:1050C00036410081FCEC1CF988088808272910C0AB
:1050D000200098F80002409020912020041DF0004C
:1050E000C0200082281091F4EC90881000024080CB
:1050F00020B106F9FF000000366100A1A1ECB1A1CA
:10510000EC20C22081A7ECE0080007EA2881E5EC4A
:10511000E0080021E2ECB1DFEC226101F1FDEC22BC
:10512000A113C1DDEC226100DD0AED0B0C1A653321
:105130000D22A1021DF020A22007631CE588FF209C
:10514000A22017631AA5AEFF0C48803310AD029C55
:1051500063659CFF0C0286F6FF258DFFC6F7FF00F6
:10516000A592FF46F8FF00000025A1FF2D0386F061
:10517000FF000000364100580268126035209C2371
:1051800041E5EC31E5EC4045103036103044200C60
:105190000337141C81C4ECE00800B1BEECC1DFECA5
:1051A000A0DA20B0EB20A2A001A52B0D22A1021DA8
:1051B000F0CD03AD05BD06817AECE0080007EA02F8
:1051C000862B0081B7ECE043118A44480456140151
:1051D000D1D4ECC1D4ECA1D4ECB2A14C81D8ECE098
:1051E000080030A320657CFF164A00AD03653B0232
:1051F000822202AD0307E802462100257DFF8822B6
:10520000AD0327E802C61F00E590FF8822AD031713
:10521000E802C61E00A5A1FF8832AD03168807E587
:10522000A9FF8842AD0316780725BAFFB85230A30C
:105230002065C8FF8852AD0316C806A5D1FF7CB80B
:1052400091BBEC80841097981291A9ECA1B9ECC0A5
:1052500020008809A08810C020008909C02000888B
:105260000491B4EC90881091B4EC908820C0200098
:1052700089041B333C1447130206CDFF0C0246CBB6
:10528000FFA57AFF86DDFF00258FFF06DFFF000008
:1052900000A57FFF06E0FF0065A9FFC6E0FF000054
:1052A0000025BAFF06E1FF00E5D1FFC6E3FF0000DD
:1052B000364100D022113A2231A2ECE022112A23F9
:1052C00028028CC20C0DA862CD0DBD0D8154ECE0FE
:1052D00008001DF0364100A163EC26120766220883
:1052E000219AECA8022D0A1DF0A196EC2632F50CAD
:1052F0000A6642F08162ECE008002192EC20AA826A
:1053000046F8FF00364100E5780BA02A2016BA00C7
:10531000E57D0B818DECA268001DF0008162ECE060
:105320000800B18AECC18AECA0DA20B0EB20A2A080
:105330000125130D46F8FF003641005186EC7CFB39
:10534000AD058168ECE008000C184B3300134000F9
:1053500038A18181ECE022112A88280828026614ED
:105360001AC02000822232808320C0200082623254
:10537000AD05815DECE008000C021DF0C02000923C
:1053800022327CF830883090881006F7FF00000049
:10539000364100D082113088809169ECE08811801C
:1053A00089808228009C18A8687CFB811BECE0089F
:1053B000000C0CBD03AD0225F8FF1DF03661001690
:1053C00022028138ECE00800B161EC22A0C8F16350
:1053D000ECC163EC2901ED0BDD0AA2A00165080D0B
:1053E00022A1021DF0B6431B812FECE00800B1574B
:1053F000EC22A0C92901F159ECED0BDD0AC159ECF1
:1054000086F5FF007155EC22270056A2028125EC9B
:10541000E008002156ECB14DEC226101F150EC2284
:10542000A0CAC151EC2901DD0AED0B0C1A65030D70
:1054300022A10306EBFF00002147EC7CFBAD0281BB
:1054400029ECE008008807B14AEC9818A808E09910
:10545000113A8982C814D088118A8AB044107145E3
:10546000ECC02000B808C0441170BB1040BB20C085
:105470002000B908C02000480866365C613FEC6037
:105480004420C020004908C02000822A347CC44047
:1054900088100C14408820C02000826A343A999207
:1054A000C914D099119A9AC0200088097C033088C9
:1054B00010505034508820C020008909C020003886
:1054C00009412FECAD02403320C02000390981068C
:1054D000ECE008000C0246C2FF6128EC604410C0FA
:1054E0002000490846EDFF00368100293159117D21
:1054F000035673120015400044A13122EC402141B3
:1055000029213AA2B2A001273A01BD07CD04DD0747
:10551000815FEBE008005D0A62DAFFA11CEC0C126F
:105520000C33673A02C61F00311EEC5D076813A8F2
:1055300003382369613971A2610562C11432C12047
:105540002806DCA2B101ECA80BECDAB90165DBFF9F
:10555000B801EC4A4B666793E60C12861100000016
:10556000A1C1EB261215AD0766221081C4EBE0083D
:1055700000B1F4EBB0AA82460000A80B582180CA03
:1055800011A0B8755AAC0C1EC73A010C0ECD04DD43
:1055900007BABE813EEBE00800B1FCEBA05A20A2A6
:1055A000DAFFA73BAE32A00161F9EB42D5FF47B667
:1055B00002062A0066135062A00060A62020A38382
:1055C000A5BA0B41E4EBB2AFFFAD0481C6EBE00836
:1055D0000071E1EB7807780726120D679202C63A50
:1055E00000262202863A000C32C020006227347C5A
:1055F000C8209014808610908820C02000826734D4
:10560000AD0481B9EBE00800D22101B2210330E3FF
:1056100020CD050C0A65DAFF0C021DF06623593116
:10562000CAEB5803ACC52811380300124000C4A1CE
:1056300030B875C0A141803311AAA30C14373A01C8
:105640000C040C0DBAB48111EBE008005D0A0C02E9
:1056500046D4FF00101120E5CAFF568AFC8191EB69
:10566000E00800B1BAEBC1CDEBDD0AFD05ED0B0C96
:105670001A25DF0C7CF206E8FF0C1226331E2713D6
:10568000180C220C13264714D1C2EBC1C2EBA1C2E5
:10569000EBB2A1BC81AAEBE0080030232070A72068
:1056A00025C3FF522101A0B87500154000C4A18098
:1056B0004A11C0A141AAA40C16473A010C060C0DD0
:1056C000BAB681F2EAE008005D0A86B6FF0C2286CF
:1056D000C5FF2D0646C4FF00366100162202817107
:1056E000EBE00800B19AEB22A0EDF1AEEBC19CEB30
:1056F0002901ED0BDD0AA2A001A5D60C22A1021DF5
:10570000F0B6441B8168EBE00800B190EB22A0EEFC
:105710002901F1A4EBED0BDD0AC192EB86F5FF0048
:10572000618EEB52260056A502815EEBE008002157
:105730008FEBB186EB226101F19BEB22A0EFC18AD6
:10574000EB2901DD0AED0B0C1AA5D10C22A10306F1
:10575000EBFF00005180EB7CFBAD058162EBE008C4
:105760000088067CC6B8189808E0AB11E08311BA2F
:10577000AA3A88B0AA11E08811AA888A89C02000B4
:105780009808404014609910409920AD03C0200053
:1057900099088185EBE00800AD058153EBE0080036
:1057A000C6D6FF00366100162202813EEBE00800FB
:1057B000B167EB22A0F9F17DEBC169EB2901ED0B9B
:1057C000DD0AA2A001E5C90C22A1021DF0B6431B0F
:1057D0008135EBE00800B15DEB22A0FA2901F173FD
:1057E000EBED0BDD0AC15FEB86F5FF00515BEB4291
:1057F000250056A402812BEBE00800215CEBB1539D
:10580000EB226101F16AEB22A0FBC157EB2901DD1C
:105810000AED0B0C1AE5C40C22A10306EBFF0000F5
:10582000414DEB7CFBAD04812FEBE008008805AD1A
:105830000498088818E088113A8882C814D0881122
:105840008A89C020009808315AEB309920C0200086
:105850009908C0200098083157EB309910C02000FB
:1058600099088121EBE00800C6D7FF003661007D72
:1058700002EC12810CEBE00800B134EB22A227F11C
:105880004EEBC14EEB2901ED0BDD0AA2A00165BD77
:105890000C22A1021DF038029C938102EBE008006B
:1058A000B12BEB22A22C2901F144EBED0BDD0AC157
:1058B0002CEB46F5FF6812AD035222034822E59017
:1058C000000B260CD827380B22A001503283303031
:1058D0007416730181F4EAE00800B11CEB6901FD64
:1058E00005ED0BDD0AC136EBC6E7FF00B6441C81AF
:1058F000EDEAE00800B115EBC133EBA0DA2040F48B
:1059000020B0EB20AD02E5B50C06E1FF8113EB38CA
:1059100008DCB3C12DEBAD020C8B812CEBE0080051
:10592000210EEBA90222A101168AF6BD03258408E7
:10593000B2270460D620CD05AD04E5BAFF2D0A5686
:105940001AF540B420E5E5FF06D2FF0036610016E7
:10595000220281D4EAE00800B1FDEA22A28BF11C08
:10596000EBC1FFEA2901ED0BDD0AA2A00165AF0C36
:1059700022A1021DF0B6831B81CBEAE00800B1F33F
:10598000EA22A28C2901F112EBED0BDD0AC111EB29
:1059900086F5FF0051F1EA42250056A40281C1EAD2
:1059A000E0080021F2EAB1E9EA226101F109EB2203
:1059B000A28DC1EDEA2901DD0AED0B0C1A65AA0CD6
:1059C00022A10306EBFF000041E3EA7CFBAD04816A
:1059D000C5EAE0080088050C45B8189808E0AB1146
:1059E000E08311BAAA3A88B0AA11E08811AA888A7D
:1059F00089C020009808AD03509920C02000990864
:105A0000C0200098385137EA509920C020009938BA
:105A100081E6EAE00800AD0481B4EAE0080046D47B
:105A2000FF000000366100162202819EEAE00800B5
:105A3000B1C7EA22A2BEF1E8EAC1C9EA2901ED0B29
:105A4000DD0AA2A001E5A10C22A1021DF0B6831B74
:105A50008195EAE00800B1BDEA22A2BF2901F1DE8A
:105A6000EAED0BDD0AC1DBEA86F5FF0081DCEA57CF
:105A7000B81A818CEAE00800B1B5EA22A2C0290177
:105A8000F1D6EAED0BDD0AC1D6EA06EDFF81B2EAF6
:105A900088085688028183EAE0080021B4EAB1ABA5
:105AA000EA2911F1CDEA22A2C1C1AFEA2901DD0A3A
:105AB000ED0BA2A001E59A0C22A10306E3FFBD03B2
:105AC000AD02E58CFFBD052901FD02ED020C1DCDE7
:105AD00004AD0381C4EAE00800BD03AD02257DFFEB
:105AE000C6D9FF00368100563202816EEAE0080016
:105AF000B197EA22A255F1BCEAC1BCEA2901ED0B3B
:105B0000A0DA20A2A001E5950C22A1021DF0382206
:105B100088124802B6831A8163EAE00800B18BEA72
:105B200022A25E2901F1B0EAED0BDD0AC1B1EA065D
:105B3000F4FF9CB8815CEAE00800B184EA22A25F2D
:105B40002901F1A9EAED0BDD0AC185EAC6ECFF00E7
:105B500000A10BEAB10CEACD0489518111EAE008F9
:105B600000885107EA1A814FEAE00800B178EA227A
:105B7000A2602901F19DEAED0BDD0AC19EEA46E033
:105B8000FF6842B6461A8147EAE00800B170EA228F
:105B9000A2612901F195EAED0BDD0AC172EA46D84E
:105BA000FF5832B6251A813FEAE00800B168EA22C0
:105BB000A2622901F18DEAED0BDD0AC18FEA46D020
:105BC000FF986278522872AD0820200429719961EB
:105BD000A55F002161EA8802DCC8C17BEA0C8B0C5E
:105BE0001A8951817AEAE00800A902885122A101AC
:105BF000168AF1BD08A55708D861CD07BD030C0A68
:105C000025E2FFBD030C0A65D4FFCD06BD030C0AD7
:105C100065ACFFCD05BD030C0AE571FF2121EAE06B
:105C200054115A2258026141EA7CB2202510679231
:105C300012612FEA713FEAC020002806702210C0CE
:105C400020002906C02000222500613AEAB2A00205
:105C50006022106139EA40A420602220C02000297F
:105C6000056549FF2166EAC871B202000C0D3ABB16
:105C7000AD048119EAE008000C0286A3FF000000D1
:105C80003661001622028107EAE00800B130EA22FC
:105C9000A2D3F15BEAC132EA2901ED0BDD0AA2A031
:105CA00001257C0C22A1021DF0B6831B81FEE9E0D8
:105CB0000800B126EA22A2D42901F151EAED0BDD58
:105CC0000AC144EA86F5FF008124EA82280056884A
:105CD0000281F4E9E008002125EAB11CEA22610111
:105CE000F148EA22A2D5C120EA2901DD0AED0B0C18
:105CF0001A25770C22A10306EBFFBD03AD0225692F
:105D0000FFFD022901ED020C1DCD047CFBAD0381DA
:105D100035EAE00800BD03AD026559FFC6E1FF00AA
:105D2000368100BD03AC0281DFE9E00800B107EA7B
:105D300022A2E7F134EAC10AEA2901ED0BDD0A0CDF
:105D40001A25720C22A1021DF0B6831B81D6E9E050
:105D50000800B1FEE922A2E82901F12AEAED0BDDF3
:105D60000AC11CEAC6F5FF0081FCE9A2280056BA68
:105D70000281CCE9E0080021FDE9B1F4E9226101EA
:105D8000F121EA22A2E9C1F8E92901DD0AED0B0CB3
:105D90001A256D0C22A10306EBFF000000C2C11CF6
:105DA00029718119EAE00800287146E6FF00000029
:105DB00036810016220281BBE9E00800B1E4E92245
:105DC000A307F112EAC1E6E92901ED0BDD0AA2A061
:105DD0000125690C22A1021DF0B6431B81B2E9E046
:105DE0000800B1DAE922A3082901F108EAED0BDD88
:105DF0000AC107EA86F5FF0051D8E942250056841A
:105E00000281A8E9E0080021D9E9B1D0E9226101C5
:105E1000F1FFE922A309C1D4E92901DD0AED0B0C48
:105E20001A25640C22A10306EBFF41CAE97CFBADF5
:105E30000481ACE9E00800A805BD03881A580AE00F
:105E400088113A8882C814D088118A85C0200058E9
:105E500008C02000D808C2C11C0C16D0703469716B
:105E6000650A20A871605511A546FF3D0AAD048161
:105E70009EE9E0080000174000D6A1CD0D80A311D7
:105E8000D0DF3130B8758101E9E00800505E41DDB6
:105E900002CD0581FEE8E008002D0A06CEFF0000D5
:105EA0003641001C480C2B87122627B802462500D5
:105EB000B1DCE926821A0C88273838B2A2002632D3
:105EC0000FF642100C4B2612072C0BF62202B1D112
:105ED000E92D0B1DF0B2A0802652F5B1B5E9B652FE
:105EE000EFB1CEE92662E922C2F91C080C0B20B8FA
:105EF0008306F7FF0CD8B1CDE98712D4273821B13A
:105F000052E92692CBB2A100B692C50CB8B1C5E950
:105F10008712BDB1C5E922C2F40C0820B893C6EBC4
:105F2000FF1C18B185E98712A727380822C2F08222
:105F3000A10086EDFF1C28B2A20087129322C2EDB9
:105F400082A40046E9FF1CE8B1BDE9871282273828
:105F50004E1C98B1B4E987920206DDFF2738261C53
:105F600068B1B3E987920286D9FF4C0B87B20286EB
:105F7000D7FF1C78B2A080879202C6D4FFB1ADE9EA
:105F800022C2E886E4FF1CC8B1ACE9879202C6CF02
:105F9000FFB1A0E927B80286CDFF0C0B46CCFF006D
:105FA0002C380C8B87920286C9FF2738280C4B6649
:105FB000C202C6C6FF0C2BF6C202C6C4FF2C182CA8
:105FC0000B87920246C2FF0C0822C2DE1C09BD08E4
:105FD00020B98386BEFF2C584C0B87920206BCFF6B
:105FE000B198E987B202C6B9FF2C68B2A080879247
:105FF0000206B7FFB189E982C2D90C0980B993863C
:10600000B3FF00003641001C2982A200971220270E
:1060100039751C08267218F6822B82A20026320FD0
:10602000F642100C482612072C08F622028179E964
:106030002D081DF082A0802652F58178E9F662EFE6
:10604000815CE946FAFF0CB38177E93712E1273327
:10605000130C9382A1003712D681FBE82733D0813D
:1060600070E986F2FF0CD38171E93712C2816EE9C3
:106070003732BC82A10026B2B6812FE922C2EF0CD2
:106080000320839306EAFF001CF8879202C62400CF
:106090002738441C638166E93712942733111C4367
:1060A0000C2837128A4C0827338582A400C6DFFFEC
:1060B0001C838160E937920206DDFF82A08037B23F
:1060C00002C6DAFF1CA30C4837920246D8FF815D56
:1060D000E922C2E5C6E9FF002C3887124E27381B9B
:1060E0002C192C0897920246D1FF1C0827B90246AA
:1060F000CFFF3C480C42308283C6CCFF2C534C0867
:1061000037920246CAFF814EE937B20206C8FF2C19
:106110006382A08037920246C5FF813FE922C2D93F
:10612000C6D6FF000C28308993C6C0FF1C880C829D
:1061300086F0FF003641001CE827381D1C99814578
:10614000E997B22B0C998142E99712231C79971297
:106150001E26321B813DE94605002C59813DE997F9
:10616000120D27390E2C398138E92739028138E997
:106170002D081DF02C698135E99712F306F5FF0013
:106180003641001CE827381D1C998136E997B22B4F
:106190000C998133E99712231C7997121E26321B22
:1061A000812EE94605002C59812EE997120D2739D9
:1061B0000E2C398129E92739028129E92D081DF0A2
:1061C0002C698126E99712F306F5FF003641002C71
:1061D0007327B310D125E9C125E9A125E91C1B814D
:1061E000D7E8E008008125E9E008004122E97CFBCE
:1061F00040A42081BCE8E00800311FE92A53520581
:106200000056950320A220E5F2FFC02000680A7D19
:106210000AAD02E5C8FFA0A620C02000A907AD0274
:10622000E5F5FFC02000780A6D0A0C1BAD0265DDA4
:10623000FF7CF8A0A83070AA10C02000A9062A236D
:1062400052C501524200810DE9E00800AD0481A66B
:10625000E8E008001DF000003641002C7327B31061
:10626000D102E9C107E9A102E91CCB81B4E8E00849
:10627000008102E9E0080041FFE87CFBAD04819960
:10628000E8E0080081FDE82A883208000B3330304E
:1062900074324800568303AD02A5E9FFC0200068B0
:1062A0000A5D0AAD02A5BFFF7CF8A0A83060AA1065
:1062B000C02000A905AD02A5ECFFC02000580A6D62
:1062C0000ABD03AD02E5D3FFA0A520C02000A906AA
:1062D00081EBE8E00800AD048184E8E008001DF0EF
:1062E0003641002C7B27BB0ED1E0E8C1E6E8A1E0F7
:1062F000E88192E8E0080081E1E8E0080051DDE88B
:106300007CFBAD058178E8E00800AD0225E7FFC021
:106310002000480A3D0A0C0BAD02A5CEFFA0442088
:10632000C020004903C0200028037CF8A08830204A
:106330008810C02000890381D1E8E00800AD058104
:106340006AE8E008001DF00036410081CCE8E00872
:106350000021CDE87CFBAD028163E8E0080031CB91
:10636000E8420321DC4441CAE8481440A42025F750
:10637000FFAD0442A00165E5FF42432181C0E8E092
:106380000800AD028159E8E008001DF036810030B8
:106390003074B682278143E8E00800B1BFE822A04C
:1063A00091F1BCE8C1BEE8226100A0DA20B0EB2088
:1063B0000C1A250B0C22A1021DF000000081AFE891
:1063C000E0080041B1E87CFBAD048146E8E008004C
:1063D00081AFE8303074B642408808D022112A28B4
:1063E000C02000884292AF00C020008961C0200018
:1063F0008861908810303820C020003961C02000AA
:106400003861C020003942819DE8E00800AD048178
:1064100036E8E008000C0246E7FF8808E022112A6F
:1064200028C020008882919EE8C020008971C02089
:10643000008871803311908810303820C0200039D6
:1064400071C020003871C02000398206EEFF0000C4
:10645000366100303074B642278112E8E00800B19E
:106460008EE822A0FAF18FE8C18DE8226100A0DA5F
:1064700020B0EB200C1AE5FE0B22A1021DF000005B
:1064800000817EE8E008004180E87CFB40A4208198
:1064900015E8E00800B17DE88BA2162304980BE014
:1064A0008A118A99C0200088090C2CC08820C0203D
:1064B000008909C0200088097CDCC08810C0200049
:1064C0008909C0200088090C4CC08820C0200089A0
:1064D00009C0200088097CBCC08810C02000890940
:1064E000880B0C1B001240009BA1E0CA11C02000C9
:1064F00092681FCAC8C02000C80C37EC46C02000F4
:1065000022281E209920C0200092681EE0AA11AA0D
:1065100088C0200028089118E8902220C020002977
:1065200008C0200028080C19902220C0200029084B
:106530008153E8E00800AD0481ECE7E008000C02BC
:1065400006CEFF0092C228E099119A98C02000C898
:1065500009D136E8CB22D0CC20C02000C909C02008
:1065600000C809D151E8001240002BA1D0CC10C0C6
:106570002000C909C02000C809D12EE8D0CC20C015
:106580002000C909C0200022681FC02000B2281EB8
:10659000202B20C0200022681EC6DBFF366100B61B
:1065A000422281C0E7E00800B13CE822A112F13F9D
:1065B000E8C13AE82901DD0AED0BA2A00165EA0B6A
:1065C00022A1021DF0812DE8E00800312FE87CFBBC
:1065D000AD0381C4E7E00800812DE88B228808E044
:1065E00022112A88C02000280892A080902220C072
:1065F00020002908C02000280891DFE7902220C051
:1066000020002908C0200028080C29902220C02042
:10661000002908C0200028087CD9902210C0200042
:106620002908C0200028080C49902220C0200029F9
:1066300008C0200028087CB9902210C0200029083A
:10664000810FE8E00800AD0381A8E7E008000C0234
:10665000C6DBFF0036610042C2FCB644268191E7EA
:10666000E00800B10DE822A153F111E8C10CE822C5
:106670006100B0EB20A0DA200C1AA5DE0B22A102EB
:106680001DF00000B6231D8187E7E00800B102E895
:1066900022A1542901F106E8ED0BDD0AC106E84606
:1066A000F5FF00000081F5E7E0080041F7E77CFB1B
:1066B000AD04818CE7E0080081F5E72B228808D043
:1066C00022112A28C0200088127C7930300490885A
:1066D00010D03311303820C02000391281E8E7E0B3
:1066E0000800AD048181E7E008000C0206E4FF0029
:1066F000366100303074B64227816AE7E00800B1A5
:10670000E6E722A167F1ECE7C1E5E7226100A0DA44
:1067100020B0EB200C1AE5D40B22A1021DF00000E2
:106720000081D6E7E0080041D8E77CFBAD04816D2D
:10673000E7E0080081D6E78B228808E022112A28AA
:10674000C0200088027C79303004908810D033114A
:10675000308820C02000890281C9E7E00800AD042C
:106760008162E7E008000C0206ECFF00368100B60B
:106770008222814CE7E00800B1C8E722A183F1CF73
:10678000E7C1C6E72901ED0BDD0AA2A00165CD0B2B
:1067900022A1021DF0B6431C8143E7E00800B1BE10
:1067A000E722A1842901F1C5E7ED0BDD0AC1C4E7A9
:1067B00086F5FF000081B1E7E0080021B3E77CFB2C
:1067C000AD028148E7E0080081B1E7A1BEE7880893
:1067D000303014C02000922830803301A09910C0BE
:1067E0002000926830C02000922830A1B7E7A0991D
:1067F00010303920C02000326830C02000322830EC
:1068000091B3E7C020003971C02000387190331077
:10681000C020003971C02000387191ADE7C0200060
:10682000326830C02000322830903310C02000324F
:106830006830C0200032283091A7E7903310C02084
:1068400000326830C0200032283091A3E790332016
:10685000C020003268308189E7E00800AD02812263
:10686000E7E008000C0246CAFF0000003661003075
:1068700030744040F4B64224810BE7E00800B18652
:10688000E722A1F9F196E7C185E7226100B0EB208C
:10689000A0DA200C1AE5BC0B22A1021DF0617BE7F7
:1068A0008B521623098806E095119A88C02000981B
:1068B00008908035F098118A99C0991147B91A81CA
:1068C000F9E6E00800B174E722A1FC2901F183E7B1
:1068D000ED0BDD0AC183E706EEFF8168E7E0080003
:1068E000A16AE7B2AFFF81FFE6E0080022C2286894
:1068F00006E022112A26C02000880292AE00404005
:1069000084908810408820C020008902C020004266
:10691000261E0C120015400022A1402220C020009B
:1069200022661E8156E7E00800A157E70C0281EEBF
:10693000E6E00800C6D8FF008151E7E00800A15258
:10694000E77CFB81E8E6E0080048067CE2C0200026
:1069500062241E001540202281602210C0200022E7
:10696000641E46EFFF000000366100505074B6828E
:106970001A81CCE6E00800B148E722A20B2901F118
:1069800059E7ED0BDD0AC145E7860600B6232181F4
:10699000C5E6E00800B140E722A20CF152E7C1527F
:1069A000E72901ED0BDD0A0C1AA5AB0B22A1021D94
:1069B000F0A173E6B174E640C4208179E6E00800F6
:1069C00007EA1C81B8E6E00800B133E722A20E29ED
:1069D00001F144E7ED0BDD0AC145E706F2FF0000D7
:1069E00081B0E6E094119A889808A1D0E67CB8803E
:1069F0008910A79812A1BEE6B1CEE6C02000880A91
:106A0000B08810C02000890AC020008809A1C9E60A
:106A1000A08810A1C9E6A08820C020008909FC63D5
:106A2000B6420E81A0E6E00800B11BE722A2128662
:106A3000D2FFB2A00240A420E56BFED08211211447
:106A4000E730D3208A22B822CD05AD0481A3E6E049
:106A500008000C02C6D5FF00F6420E8192E6E0085F
:106A600000B10DE722A21686C4FFB2A00140A42007
:106A70006568FE3107E7D02211202380B832CD05AA
:106A8000AD04811BE7E0080086F1FF0036E100A5B8
:106A90008BFFD22204C822B802A812D0D104A5ECE0
:106AA000FFA9919CFA817FE6E00800B1FBE632A2E3
:106AB000AEF110E7C111E7DD0A3901ED0B0C1A65E3
:106AC0009A0B28911DF0381272020052020D3040CC
:106AD0007466175362C4FC3D07B6460368913D06D1
:106AE000303074563305816FE6E00800B1EBE622E2
:106AF000A238F102E7C1E9E62901ED0BDD0A0C1A23
:106B000025960B8168E6E00800B1E3E622A2AFF12A
:106B1000F9E6C10BE7DD0A2901ED0B0C1A65940BB0
:106B200092A102999146E6FF62A0FC889160331021
:106B30000C163086833D0846E9FF4A350C86372619
:106B4000030C13DCA58157E6E00800B1D3E622A2CE
:106B5000392901F1EAE6ED0BDD0AC1E9E646E7FF76
:106B60000062020CDC96814FE6E00800B1CBE62221
:106B7000A23A2901F1E2E6ED0BDD0AC1E2E606DF09
:106B8000FF985282022899B189A1EC678D07908302
:106B9000839CF898A19CB98143E6E00800B1BEE669
:106BA00022A23D2901F1D5E6ED0BDD0AC1D7E6C6EB
:106BB000D2FF000081B2E6E00800A1B3E67CFB81D1
:106BC00049E6E0080091D1E60C1AC02000322930D5
:106BD000A03320C02000326930384207E302869794
:106BE0000099618126E6E0080098613156E681B59A
:106BF000E6303A82C02000A22930B1C5E680AA1052
:106C0000C02000A26930C02000A22930B0AA20C054
:106C10002000A26930C02000A22930B1ACE6C0201B
:106C200000A9F1C02000A8F1B0AA10C02000A9F16D
:106C3000C02000A8F1B1A6E6C02000A26930C020A3
:106C400000A22930B0AA10C02000A26930C02000E4
:106C5000A22930B1A0E6B0AA10C02000A26930C0BD
:106C60002000A22930B19CE6B0AA20C02000A26971
:106C70003099618182E6E00800A183E6811BE6E0AD
:106C80000800A1A4E69861390A560726920220E876
:106C900062C8729961C26107E261088178E6E00822
:106CA00000A179E6B2AFFF810FE6E00800A197E608
:106CB0008B74E077117A7AC02000B807D179E6C0EA
:106CC0002000B26110C02000B22110806611D0BB3C
:106CD00010606B20C02000626110C0200062211093
:106CE000505034C020006907C02000680700B5116B
:106CF000518AE67C7D505610B05520C020005907BF
:106D0000C0200058070C26605520C020005907C03D
:106D1000200058077CD6605510C020005907C020BD
:106D20000058070C46605520C020005907C02000BD
:106D300058077CB6605510C020005907B20229C020
:106D400020005807B06004D06611D055106065204F
:106D5000C0200069079861C871E881AC2B52C42833
:106D6000E0551178925A5AC020006805B16CE6705F
:106D70007094707711B06610706620C02000626554
:106D8000008B54E055115A5AC0200068051C07704A
:106D90006620C02000690572022AC02000680582B2
:106DA000AFBF707004A07711806610706620C0209D
:106DB000006905C020006805C0C004B07C11C2AFE6
:106DC000DFC0C61070CC20C02000C90528A1C0209B
:106DD0000068058153E6207004B07701806610706A
:106DE0006620C02000690542C42016E20D68B1E0AB
:106DF000E0046033C2309982614BE6A07E01609965
:106E0000A2E149E6C0200068059095419033C0E0BA
:106E1000E61070EE203030F4009911E04411C020EB
:106E200000E9053099204AAAC02000990A8113E69A
:106E3000E00800A115E681ACE5E008008620FF002F
:106E4000C02000322930811FE6A11FE6803310C028
:106E50002000326930C02000322930A03310A1C692
:106E6000E5A03320C02000326930C0200032293034
:106E7000A117E6C0200039E1C0200038E1A033109E
:106E8000C0200039E1C0200038E1A111E6C0200097
:106E9000326930C02000322930A03310C0200032C7
:106EA0006930C02000322930A10BE6A03310C02089
:106EB00000326930C02000322930A107E6A033201B
:106EC000C020003269303167E50669FFC020003814
:106ED000056115E6E04411603310C02000390588D3
:106EE000A14AAAC02000890A46D0FF000026170246
:106EF00086F3FED20216C2120A9961C971D9818144
:106F0000DFE5E00800A1E0E57CFB8176E5E0080034
:106F100098612B74D077117A79C02000A807B2AF9E
:106F200000C02000A26111C02000A22111505034E5
:106F3000B0AA10606A20C02000626111C020006207
:106F40002111A1FAE5C020006907C0200068078070
:106F50005501A06610505620C020005907C02000DF
:106F600058170C26605520C020005917C020005823
:106F7000177CD6605510C020005917C02000581744
:106F80000C46605520C020005917C0200058177CBF
:106F9000B6605510C020005917C0200058170C8645
:106FA000605520C020005917C871C020005807C084
:106FB000C0E4001640006CA1C1DEE56CFAC0C5104B
:106FC00060CC20C02000C907C020005817D881C05D
:106FD0002000526112C02000522112B06D11D1D593
:106FE000E5D0D51060DD20C02000D26112C02000A5
:106FF000522112C020005917620217C020005817F2
:10700000606004C06611A05510605520C020005972
:1070100017C020005817610CE5B1C7E5605520C0C6
:1070200020005917A20218C020005807A060044091
:107030006601B05510605520C02000590716CADE01
:10704000C02000580761B7E5C02000526113C0207E
:107050000052211342C4205050745033C25872E081
:1070600044115033C25202204A99305582489260EE
:1070700055A24040045055415033C0F03311F055F3
:10708000013030F4303520C020003909C0200038EC
:107090000751AAE5304401503310403320C020008E
:1070A0003907C661FF000000366100CD02DD03BD77
:1070B00004ED05EC5281FBE4E00800B177E582A223
:1070C000CBF1A0E5C1A1E5DD0A8901A2A001B0EBE9
:1070D0002025390BA2A1022D0A1DF000816CE5824A
:1070E000082016380281EFE4E00800B16BE582A2C7
:1070F000CCF194E5C196E5A0DA208261000C1AED8E
:107100000B25360B7CFA46F3FF8161E5A808E5F311
:107110000986F0FF368100B6822581E2E4E00800AE
:10712000B15EE522A3FAF18AE5C15CE5DD0A290139
:10713000B0EB20A2A001E5320B52A1022D051DF0FB
:107140006185E5E072117A86980852A10356B9FE6E
:1071500092A400909410FC69B2A09C0C1A896199C9
:10716000718182E5E0080088617A56A9085805987F
:1071700071FC3581CCE4E00800B147E5C177E5DD7D
:107180000AED0B0C1AE52D0B52A10146EBFF000096
:10719000C10EE5B2A09C0C1A826106926107810BB8
:1071A000E5E00800C6EFFF000C08B86589552945E1
:1071B00089058915892582550682450E82652387B2
:1071C0009B2749758719028623000C3CBD090C1AC0
:1071D0008168E5E00800A9657A5658050C0DA86598
:1071E000CD0DBD0D818EE4E008007A5688050C0BAC
:1071F0000C15305B8350907452281EB79515B71943
:1072000012AD0389619971815BE5E008008861989E
:1072100071A2681E7A8658080C1A82251F56F80536
:1072200016C9058875A7E84430B3208150E5E00809
:10723000007A66A2651F580662251F56E6038199EB
:10724000E4E00800B115E5C145E5DD0AED0BA2A0BB
:107250000125210B7CF586B8FF0C3ED2C520CD0B55
:107260000C1A8145E5E0080086DAFF0000C1D6E48B
:10727000BD0381D6E4E0080046EDFF000032652042
:107280006138E560A620813DE5E008003100E55267
:107290000320ACE552032042A0010012400044A1AB
:1072A00050442042432052A00060A6208135E5E0F2
:1072B00008006509FFB64225B2C2FCAD03A5BB1E9E
:1072C000069EFF00D128E5A128E540C42030B32068
:1072D00065DDFFA05A2016AAFB06F3FF0000BD02E1
:1072E000AD03A5C106C694FF3681005050745961A4
:1072F0008D033D04B64224816BE4E00800B1E6E46E
:1073000022A45EF120E5C1E5E42901ED0BDD0A0CC4
:107310001A25150B22A102460B000000410EE5E0E4
:1073200052115A446804560602815EE4E00800B136
:10733000DAE422A45FF113E5C114E52901ED0BDDC8
:107340000A0C1A25120B7CF21DF0DC988156E4E041
:107350000800B1D1E422A4602901F10AE5ED0BDDBA
:107360000AC1F9E446F6FFE6131A814EE4E008008C
:10737000B1CAE422A4612901F103E5ED0BDD0AC1E4
:1073800003E546E2FF4876A7644A5101E57101E54D
:107390005A580C1457B7010C0451FFE4A100E55AE8
:1073A000580C1757BA010C0770442007E42641FC1B
:1073B000E451FAE44A4847B51B813AE4E00800B1D9
:1073C000B6E4C1F8E4DD0AB0EB20A2A00165090B28
:1073D00006D0FF000051ADE48B4278054971E044CE
:1073E000114A77C0200078077CFB707035F0A71138
:1073F0007A7AA866C0E7118941E9518107E4E0087B
:1074000000E8518841E7A302061D00BD08CD0E0C1F
:107410000DAD0281E5E4E00800E8510C0BAD02D0AF
:107420004711E033C0A52CFFCD040C1BAD02E54392
:10743000FF8841A077117A7879560C0739167906BA
:107440004926AD020C1BA500FF98610C0292460D67
:1074500027990246BCFF48055871A866E035113AE5
:10746000347CFBC02000380381ECE3E00800A86610
:10747000DD02CD02BD0281E9E3E0080006B2FF00B3
:107480000C0DCD03BD08AD0281C8E4E0080078050D
:1074900098154A47C020007804F042112A44C0449D
:1074A000113A44707504E044114A49107711C02024
:1074B0000079040C044916C6E1FF00003641003C87
:1074C000090C0827291181F1E3E022112A2828025A
:1074D0007CF8208830808F052D081DF03661002053
:1074E000A220A5FDFF563A0281EFE3E00800B1B00B
:1074F000E422A01EF1AEE4C1AFE42901DD0AED0BE8
:107500000C1A25F60A22A1021DF0000031ABE47C22
:10751000FBAD0381F4E3E0080081DCE3E02211200D
:10752000288022220092281397120582281487921D
:107530001291A2E4A1FFE3C020008869A08810C0D6
:1075400020008969919FE4A167E3C020008229415E
:10755000A08820C02000826941D082112088C0D03C
:1075600028118198E42A889808A818C020002809C2
:107570008828A02220C0200029090C32C02000A8A1
:10758000090018400082A17CF2802230A02210C0A5
:1075900020002909AD0381D4E3E008000C0286D95C
:1075A000FF00000036610020A22025F1FF563A02BC
:1075B00081BDE3E00800B17EE422A028F183E4C1AC
:1075C0007DE42901DD0AED0B0C1AA5E90A22A102CE
:1075D0001DF000003179E47CFBAD0381C2E3E008DB
:1075E0000081AAE3E022112A2828029176E4D082C1
:1075F000112088C0D088118A892808A818C02000C6
:1076000098027CF8A08830908810C0200089028100
:107610006CE4912CE3C02000222841AD039022109D
:10762000C0200022684181B0E3E008000C0286E738
:10763000FF00000036610020A22025E8FF563A0234
:107640008199E3E00800B15AE422A059F160E4C155
:1076500059E42901DD0AED0B0C1AA5E00A22A1026A
:107660001DF000004155E47CFBAD04819EE3E00881
:10767000008186E3E022112A28A802BD03259A068C
:10768000AD048199E3E008000C0286F4FF000000DD
:10769000366100AD0265E2FFEC1A8182E3E008008A
:1076A000B144E422A077F14AE4C142E42901DD0AB1
:1076B000ED0BA2A001E5DA0A22A1021DF0313EE4A1
:1076C000B2AFFF30A3208187E3E008008170E3E0E0
:1076D00022112A2828021C488792249185E3A2A11E
:1076E00000C020008809A08820C020008909C0208F
:1076F00000822900A2ADFFA08810C020008269008E
:10770000D082119130E42088C0D088118A899848AD
:107710009C2928087CF8C02000A802908830A08806
:1077200010C020008902AD038170E3E008000C0264
:10773000C6E1FF00366100AD0225D8FFEC1A815981
:10774000E3E00800B11BE422A08BF122E4C119E4BC
:107750002901DD0AED0BA2A001A5D00A22A1021D7C
:10776000F03115E4B2AFFF30A320815EE3E0080002
:107770008147E3E022112A2828029112E4D08211E5
:107780002088C0D088118A8998589C2928087CF8BC
:10779000C02000A802908830A08810C02000890274
:1077A000AD038151E3E008000C0246ECFF0000004D
:1077B0003661008103E4A108E4C0200098D8A099B4
:1077C00010A106E4A09920C0200099D8C0200098FC
:1077D00098A1DAE3A09910C020009998C0200098E1
:1077E00098A2AF00C020009931C020009831A09924
:1077F000100C1AA09920C020009931C020009831A7
:10780000C0200099981DF000364100AD02BD03F084
:10781000831191EBE3DC32C02000C859000840C05E
:10782000C091C0C0142552002D0A1DF0C02000C810
:10783000E9C6F9FF36610007E202C62B000C943757
:10784000B4298118E3E0080021E9E3B1E6E3291156
:1078500022A0F2F1E3E3C1E4E32901DD0AED0B0C20
:107860001A25C00A22A102C62100000041C4E2E09C
:107870008311804480422400AD0425C6FFAC1A81E8
:1078800009E3E00800B1D7E322A0F4F1D5E3C1D8C1
:10789000E32901DD0AED0B0C1AA5BC0A7CF20614E3
:1078A0000000B2A00340A420A5D8FF16EA0081FD85
:1078B000E2E00800B1CCE322A0F546F3FFAD046599
:1078C000E7FF9C0A81F8E2E00800B1C6E322A0F6D7
:1078D000C6EDFF000000AD0465DBFF8CEA81F1E23C
:1078E000E00800B1C0E322A0F786E7FF0017E2043A
:1078F0000C021DF0000C9237B21581EAE2E008009C
:1079000021BDE3B1B8E3291122A0FA06D1FF00009E
:10791000219BE232C30AE03311303280222300ADD2
:1079200002A5BBFF8CEA81DFE2E00800B1AEE322F2
:10793000A0FC46D5FF00B2A00320A22065CFFF1611
:10794000EA0081D8E2E00800B1A7E322A0FD46CE1C
:10795000FFAD0225DEFF9C0A81D3E2E00800B1A161
:10796000E322A0FEC6C8FF000000AD0225D2FF162C
:10797000DAF781CCE2E00800B19BE322A0FF46C227
:10798000FF00000036810042A00927B42A81C5E229
:10799000E008002196E3B193E322610122A140F1C6
:1079A00096E3C191E3226100DD0AED0B0C1A65AB91
:1079B0000A22A1021DF00000B6431681BAE2E008D7
:1079C00000218EE3B188E3291122A141C6F3FF0013
:1079D000000020B220A2A001A5E5FF4177E37CFBD7
:1079E000AD0481C0E2E008009176E3A153E3C0203A
:1079F000008809F02211A08810C020008909C02049
:107A0000008809C020008971C02000A87182AF00E1
:107A100080AA100C1880AA20C02000A971C02000E4
:107A20008871C0200089090C38C02000B8590012A4
:107A30004000A8A17CF8A08830B088100012400057
:107A400023A1208820AD04C0200082690581A6E220
:107A5000E008000C0A65D9060C0286D5FF0000007C
:107A6000364100A167E38167E3E00800258B092127
:107A700052E37CFBAD02819BE2E008008151E3A16F
:107A800011E2C020009848A09910C020009948C079
:107A900020009838A1E2E2A09920C020009938C0C7
:107AA00020009838A110E2A09920C0200099382029
:107AB000A220818DE2E008000C021DF03661002159
:107AC00050E38222005688028177E2E00800214FCD
:107AD000E3B144E3226101F14CE322A181C142E31D
:107AE000226100DD0AED0B0C1AA5970A22A1031DE5
:107AF000F0658309AD028146E3E008000C0246FB15
:107B0000FF00000036810032A00927B32A8165E218
:107B1000E008002136E3B133E3226101F13EE322C4
:107B2000A18CC131E3226100DD0AED0B0C1A6593D3
:107B30000A22A1021DF0000065F2FFBD02A2A00012
:107B400065CCFFBD0A0C0A65CC06411BE37CFBAD8E
:107B5000048164E2E00800311AE391DAE1C0200018
:107B60008843BD02908810C020008943C02000884F
:107B70003391AAE2C2C11C908820C02000893391B1
:107B8000D9E1C0200088330C0A908820C0200089E9
:107B900033A5B906C020008223422110E3AD0420A2
:107BA0008820C02000826342C02000822342211A24
:107BB000E3208810C02000826342814BE2E008008D
:107BC000A5EFFF2871C6DAFF36610042A00927B48D
:107BD0002A8134E2E008002107E3B102E3226101D7
:107BE00022A1D5F10EE3C100E3226100DD0AED0B15
:107BF0000C1A25870A22A1021DF00000B64313814A
:107C000029E2E008002106E3B1F7E2291122A1D61A
:107C1000C6F3FFBD020C2AE5C1FF41E7E27CFBADE4
:107C2000048130E2E00800A5B8FFA1E5E2F02211EE
:107C30000C38C02000B8EA0012400098A17CF890EF
:107C40008830B088100012400023A1208820C02076
:107C50000089EAAD048124E2E008000C1AE5B806C8
:107C60000C0286E4FF0000003681000C0889518771
:107C70009426810CE2E0080021ECE2B1DAE229115D
:107C800022A218F1E8E2C1D8E22901DD0AED0B0CCD
:107C90001A257D0A22A1021DF00C9827B815810132
:107CA000E2E0080021E2E2B1CFE2291122A21906A6
:107CB000F4FF000026331481FBE1E0080021DCE240
:107CC000B1C9E2291122A21DC6EDFF00BD020C1AA6
:107CD00065B3FFBD0A0C1A65B30665640931B6E2E7
:107CE0007CFBAD038100E2E0080081D2E2A2C11872
:107CF0009808881899618971E57F0681B1E2A147EA
:107D0000E2C0200098C8BD02A09920C0200099C8F8
:107D1000C0200098C8A173E1C2C114A09920C0205E
:107D20000099C80C1A65A0062D0A8C2A7CF8895186
:107D300030A32081EDE1E00800E55E093221053243
:107D4000640046D4FF000000364100E0521161BAE1
:107D5000E24A85F088118A868218008C282D081D39
:107D6000F0A57D0A661A1920B22040C42025800A99
:107D70002D0A4A55F055115A56225500C6F7FF00F4
:107D800000E55909718DE2B2AFFFAD0781D6E1E0A0
:107D900008000C1DCD04BD03AD0225A9062D0AADBA
:107DA0000781D1E1E0080025580906F1FF00000035
:107DB00036410031A2E248027CFB30A32081C9E1B8
:107DC000E00800E084118AA3983A0B99993A564941
:107DD00005B82ADC0BD19AE2C19BE2A19BE2B2A2D8
:107DE0004F81D6E1E00800992AA8126CFBC0200060
:107DF000922AF24A88B09910F08811C02000926A45
:107E0000F24A889192E2E088118A89A8080C14A5A8
:107E100044FEAD0381B5E1E008008C64AD02814011
:107E2000E1E008001DF00C0486F9FF00364100482F
:107E30000238128B547CFB50A52081AAE1E0080097
:107E4000E083118A8438B80B3339B8FC139868DCA6
:107E500009D17FE2C180E2A17CE2B2A28881B7E1D0
:107E6000E0080039680C13AD05819FE1E008008C43
:107E7000B3AD02812BE1E00800AD0465F3FF1DF016
:107E80000C0346F8FF00000036410038027CFB423C
:107E9000C314AD04780368138193E1E008008843BC
:107EA0007CE99088100C05AD045933826304818EFF
:107EB000E1E00800A812571A33A51A09B2AFFF4033
:107EC000A4208188E1E00800F0961188176A99A043
:107ED00099119A88C020006848C0200059487CF554
:107EE000C020005958AD048180E1E0080020A220A4
:107EF000810CE1E0080030A32025F3FF22A0001D43
:107F0000F000000036410038027CFB42C314AD048F
:107F1000780368138174E1E0080088437CD9908875
:107F2000100C05AD045923826304816FE1E0080061
:107F3000A812571A36E51209B2AFFF40A420816992
:107F4000E1E00800F0961188176A99A099119A88C3
:107F5000C0200062281CC0200052681C7CF5C02094
:107F60000052681DAD048160E1E0080020A220817C
:107F7000ECE0E0080030A32025EBFF22A0001DF07C
:107F800036A10039A158A10C030C174D03204783DB
:107F90005037833034203981AC438142E1E008001E
:107FA000B12FE222A087F12CE2C12DE22901DD0AE6
:107FB000B0EB2070A720E54A0A22A1021DF00000C4
:107FC00042020888814040040C3340839338124DAC
:107FD0000856D303C159E10C252CCB70A72050487B
:107FE00020817AE1E008005D0A6D0356DA05812DF3
:107FF000E1E00800B11AE222A08FF117E2C119E214
:10800000DD0A2901ED0B70A720A5450A22A1014632
:10801000EAFF68815D06661332C147E12CCBAD03F0
:10802000304820816AE1E008006D0A5881DCBA819D
:108030001DE1E00800B109E222A093DD0A2901F167
:1080400006E2ED0BC109E2AD0306EFFF980299715C
:1080500016092E32290056B3048112E1E00800B15E
:10806000FFE122A098F1FCE1C101E22901ED0BDD65
:108070000A0C1A253F0A0C0722A1028C7550A52074
:1080800081A8E0E0080016860060A62081A5E0E057
:1080900008008C33AD0365D9FF16F7F1AD0725D184
:1080A000FFC6C5FF0088712812484827941B81FD30
:1080B000E0E00800B1EAE122A0992901F1E7E1ED51
:1080C0000BDD0AC1EBE1C6E9FF0028037CFB8B72E4
:1080D00070A7208104E1E008004813AD07E04411D7
:1080E0004A2248B21B4449B28100E1E008009C35B5
:1080F00059230C0229453CF2295521E4E13905298F
:108100008528A159029C3669330C1229463CF22974
:108110005621DFE1390638A12986690348A121D615
:10812000E1380429230C022933C6A3FF00C102E170
:10813000B2A040A2A0018125E1E00800A07A20ECD5
:108140006A81D8E0E00800B1C5E122A0A3F1C2E154
:10815000C1C9E1DD0A79112901ED0B0C1A65300A5C
:1081600022A10106C5FF000000A1B4E1B2AFFF816A
:10817000DDE0E0080091B1E122290256B20B792935
:1081800091BEE12907992791B1E12937A809E503B3
:10819000FEBD024BA725860698171C0AC0200022A8
:1081A00029F2A02220C020002269F22D07A1A3E11C
:1081B000983A1B99993A81CCE0E008008861CC6834
:1081C000AD078157E0E0080092C2180C0899618958
:1081D0009188910C19A658010C0982A000A2A00157
:1081E000408A9390881082610B564805166400AD52
:1081F00002E5BBFF28710C187D020B2820282020E7
:108200008F050C190C024029932028102261065674
:10821000A2F116741281A3E0E00800B190E122A05F
:10822000B7F18DE1C197E12901DD0A4911ED0B0C90
:108230001A25230A22A1050690FF88818961C6DAE2
:10824000FFC1BDE0B2A01CA2A00181E0E0E00800F7
:10825000A03A20EC7A8193E0E00800B180E19891A7
:1082600042A0A6F17DE1C185E1DD0A9921391149DC
:1082700001ED0B0C1AE51E0A7D0286B8FF008BC2C9
:10828000AD0C7CFBC9518197E0E008008861C851C2
:10829000780856B7089891390899139177E179636E
:1082A000290399537D038861AD0C98581B999958FF
:1082B000818EE0E0080098B116C906A160E17CFB60
:1082C0008189E0E008003802A15DE1E033113A3A2B
:1082D00098331B999263038184E0E0080092C714ED
:1082E000AD097CFB9951817FE0E008003847985147
:1082F00030A410CC5A30442049474D0A90A920811F
:108300007AE0E0080016740070A72025B2FF7871AB
:10831000389188611B334B88399189613D07C6AB21
:10832000FF888189B146DFFFAD0381FDDFE00800F2
:1083300046EAFF0078713D078D0706AFFF0C12304B
:10834000248320207416B200A2A001704A934040FA
:10835000745694D9D14CE1C14CE1A13BE1B2A0B833
:108360008177E0E008000000366100AD02EC328168
:108370004DE0E00800B139E182A0E6F146E1C13804
:10838000E1DD0A89010C1AED0BA50D0AA2A1022D4F
:108390000A1DF0008882E0080086FCFF3661005666
:1083A00022028140E0E00800B12DE122A0F2F13A82
:1083B000E1C12BE12901DD0AED0BA2A001650A0A4A
:1083C00022A1021DF02802281229030C0286FCFFBC
:1083D00036810039614971EC228132E0E00800B158
:1083E0001FE122A0FDF12DE1C11EE12901DD0AB04E
:1083F000EB20A2A001E5060A22A1021DF0422205FF
:1084000032A03F3714278127E0E00800222205B17F
:1084100013E12911F122E122A0FEC121E12901EDA0
:108420000BDD0A0C1AE5030A22A10306F3FF68021A
:1084300058423871480656250AD61305581688142E
:10844000F045115A44A044114A88C020004228181F
:108450000C15504420C02000426818C0200042285B
:10846000187CE5504410C0200042681842A0A04A81
:1084700088C02000582862AFC0304054605510407A
:108480004520C02000492839520C0206DBFF8B84AE
:10849000AD087CFB89510C158113E0E0080078449D
:1084A00000134000A5A1A097108851CC59A07720B7
:1084B00079445D09AD08810CE0E0080016C5F7813C
:1084C000F9DFE00800B1E5E022A12139112901F12D
:1084D000F3E0ED0BDD0AC1F3E086D1FF5861D6036E
:1084E0000668168814F046116A44A044114A88C0F0
:1084F000200068080C14406620C020006908C020D5
:108500000068087CE7706610C020006908C0200081
:10851000722812A2AFC0306054A07710606720C0EC
:1085200020006268120C06504693C0200058086C68
:10853000F6C04411605510404520C020004908068F
:10854000D1FF8B947CFBAD09995181E6DFE00800F7
:1085500088540C1700134000B7A1B0A8109851CC54
:108560005AB0882089547D0AAD0981DFDFE0080018
:1085700016D7F606D2FF000036610056320281C9D6
:10858000DFE00800B1B6E022A12AF1C7E0C1B4E003
:10859000226100A0DA20ED0B0C1AA5EC0922A10241
:1085A0001DF048523CF337942481BEDFE00800B14F
:1085B000ABE022A12BF1BCE0C1BDE02901DD0AB096
:1085C000EB20A2A001E5E90922A10346F4FF68021D
:1085D000584238065615059624028B537CFBAD0590
:1085E00081C1DFE008007CE80014408088814843B6
:1085F000AD05804410494381BCDFE00800581638BF
:1086000013F045115A44A044114A3342A0A04A3302
:10861000C0200048233CF5504420C0200049233CA2
:10862000F339520C02C6DDFF009634028B537CFBFB
:1086300050A52081ACDFE008007CE8001440808871
:10864000814853AD05804410495381A7DFE00800FD
:1086500048163813F084114A88A088118A33C02044
:10866000004223123CF6604420C02000426312C046
:10867000200048036CF5504410C02000490346E731
:10868000FF0000003661005622028186DFE008000C
:10869000B173E022A15EF186E0C171E0DD0A29013B
:1086A000ED0BA2A001E5DB0922A1021DF048033871
:1086B000130BA440AA10163A02817ADFE00800B139
:1086C00067E022A164F17AE0C17BE049112901ED64
:1086D0000BDD0A0C1AE5D80906F3FF000026B32CBF
:1086E0001C0837381F16F307816FDFE00800B15B05
:1086F000E022A17739112901F16EE0ED0BDD0AC10D
:108700006EE046F3FF26C3670C2A66D3DA8802B808
:108710004298088818C819F09811567B058A89A0D4
:1087200088118A8CC020009228182C0BB09920C088
:108730002000926818C020009228181C0BB09920C5
:10874000C02000926818C02000922819B15CE03067
:10875000AA11B09910A0A920C02000A268194962EE
:1087600039720C02C6D0FF00AD033D0846E7FF009A
:108770000C1AC6E5FF0C1BF644010C0B8A99A09954
:10878000119A9CC02000C809B080047C7BD0D8110D
:10879000B0BC10D0BB20C02000B909C02000B8096F
:1087A0007CBCC0BB10E08811808B20C020008909F0
:1087B000C020008819B141E030AA11B08810A0A8EB
:1087C00020C02000A91906E5FF000000364100EC9A
:1087D00072213BE0380222A1029C838132DFE00853
:1087E00000BD0AD138E0C11DE0A11DE0E2A1F68183
:1087F00039E0E008001DF000000058028B426805D7
:10880000819FDFE008007CFBAD048136DFE00800DB
:10881000A12EE08816A0A31038422815F092112A44
:1088200099A099119A8866133AC0200038882127A8
:10883000E0203310A03320C020003988C020002859
:10884000883123E0302220C020002988818CDFE09D
:1088500008002D0AAD04BC628124DFE008000C0290
:1088600046E4FF0022A0802A88C020003808211793
:10887000E0203310A03320C020003908C020002899
:10888000083167DF302220C02000290806EFFF00F2
:108890008116DFE00800C6D6FF0000003661024105
:1088A00085DEC2AEF8C0200082240010B120C020B6
:1088B000008261438222032842AD03291122A110C4
:1088C0001A22CAC2890165B1008C1AA103E0C02036
:1088D00000822143C0200048042D0A4718058176F4
:1088E000DEE008001DF00000366100C2A000C0BC40
:1088F00020A2A001E5E4004D022D0ADC5A81E9DE48
:10890000E00800B1F6DFC1F6DFDD0AED0B0C1A65F9
:10891000B5091DF032A000C22A048BF1CBE1DD03C2
:10892000BD03326103E5F5005D0A371A1C81DDDE07
:10893000E00800B1EADFC1EBDFDD0AFD05ED0B0C5D
:108940001A25B2092D0306F2FF0038312C0CBD03A5
:10895000AD0481DDDDE008002C0CB2D310CAA48187
:10896000DADDE00800A82181E0DFE0080046E8FF4A
:10897000364100B0641160628032660060A62065F6
:108980003000404411C1ECDEA976BD04AD05E5EA36
:1089900000CC9A2C0DCD06BD04AD05E5DC002D0AFA
:1089A0001DF0000036410051D1DF2805566205A1B7
:1089B000D0DF25FE004D0A660A11D1CEDFC1CEDF21
:1089C000B2A229A1CEDF81DDDEE0080020C220B204
:1089D000A0FF20A220A5CF00A03A20CCBAD1C8DFAA
:1089E000C1C6DFB2A22E46F6FF0030A320A5D300F9
:1089F000822A032D0AAD0387340D98429A8887B4E2
:108A00000665D10029051DF0A5C4003D0A569AFD52
:108A100081BDDFE00800000036410032A0100C04E8
:108A200022C3F040C42030B32040A4202020F465AD
:108A3000D100CC3A2020741DF01B332C122793DF79
:108A4000D1B2DFC1B2DFA1ADDFB2A17F81BCDEE078
:108A50000800000036E100A2C110101120A5E8FFB7
:108A6000CC2A0C021DF025FBFF4D0A163AFFA2C1CD
:108A700010652200A2410EA2C130E52100A2410FE3
:108A80000C1CEBB1A2C110E5061D260AD47CF3A094
:108A90003330303004EB513A25A20200ACEAB03357
:108AA0001122C1103A32B8030C0C0BBB40BBE2B22E
:108AB000CB10C0AC20E5C800166AFA0C1BE5DDFF40
:108AC0000C130C02A0238320207486E5FF00A0CAAB
:108AD00020A0BA20E5C60056DA00EB513A25220262
:108AE0000016D2F786EDFF000C1B25DBFF0C12569B
:108AF0007AFE86DBFF00000036C10010A120A5DE53
:108B0000FFA04A20160A0B10A120A52C003D0A66E2
:108B10000A0286210025F0FF160A08BC12B0831154
:108B20002D018A8298680C0A26290C0C2999683034
:108B30009074B62907A2A1022D0A1DF000B22800E8
:108B400040D42030C07410A12065E2FF06FAFF0077
:108B500025F0FF56EA018153DEE00800B160DFC175
:108B60006DDFA0DA20ED0B0C1AA58F09A169DF4695
:108B7000F1FF000000B0831110212092A0038A822F
:108B80009968309074F629ACB808DD04CD09AD01C0
:108B9000E5DDFF561AFA8161DFE008008142DEE080
:108BA0000800B14EDFC15CDFDD0AED0B0C1A658BEE
:108BB000097CFA46E0FF0000A2A10546DEFF0000A6
:108BC0003641000C1A25F3FF2D0A1DF03641000C2A
:108BD0000A65F2FF2D0A1DF036C10042A00182A0F5
:108BE0000020848380807456180830848356B80728
:108BF000581282A106EC35682292A00F62C6F06777
:108C0000391965E1FF6D0AAD01E5CDFFA054835030
:108C1000A074CC3A604A938C6482A1052D081DF0A3
:108C200000580128220B5522C2F06055E257121D50
:108C3000A22108A2CAFF60AAE2A792DC22210FA209
:108C4000C120250400A792D00C1406030000522175
:108C50000710A120E50200A795D5102120B04411EE
:108C60004A4228640C08290306ECFF0082A1024650
:108C7000EAFF00003641000C0BAD0B8129DFE00854
:108C8000001DF000364100BD020C4CA2AFFF812553
:108C9000DFE008002D0A1DF036410020A22020420E
:108CA0002065E31C0C02279A0E3874AD0465FDFFA5
:108CB000A0A3C00C13A023831DF000003681004246
:108CC000020D52020C80441150442052A009571446
:108CD0002A81F4DDE0080032020C22020DB112DF1D
:108CE000802211302220C111DFA0DA20226100FD94
:108CF00005ED0B0C1AE57609863400008110DFE0E3
:108D000008007D0A0C09B62302C630005186DE50E9
:108D10006AA2606541E046116A44E084118A44E039
:108D20004411820210404AC0A2020F808811A0881C
:108D30002087B737897181DBDDE008008871B1FADF
:108D4000DE50F8A2C1FBDEF0F541E05F11FA55E01C
:108D500095119A55E055115058C0DD0A4921691105
:108D60005901ED0BA2A001E56F097CF96613605271
:108D7000021282021180551180552022C5FF82AF58
:108D8000FD2020F48080F427384577B54221E9DEC4
:108D9000C0200022221007E23681C2DDE00800F187
:108DA00061DE426102F0F5A2B1E0DEF0F541E04F94
:108DB00011FA44E024112A44E044114045C0C1DEC8
:108DC000DEDD0A69114901ED0BAD03A569097CF9E6
:108DD0002D091DF0366100A2AFFF16A20120A220CE
:108DE00065EBFFA2410EA2C220E5EAFFA2410F0CF3
:108DF0001CEBB1AD02E5CF1C2D0A1DF0364100A2DF
:108E0000A00081CFDEE008002D0A1DF0366100E1F0
:108E1000CDDE422E0016C40181A3DDE00800B1CAF8
:108E2000DEC1CADEA0DA20ED0B0C1AA563090C0224
:108E30001DF0000000A1C6DECBD1A0A210A022C070
:108E40003AB2CD0442610381C4DEE008003D0A9CD1
:108E50009A8194DDE00800B1BCDEC1BEDEDD0AFD12
:108E600003ED0B0C1AE55F0986F0FF0048312A2458
:108E700006EFFF0036410031B3DE8C82A8038C4A36
:108E8000819ADEE008000C0889031DF0364100508D
:108E900050749C6581B2DEE008008CEACD04BD030D
:108EA000AD0281AFDEE008002D0A1DF0CD04BD0348
:108EB000AD0281ACDEE0080006FBFF0036C1008198
:108EC000FDDC922437C0200078087C08C02000799F
:108ED000F172C91080771082A0019077C08086302F
:108EE000562204FCF892C12C7A690B6630F8759210
:108EF00006003060F560FF3030FF30303841303FE1
:108F00003030307437190256D80416B20070C720BA
:108F1000B2C12C20A220A54F002224370C067A7261
:108F2000726437460600A22400D2A00170C720B2A6
:108F3000C12CAAA9897165F5FF6D0A8871164AFAD4
:108F400051DDDCC0200048F1C0200038052D063777
:108F5000142D81D9DCE008006184DE5615FE99717C
:108F60008151DDE00800B181DE9871C181DEDD0A4A
:108F70009901FD03ED0BA2A001A54E0906F0FF002B
:108F80001DF00000366100207220C2A1040C0BAD60
:108F90000781E7DCE008002D0339074B37AD020CF1
:108FA0001D1C8CBD0365EEFF2D0AFC9A16C50892A8
:108FB000071B0C185D0A9058935090749C59408A76
:108FC000838080748CD8654200A904165A071C8CD3
:108FD000BD03E5430092070482A0E94227008719F8
:108FE000221646002161DE1DF0812EDDE00800B171
:108FF0005FDEC160DEDD0AFD04ED0B0C1A6546097B
:1090000006F8FF00B2A00130A32025CBFFFC9A8216
:1090100007051C0387B3245696FC8122DDE0080077
:10902000B153DE220705C154DEDD0A39112901FDE5
:1090300004ED0B0C1AE5420906EAFF001C833267B7
:109040003786E8FF22A10106E7FF2D0AC6E5FF00EB
:1090500036610052021B9CE5522237A802B2A0E002
:109060005AAA0C1D2C0CBAB225E2FF5D0AECDA52AA
:10907000223752C5205262372222370C0527B31DF2
:10908000513ADEDC748107DDE00800B138DEC13B17
:10909000DEDD0A3901FD02ED0B0C1AA53C092D0598
:1090A0001DF0000036C1007D02F22737280239D1B9
:1090B000FAF222A09C2A2729C122C71CF9E1299192
:1090C0003D0F0C06220705272624280727330246D2
:1090D000640098D156490B81F3DCE00800B123DE2F
:1090E000C130DEDD0AED0B0C1AA53709062700B2E8
:1090F0002109D2A0010C8C30A32025D9FF2D0A9C78
:109100007A81E8DCE00800B119DEC11DDEDD0AFD70
:1091100003ED0B0C1AE534091DF016A400B2210969
:10912000C2A008AD04A52E008891281820901456DE
:1091300059059114DE27394F8B33980839A1311323
:10914000DEA113DE3A3937BA0A3112DE3A3937BABC
:1091500002C6480088A18039303030F416831128C7
:10916000D1EC72996181CFDCE00800B100DE38A15A
:109170009861C109DEDD0A39119901FD06ED0B0C7C
:109180001A252E090601000098D18C4921F7DD46E9
:10919000E1FF2B6681C4DCE00800D066116A87B16C
:1091A000F3DDF848C1F9DDDD0AED0B0C1A652B097A
:1091B00006F6FF0082210B92A0008030F40C1830DC
:1091C00098933D0998F13039C0003311203363166C
:1091D0001506A8B1BD0365C3FFDD0A56DA0781B1E4
:1091E000DCE00800B1E2DDF8B1C1ECDDDD0A3901F7
:1091F000ED0BA2A001E526097CF286C6FF0090BD1A
:1092000080A22500C80BC0AA30A9059CA490A094F8
:10921000DC5A90C3C0E0CC63AD049961D981E97197
:10922000E51E00E871D88198614B993739CFD0ADF0
:109230002025C4FF88B13022C03A8889B15632F760
:1092400038C188A1989128C1890338194B228B997C
:109250003A381B6629C19991069AFF000C09E2A4CD
:109260000086F1FFF2273728E120FFC03AFFF267BE
:10927000370C0246A8FF000025B8FF32210AA26180
:109280000F32610B46EDFF0036A100510ADC6D0282
:10929000C0200028050C09C0200029B18B5122A054
:1092A000EF2911990572A102979402464400A1B2D8
:1092B000DC281327BA36261616817ADCE00800B1BE
:1092C000ABDDF813C1B8DDDD0AED0B0C1A65190929
:1092D000A22500165A00B2A000651600C2A1040C17
:1092E0000BAD048113DCE00800C634000028030B3A
:1092F000660C1DCD09609D8320C593ED09BD02ADAF
:10930000046D0925C8FF7D0A564AFCC8054BD1BD2E
:1093100006AD0425D9FF7D0A564AFB81A6DDE0088B
:1093200000ED0AB811A805DD06CD0425B9FF7D0AB8
:1093300056CAF9B813CD06AD0465D1FF7D0A56EAC9
:10934000F81692062805164206819ADDE0080056B6
:10935000BA0528052C0CBD07CBA181F5DBE0080080
:10936000AD02CBB1A50D00C190DD2C0BCBA122A08D
:10937000E0257D1C2A242C0CCBB1AD02818FDDE0D1
:1093800008007D0A161A028147DCE00800B177DD8B
:10939000C187DDED0BDD0A0C1AA50C09C185DD2C9A
:1093A0000BAD02257A1C7170DD0C02226500A80548
:1093B0008C9A0C0B22A000A5080022650056F7F03D
:1093C00051BDDBC0200048B1C0200038052D073753
:1093D000140581B9DBE008001DF00000364100CD26
:1093E00004BD03AD0225EAFF2D0A1DF0364100A29F
:1093F000A0748172DDE00800A02A2016BA00A59DA5
:109400000B0C0BAD02659E0B8C0A0C021DF00000CC
:10941000364100AD02BD03CD04CCF2D169DDC16996
:10942000DD1CEBA169DD8145DCE00800E59D0B8CCE
:109430009AD166DDC164DD2C1B86F9FF1DF00000AA
:1094400036410030B320561201D15DDDC161DDB27D
:10945000A027A15DDD8139DCE008009C13AD026529
:109460009C0B8CAAD15ADDC15ADD2CBB86F8FF00BB
:1094700020A22025CD1C20A22081A9DBE00800909D
:1094800000000000366101318BDBA152DDC02000FD
:109490002803C0200022612381DBDCE00800714E3C
:1094A000DD38071653020C02A14BDD81D9DCE00840
:1094B000005180DBC02000422123C0200032250063
:1094C000379402C66200817CDBE00800A2C13481CF
:1094D0004CDDE0080052A090D2AF7C1A55B116DCEA
:1094E000E2C110DAD5CD0330A320811BDDE00800F6
:1094F0002D0A566A105831214BDC4138DD2A2529C6
:10950000314A554D0357922C81E7DBE00800B13812
:10951000DDC138DDA0DA20B0EB20A2A00165F4089F
:1095200022A10516940C38B4AD04817DDBE008005F
:109530004D0346FBFFC2A02020B220A2C11481E24D
:10954000DAE008008127DD92110A8080F487990211
:109550000631008124DD8080F48799AB2C0CB2C1E8
:1095600014A2C1348128DDE008000C1B3C0A817F75
:10957000DCE008006D0A16EAF8911BDD9809990AEB
:109580009861993A9871994A920116991A9201171D
:10959000992A98C1909004924A250C09924A2881F0
:1095A000EFDCE00800EC0AA246251C0CB2C120A2A8
:1095B000C6148115DDE00800EC8349B64D0622C2D1
:1095C000203D0686CFFF0000009201168CC9A1073E
:1095D000DD9851A09910A116DCA799CD0C199246DF
:1095E0002546F1FF98B399B669B306F4FF00490721
:1095F000A2210481BDDCE008001692EA81AADBE02A
:109600000800B1FBDCC1FDDCA0DA2020F220ED0B6C
:109610000C1A25E508C6A3FFB2C134A2C11481FB10
:10962000DCE008001C0CCAB2A2C11481E3DCE00833
:10963000002D0A167AFB819BDBE00800B1EDDCC14E
:10964000EEDCDD0AED0BA2A001A5E10822A10306D4
:10965000B4FF1DF0364100561201D1EDDCC1EDDC46
:10966000A1EEDCB2A06A81B5DBE008003832CCA301
:10967000AD02812BDBE008000C021DF041D6DC526C
:10968000A0FFAD048160DCE008003832DC43AD04AB
:109690008160DCE0080038321643FD394238B339C6
:1096A0003246F5FF8802571804981397981A8812C3
:1096B0005718049823979810A822160AFDB2C314CD
:1096C00081D7DCE00800164AFC38B3393246EEFF99
:1096D00036410051C1DC88058CD882AF018A92DC0A
:1096E000298A838CE80C021DF0A5D9FF16AAFE86F4
:1096F000FCFF000000A2A01481B1DCE00800226A97
:1097000000222500391A293A0C02294A492A65F40F
:10971000FF2D0A06F4FF000036410020A220810040
:10972000DBE008001DF00000364100561201D1BCFC
:10973000DCC1BCDCA1B9DCB2A1318180DBE0080076
:1097400028421DF036410020A22040C42030B32022
:10975000E5F7FF2D0A8CDA25FDFF3D0AAD0281F009
:10976000DAE008002D031DF0364100DD05DC02D1F2
:10977000AEDCC1AEDCA1A8DCB2A1C88170DBE00820
:1097800000A84282A102373A1E5A9382A104973A56
:1097900016B832A802220225BAB3CCF2CD0BBD0412
:1097A00081A4DCE008008D0A2D081DF000218EDC6C
:1097B00082A1062802279AEFCD04819EDCE00800F2
:1097C00086F8FF00364100BD04DD05561201D19632
:1097D000DCC199DCA191DCB2A1E98158DBE0080091
:1097E000C842A2A102373C135A93A2A104973C0B92
:1097F000C832A802CAC38191DCE008002D0A1DF01E
:10980000364100BD04DD05561201D187DCC18CDC78
:10981000A182DCB2A1FB8149DBE00800C842A2A121
:1098200002373C135A93A2A104973C0BC832A802FA
:10983000CAC3817FDCE008002D0A1DF0364100CD4F
:1098400004DC02D179DCC17FDCA173DCB2A20E8121
:109850003BDBE008009842A2A1023739204A83A2EC
:10986000A1048739184080B4DC283080B4A2A1025A
:10987000CCA8B832A802BAB38174DCE008002D0A83
:109880001DF00000364100ED07CD05561201D166EE
:10989000DCC16EDCA161DCB2A22E8128DBE0080015
:1098A0007842A2A1023737334A83A2A10487372B1B
:1098B000714EDC88027807A2A10677981EA832DDD7
:1098C00006AA33A123DC3070F47AB4A0A31081225D
:1098D000DCE00800CC4A28067A2229062D0A1DF071
:1098E0003661008D02BD03561201D14FDCC158DC38
:1098F000A14ADCB2A19E8111DBE00800A84222A1AE
:1099000002373A1F5A9322A104973A17220825A832
:1099100008DC42C838DD05CAC340B4208148DCE019
:1099200008002D0A1DF0000000212FDC92220022E9
:10993000A106979AEEF2C10CE2C1080C0DCD05AD5F
:109940000825F4FF2D0A56AAFDB821CD05AD0481E6
:10995000DED9E00800A83181E4DBE00800C6F0FFB2
:10996000364100813CDC4D020C0247B8226503FF02
:10997000883A873410384A0C193A8887B40E9D0209
:109980004602000000003A440C194738F090207459
:109990001DF000003641003130DC27233231FDDB81
:1099A0003032803030F5812DDCE00800A04A208183
:1099B0002CDCE00800408241A0A24187BA1D81272B
:1099C000DCE00800A0A241A7331A7CF21DF00000E1
:1099D00031EFDB3A3230303186F2FF008121DCE0BA
:1099E000080086F7FFAD03811FDCE00800311ADABA
:1099F000371AD6A0A0D400AA112020F4202A20468D
:109A0000F2FF000036410030B32020A22025F5FFF0
:109A1000565A0081BCDBE008000C121DF00000006B
:109A20003641006513001DF0364100A802CC3A8192
:109A3000EEDBA808A26200210CDC168A00E5101CEF
:109A400082A000A028931DF03641000C1CBD03200D
:109A5000A2208106DCE008002D0A1DF036410081BD
:109A6000E2DB202074A8081692008101DCE00800E7
:109A70002D0A1DF0A50B0046FDFF000036A10021B8
:109A8000FDDB2CCC48020C0B22A001A2C1048128D2
:109A9000DAE0080022410C2241140C5229710C0317
:109AA00081FADBE008000C12A0328332411481F706
:109AB000DBE008008C9A4BA122412A81F5DBE0080B
:109AC00000A1EDDBB2C10481F3DBE008002D0AFC4C
:109AD000DA31EADB30A32081F0DBE008002D0AEC6C
:109AE000DA8814985387B92B2176DB880222A104E7
:109AF0009CC8816CDAE00800E814D853BD0AC1E0C4
:109B0000DBA1E0DBE0EA41D0DA418172DBE0080072
:109B10001DF0000041B5DB8953390446FCFF00000D
:109B2000364100A1D6DBA500002D0A1DF000000083
:109B300036410031DADB0CCC480331D9DB0C0BA207
:109B4000C30481FBD9E0080081D7DB39328922497F
:109B5000030C021DF0000000364100A2A004813772
:109B6000DAE0080081D1DBA908CCFAD1D0DBC1D082
:109B7000DBA1D0DB5CAB8171DAE008001DF00000F6
:109B800036410081C9DB7CFBA80881CBDBE0080003
:109B90001DF0000036410081C4DBA80881C8DBE06D
:109BA00008001DF036410081C7DB88089C08983802
:109BB0009712048818C6FCFF282829030C021DF000
:109BC00021C0DBC6FDFF000036410081BFDBA808D5
:109BD0008CAA0C0DCD0DBD0D8111DAE008001DF031
:109BE00036410081B9DBA8088C6A7CFB810BDAE086
:109BF00008001DF036810010112065FEFFB2C1186B
:109C0000AD02101120E5F9FFDC8AA861D2C11C2841
:109C10000ACD042862BD03E00200CC6A9C96E8717C
:109C2000CCE5E906A931101120E5F9FFA8312D0A8C
:109C30001DF02806E906E7B207A1A4DB06F9FF003C
:109C400000A861DD05280ACD0428C2BD03E002009A
:109C500006F4FF10112025F7FFAD02101120A5D149
:109C60000C0000003641002198DB88028C280C0291
:109C70001DF00C1A81F2D9E00800A90256EAFE2272
:109C8000A10186FAFF00000036610010112065FD79
:109C9000FFDCDA101120A5F4FF101120252E012081
:109CA000B220101120254801A931101120A5F1FF83
:109CB000A8312D0A1DF0101120E5F0FFAD021011A2
:109CC0002065CB0C364100A182DBE5FBFF2D0A1D90
:109CD000F000000036610020622010112025F0FF06
:109CE000101120E52901CBE1DD0430C32020B22092
:109CF000101120652E01A02A20563A041C4A812FFB
:109D0000DBE008008D0AA83116A8049172DBA928AF
:109D1000A80969481BAAA909916BDB2908681929B8
:109D200018A938161600891669080C0669186809FA
:109D30008919CC06890968291B66626902A2650037
:109D400010112065E8FF1DF0101120E5E7FFAD02BE
:109D500010112065C20C8C6A280A222201E0020040
:109D600022A10146F6FF0000364100A159DB20B2D6
:109D70002040D42030C320E5F5FF2D0A1DF000005F
:109D8000366100101120A5E5FFAD02B2C10C101123
:109D90002025E1FF2D0ACCAAA831280A222209E0B9
:109DA00002002D0A10112025E2FF1DF0101120A540
:109DB000E1FFAD0210112025BC0C0000366100103F
:109DC0001120E5E1FFAD02B2C10C10112065DDFFED
:109DD0002D0ADC2AA831DD05280A40C420222203EE
:109DE00030B320E002002D0A101120E5DDFF1DF048
:109DF00010112065DDFFAD02101120E5B70C000049
:109E0000364100ED05DD04CD034C1BAD0265DEFFE0
:109E10002D0A1DF0364100A5DCFFA12ADB322A0005
:109E2000164302822303871204381346FCFF30B323
:109E300020A5D21BA223028C5A880A8818E00800A9
:109E4000AD038137D9E00800E5D7FF1DF000000021
:109E500036C1005118D92842C0200048050C07C05F
:109E6000200049F11602087961B2A0FFB911B901C9
:109E7000F2C11CE2C118DD074C8C20A22065A401B0
:109E80006D0A56AA05A2A01C81CDDAE008004D0A91
:109E9000161A05690A691A1C0CB2C124A2CA0881E3
:109EA000DADAE0080062441762011C6244186201B9
:109EB0003962441A62013862441968138C064916E3
:109EC00068137914690468034913CC0649034823CD
:109ED00068611B44492342011E6A44496106E2FF4E
:109EE000281286DFFF22A101C0200048F1C0200017
:109EF00032250037140581F0D8E008001DF000007D
:109F000036210251ECD82842C02000480572C134E5
:109F1000C0200042613B1632100C0449A152C1F02E
:109F200042A0FF62C14C49114901F2C12CE2C12893
:109F30000C0D4C2CB2A0FFAD02A59801565A0B2C6B
:109F40000CB2C12CAD0658038160D8E0080092C164
:109F50006CAD092C0CBD06815CD8E00800BD0AA2DE
:109F6000A0AC2C0C1AAA8158D8E00800B2A0ACA270
:109F7000A0CC2C0C1ABB1AAA8154D8E00800B2A0BD
:109F8000CCA2A08C2C0C1ABB1AAA814FD8E00800D6
:109F9000B2A08CA2A0AC2C0C1ABB1AAA814BD8E0A0
:109FA0000800B2A0ACA2A0CC2C0C1ABB1AAA814605
:109FB000D8E00800E201CCD201CF0CFFBCC5A2A0C2
:109FC000D4CD0F8BB51AAAD961E971F2610581C2AE
:109FD000DAE00800D861E871F851DC2A920518E748
:109FE000990DA2051AA73D07920519AA99972D2048
:109FF000581586F1FF2812C6C6FF0000E2012FC2E5
:10A00000012DB2012C40F42070D72020A22065C77A
:10A010000198A182012E9A8889A106C2FF41A5D884
:10A02000C0200032213BC02000280427130581A254
:10A03000D8E008001DF0000036A100820150920116
:10A040005422220430307440407416E202A2A00070
:10A05000A9B199118901FD07E2C12CDD05CD04BD2F
:10A0600003AD0289719961E5850188719861CC4AD7
:10A0700029062D0A1DF0281286F3FF00A198DAC6E2
:10A08000FBFF000036210130307439C17030743963
:10A09000E13188D849D1C02000380342A07FC020D8
:10A0A0000032611B38C259F10B33404363B03411A5
:10A0B0004033C0E033114A33B03311818ADA67B3D9
:10A0C00002062B000C0569913D0559B17D059222D0
:10A0D0000590A920926108A565014D0A9881CC7769
:10A0E000673A74A0862016480716341A822109A2FE
:10A0F000210940886380AAC0A26109A8E189A1AAB8
:10A1000087808074A8B1890188F1F8A1D8D1B8C13D
:10A11000AAE84C2CAD0999811B772540018D0A7066
:10A1200070749881166A082170DA271A4330232048
:10A13000E2A00052A0FF160213A22202D8D1B8C199
:10A140001B4EFD05E0E0744C2C8971A5B301ED04B4
:10A150002812887186F7FF0082A18FA7388DA83951
:10A160007CC8879A27A2C210651002A08A20168A8E
:10A17000023150D8C0200042211BC0200038032DDE
:10A1800008379402864500814CD8E00800AD09A547
:10A1900058018D0A16DAFC86F5FFA852255901A749
:10A1A000140206CAFF814EDA46F1FF0000000CCA15
:10A1B000897199818102DAE00800BD0A887198816D
:10A1C000164A0D890A891A992A8C05A915590B0C6A
:10A1D00005591B5793013D0B8891DCC858A1504489
:10A1E000C01CF547B51388B148A158914A8889B178
:10A1F000BC855D0B86B5FF00000058397CC44795CF
:10A2000014A2C210B26108A50602A08A20B22108D9
:10A21000162AFD86C5FF90A920B26108A54F01A0AE
:10A220008A20B881169AFD86C0FF000042C14C5DAD
:10A23000047CF90C887688049244181B4488E169F0
:10A240006582451D72451C42A0FF4901A852D8D124
:10A25000B8C10C8FE2C1644C8C252C012123DA8D0E
:10A260000A279A0246C2FF562AEC1633F0281348F2
:10A27000035D028C3429143053208C024902AD0353
:10A2800089718127D8E008003D05887186F6FF00B6
:10A290008114DA86A5FF000082A10186A3FF1DF0CC
:10A2A0003601012261083020743102D852610BC09E
:10A2B0002000380352C13CC020003261170C033922
:10A2C000E1A88132A0FF39113901FD05E2C138DD75
:10A2D000044C8CBD02626109E5D5FF7D0A56BA04C3
:10A2E0003865A102DA67934332051C62051D39A166
:10A2F00069718D073D0798A180607497B67A98714F
:10A30000A8816A6960607492A0FF99116901FD05D6
:10A31000E2C138DD044C2CBD0289519961A5D1FF01
:10A32000885198619CFA21EDD9271A4E31E2D7C0A5
:10A330002000422117C02000322300A02A20371419
:10A340004381DDD7E00800926101690198B1F215FF
:10A350000CA8E13AE9DD044C2CBD028951258201AB
:10A360008851566AFCA8719205038A6A679910623F
:10A37000150C1B886A3306DFFFAD0728912713AB46
:10A380007CFA86E9FF1DF00036E1007D0221C9D785
:10A39000622719C020002802303074C020002261DA
:10A3A0001350507421D3D9261602C6270092A0FF5D
:10A3B0000C0299015911F2C12CE2C128DD044C8C28
:10A3C000BD03AD0729A19971E5C6FF2D0A98715605
:10A3D000AA07A8A1ED09FD05DD044C8CBD03658A23
:10A3E000012D0A922107563A0682014862014997D7
:10A3F00015026795548A5650507467154F82A0FF16
:10A4000089116901F2C12CE2C128DD044C2CBD0385
:10A41000AD0765C2FF167A0081B7D9808A80EC2823
:10A4200081AFD9879A071B66606074C6F2FFA221CC
:10A430000AF2A0FF60E62040D4204C2CBD036584C6
:10A4400001161AFE2D0AC600000022AFFF3199D76F
:10A45000C02000422113C020003803371405819624
:10A46000D7E008001DF0000036010159B15191D725
:10A47000303074C020005805E2C138C0200052615D
:10A48000170C0559E152A0FF59115901F2C13CDDE9
:10A49000044C8CBD03AD026981E5B9FFED0ADCAA6D
:10A4A0009201595201589991722115988159A18DA3
:10A4B0000AA06A2052C13C97174E7CFE317ED7C05D
:10A4C0002000422117C020003803E02E20379402DC
:10A4D0000628008179D7E008009911790198B1F236
:10A4E000150CA8E16AE9DD044C2CBD038961E5582F
:10A4F00001ED0A8861563AFC98918A799205039792
:10A5000097B772150C1B887A6692210A807074972F
:10A51000B74E922109E2C1389A7770707492A0FF09
:10A5200099117901FD05DD044C2CBD03AD02896153
:10A53000997165B0FFED0A8861987116AAF95167A3
:10A54000D9571A0206DDFF588157160286DAFFDD59
:10A5500009CD04BD03AD02E971E5E2FFE87186D6DD
:10A56000FF98810C129066C00C0E60E293E0E060F0
:10A5700006D2FF001DF0000036E1007971307074E2
:10A58000314DD7C020003803404074C020003261F4
:10A5900013322219A157D96613540C0339A132A0E2
:10A5A0004137143432A0FF326101326100F2C12C14
:10A5B000E2C128DD05CD04BD0720A220A5A7FFEC40
:10A5C000CAF871A8A139113901ED06DD05CD04BD28
:10A5D00007A54A01C605000000E2210760D6205009
:10A5E000C520BD07AD0225E8FF313CD9371AB4318B
:10A5F00031D7C02000422113C0200038032D0A3774
:10A600001405812DD7E008001DF0000036E100811F
:10A6100029D7C020008808303074C0200082611320
:10A620008222194040742618020686000C0889A16F
:10A6300082A0FF4C1989118901F2C12CE2C128DDE9
:10A64000054C8C971401CD04BD03AD02A59EFF8C73
:10A650005A8128D98A8ADCD84C18A8A18714028686
:10A660004D00164A09ED07DD06CD05BD03AD0225F7
:10A67000C3FFDCEAA2A000310FD7C02000422113A3
:10A68000C020003223002D0A379402466F00810A51
:10A69000D7E0080088A17CD988380B8887B92B823D
:10A6A000A0FF89118901F2C12CE2C128DD05CD048A
:10A6B000BD03AD022598FF9C0AE110D9D111D9C282
:10A6C000A134B110D98111D9E0080082014980F08C
:10A6D0006456BF1692C880A2A08090FA93DD06ED62
:10A6E00007CD05BD03AD028971A599FF61FFD8882B
:10A6F00071679A0CA1FBD806DFFFFD0A8D0AC6F62A
:10A70000FF562AF778A1163705DD08CD05BD03AD44
:10A710000265C7FF61FDD8679A02C64600566AF512
:10A72000A9A168A116C6F468367CD70B6667370204
:10A73000463A0062A0FF69116901F2C12CE2C1280A
:10A74000DD05CD04BD0320A220E58EFF16DA0CE165
:10A75000EBD8D1EBD8C2A18286D9FF000062A0FF5E
:10A76000626101626100F2C12CE2C12850D5204C27
:10A770001CBD03AD02258CFF0C198D07A0899380A9
:10A78000807416C8F961DBD86A6A60978390607438
:10A790005636EEC6E2FF000000568A05885292A0A7
:10A7A000FF9901AD08FD07ED06DD05CD04BD03826F
:10A7B0006107A5D60091CCD88871979A2FA8387CCC
:10A7C000C9979A4DA2C210A5AA01569AEA82A0FF83
:10A7D000826100A22205ED06FD07DD05CD0430B340
:10A7E00020A5D30061C1D8679A0286C1FF161AF36B
:10A7F000C6A0FF000082A0FF82610182610070F7A5
:10A8000020ED06DD05CD04BD0365370156CAF846C7
:10A8100098FFAD0825F000169AFA4696FFF2A0FFC1
:10A82000A2210AF0EF2050D520CD04BD03654501DB
:10A8300021B6D8271A02468FFFA1AFD8C68DFF00D8
:10A840007CFA468CFFA1AAD8C68AFF001DF0000042
:10A8500036C1006198D6722219C0200068063030D7
:10A8600074C0200069F1404074A1A1D8661711623C
:10A87000A041679423D2A0FFCD05BD03AD02A5B0D2
:10A88000FF318CD6C0200048F1C0200038032D0ACB
:10A890003714538189D6E008000C06696162A0FF75
:10A8A00069116901F2C11CE2C118DD05CD04BD03C7
:10A8B000AD026578FF568AFC82011DBD0A92C8BEB2
:10A8C00090B783B0907456B9FA82C8B880A783A0B5
:10A8D000807456F8F9A861FD06ED06DD05CD04BDCE
:10A8E00003253A0146E6FF1DF00000003641004214
:10A8F0002219303074A17ED8661421284242A0FF6C
:10A90000AC2240F42040E420D2A000CD04BD03AD31
:10A91000022537018172D8871A06164AFE2D0A1DB4
:10A92000F0281246F6FFAD0246FCFF0036C100716A
:10A9300061D6303074C02000722700404074C020BF
:10A940000072610F722219A16AD866173B0C077951
:10A950006172A0FF79117901F2C11CE2C118DD0515
:10A96000CD04BD03AD02256DFFBC4A4C1887941879
:10A97000AD0279117901F2C11CE2C118DD054C8CE0
:10A98000BD03656BFF28D19C9A314AD6C020004890
:10A99000F1C0200038032D0A37140D8147D6E00896
:10A9A0000022111A2906C6F7FF1DF00036C100610A
:10A9B00041D6822219C020005806303074C02000D1
:10A9C00059F10C05526400A14AD8661846222204A7
:10A9D000BCE25961C2A0FFC26101C26100F2C11CA8
:10A9E000E2C11850D520BD03AD02A5ED00813BD8D2
:10A9F000871A16DCDA82011E98048A9999049861F4
:10AA00009A88896192A07D87B9C9281206F0FF0053
:10AA10000000AD02C0200048F1C0200038062D0A19
:10AA20003714058125D6E008001DF000364100A846
:10AA300002AC5A880A981A9C5899189C6989098806
:10AA4000220B888262028136D6E00800C6F7FF003A
:10AA5000990246F9FF891206F9FF1DF0364100A25E
:10AA6000C238A5FCFF22220A16720432C2FC42231D
:10AA700000F034114A43D034114033C0E033113A6E
:10AA80003230432047120B42C4ACA2C444E58100DB
:10AA900006FCFF20A3C0211ED8A0A24120AA82212B
:10AAA0001DD820AA1022AFAC20AA82A2CAFCAAA359
:10AAB00025240B1DF00000003681004080744222E6
:10AAC000197D02210BD8261402C6320068E70CF962
:10AAD000BC06CD098BB6AD038931992181FFD7E042
:10AAE00008002D0A88319821160A0B6816C6F7FF50
:10AAF0006D0206070021FAD70627000022A10146B1
:10AB00002500000021F6D716D8080C1222411F920A
:10AB1000A0FF4080749714DC402541E022112A27D1
:10AB20002222111B4400084020209120200456E2DC
:10AB3000FB8C1682411FF2A001E2C11F30D320CD51
:10AB40000F0C0BAD0765ACFF2D0A56AA0462011F5E
:10AB50000C18604541E044114A470016400098A196
:10AB60008224111CCA90882082641162450081935E
:10AB7000D7E008005D0A162AF8290A291A624A183D
:10AB8000BD030CFCA2CA0881A0D7E00800BD0522C5
:10AB90004517A2C738A5FE1A1DF00000320618326C
:10ABA000450086FCFF00000036C10061C2D55D0291
:10ABB000B825C020002806DD04CD03A2C510C020A2
:10ABC0000029F16575012D0A9CBA32A00032651981
:10ABD000C0200048F1C02000322600379402064A07
:10ABE0000081B5D5E0080032C53830A320E5E3FF89
:10ABF00072C5440C84768404290772C70442250474
:10AC00001644080C0229410C0D22A0FF291129012C
:10AC1000F2C11CE2C1100C1CBD0D40A42065CA008D
:10AC20007D0A567A051CCA8165D7E008002D0A16F0
:10AC30001A0D790A791A1C0CB2C1248BAA8172D719
:10AC4000E0080072421772011D661735820134BD9B
:10AC500002824218AD03A5F21A820218802541E053
:10AC600022112A250018400077A182221170782035
:10AC700072621122011E78417A22C6E1FF48144611
:10AC8000DFFF7CF206D2FF0032251122AFFE302218
:10AC90001032A001302220718BD522651122251897
:10ACA000326519702210718FD5B2C1107022202226
:10ACB000651850A5204941495149616519FF2D0A80
:10ACC0008C9A42651922A10106C1FF0000B2C11091
:10ACD00050A520E522FFA22104163AEF322A0048AF
:10ACE0001A9C3349139C44390438610B3339618110
:10ACF0008CD5E0080046F7FF4941C6F9FF39518677
:10AD0000F9FF0000A2651986EEFF1DF036410082B2
:10AD100002120C02279802216AD71DF036410081E9
:10AD20007ED7826200A5250020B2206547001DF075
:10AD3000364100AD0265FEFFAD028179D5E0080025
:10AD40001DF00000364100920212DD04ED05FD0603
:10AD500030C074A15BD78CE9920211A170D7CC6985
:10AD6000B20210A832658AFF2D0A1DF0364100920A
:10AD7000021230D32040E42050F520A151D79C0985
:10AD8000920211A166D7CC89B20210A8324C1CE500
:10AD900087FF2D0A1DF00000364100920212DD04EB
:10ADA000ED05FD0630C074A146D78C69B20210A82B
:10ADB00032657CFF2D0A1DF036410092021230D31D
:10ADC0002040E42050F520A13ED78C89B20210A883
:10ADD000322C1C657AFF2D0A1DF0000036410092CE
:10ADE000021230D32040E42050F520A135D78C89C1
:10ADF000B20210A8324C1C2578FF2D0A1DF000006D
:10AE0000364100820212A12ED79CF8820211A14382
:10AE1000D7DC78AD048126D5E008001BFAB2021019
:10AE2000A832ED04DD03C2A021257EFF2D0A1DF00E
:10AE300036410092021240D42050E52030C074A167
:10AE400020D7167900B20210A83225AEFF2D0A1DB8
:10AE5000F0000000364100920212A119D716190124
:10AE6000920211A12ED7568900B20210A22203E548
:10AE7000A7FF2D0A1DF0000036610082A00082634A
:10AE800000820212A10FD716F800B20210A832CB2E
:10AE9000C1A5B1FFCC2A283129032D0A1DF00000DD
:10AEA000364100920212DD03A106D79C19920211CD
:10AEB000A11BD7CC99B20210A832C2A0FF2599FFDE
:10AEC0002D0A1DF0364100A2220350D52040C42097
:10AED000BD03258FFE2D0A1DF0000000364100A2A3
:10AEE000220350D52040C420BD036591FE2D0A1DCC
:10AEF000F0000000364100A832CD04BD03E593FE0A
:10AF00002D0A1DF036410020A2208105D5E0080061
:10AF10001DF0000036410050803430B32040C42082
:10AF200050D520A2A102CC38A832659BFE2D0A1D67
:10AF3000F000000036410050803430B32040C4207F
:10AF400050D520A2A102CC38A832E581FE2D0A1DE1
:10AF5000F00000003641000C088912892281F0D6E9
:10AF600039328902CC438167D6E008001DF0000029
:10AF700036410020A22081EAD4E008001DF0000044
:10AF800036410031E8D62803EC222C8A818CD6E0A9
:10AF900008009C6A81E5D6291A890A292A293A29B2
:10AFA0004A295A296A297A226A08299AA903280370
:10AFB0001DF0000036410028429C72A822880A88B1
:10AFC00028E00800BD038195D6E008008C4A2812CD
:10AFD00046F9FF001DF000003681002072204084F9
:10AFE0002022A102164607486721C1D616C406BD15
:10AFF00003AD078931E5FBFF4D0A21CCD688311618
:10B000009A050BC50C130C02C02383CD02D2C11FBD
:10B01000BD0865AAFF2D0A561A041C4A8168D6E0AD
:10B020000800BCAA82011F91BCD6493A4D02504388
:10B03000835827291A292A990A824A10424A11322A
:10B040004A128C05A9250C03392A3817591AA92741
:10B05000CC03A91758371B555937A9061DF0000016
:10B0600022A10146FDFF00003661006803AD0362C6
:10B070002602E00600BD0AAD02A5F3FF7D0A564A8E
:10B0800006A2A068814ED6E008006D0A82A10116D2
:10B09000DA04790A791A794A795A796A797A798A4D
:10B0A000799A79AA79EA79FA726A10726A19392A50
:10B0B0007D0A50C52040B42070A720E5AEFF8D0A60
:10B0C0009CC6568A043852161300691339060C03BD
:10B0D000391638426952CC03694238621B333962EF
:10B0E0002D081DF000006222071656FC37961860E6
:10B0F000B620A2C21C25AE1A322600AD0638130CAB
:10B1000006E0030086EAFF006826C6F6FF0060A698
:10B11000208261036594FF60A6208181D4E008004D
:10B12000883186EEFF00000036610030A320816088
:10B13000D4E0080082A0104D0222A102A7384EBD23
:10B1400003AD0425E7FF0C02279A42CBB1AD0329DA
:10B1500031A550012D0AFC6AA831380A3893E00362
:10B1600000B831A0DC41CD0240A420E5EFFF2D0A5C
:10B17000DCCA988488318C0989290C0339289918EC
:10B1800038748984CC03897488941B8889941DF051
:10B19000A831168AFF380A3813E0030086FBFF0047
:10B1A00036410082220130B320160801879B084BEC
:10B1B000A2A5A41A0C021DF08828C6FAFF2140D6C9
:10B1C00086FCFF00364100AD03654F0138225D0A61
:10B1D000ACD338121CC988238739251B2829233B67
:10B1E00028E022112A23E088114242008A332203F8
:10B1F0000C805A11505220593382A0002D081DF0A6
:10B2000000A2A08081EED5E00800A03A2082A10132
:10B21000168AFEE5A11A8222011618003918890340
:10B220000C08891388023912CC083902882280550B
:10B23000111B888922402074505220282359331B27
:10B2400022292386ECFF0000364100AD042547018A
:10B2500081CDD5C2AF0180AA108802AC78D8280C65
:10B2600009971D1CE0B911BAB8220B0C37320CB883
:10B270003BB0B841A79B04CAB256BB001B99C6F7A6
:10B28000FF881806F5FF7CF21DF0000036410038FB
:10B29000029C43BD03AD024813259B1AAD038120D8
:10B2A000D4E008003D04C6F9FF1DF000364100ADB2
:10B2B00002A5FDFF1DF00000364100480272A0FF0C
:10B2C0001604050C0868245D08AD080C1B7CFD877E
:10B2D0001623E098119A94C2090C379C0BD2490CA2
:10B2E0005D0BCC8A1B8846F9FF771CF5AD0B162544
:10B2F000FF0C121DF00062240156FA0020A220BDAE
:10B3000004A5941AAD048106D4E008004D0616E5A4
:10B31000FA06F7FF2D0446F6FF0000003641007CD8
:10B32000F8324200424201524202724203892289AB
:10B33000328942895289628972BD069C160CFCA230
:10B34000C20881B1D5E008000C088242171DF00048
:10B3500062420886FDFF00003641000C037CF87C49
:10B36000E93902391239223932894292421489E28A
:10B3700082620F326210A2C244658A1A3262141DC0
:10B38000F00000003641004BB21C8CA2AFFF81657B
:10B39000D5E008002D0A1DF036A10041C6D3983231
:10B3A000C0200038047CFAC0200039B1A7993C7C49
:10B3B000E3CB8139321C3A3D08768A049248091B56
:10B3C000887CE889038842AD038913820214824392
:10B3D0000825FBFFA973A22214B822880A2C0D8825
:10B3E00058CD03E008009C7A0C033932C020008855
:10B3F000B1C0200038042D0A37181881AFD3E008F7
:10B4000000A9E282C2187CF30C8276820339084BD1
:10B4100088C6F5FF1DF0000036410088E292A07D4D
:10B42000CD037CFA87391CA22214B822980AB2CB29
:10B4300040B0881198692C0D80BB80E009008C6AAF
:10B440000C0889322D0A1DF0B2220EC2A00220A2E1
:10B450002065841A56CAFE98F288E266090189F2CC
:10B460009212201B881B9992522089E206F5FF0058
:10B470003641004060447CF5FCE678E25D07260733
:10B480003868F25D0626063151AAD5373531AD044C
:10B49000814BD5E008006D0A52A1019CBA40C4203E
:10B4A00030B32052A07D8108D3E0080077B5187C26
:10B4B000F56793307CF50C0339322D051DF0000043
:10B4C00052A07D7735ED6D03A222145822B0B7113A
:10B4D000780A52C5408867BAB5DD04CD06E0080099
:10B4E0005D0A671307AD06818ED3E008005655FC50
:10B4F000B2220E4045414060F4D2A00260CB80AD44
:10B5000002E57E1A5D0A560AFB3212203A4438E2FE
:10B510004252206A3339E2C6E7FF00003601018259
:10B5200001809164D38931C0200088099832C020FD
:10B5300000826117303074404074817ED58CB9260A
:10B540000925A8327CC98168D5979A2B515AD3C056
:10B550002000422117C0200038052D0837940246EC
:10B560004A008155D3E00800AD02E5E2FF8D0A16DE
:10B57000FAFC86F5FF000000AD05814DD3E0080020
:10B580000CF9816DD5A739C3916DD58156D5773921
:10B59000BAAD04E56D1A562A070C8982A1027739E3
:10B5A000AA0C192C0DA8E28150D5260A9E9A9AA2BF
:10B5B000A07E973A96F831ED05D0D541CD04BD0374
:10B5C000A2C13CA5D5FF2C0CB2C13CA2C11C81BEBE
:10B5D000D2E00800C8E2B2C11CA2C24465BEFF8D21
:10B5E0000A567AF6AD04A5681AFC3ACD07BD06A244
:10B5F000C13481B5D2E00800A2C11CA50901A9810E
:10B60000B2C11CAD0225E1FFC61E000092C71F6C2F
:10B610000DD0D910909541D2CD201B9946E1FF0065
:10B6200070B720AD06250C01A9E132AFFFA2C11C05
:10B6300072511A32511BE50501A981B2C11C20A229
:10B640002065DDFF8D0A562AF07030443077C0EC5B
:10B65000171673EF0C057CF92C04768409A2C11C23
:10B660005A8A9248001B55CD037AB68197D2E008DA
:10B6700000C6E2FF70C72060B62020A220892125E5
:10B68000DFFF8821169AFC8D0AC6AFFF1DF000006F
:10B6900036410088327CDA0B98973A0C82C8108CBD
:10B6A00068284229030C021DF02111D5C6FDFF00B8
:10B6B0003641009832811FD5660904394282A000C4
:10B6C0002D081DF0364100A22214C19BD3380AB8C0
:10B6D000223873E003003D0A8C6A0C0889322D037E
:10B6E0001DF07CF8A2621089E289F2826203A2C294
:10B6F00044A5B9FF86F9FF0036410092220382AFCC
:10B70000FD908810B2AFFCAD02210AD5B798067C37
:10B710008BE5651A2D0A1DF0364100B8327CE9AD83
:10B72000022104D5979B067CCB65641A2D0A1DF077
:10B7300036410098328101D52609187CCA0C08A729
:10B74000191122220E92A07C27390881FCD4B02244
:10B75000112088C02D081DF036610082220F92AFA3
:10B76000FF90A92037982138E299F292A07E903379
:10B77000634A4837B41BCBC1BD04A2C218A5631AE3
:10B78000CC5A883166280549F22D0A1DF01B440663
:10B79000F8FF0C0A46FCFF0036C10051C6D2B2C108
:10B7A00014C020004805AD02C0200049F172C21843
:10B7B000E5EDFFC2C118BD03AD07E55F1A6D0A567E
:10B7C000AA054861262402463300C2C11CBD03AD50
:10B7D00002E55B1A568A0AA2C11CA5EB00888142C9
:10B7E000C244BD03A71850AD04E5ACFFCD06BD03B0
:10B7F000AD02654A1A4212200B44425220421221E5
:10B800001B44425221567A070C1478F237970246AD
:10B8100025003A3442220E37B40206270051A5D241
:10B82000C0200048F1C0200038052D06379402469C
:10B83000230081A1D2E00800AD04E5A7FF42011E6C
:10B840004A530B85372829BD08C2C118AD07893175
:10B8500065561A8831EC7A98616629079212200B96
:10B86000999252209212210B881B9992522186F4B0
:10B87000FF6614110C0CBD03AD02E5411A169AF8CF
:10B880006D0AC6E5FF00D2A00050C52030B320AD40
:10B8900002E5451A46F9FF00A0CA2030B32020A2D5
:10B8A00020653F1A46D7FF0040C42030B32020A2B5
:10B8B0002065EAFF16AAF546F1FF39E246D7FF00F8
:10B8C0001DF0000036E100817BD2303074C02000D2
:10B8D000880898323911320170C020008261130C3F
:10B8E000080C1B693139216201743D08D2C910D09E
:10B8F0003B83908B836951808320404074DC38BA4D
:10B90000D9D08B83DD08CCA862210382260062A0F7
:10B910007D87B6056172D4062100A8F2C8E2A0387E
:10B9200073A2A07EA0AC63A961A2AF01AAC48D0DD1
:10B93000ED0DC08B9350EB93E708278811AAA8A0C0
:10B94000BD839CDBF821BD08ED0540C420A2C12CBD
:10B95000A59CFFBD03C2C12CA2C244E58EFF3D0AD7
:10B96000A736B00C190C0A509A939090749971688C
:10B970006167B39F1B83C2C128BD03A2C21889415E
:10B9800065431A6D0ADC6A98A1662944CD07BD0398
:10B99000AD02E53F1A6D0AAC0A32A00032620331F3
:10B9A00045D2C02000422113C0200038032D0637A5
:10B9B00094028630008140D2E00800AD0765CD00DA
:10B9C000B817B71A12BD03AD02E5DCFF6D0A567A4F
:10B9D000FC384106E6FF0000D20701D0AD20D2615D
:10B9E00000E5281AD221008C5AA207023AAAA941DE
:10B9F0008811A2A0FFA71805A20700879AD29C353C
:10BA00000CFC8BB750A520D261008133D4E0080034
:10BA1000D80156BAFB8821A2AF01AAA89C1AA2C4D9
:10BA2000BECCCAA20703879AA74C22279D31860F56
:10BA3000004C8BA2A0FFB79433B20703A79B918859
:10BA400051B71805A2071D879A86D7142268118856
:10BA500021A2AF01809610AA99CC3968715606F7D9
:10BA600088316137D4390806CDFF000000A794D98A
:10BA700028313902C6C9FF001DF00000362101DD62
:10BA800005405074410CD230B074C020003804A876
:10BA900032C0200032611B42C1280C0339048201EC
:10BAA000909201943124D4ACDA99118901F2C12C1D
:10BAB000ED04CD05AD02E5E0FF3D0ADC9AAD0525BC
:10BAC0001B1AECEA50C034771C02862800B2C1442D
:10BAD000AD06817DD1E0080051F7D12D03C02000D3
:10BAE00042211BC020003805379402C6230081F292
:10BAF000D1E0080052112257B702861E00722400BE
:10BB000060962072C70182012EA804AA8887B738E0
:10BB1000C2C14CBD07AD02997165271A98718C3A64
:10BB20003D0A86ECFF1CFA2C08573A018D05CD081A
:10BB3000AD09B2C14C89718164D1E0080088711BE4
:10BB4000778055C08A9A06EFFFB2112260A620A521
:10BB5000B900522112A7950206DFFFB2240020A2ED
:10BB60002065C3FF3D0A56EAF631DCD306DAFF0052
:10BB700031F4D346D8FF000031D5D346D6FF1DF0AF
:10BB800036210150D52051CBD130B074C0200032C5
:10BB90002500C832C0200032611B52C1280C033975
:10BBA00005404074920190A2019431E2D3161C0921
:10BBB000A9119901F2C12CED05CD04AD0265D0FFAC
:10BBC0003D0A56CA07AD04A50A1ADCBA40C034774C
:10BBD0001C02862700B2C144AD068177D3E008007D
:10BBE00016EA0531C2D306160082112287B7024633
:10BBF000220078054D061B7792012EA805AA999779
:10BC0000B75AC2C14CBD07AD02896165181A886177
:10BC1000ECCA1CFA2C09873A019D08CD09B2C14C27
:10BC2000AD04896199718164D3E0080088619871DD
:10BC3000CC9A9088C09A441B77C6EEFF00A1ABD384
:10BC40003D0A419CD1302320C0200052211BC0203E
:10BC50000032240037152A8198D1E00800B2112261
:10BC6000AD0665A800222112A712D6319CD306F496
:10BC7000FF00000031B3D3C6F1FF00003194D3C6FA
:10BC8000EFFF1DF036C100608074618AD17070745E
:10BC9000C02000922600F2C11CC0200092610F79E2
:10BCA000110C098901E2C118DD0540C07430B0747F
:10BCB000AD029961E5C0FFCC5AB861AD02A5ADFFF8
:10BCC000C0200078F1C0200068062D0A67170581A2
:10BCD0007AD1E008001DF0003621013176D15D02F5
:10BCE000C0200028033835C0200022611B7CB22010
:10BCF00023100C078B220C1670872020868380204F
:10BD00007442C51877920832C30230268377123501
:10BD1000A22514B825280A2C0D2832CD04DABBE060
:10BD200002002D0A9CEA32A0003265038162D1C074
:10BD3000200042211BC020003808379402C6AC0006
:10BD4000815ED1E0080032A000326510C2C120300F
:10BD5000B32040A42025061A2D0A56EAFC68816605
:10BD6000266968F566060139F56215201B6662557D
:10BD7000201B3362A07E6793D268357CE77716027A
:10BD8000866E000C06C2C12060B62040A420A50229
:10BD90001AA02A20561A1A788166373D69E532A022
:10BDA0007D68E567B302C61E00A22514B825780A8F
:10BDB000B2CB40B0661178370C4DC2C1246ABBE0EB
:10BDC00007009CCA0C022935465B00005616FA6231
:10BDD00015211B6662552186E5FF1B663796A5C6B1
:10BDE000EEFF6891B8E526063B6881C2C128AD0424
:10BDF00069A165FC19560A14B8E5CD0AAD05A5E997
:10BE00001956FAFB68E51B6669E568A166260862B3
:10BE1000152062C6FF6255206215211B66625521FE
:10BE200046DFFF000062250E32A07E3036633261AD
:10BE30000782AFFF0C036871673302862E00C2C110
:10BE400020BD03AD0425F71956DA0E7881CC770CA6
:10BE5000167CF8462700000066170CBD03AD05A54B
:10BE600093FF56EAF586F9FFC2C12C30B320AD0529
:10BE7000E5F11956DAF472210CA2C12C658100A7F4
:10BE80001711BD03AD052591FF567AF38D030C16EE
:10BE90000618000072C544CD03B2C12CAD0765324F
:10BEA000FF56FAF1BD0AC2C12CAD07E539FF7D0A84
:10BEB000A2012D0C16A5DB19ACAA62012E9D036A06
:10BEC000E3E7B921BD09C2C120AD049951E961A5DB
:10BED000EE199851E86156FA05A881262A02064211
:10BEE000001B9986F6FF8D0337B708BD07AD05A582
:10BEF0008AFF8D036A3306CFFF660802068BFF0CAC
:10BF00000339A1C2012D32A0FFB2012C3911390130
:10BF1000F2C14CE2C128D2C134AD058961659AFFF6
:10BF20003D0A8861564AE0B8A1873B02067FFFAD13
:10BF3000056586FF164ADF39352D0A467BFF7CB33F
:10BF40003066107C833716020678FF38F572A07DC4
:10BF500037B7024675FFC2C120BD0340A420A5E546
:10BF600019564AFD6881662622C2C14CBD03AD0543
:10BF7000E5E11956DAE4622114A2C14C657100A70B
:10BF8000160EBD03AD052581FF567AE31B3386EF00
:10BF9000FF62014E16D604CD03B2C14CA2C5446562
:10BFA00022FF56EAE1A2014D62014E65CC19AC6A4E
:10BFB0001B936AD3D7B920BD09C2C120AD049951E2
:10BFC000D96165DF199851D86156CAF6A881262A29
:10BFD0000EBD03AD05257CFF0B666A3306EBFF0043
:10BFE0001B9986F3FF7CFA86D3FFBD03AD05A57AC6
:10BFF000FF0697FF1DF0000036A10061AED0C02003
:10C00000005806C0200059B152A10216730740B46F
:10C01000110C04426210CB41326214B9226D0482C9
:10C02000AFFF52A0137685048244091B444803AD38
:10C030000348342C0DCD06E004005D0A0C0356CAFB
:10C040000F322600260302C62E00B1BFD232620391
:10C05000A2A200A5F5096D0A168A0E50352042DA13
:10C0600002A22214B22202822A00D2A20082280353
:10C07000CD06BAB3E008007D0AAC5A0C033932ADE4
:10C080000625C7095D072D05518BD0C0200048B19A
:10C09000C02000322500379402462D008187D0E071
:10C0A0000800608620980866090698182609294B1A
:10C0B000888714417C033932AD06A5C30968327CF8
:10C0C000C33716076733697C8337966FAD02A5C007
:10C0D000FF5D0AC6EBFF00000098282609058B8843
:10C0E00046F3FF009838260906CB8886F0FF00004B
:10C0F00082C8108794AE8110D132D3028713028692
:10C10000D7FF86ECFF0032260760A6206527FFA731
:10C11000130732AFF0390686E8FF380642A0FD3932
:10C12000323816394232060837B420324214C6E299
:10C13000FF7CE337169566060246D2FF7C03393250
:10C1400086D0FF0052A101C6CEFF0000517ED2C6AC
:10C15000CCFF1DF036A1005157D0A160D2C0200005
:10C160004805C0200049B148F22604384833260467
:10C170002842220F62A07D47B602062400C2C108F1
:10C1800040B420A2C21825C319DC8A7821262730A2
:10C1900078F24797247CFA860200AD03101120A59F
:10C1A0001FFF16BAFCC0200048B1C0200038052D82
:10C1B0000A37145F8141D0E008001B744D0746ED3B
:10C1C000FFC2C10CBD04AD0265BC19566AFDC8E3CF
:10C1D000CBB1A2C344E5FEFE569AFCB2C10C30A31B
:10C1E000206523FF56DAFB72010E82A07E4A777724
:10C1F00038A21B4477B4C4BD04CBC120A22025B90A
:10C2000019CBB1AD032521FF166AFE86E5FF0C0AA6
:10C2100046E4FF001DF00000364100B8028C7BAD03
:10C220000225BE19C6FCFF001DF000003641003893
:10C2300052A12BD2AC63383282AFF09833871921E8
:10C24000B22203CBA2E5BB19BD03AD0265B919B893
:10C2500092AD03E545FF38920C0A1B3339922D0A43
:10C260001DF0AD03E545FF165AFD06FCFF0000007A
:10C27000364100322205204220212ED216A300B6DC
:10C28000230940A42065FAFF2D0A1DF00C03780451
:10C290005D0362A07E9C072217202026C027B503DD
:10C2A0003D075D027817C6FAFF210DD216A5FD40A5
:10C2B000A420A5F7FFA02A2056EAFCAD035814627B
:10C2C00013206543FF2D0A56FAFBBD05AD0365E853
:10C2D000FF2D0A9D070C1A209A939090748CC981A7
:10C2E00005D28A8280A783A0807456C8F930A32023
:10C2F000253DFF2D0A561AF9521520679511BD03E9
:10C30000AD0425B019BD03CBA4A5AD1986DEFF0091
:10C310007CF206DDFF00000036E100397131E5CF27
:10C32000C020003803C02000326113387116F32A90
:10C33000AD0249725982101120E5EDFFCB32AD03F9
:10C34000395110112025EDFF3102D27CFA57330FFD
:10C35000F0A5115A3AD0A31130AAC0E0AA114BAAF5
:10C36000B1FAD110112065C4096D0AAC3A4B7A0BB1
:10C3700085590A89613D078861963801AD0310111E
:10C380002065FDFE886132C3540B88896186F9FF00
:10C390006D073862696216E30462C3FC7806F067D1
:10C3A000117A76D067117066C0E066116A636076B4
:10C3B0002077131072C7ACA2C744101120E5EEFE1F
:10C3C00046FBFF000030A6C031D2D1A0A24130AA66
:10C3D0008231D0D130AA1032AFAC30AA82A2CAFCCE
:10C3E000AAA6101120E59009386216A31F5A540C12
:10C3F00003579402862100A862B871CD043AAA10AE
:10C40000112065BFFF564A08A862B2C12430AA8035
:10C41000101120E527FF8CEAB862A8513ABB101131
:10C4200020259C19860E000078026891160722B21A
:10C43000C128AD07101120A525FFECCA88A187B639
:10C44000286862882298073A661B88EC1978029956
:10C450000679168C1762670078126902CC07691298
:10C46000892232C3541B4486E1FF781706EFFF0090
:10C47000691969077916990606F9FF000000382244
:10C48000EC53399220A22010112025DAFF3189CFF8
:10C49000C02000422113C0200038032D0A37940227
:10C4A000466D008185CFE00800A812B2C1281011A6
:10C4B00020E51DFF4D0A8CFAE1A7D1D1A7D1B1A784
:10C4C000D13C2C8192D1E0080038A158121B33399D
:10C4D00092A9A17CF3B2A0FFB911B901F2C12CE27B
:10C4E000C1280C0DCD0BAD05101120A53DFFCCAA28
:10C4F00068A132012E6A3339A106F6FF26032D38D2
:10C50000027C86C2012D379502C6480078336797B2
:10C5100004381306FBFFE2012FB2012CF2A0FFD278
:10C52000C134AD03101120E575FF563AFE38027C88
:10C5300085169307683357160246270058127CE683
:10C54000783567971EAD05101120A517FF56CAF361
:10C55000BD05AD02101120E58A19A851BD051011C5
:10C5600020258819AD0210112025CCFF56DAF1B82C
:10C5700012AD03101120E5BDFF0C150C06A056836B
:10C5800067150A515CD15A5A67150286BFFFAD0381
:10C590001011202513FF563AEF30B320AD021011D1
:10C5A00020258619A851BD03101120A583192852F2
:10C5B000AD045672EDA165D146B4FF00E2012FB281
:10C5C000012CF2A0FFD2C134C2A04150A52010110D
:10C5D00020256BFF562A0786D4FF381346D4FF0068
:10C5E000A2A10286A9FF0000A2A10186A7FF00ACBC
:10C5F000A738613055C0F035115A53D0351150333A
:10C60000C0E0331132C3AC3A3777131032C3ACA257
:10C61000C34410112065C9FE46FBFF0000B14AD19A
:10C62000AD06101120A51209AD02101120A5340A83
:10C630004C85571C0206BDFF58027C863795028642
:10C64000BAFF783567170246DCFF581506FBFF0076
:10C65000B862AD023ABB0671FF1DF000364100CD55
:10C66000020C2BA2A001E50DFD5D0A22A1059CEAAA
:10C67000620A25213BD1DC661C0A81D0D0E008008B
:10C680004D0A22A1018C7ABD05A58CFE2D06490319
:10C690001DF0000036410020B220C2A004A2AFFF6E
:10C6A00081A1D0E008008BB2C2A010819ED0E0082A
:10C6B00000B2C2180C8C819BD0E008002D0A1DF03E
:10C6C000364100BD02C2A0017CFA8196D0E008008C
:10C6D0008BB21C0C8194D0E008003BB20C1C819101
:10C6E000D0E008002D0A1DF0364100BD02CD03A2A6
:10C6F000AFFF818CD0E008002D0A1DF036410020EC
:10C70000A2208107CFE008001DF000003641003173
:10C7100016D1B114D130A320251A00A02A20DC3A6A
:10C720000C1A8146CFE008008111D1A908CC7AA269
:10C730002300251D0022A1011DF0000036410081CB
:10C7400059CFE00800B10BD1F10AD1C10BD1A0DA69
:10C7500020B0EB20A2A001E5D0055C821DF0000016
:10C760003641001C68BC728C734803BC143813F645
:10C77000332D0C8A8192D0E008004D0A0CC89CEA47
:10C78000391A0C4A2613010C1A812CCFE00800A993
:10C79000043804CCD340A42081E2CEE008000CB8D9
:10C7A0002D081DF049020C0806FDFF00364100313E
:10C7B000F3D07CFB30A320814BCFE0080088024DF2
:10C7C000020C02660809BD0240A42065F9FF2D0A8B
:10C7D000AD038145CFE008001DF000003641001692
:10C7E000B20538022603501633050C0BAD0381E762
:10C7F000D0E0080026BA422813A80366121A81AFB7
:10C80000D0E00800261A20D1DED0C1DED0A1DED0D3
:10C81000B2A254814ACFE008000C0DCD0DBD0D81B0
:10C82000FFCEE00800C6F6FFA80381D9D0E00800DB
:10C83000AD0381BBCEE008000C0A2D0A1DF01C6A76
:10C8400086FDFF0036410031D3D07CFBAD0381254E
:10C85000CFE008004D0221D0D02802CC92AD038158
:10C8600022CFE008001DF00088024718EF282206BA
:10C87000FAFF0000364100561301D1C8D0C1C8D01C
:10C88000A1C9D0B2A083812DCFE0080028039CE28B
:10C890008822A8028903E5FAFF8C7A881A8C38A8C6
:10C8A00012E00800AD02819ECEE0080006F7FF000E
:10C8B000AD03819BCEE008001DF00000364100A2D0
:10C8C000A00C813ED0E008004D0A0CC5ACEA51B185
:10C8D000D07CFB50A5208103CFE00800A1AFD00C95
:10C8E00018980A8C39880982C8018902490A890482
:10C8F000AD053914992481FCCEE008000C052D0506
:10C900001DF0000036410031A3D0B2AFFF30A320AC
:10C9100081F5CEE0080020A220A5F2FF9C0AB19E7E
:10C92000D0982A880BA79815990B817DCEE0080036
:10C93000AD0381EDCEE008000C021DF08D0BB82890
:10C94000A79BF8992846F8FF3641000C0BB0AB20A6
:10C950008196D0E008008C2AA80ACC2A2D0A1DF066
:10C96000880A871204A82AC6FBFFA81A06FBFF0044
:10C97000364100AD02E5ECFF0C249CCA0C0BAD0B5C
:10C98000818AD0E008005D0AEC1A0C4B0C1A817702
:10C99000CFE008005D0ACC4A0CC42D041DF00C0B3E
:10C9A000D183D0CD0AAD0B8182D0E0080088054D3F
:10C9B00008DCF4AC930CCA8101D0E00800167AFDC3
:10C9C000391A3805290A2D03EC62ECB4392AA90575
:10C9D00086F1FF00980497122A482486F4FF391440
:10C9E0000C0406EDFF008D0338284793F82928062C
:10C9F00007004D02282286F3FF3824392AA924464D
:10CA0000F7FF00005663FD28244798DB22650040AD
:10CA1000A4208143CEE0080006F1FF0036410081EA
:10CA200065D0E008008123CEA9081DF03641000C36
:10CA3000188243008161D00C0988088808CC382D01
:10CA4000091DF000A808271A0CA20804CC1AA2435A
:10CA500000882886F9FF9D0846FDFF003641002129
:10CA600057D0AD028157D0E00800AD028156D0E02A
:10CA70000800AD028155D0E00800214FD02802887F
:10CA8000020C02CC181DF000224804882886FCFF06
:10CA90003641004151D07CFB40A4208192CEE00879
:10CAA000002146D0AD028146D0E00800AD0281549D
:10CAB000D0E00800AD028144D0E00800513FD0280A
:10CAC000052802CCA2AD048188CEE008001DF0004C
:10CAD00000217BCF3222001633018172CEE00800A4
:10CAE000BD0AC13ED0A13ED0817BCFE00800380511
:10CAF0003223005603093222009C53816ACEE0089B
:10CB000000BD0AD139D0C135D0A138D08172CFE073
:10CB100008006132D00C0378021687028162CEE0F1
:10CB200008007D0AAD038137D0E008008137D0E0EE
:10CB30000800ED0AA12FD0DD0360C62070B7208168
:10CB400065CFE0080026130246230065301938053A
:10CB50003203081693082222001642018152CEE0C9
:10CB60000800A0BA20C11DD0A123D0815ACFE0086F
:10CB700000AD04815DCEE008000C6A8124D0E0089D
:10CB8000008160CFE00800620304566604A80381B8
:10CB900020D0E00800610DD08C1A610DD0A803816F
:10CBA0001CD0E0080081C7CD879A02610AD08802B4
:10CBB000AC08813CCEE008007D0AA8038113D0E0D8
:10CBC0000800DD0AC106D0A107D0ED06BD078141EE
:10CBD000CFE00800382346C6FF0C1306CEFF000046
:10CBE00030EB03303D0458029C45812ECEE0080016
:10CBF000BD0AC1FACFA100D0DD038136CFE0080025
:10CC0000A2A0648104D0E008000C160C05280230B4
:10CC100056833D059C428123CEE00800BD0AC1EF4A
:10CC2000CFA1F6CFDD05812BCFE00800AD0381FA5F
:10CC3000CFE0080046A3FF0036410041E7CF7CFB70
:10CC4000AD048128CEE0080051DCCF303074680597
:10CC500056060C1C0B0C1A81C5CEE00800A905CCA9
:10CC6000BAAD048121CEE0080022A1011DF0C1EB84
:10CC7000CF626A00226A01324A08CBEADD06BD06AD
:10CC80003C4AA53C046D0A9C0AE1E5CFD1E6CFB150
:10CC9000E6CFC2A0D6819DCFE008000CAAE552F9EC
:10CCA00021C7CF0C1DC1E1CFBD0DAD0281E1CFE0A9
:10CCB0000800AD0281C3CFE0080038058813B0C872
:10CCC0001180CCC0E0CC118ACCAD020C1DC0CC11BF
:10CCD0000C0B81D8CFE0080038050C3D58130C1B15
:10CCE000B0C51150CCC0E0CC115ACCB0CC11AD02C3
:10CCF00081D1CFE00800AD0281D0CFE00800AD02C5
:10CD000081B2CFE00800AD0481F8CDE008000C024C
:10CD100006D6FF00291621A9CF324608AD0281A808
:10CD2000CFE00800AD0281C5CFE0080038056813E8
:10CD3000B0C61160CCC0E0CC116ACC86E2FF000026
:10CD400036610031A5CF7CFB30A32081E6CDE00821
:10CD5000004199CF5804CCC5AD0381E3CDE0080074
:10CD600022A1031DF000CC6281B9CFE008002D0A9A
:10CD7000FBB1AD0265CBFF5D0A16DA00AD0381DAC7
:10CD8000CDE0080022A10206F6FF0CCB0C1A817739
:10CD9000CEE0080056EA0030A32081D3CDE00800A1
:10CDA00022A10106EFFF98040C18824A0488092981
:10CDB0000A592ADCF8A26900A2A00081A5CFE008E8
:10CDC00000A7121D0C1A81A2CFE00800A792300C18
:10CDD0001B0604008D0998285689FFA928C6F5FF6F
:10CDE0000000B2A000A196CFA55500161A01E1954A
:10CDF000CFD195CFB18DCFC2A12D8144CFE0080016
:10CE000022010F8C1265C5FFAD0381B7CDE008008C
:10CE10000C0246D3FF000000366100216FCF7CFB7F
:10CE200020A22081B0CDE008008163CF8808CCB873
:10CE3000AD0281ADCDE0080022A1031DF08183CFBA
:10CE4000E00800FBB165BEFF56EA0020A22081A6E3
:10CE5000CDE0080022A10506F8FF0C18824A0482E2
:10CE6000010F8C4810112065BFFFAD02819FCDE0FE
:10CE700008000C02C6F0FF00364100E5F9FF0C1275
:10CE80001DF0000036410040EB03404D040C02321F
:10CE9000A063BD020C6CAD041B22816ECFE00800C4
:10CEA0003792EE1DF0000000364100816BCF0C1967
:10CEB000C020009248001DF03641003D020C140CC9
:10CEC000056613206D03661207AD068164CFE00886
:10CED00000B2A2400C2A8162CFE00800CC5A26148E
:10CEE000220B443D0530A320815FCFE00800B2A2B1
:10CEF0004050A520815BCFE00800163AFC65B803DE
:10CF0000900000004D0A06EFFF00000036A100214E
:10CF100056CF0C0A2802815BCFE00800661A053163
:10CF20002FCE30222020A220654C198154CDE0085C
:10CF30000022A028271A11D14DCFC14DCFB2A04950
:10CF4000A14DCF817ECDE008000C1A814FCFE008C3
:10CF5000003149CF0C0239312921814CCFE0080042
:10CF60003D0A8BA18117CFE008008BA18116CFE08D
:10CF70000800A2A640A0B3A2C1BCCCD12ECCA0A3D5
:10CF80008281C2CCE00800CD0A0C4DBD028BA1818C
:10CF900029CFE008008BA1810CCFE00800AD02A5ED
:10CFA000F1FF813ACFE008003D0A8BA18105CFE077
:10CFB00008008BA18104CFE00800A130CFC1AACC2A
:10CFC000A0B3A2D11CCCA0A38281B0CCE00800CD3C
:10CFD0000ABD020C4D8BA18117CFE008008BA18107
:10CFE000FACEE00800A2C1108126CDE00800B2C14F
:10CFF00020A2A0F038718123CDE00800279A0CD13F
:10D0000020CFC11BCFB2A07506CDFF00AD0281209D
:10D01000CFE00800A2C120811FCFE00800A0EA03F2
:10D0200082A0F080BAA280AA82CD0320D22081976C
:10D03000CCE00800A0EA131DF0000000364100A279
:10D04000A0008110CFE00800A02A20A2A001810D3D
:10D05000CFE0080082C2F5B6381D22C2EF0C180CD2
:10D0600009209883902074CCD292CAF5B63908A2D0
:10D07000CAEFA0288316720F2174CD9175CDC02000
:10D0800000822200C02000A229009172CD22AFFFB1
:10D09000C020009809808230A0A230909230C16AEE
:10D0A000CD21FFCEC02000D80C2088207CF280B299
:10D0B00030D0BB10C02000B90CC167CDC02000B873
:10D0C0000C808B20B163CDC02000890CC02000886B
:10D0D0000BC02000890B8162CDC02000C808C02091
:10D0E00000C908C02000D80BA0C230D0CC10C0208E
:10D0F00000C90BC02000B808902230A0AB20C0208F
:10D1000000A908C02000A8087CEBB0AA10C020002D
:10D11000A9088150CD91E3CEC02000A808A022101C
:10D12000C020002908C0200028081C9A902220C096
:10D130002000290881DDCE91DDCEC0200028089096
:10D140002210C02000290821DACE9178CDC020001D
:10D150008802908810C020008902C02000880291B7
:10D1600006CD908820C0200089022506F91DF00018
:10D1700091CACE0CEA81C9CE86C8FF003641008133
:10D18000CFCEE008002D0AA2A00081BECEE00800AC
:10D190000C98871A5FA7381C265A5EF66A0A261A68
:10D1A00032263A200C0A860A00267A53668AF40C44
:10D1B0005AC60700000CD9971A3AA7392A0CB88723
:10D1C0001A3266AADE82C2FCB6380682C2F70C3A70
:10D1D000CC08AD0281B8CEA9088C8221B7CE0C084C
:10D1E000C0200089021DF0000CF9971A17973AB376
:10D1F0001C28A738AE0C7A46F6FF0C8A06F5FF000D
:10D200000C6A86F3FFAD0846F2FF000036410020AD
:10D21000EB03202D04A2A019E5A503C2A019AD02BD
:10D220003C8B818CCEE0080081A6CE3CFAC0200069
:10D2300098081C9CA09920C02000990891A2CEC0FB
:10D2400020008809A08820C020008909FC22AD02A6
:10D250005CEB8180CEE00800219CCE1CF9C0200050
:10D260008802908820C0200089028198CEC02000CA
:10D2700028081C9A902220C02000226800659E0386
:10D280001DF0AD025CFB8173CEE008002191CE1C45
:10D29000F9C020008802908820C020008902818D7A
:10D2A000CE06F2FF364100418CCEB2AFFF40A42043
:10D2B000818DCCE0080080EB03808D043188CEE0C6
:10D2C00088118083800C02AD04C02000290881866B
:10D2D000CCE00800E0EB03E0ED04C181CE279E1D09
:10D2E000DD03B2A4004CFA65D6039CEAE17FCED1FF
:10D2F0007FCEB17FCEC2A0718105CEE00800ED02E5
:10D30000D179CEB2A4005C0AC6F6FF001DF0000081
:10D3100036410020EB03202D043176CEB022113AA5
:10D320002232A00042A001305320A8028C4AE00A19
:10D3300000A045831B334B226683EE16240025CFC5
:10D34000181DF0003641005D0222A102F6233621AD
:10D350006ACE7CFB20A2208163CCE008009165CEE0
:10D36000B083119A880C0B0C8A768A1F4808DC64FB
:10D37000D03311BA33E033113A39AD0259032D04D9
:10D38000815ACCE008001DF01BBB4B88AD028156D2
:10D39000CCE0080022A101C6FAFF00003641005D82
:10D3A0000222A102F623362154CE7CFB20A220814A
:10D3B0004DCCE008009151CEB083119A880C0B0C33
:10D3C0008A768A1F4808DC64D03311BA33E03311FF
:10D3D0003A39AD0259032D048144CCE008001DF018
:10D3E0001BBB4B88AD028140CCE0080022A101C6E6
:10D3F000FAFF0000364100F6232F413FCEB2AFFFC7
:10D4000040A4208138CCE00800813ACEB033118AA4
:10D41000330C0982A008768808A803A79201990313
:10D420004B33AD048131CCE008001DF03641000CD7
:10D43000BAA5D9F82133CEC1FDCD0C1D0C2BAD0200
:10D4400081FCCDE00800AD0281DECDE00800312D89
:10D45000CEAD02CD03D2A0010C0B81F6CDE00800C9
:10D460000C3DCD030C1BAD0281F3CDE00800AD02F5
:10D4700081F2CDE00800AD0281D4CDE008001DF0BE
:10D48000364100B0EB03B0BD04A11FCEE5F0FFA212
:10D49000A018657E03A0EB03A0AD041C8C3C7B812F
:10D4A000EDCDE008001C8AE57B031DF036610081AC
:10D4B00017CEAD0198088818990189118115CE9869
:10D4C0000888189921893181BECDE00800AD01811D
:10D4D000DBCDE00800AD0181BCCDE008008BA1816F
:10D4E000B8CDE008008BA181D5CDE008008BA181EB
:10D4F000B6CDE008001DF000366100A106CE202068
:10D50000740C03422A0022410B326103C020003810
:10D510007430309526E3F4CBD10C1CB2C10BA5A21C
:10D520001831A6CCC02000481317E40B41FBCD9264
:10D53000A1F382240087A91FC02000481317641399
:10D54000C020004813176404C02000290321F2CD35
:10D550000C0339021DF00000A2A06481F0CDE008A8
:10D560000088041B88890446EEFF00003641001B3A
:10D57000220B82A20800CC2A1DF00000A5F7FF06AE
:10D58000FBFF000036410081E6CDA808E5FDFF1D48
:10D59000F00000003641000C8342A009208C358049
:10D5A000A074873412A2CA300B33E5F4FFC02211F5
:10D5B0005683FE1DF0000000A2CA5746FAFF000085
:10D5C0003641003122CB20AF313032B2303221A08F
:10D5D00033C030A320E03311A03380F03311303258
:10D5E000C0CCFA2C0A25F1FFA2C330A0A074A5F08C
:10D5F000FF1DF000A2CA30A0A074C6F9FF00000011
:10D6000036610081C2CDC189CD98088818990189F9
:10D610001181BFCD0C0D980888180C1BAD01992104
:10D620008261038183CDE00800AD018165CDE00812
:10D63000000C3DC2A7D00C0BAD01817ECDE00800EF
:10D64000AD01817DCDE00800AD01815FCDE0080036
:10D650008BA1815BCDE008008BA18178CDE0080033
:10D660008BA18159CDE008001DF0000036E100518A
:10D6700011CBC020003805C0200032611325F8FF0F
:10D6800031AACD32030016A30741A5CD0C036804CF
:10D6900041A5CD393260438339220C3342620432D2
:10D6A0006201A832165A0010112025ECFF41A2CDCC
:10D6B00040A420A5EBFF322204164300A872E00329
:10D6C00000AD04A5EAFF81BBCCE00800169A05A1D5
:10D6D0009BCDA5E9FFA862E5EBFFA199CDE5E8FFA9
:10D6E000A5DCFFB8620C0A819DCDE00800C02000D7
:10D6F000322113C02000280527930286490081EEBD
:10D70000CAE0080038221683F9A188CDE5E5FFA814
:10D7100002E5EAFFA187CD65E5FFA822E5E4FFA1C8
:10D7200085CDA5E4FF46DEFF003186CDAD03818CBB
:10D73000CDE008005D0A561A05DD0ACD0ABD0AAD26
:10D7400003813BCDE008008151CDE008006D0A3037
:10D75000A320811BCDE00800A17CCDC1C3CAD13577
:10D76000CAA0B6A2A0A68281C9CAE00800CD0A0C50
:10D770003DBD05AD03812FCDE00800AD03812ECD69
:10D78000E00800AD038110CDE0080065E7FF5852C6
:10D79000165500A22207E0050040A420E5DCFFA109
:10D7A0006BCDA5DCFFB2A041BBA1815DCCE0080040
:10D7B000BBA1A5DBFFAD0465DBFFAD04E5DAFF41EE
:10D7C00064CD520400163504A163CD25DAFFAD0304
:10D7D00081FCCCE00800AD038119CDE00800AD0369
:10D7E00081FACCE008008135CDE00800DC3A28124F
:10D7F0000C5A2612070C6A262202A2A0048103CD2D
:10D80000E00800A155CD65D6FF253900E5C9FF0C1C
:10D8100016AD02624400A5120652440025DEFFC682
:10D82000EAFF0000001DF000364100214ECD314ED0
:10D83000CD37B21480EB03808D04214CCD8A220CAD
:10D8400018C020008242001DF080EB03808D0498F8
:10D85000128759048802E0080022C2F886F3FF000C
:10D860003661008152CDE00800A5B70225C7032527
:10D87000E603653300101120A50104101120E5AD69
:10D88000019C0AD13BCDC13BCDB2A122A13BCD81B0
:10D890002BCBE008002139CDA222008145CDE00844
:10D8A000003138CDB137CD422200AD0365520AA90F
:10D8B000144135CD5802BD04AD03A5510AA925BDBB
:10D8C000045802AD03E5500AA935A802B82AA5C13B
:10D8D00011A802B83A25C111A802B81AA5C011E5CD
:10D8E000E2FE8CBAD12ACDC123CDB2A140C6E6FF5B
:10D8F00000E512FCA127CD812FCDE008002522FCF8
:10D90000A517FC16DA00D123CDC11ACDB2A1484625
:10D91000DEFF0000B121CDA121CD25BF092120CD01
:10D920003121CD22C2FC37B24E0C02E557FF0C1458
:10D9300065EFFFC02000224108C02000220108201E
:10D940002074BCA20C02290121CCCCAD012911818B
:10D950009CCCE00800AD0181B9CCE00800AD0181AC
:10D960009ACCE008002110CD32A001C02000324244
:10D9700000251F1906FFFF004802E0040086E8FFAB
:10D9800031FBCCC02000424108C02000820300C00F
:10D990002000220108A2A064202074802210C02050
:10D9A00000224108C02000320301C02000220108EB
:10D9B000202074302210C0200022410881D8CCE001
:10D9C0000800C6DCFF00000036A1002C4C0C0BCB7D
:10D9D000A18157CAE0080050EB03505D0441F6CC2A
:10D9E000E065116A84226800BCC320A220A5471804
:10D9F000665A0566150206FFFFAD02E54618CC75AE
:10DA0000666A0506FFFF00000020A220A5451866F3
:10DA10007A1581F2CCE00800571A0C60448022A0ED
:10DA200000290406FFFF000065BDFF0C1A81BBCC76
:10DA3000E0080040EB03404D0456B40B0C1A81E89B
:10DA4000CCE0080081E8CCE0080081DACBE00800F7
:10DA5000160A07AD02A54018812FCC41CCCB80AA75
:10DA600010815ECB51CBCB80AA20404A8047350243
:10DA700046250041D2CC51D2CC404A80473502865F
:10DA8000210041D1CC808AC0873402861E004144E7
:10DA9000CB4AAA4142CBA7B46FB1CCCCAD02253D55
:10DAA00018AD02653C18665A7341C9CCAD04814477
:10DAB000CCE00800AD048152CCE00800AD04814206
:10DAC000CCE0080040EB03404D0449310C4449418F
:10DAD0000C04497141C0CC32412C426105B2C10CE9
:10DAE00020A22016130425390031BBCCCBA13981EB
:10DAF00029A1A5B7FF1DF0000C0A81B9CCE00800F0
:10DB000066140246CFFF86CCFFAD0265351841ADE5
:10DB1000CC478A0246E0FF86E1FF000000AD02A587
:10DB20003418666A9E06E0FF25320086EEFF00008C
:10DB3000364100817DCC82080056D80020A220BD4D
:10DB400003E52200A1A9CC65A2FF30B32020A220CA
:10DB5000A5380090000000003641003197CC0C063B
:10DB600078030C1520B7C04D06B04593BD0420A224
:10DB700020E5FBFF419DCCAD04259FFF271708A89A
:10DB800003BD06679A091DF0A22301BD05165AFFC1
:10DB9000E5F9FFAD04659DFF86FAFF00364100817F
:10DBA00093CCE00800000000366100B191CCC2A027
:10DBB00005A2C10B8145C9E00800A2C10BA5E40084
:10DBC0001DF00000364100B18BCCA18BCC818BCCF9
:10DBD000E008001DF000000036410038128188CCBA
:10DBE0007CC23022103187CC8A8287333AA186CC1E
:10DBF00022C2FCA597FFAD02A599FFA184CCE596B2
:10DC0000FFC02000A802E598FF3181CC30A320E5B9
:10DC100095FFC02000A22201A597FFAD03E594FF68
:10DC2000C02000A822E596FF1DF00000364100212B
:10DC300079CC0C03C0200058024D0330232062A091
:10DC4000010013400086A1508810664802C61B00E0
:10DC5000F6581526183126284E1B3366C3E2A17DDF
:10DC6000CCA590FF1DF000000026B85B26C86066BA
:10DC700088E62170CC4170CCC020002802A16FCC76
:10DC8000C020004804860000A164CC258EFFAD02B0
:10DC90002590FFA162CC658DFFAD04A58FFFA1602B
:10DCA000CCA58CFF46ECFF00215FCC415FCCC020AF
:10DCB000002802A15ECCC02000480406F3FF00004B
:10DCC000A15CCC06F1FF0000A15ECC86F4FF000051
:10DCD000215DCCA15DCCC02000222200E588FFADF3
:10DCE00002258BFF815ACCC020008808E76805A177
:10DCF00058CCA587FFA157CC46E9FF00364100A1CB
:10DD000056CC30E9036586FF076305A154CCE58551
:10DD1000FF176305A153CC6585FF276335A153CC5D
:10DD200087632C8125CCA8180C1820AAC00C02A04F
:10DD30002883AD0281B4CBE0080081B3CBE00800BA
:10DD40002D0AA148CC6582FFAD022582FFA146CCF9
:10DD5000A581FF376305A146CC2581FF476305A157
:10DD600045CCA580FF576305A144CC2580FF1DF05D
:10DD7000360101B142CCC2A06010A12081D3C8E01D
:10DD80000800A13FCC204220257EFFAD032583FF64
:10DD9000A13DCC105120657DFF72C160A12ECC0C3D
:10DDA00006A57CFF6AA5A22A00B20A00165B01E55F
:10DDB0007BFFA135CC657BFF6AA4A81A657DFFA116
:10DDC00033CCA57AFF4B6666B6D952C51042C41053
:10DDD0007795C88134CCE0080016BA0656C30522F0
:10DDE0002214265202C61700A11BCC20B103E577EE
:10DDF000FFA123CC6577FFAD03657CFFA125CCE5B2
:10DE000076FFA124CC6576FF20A220A578FFA12271
:10DE1000CC20B2036575FFAD02A577FFA120CC2011
:10DE2000B303A574FFAD02E576FFA11DCC20B403BA
:10DE3000A573FFAD02E575FF060300006613082217
:10DE40002214666202C6E7FF1DF000003641008220
:10DE500022142C7A9115CC873A099114CCE0A811A0
:10DE6000AA99980999239112CC9933CC388111CC75
:10DE70008943281229631DF0364100822214665816
:10DE80002A0C0889030C188913810BCC0C0A8923EE
:10DE9000822214A933E688119109CCE028112A992D
:10DEA000280929232618202678291DF06668080CE1
:10DEB00018890306F4FF00006678CD81C8CBE0081E
:10DEC00000A90386F0FF000021FECBA9132943C659
:10DED000F5FF000021FCCB294346F3FF36610088A3
:10DEE000120C1C89018842BD0189118832A2A064EC
:10DEF0008921293181F5CBE008001DF036410088E9
:10DF0000028BD3E09D119A98C02000A8090C2BB079
:10DF1000AA20C02000A909C02000A8097CDBB0AA63
:10DF200010C02000A909C02000A8090C4BB0AA20ED
:10DF3000C02000A909C02000A8097CBBB0AA10C05D
:10DF40002000A90992C328E099119A98C02000A83E
:10DF500009B1B6C9B0AA20C02000A909C02000A8F4
:10DF600009B1D1C9B0AA10C02000A9094BB30C1A3D
:10DF7000C02000E2281E001B4000BAA17CF9B0C9F5
:10DF800030E0CC10C02000C2681EC02000E2281E75
:10DF9000001340003AA130C930E0CC10C02000C2CC
:10DFA000681EC02000C2281E001D4000AAA1A09922
:10DFB00030C09910C0200092681EC02000B2681FB7
:10DFC000C0200032681FC02000A2681F1DF00000A2
:10DFD000364100D082112028C081FAC9D022112AEE
:10DFE0002898022832C020008809202820C020005C
:10DFF00029091DF0364100D082112028C081F1C9C5
:10E00000D022112A2898022832C02000A8097CF8C2
:10E01000208830A08810C0200089091DF000000071
:10E0200036410020A220662302062900F63308AC00
:10E03000D32613671DF00000664302464100F643F5
:10E0400002C630006653EC81A1CB8B32E033113A2B
:10E0500038C0200098230C4BB09920862100000086
:10E06000819BCB32C208E03311303880C02000924F
:10E0700023027CBBB09910C020009923C020003837
:10E080005892A4000012400099A13030949033209F
:10E09000C020003958A5F3FF06E6FF00918CCB8B1A
:10E0A00082E088118A89C02000B8287CBCC0BB10DF
:10E0B000C02000B928C0200088490012400033A1C8
:10E0C000603311808094803320C020003949C61A03
:10E0D00000817ECB8B32E033113A38C02000982388
:10E0E0007CBBB09910C020009923C0200038489212
:10E0F000A400001A400099A1303094903320C02031
:10E1000000394886E3FF00008171CB32C208E0335A
:10E1100011303880C020009223027CBBB09910C01F
:10E1200020009923C02000385892A400001240001B
:10E1300099A1303094903320C02000395865EBFF0E
:10E1400006BCFF009162CB8B82E088118A89C020D7
:10E1500000B828303B20C020003928C020003849B2
:10E1600082A4000012400088A130309486D5FF00C0
:10E170003641008157CB391289021DF03641000C1F
:10E18000181CF9A8020013400088A1372929C020D3
:10E1900000826A138181C832C31CE033113A38C04F
:10E1A00020008813914CCB90881091A7C8908820AC
:10E1B000C0200089131DF000B1C0C8C02000922A01
:10E1C00016B08810B1BEC8B09910808920C0200058
:10E1D000826A1646EFFF0000364100A80292C31C77
:10E1E000E099119A9AC020008819B13ACBB08810F2
:10E1F000C0200089190C181CF90013400088A137B1
:10E200002909C02000826A131DF0000031ABC8C08C
:10E210002000922A1630881031A9C83099108089C0
:10E2200020C02000826A1646F7FF000036410088B1
:10E2300002A1FDC8C020009888A09920C0200099A4
:10E2400088C020009888A124CBA09910C0200099F4
:10E25000881DF000366100414EC9514EC94A428DB9
:10E26000020C1247B50222A000414BC9614CC94AB9
:10E27000480C1547B6010C0550222007E20F214833
:10E28000C94146C92A2827B404287316D20D5883D9
:10E29000A6350246350048632115CB6873D044117A
:10E2A0002A248C462111CB202480E228008CD626FB
:10E2B0001679710CCB2626088193C9E008007107F6
:10E2C000CBD20308920304AD082C8C0C0B48A39905
:10E2D00021D26103E9118116C8E00800D831E811A4
:10E2E000D24A0D9821E90A924A0E920326791A59C8
:10E2F0002A495A8D0ABCB960552056A5FB2803222D
:10E300004A0C283329482203248C3222A00329688E
:10E310002203258C7228680C4330222029681C13A4
:10E320000C023794030C1339981DF00071EDCA8666
:10E33000E3FF0000614CC85802B8535056D2505603
:10E34000D21B6BE0B6116ABBC0BB1162AC19672B64
:10E350000EA1E7CAA0ABB2B0BF31A0A621B09AC04F
:10E360005099D292480C281206E6FF0022A102869C
:10E37000EDFF0000364100981281D8CA0C1287992F
:10E380000E8103C980338081DBCA37B80222A00026
:10E390002020041DF000000036410030B32020A2F0
:10E3A0002025FDFFA02A201DF0000000364100308E
:10E3B000F874303074EC520C1CED020C3DC0BC20E3
:10E3C000A2A06981CDCAE00800FD03ED020C7DCD5D
:10E3D000020C1BA2A06981C8CAE008001DF00C0E47
:10E3E0000C3D0C4CB2A001A2A06981C3CAE0080098
:10E3F000FD030C0E0C7D0C3C46F5FF0036610081E0
:10E40000F0C8C02000922810C020009931C0200020
:10E4100098319096755699FEC020009838A1AECAE2
:10E42000A09910C020009938C020009838A17EC85B
:10E43000A09920C0200099381DF00000364100F05E
:10E4400083110C390018400099A17CF3404014005E
:10E4500018400044A190933081DAC8DC12C020003B
:10E460003858903310403320C0200039581DF00038
:10E47000C0200038E8903310403320C0200039E835
:10E4800046FAFF0036610031CEC856A202E5F6FF1B
:10E49000568204C020008223038080051608FF56A0
:10E4A0001204C02000222303C020002931C0200014
:10E4B00028312020F41DF000C0200088C39186CAB6
:10E4C000908810C0200089C3C0200088C39156C81E
:10E4D000908820C0200089C306EDFF00C02000887E
:10E4E000C306EDFFC0200028C3C020002921C020A2
:10E4F000002821C6EEFF00003641009802817FCA45
:10E5000066191DC0200098E8A2AFDFA09910C020B6
:10E510000099E8C0200098E8A108C8A09920060842
:10E5200000262902063100C0200098E8A2AFDFA033
:10E530009910C0200099E8C0200098E8A171CAA0F5
:10E540009910C0200099E8B202049202050C0DA2B5
:10E55000020690CBC00C1E2D0DC02E93CD02A02B19
:10E56000C020DE93D70C4DA7194AC02000C8E8D2BE
:10E57000ACFFB02014802211D0CC1020CC20C020C1
:10E5800000C9E8C02000C8E8D2AF3F902014A02204
:10E5900011D0CC1020CC20C02000C9E8C02000C879
:10E5A000E8D158CAA02014602211D0CC1020CC2071
:10E5B000C02000C9E8B7B93FC0200028E87CB99066
:10E5C0002210C0200029E8C0200028E8B7BA580C63
:10E5D00089902220C0200029E8C0200028E86CF99A
:10E5E000902210C0200029E81DF00000C0200098F3
:10E5F000E82C0A06C9FF0000C0200028E897BA18D6
:10E600000C49902220C0200029E8C0200028E87C86
:10E610007990221006EFFF00007CB9902210C020F4
:10E620000029E8C0200028E87C79902210C0200052
:10E6300029E8C0200028E81C09902220C6E8FF0035
:10E64000364100815FC8DC02261334165306662368
:10E6500002C6220081ACC8E0080016E30AC0200010
:10E6600038C891EEC7903320C0200039C8C02000C0
:10E6700038C8911CC7903320C0200039C8C60B0091
:10E68000C020003848910FC7903310C0200039488F
:10E69000C02000383891E1C7903320C020003938BD
:10E6A000C020003838910FC7903320C0200039387F
:10E6B0001DF00000C020009848A102C73113CAA075
:10E6C0009910C020009948C020009838309910C097
:10E6D00020009938C020003838A03310C6F2FF005F
:10E6E000C020009848A1FFC631CDC7A09920C02006
:10E6F000009948C020009838309920C020009938EF
:10E70000C020003838A03320C6E7FF00C020003802
:10E71000C891FDC9903310C0200039C8C02000380E
:10E72000C891E8C690331046D3FF0000366100520E
:10E73000A0010013400035A13030B45121C891F33D
:10E74000C9563205C02000822503D03301908810BD
:10E75000303820C0200032650325CAFF560207C0AA
:10E76000200038353030051613FF56A206C02000B1
:10E770003835C020003931C0200038313030F4390C
:10E78000040C0447120B21E2C920331022A10330EC
:10E7900042932D041DF00000C0200088C5D0330135
:10E7A000908810303820C0200039C5C0200038C5FE
:10E7B00081CAC9803310C0200039C5C0200038C5C7
:10E7C000819AC7803320C0200039C546E3FF00008E
:10E7D000C0200038C5C6E2FFC0200038C5C02000F8
:10E7E0003921C02000382146E4FF00003641000CEA
:10E7F0004FED0F0C6D0C2C162200C2A0050C1BA2B5
:10E80000A06981BDC9E008001DF00000364100414B
:10E81000C1C9E0821180448082240020A2203718E0
:10E8200006BD03A5B8FF39041DF0000036C1005035
:10E83000507466120F0C26A2C118296122510E6273
:10E84000411E65CBFF0C1BAD0265DFFF71DDC716F6
:10E85000951261AEC9563211C020003837603310AE
:10E86000C020003937CD040C0BAD0225BDFF41AAF5
:10E87000C96117C8C020003804603320C0200039A7
:10E880000441A6C961A1C9C020003804603310C08A
:10E890002000390441A3C96166C7C0200038046064
:10E8A0003320C0200039045612121605110C5E0CDC
:10E8B0001FDD0E0C7CF0BF20A2A069818FC9E0088B
:10E8C000002C8C0C0BA2C11872C1188199C6E008EB
:10E8D0000062C1405D0742A000B14EC720A220E502
:10E8E000ACFF20A220E5B9FF9114C7314AC70C0C38
:10E8F000A0C393A09383CA39303141BD03AD0299BF
:10E9000031C921A5AAFFAD02A5B7FF9831C821C022
:10E91000B9C0261B02C632001B33AD02BD03E5A8F9
:10E92000FFAD0225B6FF39054B553044805796A8F8
:10E9300032210630532088074B778033638055732C
:10E940006797F25A333044C04033412764011B3388
:10E950005692090C5EFD02DD0E0C7C0C1BA2A06918
:10E960008166C9E008002D031DF00000C0200038BA
:10E97000C7603310C0200039C706BAFF0C16001359
:10E98000400066A19162C96060B4DCA2C02000882A
:10E9900037D06601908810606820C020006937CDAC
:10E9A00004BD0386B0FF0000C0200088C7D0660108
:10E9B000908810606820C0200069C706F8FF0C5ED0
:10E9C000FD02DD0E0C7C0C1B06BBFF008C950C7E43
:10E9D0000C1FDD0ECD0EC6B6FF0C7EFD05DD0ECD87
:10E9E0000E46F8FFB62B0246C1FF06CEFF0C7E0C8A
:10E9F0000FDD0ECD0E86D8FF364100814AC90C09C5
:10EA000030899389021DF000366100F20200A2A055
:10EA1000610C0E0C2D0C5CB2A0018137C9E008001E
:10EA20000C08C020008931C020008831913FC9A165
:10EA3000C0C69088102C09908820C020008931928F
:10EA40000203C020008831909004209911A0881002
:10EA5000908820C020008931920204C020008831B3
:10EA6000A133C9909004109911A08810908820C0FB
:10EA700020008931C020008831912DC9A112C79092
:10EA80008820C020008931920202C0200088319085
:10EA90009004609901A08810908820C020008931DE
:10EAA000C0200088319123C9908820C0200089317E
:10EAB000920201C0200088312158C790900420990B
:10EAC00001208810908820C020008931216BC8C0A7
:10EAD000200088319119C7C0200082623AC020000E
:10EAE00082223A908810C0200082623A1DF0000015
:10EAF0003641007CF89C023CF937390CF083113A1E
:10EB000088310DC98A338203022D081DF0000000F0
:10EB100036410042222DB2A0A4CD04BAB2AD038189
:10EB2000EEC7E008009C0AD106C9C106C9A106C902
:10EB3000B2A1288182C6E00800AD0381DDC5E008EE
:10EB40000021FEC8A714014A231DF000366100BD54
:10EB500002A2A0C0B261038199C7E008002D038220
:10EB6000A1013D0AB8319CAA91F9C8C1F9C8A80908
:10EB70000C07A7971266871D30A32081E9C5E0081E
:10EB80000082A1012D081DF0E08711CA8888088C39
:10EB9000781B77C6F6FF1B87890981EDC8E09711BE
:10EBA000908880A2A0A43908A0A38026022781E92A
:10EBB000C8E00800C2A0A4BD04AD038143C5E008BD
:10EBC000000C0822632D52632E72632F8716B479CE
:10EBD00006C6EBFF00000CFC0C0B81D5C5E008005D
:10EBE00006F4FF00364100AD02BD03CD04DD05EDA6
:10EBF0000626031F2613260CF8373821B62314F2F5
:10EC000002002CF922A102979F0E3A9A0B999209C1
:10EC100000F7190465F3FF2D0A1DF000000022A182
:10EC20000206FDFF364100AD0281A1C5E00800BD2E
:10EC30000A0C0EDD04CD03AD02A5FAFF2D0A1DF06E
:10EC40003641008D020C0227281321C0C898020CFF
:10EC50000297B80921BFC8E088118A8228081DF0F0
:10EC600036410082A03FA2A000273813F082112075
:10EC7000888021B1C88A22A2020100AA2325FCFFB4
:10EC80002D0A1DF036810020A2208189C5E00800F0
:10EC90006D0221AEC80C0428028D0A29717CF72D63
:10ECA000049D040C1DE2A0A42CFF38714793011DA4
:10ECB000F051A7C8E034115A335803169504322591
:10ECC0002D3738431BA3BD09A0BD83FC9BEAB5CDFE
:10ECD00003AD0689619951D941E931F2610281366A
:10ECE000C7E0080088619851D841E831F821DC6A12
:10ECF00030A2208CFA87B30830A680A20A00F79AC7
:10ED00000637A7037D032D051B4406E7FF0000001F
:10ED100036410030A320E5F6FF207220A06A200CC7
:10ED2000228C9ABD03A5DEFF2866CC725C8229077F
:10ED30007CF28616003806076357BD0AA2262EDD30
:10ED400005CD04E002003D0A96CA074183C80C02C3
:10ED5000AD0481ACC6E008009178C8A2A0409089BB
:10ED600020768A3BB2090100BB23660B2EF072119C
:10ED70002A777A887208007CE550771052262F7225
:10ED80004800524801324802AD0481A1C6E00800A3
:10ED90001DF0CD05BD04E0020046EAFF1B223B99B1
:10EDA000AD04819BC6E00800287616E2F748060706
:10EDB000640DA2262EBD03E002000CC286DBFF001C
:10EDC000AD03E0020046FCFFE59E08280A46D7FF97
:10EDD000364100AD03A5E8FF6D0A30B32025D1FF11
:10EDE0008C16D6AA000C9339027CFA2D0A1DF0006D
:10EDF0008816CC385C8346FBFF2806076212BD0AE2
:10EE0000A2262E50D52040C420E00800C6F6FF0000
:10EE100000CD05BD04E00800C6F3FF00364100AD9B
:10EE200003E5E3FF6D0A30B32065CCFF8C16D69A5C
:10EE3000000C9339027CFA2D0A1DF08826CC385C30
:10EE40008386FBFF280607620FBD0AA2262EDD057A
:10EE5000CD04E0080086F7FF00CD05BD04E0080002
:10EE6000C6F4FF00364100AD0365DFFF6D0A30B325
:10EE700020E5C7FF8C16D6AA000C9339027CFA2D28
:10EE80000A1DF0008836CC385C8346FBFF28060755
:10EE90006212BD0AA2262E50D52040C420E00800F0
:10EEA000C6F6FF0000CD05BD04E00800C6F3FF0074
:10EEB000364100AD03A5DAFF4D0A30B32025C3FF6C
:10EEC0008C14D67A000C9339027CF21DF08874CC35
:10EED000385C8306FCFF280407623DA0BA20A22408
:10EEE0002EE00800411DC82D0AAD048146C6E00889
:10EEF00000F083113A883110C88A3382030007E892
:10EF00000C80B2049C8B0C29908820824300AD04B5
:10EF10008140C6E0080046ECFFE0080006F1FF0073
:10EF20000C3CAD038103C5E008007CF882430182FC
:10EF3000430206F6FF000000364100AD0325D2FF74
:10EF40005D0A30B320A5BAFF8C15D6AA000C933900
:10EF5000027CFA2D0A1DF0008885CC385C8346FBC4
:10EF6000FF280507620DBD0AA2252ECD04E008008A
:10EF7000C6F7FF00BD04E0080086F5FF364100AD8E
:10EF80000325D0FF5D0ACC8A0C2339027CFA2D0AB6
:10EF90001DF030B320A5B7FF8225095668005C83B9
:10EFA00086F9FF0000280507620DBD0AA2252ECDB7
:10EFB00004E0080086F5FF00BD04E0080046F3FF0A
:10EFC000364100AD03E5CBFF5D0ACC8A0C23390244
:10EFD0007CFA2D0A1DF0AD04A5CAFFA715071C2356
:10EFE00086FAFF00000030B32050A52025B2FF3D77
:10EFF0000ABD04AD05A5B1FF88A5CC385C8306F336
:10F00000FF280507620ECD0AA2252EBD03E00800E9
:10F0100086EFFF0000BD0AAD03E0080086ECFF00AC
:10F02000364100AD03E5C5FF4D0ACC8A0C233902F9
:10F030007CFA2D0A1DF030B32065ADFF82240B56FB
:10F0400058005C8386F9FF00280407620BBD0AA202
:10F05000242EE0080046F6FF00E0080086F4FF00DA
:10F06000364100AD03E5C1FF5D0ACC8A0C233902AD
:10F070007CFA2D0A1DF0AD04A5C0FFA715071C23BF
:10F0800086FAFF00000030B32050A52025A8FF3DE0
:10F090000ABD04AD05A5A7FF88C5CC385C8306F37F
:10F0A000FF280507620ECD0AA2252EBD03E0080049
:10F0B00086EFFF0000BD0AAD03E0080086ECFF000C
:10F0C00036610029213931202074AD03EC02819F83
:10F0D000C7B19FC79808971222E08211BA888808A2
:10F0E00016A801822825164801E008000603000042
:10F0F0000C0DCD0DBD0D81C9C4E008001DF01B2213
:10F1000086F4FF0036610029213931202074BD04C6
:10F11000AD03DCE2818EC7C18EC7980897121AE052
:10F120008211CA8888089C288228268CD8E008008A
:10F1300086010000818AC7E008001DF01B2286F6C8
:10F14000FF000000364100A186C7A5B3FF222A06B2
:10F15000A185C740C420BD03E002002183C7A902E6
:10F16000A183C725B2FF886AA182C7CD04BD03E091
:10F170000800A9120C021DF03641002D04417DC784
:10F18000A804E5ABFF4178C7881AA804CD0230B3C4
:10F1900020E008008179C7A2280065AAFF881AA884
:10F1A00014CD02BD03E008001DF0000036410081CF
:10F1B00071C7A808A5A8FF888ABD03AD02E00800B2
:10F1C0002D0A1DF0364100216BC7A2220025A7FFA2
:10F1D0002166C7822A07A22200E008008167C7A82B
:10F1E00008E5A5FF887AA8120C02E008001DF000CF
:10F1F0003641008160C7A2280065A4FF915BC782E9
:10F200002A03A22900CD04BD03E008002D0A1DF049
:10F210003641008158C7A2280065A2FF9153C782DA
:10F220002A15A2290040C420BD03E008002D0A1DB4
:10F23000F0000000364100814FC7A2280025A0FF42
:10F24000914AC7822A17A22900E00800A02A201D9F
:10F25000F00000003641008147C7A22800259EFF2C
:10F26000822A18A140C730B320E00800A02A201D40
:10F27000F0000000364100813FC7A808259CFF82AE
:10F28000A1068CAA922A288C59AD02E009008D0AA9
:10F290002D081DF03641008137C7A22800259AFFAE
:10F2A0009132C7822A1CA2290040C420BD03E00875
:10F2B000002D0A1DF0000000364100812EC7A8086D
:10F2C000E597FF9129C7822A1DA809BD03E0080020
:10F2D0002D0A1DF03641008127C7A228002596FF80
:10F2E0009122C7822A1EA22900E00800A02A201D20
:10F2F000F0000000364100811FC7A8082594FF9147
:10F300001AC7822A1FA809BD03E008002D0A1DF0B4
:10F310003681008118C76961A8087261072592FFCC
:10F3200082A1069C9A922A239C49822110E861F8C6
:10F33000718901DD05CD04BD03AD02E009008D0A30
:10F340002D081DF0364100B10DC7A10DC7C2A000A8
:10F35000258DFFA02A20900000000000364100E526
:10F36000EF00CD0AE104C7A1FEC60C0D0C9B65871A
:10F37000FF2D0ADC9A253500CD0AE1FFC6A1FBC6A8
:10F38000DD020CEBE585FF2D0ACC3AA5FBFF2D0A2B
:10F390001DF0000036410081FBC6303E0432480CAF
:10F3A0000C021DF036410025410882A016826A0039
:10F3B00022AFFF1DF00000003641003CCC0C0B30AA
:10F3C000A32081DBC3E008008120C40C0289131D47
:10F3D000F000000036410031ECC6AD0381E8C4E026
:10F3E000080041F6C40C18C020002224018022200D
:10F3F000C02000291421E3C681A4C3E0080088824C
:10F40000C892808AC00C19873A010C09C0BBC09011
:10F41000BBC0E61B1ACC4B91DDC6873912C0200059
:10F420008224011768D18198C3E00800A982B992AB
:10F43000AD0381D3C4E008000C021DF0364100ADDD
:10F440000225F9FF0C021DF0364100A1CFC64A7318
:10F4500081CBC4E0080051CBC677930FA1CBC64047
:10F46000242081C7C4E008001DF0000062030026CC
:10F4700096239865BD0620A220E009006696299192
:10F48000CFC40C1AC020008819A08820C020008991
:10F4900019060500000098452629D698650CDBADB5
:10F4A00002E0090098456619C81B3386EAFF000090
:10F4B00036410066331121B3C632020C0C221623EA
:10F4C0000021B3C61DF0000066430D21AEC6404EBC
:10F4D0000442420C0C0286FAFF22A058A52D0822F5
:10F4E0006A0022AFFFC6F6FF364100CCD422A01638
:10F4F000652C08226A0022AFFF1DF0002613192692
:10F5000023025673FE8214000C82209810A19DC61F
:10F510009C090C02295AC6F7FFAD02A5EBFFC6F8FD
:10F52000FF0000000C222028108C720C12295A2D8A
:10F530000906F1FF0C23395A46EFFF00364100D18E
:10F5400095C6C195C6A195C6B2A0B981FCC3E00815
:10F55000000000003641005199C4C0200028154128
:10F5600089C62021049CB2C0200022250117620711
:10F57000303074C0200039058144C3E00800A984FC
:10F58000B9941DF08141C3E0080088849894808A72
:10F59000C00C14873A014D0290BBC040BBC0E61BB3
:10F5A000E0565BFB217AC687B2AF06F5FF0000008C
:10F5B0003641008182C47CF2C02000981827690778
:10F5C000C0200028082020741DF00000364100A152
:10F5D00074C60C07816AC4E00800516AC647176701
:10F5E000680526061C7CF999050CD997960698554E
:10F5F0006619220CA67A936249001B776696DD464F
:10F6000011006875AD02E006000CD96D0A971ADD8D
:10F61000660AE1460C000CD65699FDA805260A108C
:10F620007CF6626500269ACAA9050CD646F1FF0051
:10F630000092250720A220E00900660A2222250068
:10F64000260202A5EFFF6905A156C62D07814CC40D
:10F65000E00800CC770CB2251608290A7CF21DF0D0
:10F66000269A8F68052606BFC6F5FF00364100566C
:10F67000D30022A016251408226A007CF21DF00097
:10F680001CCC0C0BAD03812AC3E00800213EC62828
:10F690005256720282130022A00820882082530052
:10F6A0008213027CC22088100C3220882021A5C33E
:10F6B000825302296329530C0206F0FF6612E0828E
:10F6C00013000C2286F4FF003641002136C61DF0DF
:10F6D0003641008135C6E022112A88822800A2A086
:10F6E00080922800C020008879808095808AC0B6EA
:10F6F00028F1303074C0200039091DF036410081F6
:10F700002AC6E022112A88280898027CF2C020002C
:10F7100088798080948C78C0200022290020207471
:10F720001DF000003641008120C6E092119A8898B1
:10F7300008AD0228192602057CFAA9191DF088894E
:10F74000E008002D0AC6FCFF364100E5C203204256
:10F7500020B2AFFF22A0008163C3E0080027144D50
:10F760005113C67CFBAD05815FC3E008007111C673
:10F770006110C6A80738068D0A37220522A103C6E4
:10F7800008009D084B88B2C8FCB80BB794490B33EE
:10F79000E0B311BA2A222200290981E3C2E008005D
:10F7A000A90739060C02AD058150C3E008000C0B17
:10F7B000AD0BE5BA030C0B0C1A65BA030C0B0C2A43
:10F7C000E5B90365BB038148C3E008008C64AD0460
:10F7D00081D4C2E008001DF01B22C6E6FF00000035
:10F7E0003681008D077D040C34402243422110698C
:10F7F000210C06893169040C1927A602063700A2DC
:10F80000A02C816EC4E008006D0A42A101167A0F97
:10F8100048319821491A4813990A9803496A4817A8
:10F82000995A9807498A4815997A980549AA0C0463
:10F83000999A392A793A594ABD0492A008768906DC
:10F840004AA3B24A001B440C04BD040C8976890605
:10F850004AA7B24A001B440C04AD040C8876880603
:10F860004A95A249001B4425B1037CFB811EC3E0DD
:10F8700008000C040C1727A402C623000C040C1566
:10F8800027A402862A00A1C9C57CFB8116C3E00813
:10F890000021C7C571C8C55802A8071B55E035111E
:10F8A000BD0381A1C2E0080042A1018CDAA9073A98
:10F8B000AAA2CAFC626A005262000C04A1BCC58103
:10F8C0000AC3E00800164409E5AA038107C3E0085B
:10F8D00000AD068193C2E00800C60A00A803001626
:10F8E000400049A1A7840EA807A78409A805A784FA
:10F8F000041B6686C0FF60A62092610165A4039286
:10F90000210156BAFE42A1032D041DF098560014A1
:10F91000400057A197850998769785049896970592
:10F9200007B1A5C5AD04A5A3031B44C6D1FF0000C4
:10F930000088560014400075A187071BB2C11CAD9A
:10F9400004A58003DC0A88718CC88803A806708827
:10F9500020B8168903A576FF1B4486C8FFA5A1031E
:10F9600081E2C2E00800222110690246E6FF0000A1
:10F97000366100A18EC57CFB32610320754181D9BF
:10F98000C2E008000C194B670012400039A10C05B9
:10F99000E066119187C5880987250CA184C581D2AD
:10F9A000C2E008001DF000009183C5E0A5118809A0
:10F9B000AA8888088C8898312619348C792629439E
:10F9C0001B5546F3FF00A2A03F273AF360A880A290
:10F9D0002A01A703EAB828E0A711AAABB80ACD0408
:10F9E00030BB20B90AA808B818A571FF06F4FF00BB
:10F9F0003CFA273ACA6AA8A83AA703C3E0A711B8F5
:10FA00003846F5FF3CFA273AB68BA7E0AA11AAA818
:10FA1000A81AA703AAE0A711B84806EFFF00000044
:10FA2000366100B6320F25D90722A009226A0022CA
:10FA3000AFFF1DF00000CC63E5D7071C62C6FAFFDC
:10FA40001CCC0C0BAD03813AC2E008008157C5E025
:10FA500092119A8888088868FC4882130092A0084E
:10FA6000908820825300CBB1AD02A52C03567AFCBE
:10FA70008213027CC9908810983182530226191A89
:10FA80009CD9262915263912E5D2075C82C6E6FFE5
:10FA90006618D28213000C2906F1FF908820825349
:10FAA00002B2C10C20A22025340356AAF8883126C0
:10FAB000180D6638D28213020C49908820825302B6
:10FAC000CBB1AD02253D0356DAF6883126286026F3
:10FAD000386D5628FBAD02CBB1E546032D0A566AB8
:10FAE000F592130282A300808920825302A133C5BC
:10FAF0008831A79802C6570087BA02462D00A2A1F6
:10FB00002CA79802465500873A5DA2A06EA79802DE
:10FB1000865300873A313C2AA798024652004CBAD5
:10FB2000A798028651005628128963895346C0FF60
:10FB30008213021C0990882082530286E5FF000090
:10FB40008213023C0906FBFFA2A096A79802064872
:10FB500000A2A0C8A79802464700A2A086A7180244
:10FB6000063A000C4806F0FFA116C5A79802C64247
:10FB700000873A1FA2A4B0A79802064100A2A708D6
:10FB8000A79802464000A2A258A71802062F000C10
:10FB90008806E5FFA10CC5A79802C63B00A10AC5CF
:10FBA000A79802C63A00A109C5A718020627000CAB
:10FBB000C806DDFFA164C2A79802463600873A470F
:10FBC000A104C5A79802863400873A1CA102C5A7E4
:10FBD0009802C63200A100C5A79802C63100A1FF55
:10FBE000C4A798671C08C6CFFFA1FDC4A79802460A
:10FBF0002E00A1FCC4A79802462D00A1FBC4A79823
:10FC00004A1C4886C8FF0000A1F9C4A7980206292B
:10FC100000873A1CA1F7C4A79802862700A1F5C463
:10FC2000A79802862600A1F4C4A7981F1C88C6BD09
:10FC3000FFA1F2C4A79802C62200A1F1C4A79802AE
:10FC4000062200A1F0C4A79802062100A2A700A0E6
:10FC5000992092530206B4FF0CF8C6B2FF0C7886C6
:10FC6000B1FF0C3846B0FF000C18C6AEFF0C28865A
:10FC7000ADFF0C5846ACFF000C68C6AAFF0CB88656
:10FC8000A9FF0C9846A8FF000CA8C6A6FF0CD886B2
:10FC9000A5FF0CE846A4FF1C7806A3FF1C38C6A1EC
:10FCA000FF1C1886A0FF1C28469FFF001C58C69DFD
:10FCB000FF1C68869CFF1CB8469BFF001C98C699D9
:10FCC000FF1CA88698FF1CD84697FF001CE8C69525
:10FCD000FF1CC88694FF0000364100205220B63237
:10FCE0001065AD0722A009226A007CF206430000DD
:10FCF0000000CC7425AC071C6286FAFF0066130274
:10FD0000862F006623028630005673FE21A7C4E0CA
:10FD100085113214008A22280237E302062E000CD5
:10FD20000339622214020C2B202014B7120E0C3B54
:10FD3000B712090B220C1B32A00020B39350A52050
:10FD4000A5F70256DAFA22140232A0032022040C8C
:10FD50001B20B393AD05A50103567AF9221402BD09
:10FD60000A4762072025040C2B20B39350A52025B9
:10FD70000D03A02A2056BAF732140282A30087830B
:10FD800002C61D00B224054864471B0206D9FFA71E
:10FD9000E3610CF3379B02464400B7B3020624002C
:10FDA000667B02464300F68B54663B02064300F630
:10FDB0004B32661B02464200B62B384CBBC60C00C9
:10FDC00000007CFBAD02A51D03567AF2AD05A53FF0
:10FDD00003167AF306C7FF001763040C1306D0FF5F
:10FDE0000C23C6CEFF665B02063700B66B02863771
:10FDF00000B2A086AD05A50F03567AEF1DF00CB337
:10FE0000379B02463400B733130C93379B0286337B
:10FE100000B7B302863300B2A25886F5FF0CD33781
:10FE20009B02863100B7B302063200B168C486F087
:10FE3000FF1C73379B02863000B733331C33379B6C
:10FE400002C62F00B733131C13379B02062F00B7CF
:10FE5000B302862F00B161C406E6FF1C53379B0234
:10FE6000062E00B7B302862E00B15FC406E1FF0084
:10FE70001CB3379B02C62C00B733141C93379B026C
:10FE8000062C00B7B302062C00B15BC406D9FF00F4
:10FE90001CD3379B02C6290037BB02462A001CE34D
:10FEA000371B024693FFB156C4C6D1FFB144C446C6
:10FEB000D0FF0000B2A12C46CEFF0000B2A06E46DB
:10FEC000CCFF3C2B06CBFF00B2A09646C9FF00003A
:10FED000B2A0C846C7FF0000B13AC446C5FF000043
:10FEE000B2A4B046C3FFB2A708C6C1FFB136C4462C
:10FEF000C0FF0000B135C446BEFF0000B192C1464C
:10FF0000BCFF0000B133C446BAFF0000B132C446A2
:10FF1000B8FF0000B131C446B6FF0000B131C4469D
:10FF2000B4FF0000B130C446B2FF0000B130C44697
:10FF3000B0FF0000B12FC446AEFFB12EC4C6ACFF67
:10FF4000B12FC446ABFF0000B12FC446A9FF00008B
:10FF500036410020A220B6320FE5850732A00932D3
:10FF60006A007CFA2D0A1DF000CC43E52503162A11
:10FF7000FF6584071C68890A86F9FF00364100B1D5
:10FF800022C4AD0281A6C2E0080016AA01B11FC4B6
:10FF900020A22081A2C2E008008CBAB11DC4AD022B
:10FFA000819FC2E00800DCAA9C430C622703043056
:10FFB00030048CA325800722A00D226A0032AFFFF7
:10FFC0002D031DF0257F070C2246FBFF364100B1B3
:10FFD0000EC4AD028192C2E00800ACAAB10CC4AD5F
:10FFE00002818EC2E008009CBAB109C420A220811F
:10FFF0008BC2E008000C22AC0AE57B07290A7CFAD8
:020000044201B7
:100000002D0A1DF000000C1A21E8C3E08A118A2293
:100010002802303E0432421006F9FFAD02C6F9FF55
:10002000364100B63211D1FBC3C1FBC3A1FCC3B240
:10003000A1338142C1E0080066331841DBC3E022EE
:10004000112A2428023202100C2216230021D0C3C8
:100050001DF0000066431481D4C3E022112A282831
:1000600002404E044242100C02C6F8FF22A058A5DE
:100070007407226A0022AFFF06F5FF00364100B682
:100080003211D1E4C3C1E6C3A1E5C3B2A125812BDE
:10009000C1E008003CCC0C0BAD0381A5C0E008001A
:1000A00081EAC00C0289131DF0000000364100B641
:1000B0003211D1D8C3C1DBC3A1D9C3B2A12D811FD5
:1000C000C1E008000C021DF0364100D1D7C3C1D7F2
:1000D000C3A1D2C3B2A0F18119C1E00800000000A1
:1000E000364100B63211D1D2C3C1D2C3A1CCC3B202
:1000F000A15F8112C1E0080031ACC3E082118A33F4
:100100003803CB33AD03819DC1E00800AD0281E02F
:10011000C2E00800AD03819AC1E008000C021DF0A6
:10012000364100B63211D1BBC3C1C3C3A1BCC3B2F7
:10013000A0CA8102C1E00800519CC3E062116A5567
:1001400058054A63A2C50C818DC1E0080067930B76
:10015000CBA5818BC1E008002D041DF072030026A1
:10016000970F8875BD0720A220E008001B33C6F654
:10017000FF0088552628EA88750CDBAD02E00800F0
:1001800088556618DCC6F8FF3661003931B6321181
:10019000D1A1C3C1AAC3A1A1C3B2A0F781E8C0E0A5
:1001A00008005181C3E062116A5538050CD762C35B
:1001B0000860A6208172C1E0080052A000571440D8
:1001C00020A2202556FFA09A20779A5CA2230666DB
:1001D0001A100CA988315AA8924A001B556699DC5E
:1001E00046070056DAFEAD02926102A553FF982140
:1001F000660A282813260205101120E5ECFF726319
:100200000160A620815FC1E00800502520CC750C5C
:10021000B2655A07290A7CF21DF00000269AB2B88E
:1002200013660BD3A91386EAFF660AA746F4FF00FC
:1002300036410020A220B6320EE5570782A009827F
:100240006A007CFA2D0A1DF0B2AFFF65D502162AAE
:10025000FF65560782A01606F9FF0000364100210F
:1002600078C31DF03641000C0DA802CD0DBD0D81E7
:100270006BC0E008002D0A1DF0000000364100416F
:10028000D2C00C8BCD040C1A81D1C0E008005D02F5
:100290002D0ABC0ACD045C4B0C1A81CCC0E00800CE
:1002A000A912CCFAA812DCEAAD02811DC0E0080058
:1002B0000C02060400CD0ABD03AD058162C3E0084F
:1002C00000A90216DAFD1DF08116C0E0080086F5CF
:1002D000FF0000003641009CB2A222008C4A812C13
:1002E000C2E00800A8128C4A810EC0E00800AD02EE
:1002F000810CC0E008001DF0364100A802BD03815A
:1003000046C0E008002D0A1DF00000003681001CE8
:10031000CC0C0B20A2208106C0E00800414BC34852
:1003200004CC141DF00030B32040A42025C61516BF
:10033000FA03A8744BB165D016880298119A88897F
:1003400002982188129A888912983188229088739D
:100350008922984188329A888932985188429A88AD
:100360008942986188529A888952987188629A88DD
:100370008962488446EAFF0036810020B220A2C18B
:1003800004A5F8FF2221031DF0000000364100A261
:100390002203B222048178C0A0BBC0B7B811D12B10
:1003A000C3C12BC3A12CC3B2A0218164C0E008004B
:1003B00065C716A9721DF0003641002123C328022B
:1003C000CC021DF082220756280120A220E5FBFF67
:1003D000A8728C7AB2C2148120C3E0080028824639
:1003E000F7FF000036810021B3BF7D01C020002847
:1003F000020C14C02000226707A52D00C0AA11A07E
:10040000A1C0101A00A52E003D01DD0A9D032D0399
:100410007CF8D7343A0C048B332D04D79456D04251
:10042000112A44E04411FB34303441C033113031DF
:10043000C01013000C0C5D016D0CD79C4667920236
:10044000063400D109C3C106C3B2A079C6110000A9
:1004500058026812B8426AA5A79B10B862A822A7E2
:100460009B095942585289226A5559521B4422C24B
:100470001046E7FF0058032605011B221B4432C328
:100480001086E5FFB829260B681BE6E7B211D1F309
:10049000C2C1F3C2B2A067A1EFC28128C0E00800C8
:1004A000E08B11BA88E08811F1EFC24BB8D0361159
:1004B000FABB6AA3F81BE0AA11AAA5F91AF80BB8AF
:1004C0002BF90AB92AF809B819F93AFABBF1E5C2C9
:1004D000B94AB1E9C08A8FB95A8208110C0BB96ABE
:1004E000B71816B97A6A33E033110C063A356983C6
:1004F0006D0E1BCC92C910C6CFFF926701C2670078
:10050000D26703E92765E8FFE827D837C8079817B7
:1005100046F4FF0031CDC2CD0588033D08AC18D1AB
:10052000D3C2C1CFC2B2A07EC6DAFF00B127C0C01D
:10053000AC20C26700A5A515C22700DC2A1B33C268
:10054000CC242793E6D1CAC2C1C6C2B2A08A46D182
:10055000FFA87CBD04C90781C7C2E008006D0AC8B6
:1005600007168AFD40C42050B52081D7BEE00800A0
:1005700032C6FC0C04C60700A8834B53168A00B28F
:10058000C31881B5C2E00800EC5481AFC2580869B5
:100590000859861B4432C3242794DC2146BFC0205F
:1005A000003877C02000280227130E8143BFE008DF
:1005B0000088035903899306F6FF1DF03641000CAD
:1005C000160C0520568350507456350A3056835603
:1005D000D509405683567509472302462400719A6F
:1005E000C2580756D505B1F8BF2C4A81A4C2E0080D
:1005F000006D0A162A06BD020CCC81B3BEE00800CD
:10060000219EC039364946295652660630B4C0305C
:10061000A32065A116A976598616BA04B2C614811C
:100620008EC2E008002194C27CFBAD0281AEBFE027
:1006300008003807AD02398669072D0581ABBFE098
:1006400008001DF0683547A60237A629684547A669
:1006500002672321588546E2FF22A101AD068130C1
:10066000BFE0080086F6FF0022A10446FBFF000061
:1006700022A102C6F2FF7CF286F1FF00364100BDE6
:1006800002CD03A2A102BCB2817EC2917EC2E80863
:10069000DD090C08879E05A2A105C60900A2290054
:1006A000A72B25F22901F0AA80A7AB1CC088118ACC
:1006B0008DA828E08A11AA88E08811A16AC24B8817
:1006C0008AAAA5EFFF2D0A1DF01B8892C91086F09B
:1006D000FF000000364100216DC2816BC22088C03E
:1006E0002168C280832128021B222A281DF00000D5
:1006F00036E1007D0129A721EFBEC020002802C0FD
:100700002000226713215EC26802C066116021C00A
:1007100010120092C110B15BC2CD0690A920816A6F
:10072000BEE00800B15AC28158C29D0AB088C0809C
:1007300083211B48D0C411FB2C202441C02211204E
:1007400021C01012002152C232C1102802C2CCF8BE
:1007500028128BA32903214FC229138977998781F6
:100760005ABEE00800D14CC20C8CBD04AD038151CF
:10077000C2E00800887798872D030C0B7CCC473BA0
:10078000326A6928A7AD096267095897571A028625
:10079000250031C8BE98A7C02000422713C0200002
:1007A00038039022C020242137940246480081C299
:1007B000BEE008005812A8023B55A0AC10C055106E
:1007C000A9025912A7A511D135C2C135C2B2A06282
:1007D000A135C2815ABFE008008BD287BB43E82213
:1007E000E72A0CD131C2C12EC2B2A06406F8FF00C4
:1007F00057AE2E3133C03803AC03D987812ABFE00E
:100800000800D887BD0A381DC129C23901F80DE892
:1008100012D802A127C2812FC0E00800813AC0E0AF
:1008200008001BBB2D0D06D5FFB80A581A882A6888
:100830003A0C09826711626712B9F75267105AEBD6
:10084000FD036D058D0B99B798B747390A1C050C48
:100850001967B557C60E0000D81FD7A85EC80FE7A6
:10086000ACEA0C19E7AD010C090C16C7A8010C067F
:10087000609910909074FC29E7AD38C7A835B0BDD9
:10088000C0B0B5C0806CC0B91AD90A1C0567250272
:1008900086BDFF6912626710522711622712890212
:1008A0005922693289F722C21016D9EDA2CA10C6A0
:1008B000B5FF0000C72810D06EC08D0D98B78BFF14
:1008C0001B9999B706E0FF00806CC0ED0CC6FAFFDB
:1008D0001DF0000036810070630090630060EB0340
:1008E00081F6C151F6C1D1F6C1808630DAD5A12595
:1008F000C06971B1E1BFD73A3FC2C11CAD058931B2
:100900009921D26101E5FCFF88319821D811B87195
:10091000B718DA81ECC10C1A8A8B0C0C80CA93C010
:100920008074B716209CD8D1E8C1C1E8C1B2A07AC2
:10093000A1E8C18102BFE00800AD06B00C13A2E53A
:1009400000A971C6F1FF68150C0B60AB93879A0B79
:10095000D1E1C1C1DEC1B2A07BC6F4FF82A0FE67B7
:10096000B80BD1DDC1C1D9C1B2A07C46F0FF1B6676
:10097000691590E613102000C02000680237960722
:100980003804C0200032620030630080EB03280589
:1009900027180CD1D2C1C1D2C1B2A09E06E4FF007B
:1009A00028150B222915DC3221B4BF290530E613A6
:1009B000102000C0200070E61369041DF052A0FF53
:1009C00027B5E9D1C8C1C1C6C1B2A0A406D8FF00ED
:1009D000364100812ABFE0080021C3C1B2AFFF2029
:1009E000A22081C0BEE0080031C1C141C2C1C02007
:1009F00000580331BFC1CCE5818FBD918EBD890305
:100A0000991382640092640181BCC1E00800C804AB
:100A10009814C0CAC00C18C73A0282A00050EC82D9
:100A2000909BC050CCA28099C050D982308C11E0EC
:100A3000E3C5E0E8205089A2309D11D053C530882D
:100A4000119A9E808520C0C3C50C15E7390252A0BB
:100A500000D8038A8CDAD98A85C8130C15973D0112
:100A60000C05CA888A85D9038913B914A90481039E
:100A7000BFE00800AD02819CBEE0080028033813E7
:100A80001DF00000364100A5F4FF8198C1C0200090
:100A900029081DF03641003199C17CFBAD038191DD
:100AA000BEE008004197C1220400ECA28197C1E09A
:100AB0000800B2A0640C1A816AC0E008008193C1EA
:100AC000E008008190C12D0AA908CCAAAD03818657
:100AD000BEE008001DF00000220400AD031B22222E
:100AE00044008181BEE008000C1286F9FF0000007E
:100AF0003641002184C128028022111DF00000002F
:100B00003641008183C18808CC282D081DF0980843
:100B100090A005379A059091452719ED882886F908
:100B2000FF000000364100622200BD04606145AD57
:100B300006E519040C08661A02C620001B550C199C
:100B400080B820A2CAFE50B983A09893905B10870A
:100B5000956D60A620651604A75309AD06A514047B
:100B6000976305CC5A2D051DF0261AF822120007AE
:100B7000E2F20CC880821066A811D166C1C166C1BC
:100B8000A167C1B2A0FB816DBEE008000C88808225
:100B9000105608FD2762158763CA303A04202104E5
:100BA0002033C00C1530589346EEFF000040B0745F
:100BB000AD06E577000C15505A3050507406E9FF29
:100BC0005D08C6E7FF000000364100BD03AD022509
:100BD000F3FF4D0A8D0A56FA05B17BBEA2A00C8127
:100BE00027C1E008008D0A16EA040CCCBD0481D0B0
:100BF000BDE008008D0A9808B14AC1202044F0A247
:100C000001B09910B148C1A0992030300400A3115F
:100C1000B09910A09920D13EC19908C80DE184BEB9
:100C20009D0CDC890C120C0A40A283A0A074CC3A63
:100C3000C0A283AC5A9928890D2D081DF000B8096F
:100C4000B0A005A733DDA808A0AB30E78A05B0B196
:100C50004527BBCF4D09982986F1FF0089249928A3
:100C600046F5FF003641000C1A00124000AAA1818F
:100C70002EC1E008001DF0003641000C1A001240A1
:100C800000AAA1812AC1E008001DF00036C1004978
:100C90008142A300599179A1405310479502C6E8BB
:100CA000000C050C1460458352A0F04040745703BB
:100CB0000256043952A1005053108C4516563896EE
:100CC000223888811648008891168837A7631D1638
:100CD000A401413AC0713AC040468047B70E41B0C6
:100CE000BE71AEBE40468047B702C6D50042A0FEE8
:100CF0004783080C24CC050CE4403320660202C66E
:100D000041007CE40CF54712187CD41C05471218EE
:100D10007CC40C754712117CB452A01D47120952B5
:100D2000AFFF6B420CB7405783B127BE0C8A81D30B
:100D3000C0E00800A941164A13A1FDC07CFB81E96F
:100D4000BDE0080040EB03404D040CCC0C0BA2C1ED
:100D500034493172A0FE8176BDE0080039617783A5
:100D6000060CE7708320896171EAC00C4C98075625
:100D7000D909260502C64B000C944951486181519E
:100D8000BDA2A100A0A41089717D09A2610BB221AE
:100D90000370A720A5D6FFA04A20DC4A70A044F02B
:100DA000BA0141DFC0A8D140AA10B0AA20A9D142FF
:100DB000C134C22103B221067CFD40A42065D6FFC8
:100DC000AC8A88B116D813A2140027EA02C64500DF
:100DD000A8140C04568A10AD0725EE03887187A469
:100DE00002C64C00885187AA02C64A001B7766C714
:100DF0009C66055AA1CFC022A10581BBBDE00800B9
:100E0000A8418147BDE008001DF00C6586C4FF00C5
:100E1000A219007809C78A5BE0A711A0A831A71220
:100E200002461F00483170A005A79475260505707D
:100E300071457795BEC22103B22106AD09DD059249
:100E4000610225CEFF9821169AFA8809805145B88B
:100E500031AD0565D7FF4D0A71B6C056EA0BAD0737
:100E600081A2BDE00800A841812EBDE0080022A1BA
:100E700001C6E4FF883170A005A79825A819DC0AEF
:100E8000D1ADC0C1ADC0A1A5C0B2A0A781ACBDE02D
:100E90000800B80A90BB01B0B831B7128EA85A56F4
:100EA000FAFE9829C6B1FF00B831AD0525C5FF7D12
:100EB0000ADC5A507044F09701A199C078D1A0770C
:100EC0001090772072610D72C134C22103B22106E5
:100ED00050D520AD07E5C4FF168AF18807C6DAFFB2
:100EE0001B44A85A06BBFF0026050246BFFF70A799
:100EF00020A5DC03422105472A0286BBFFA261052B
:100F00005D0786B9FFAD0765DB038851872A024676
:100F1000B6FFC6F9FF0000004971C6F7FF87E3027C
:100F20000633001C8A81A5BEE0080016FAF21C8C6C
:100F30000C0B81FFBCE008008881693A891A6814AB
:100F40008891695A892A20607488A1F07611621A02
:100F500000894ADD0AA2AE01A066107066207CE717
:100F6000706610625D006214000C47706620B173F9
:100F7000C0D914625400CD0450A074A53D0088313E
:100F8000A171C0E068116AAA0C16729400B80A0038
:100F900015400066A1A7E3020624000C2CC07720B0
:100FA0007254007CF7606730B06610690A96D20010
:100FB000A83150C52020B2208127BFE00800284179
:100FC000AD054902281448412914A5C9FFB7630794
:100FD000A841815DC0E00800A156C08143BDE00882
:100FE00000622118162605884189060C02C685FF75
:100FF00072A008725A0016A600C2210ABD0650A0AF
:101000007425350097630D0C1A00154000AAA181C4
:101010004FC0E00800206074A07601A149C06804B8
:10102000A06610706620690486D4FF007CDCC0775F
:1010300010725400B0662006DCFFA84181B9BCE004
:10104000080046E9FF22A102066FFF003661000C8E
:101050000D6901FD05ED04CD0DBD03AD02E5C2FF37
:101060002D0A1DF036410016D20E322200A22300B6
:10107000A0A00530EB03303D04371A14B135C02071
:10108000C220A5B2010C130C02A023932020601DE6
:10109000F03127C07CFBAD038113BDE00800AD0239
:1010A000812AC0E00800B8020C49821B0090881019
:1010B000BC88A22B01561A01D127C0C127C0A11795
:1010C000C0B2A28D811EBDE00800C8120C09885A6A
:1010D000A79C7A16290789598192BCE008008802EA
:1010E0000C1A88180C09809A839080749802A219AF
:1010F0000037EA01BCC8A22900B2A000A0A145A007
:10110000CA202525009802A115C08809A08810A131
:1011100014C0A0882080A0058909E09A11A109C007
:101120008081459AAA7CE9001840908981980A90AC
:101130008810890AAD0381ECBCE00800AD0281781B
:10114000BCE008000C0246D1FF891B46E2FF9D0A65
:1011500016A8F8AD0846DDFF22A10206CCFF00006C
:10116000364100AD02E5EFFF1DF000003641008181
:10117000FDBF2248001DF00036410021FBBF81CE9B
:10118000BCC02000A80291CDBC80AA10C02000885D
:1011900002C1F6BF908810C0200089020C0B3C0EE3
:1011A0000C1F7CFDB72E01CC1A1DF00031B8BCE03D
:1011B0002B113A228802875A2BD098118099C0317E
:1011C00081BDD099119A9398A9C02000280C909DB8
:1011D00030001840008FA1209910808D30C0200071
:1011E000990C80AA101BBB46EEFF00003641000C94
:1011F0008CB2A0004BA2814EBCE008000C98890282
:1012000081CFBDE008000C2882420A1C28A25204AB
:1012100089121DF03641008119BDE008002166BD2C
:101220007CFB20A22081AFBCE0080091D1BF8809DF
:101230000B888909D6680220A22081ABBCE0080097
:101240008199BCE00800B1CCBFF1CABFC1CCBFDD01
:101250000AED0B0C1AE5200181ABBDE00800EC386B
:101260008158BDA15EBDC02000922841A09920C038
:101270002000926841C0200098F8A1C1BFA0991039
:10128000C0200099F881FDBCE0080020A2208196D2
:10129000BCE008001DF0000036410081F8BCE00809
:1012A000002145BDB2AFFF20A220818EBCE0080026
:1012B00091B0BF88091B8889096618248141BDA1A6
:1012C00047BDC02000922841A09920C0200092680C
:1012D00041C0200098F8A1ABBFA09920C020009980
:1012E000F881E6BCE0080020A220817FBCE0080075
:1012F0001DF000003641008132BDA138BDC0200084
:10130000922841A09920C02000926841C0200098F6
:10131000F8A19CBFA09920C0200099F81DF0000002
:1013200036410065F7FF1DF0364100A5EEFF1DF0C8
:10133000364100F022113A223194BFD022112A23E3
:1013400028023192BF0C183022C00C032038932D94
:10135000031DF0003641001CF827B8030C021DF0F5
:10136000818CBF2A88820800F648F0F0221190EBA9
:1013700003909D042A992184BFD089112A882808C6
:10138000A183BF8C9339084918A792D106F3FF00B7
:10139000A908991846FCFF00364100917FBF0C0850
:1013A000BD09A2A0D7768A11C809279C08D0881148
:1013B0008A8B28181DF01B888B992176BFC6FCFFED
:1013C0003661000C067CFC0C1BAD068176BFE00884
:1013D00000AD068175BFE008007D063170BF2803AF
:1013E00081AABBE008003D0A8D0B16B20C9812E8EA
:1013F0000297BB02063700B79905E7BA02C6340068
:1014000078628C27A872A977A872790A7165BFA83B
:1014100042779A0CAD0281C2BBE008000C1746EE81
:10142000FFA8327158BDF822707A1070AF2016AA4A
:1014300007A2020F176A64E0A3C00C14A733014D82
:101440000690B8C0CD0FDD0740BBC089319911E9C6
:1014500021F26100818EBBE0080088319811E821FB
:10146000F801A62A363A3F0C19F733019D068A7710
:101470007A79390279120C1BAD02814CBFE0080069
:101480003842AD062852814ABFE00800AD02E003B1
:1014900000AD068145BFE00800C6DFFFFA3E0C182C
:1014A000E733018D067A797A7846F1FF41E2BA5145
:1014B000E1BA4902591286F1FF8CC7A183BBB18200
:1014C000BBCD06813CBFE00800AD068139BFE00816
:1014D0000006BCFFCD06AD0EBD0946F9FF000000B9
:1014E000364100A50A00E5050022A000900000009A
:1014F0003661002131BFA2A103D802ECEDC12FBF9C
:10150000B130BFA130BFD2610020F220E2A016812D
:10151000ABBBE00800261A0BA802DC6AA2A1018678
:1015200002000000A129BFA5090056AAFE2D0A1D30
:10153000F00000008126BFE008000C08890286F652
:10154000FF000000364100A548FF2121BF38028876
:1015500012303AC00C12373A0222A00080BBC020E1
:101560002BC08149BBE00800A0A3C0811ABF0C19A1
:10157000A733010C09B022C0A26800A117BF9022B6
:10158000C0226801A55A15900000000036410021D4
:1015900013BFAD028113BFE00800AD020C0B811137
:1015A000BFE00800AD020C0C0C2B810FBFE008005F
:1015B000AD020C0C0C2B810DBFE008000C021DF0DD
:1015C000364100310CBF410ABFC10BBFB10CBF3067
:1015D000E320D2A000A2A03B290425A7FF2D0AAC3E
:1015E0001A31B7BC38039C4381AFBBE00800BD0A89
:1015F000C104BFA104BFDD0281B7BCE008000C0339
:1016000039041DF051F6BE0C2BAD058100BFE0087A
:1016100000A80381FFBEE008002D0A163AFE81A84B
:10162000BC8808165801819FBBE00800BD0AC1F4C0
:10163000BEA1F5BEDD0281A7BCE008008805513AD5
:10164000BCC020009808A803509910C02000990839
:10165000C020009228197CB5509910C020009268D3
:101660001925A0FF86E5FF0036610021EABE0C1AAD
:10167000BD0281EFBEE00800A71211D1E7BEC1E7AD
:10168000BEB2A174A1E7BE81ADBBE0080021E5BEFA
:10169000A2A00420B22081E6BEE00800A7120DD16E
:1016A000E2BEC1DEBEB2A17606F6FF000021DFBEBB
:1016B000CBB1AD0B293181DFBEE008001DF0000089
:1016C000364100B2A00020A22025030090000000B7
:1016D00036410081D9BE91D9BE0C4A990881A7BD77
:1016E00091D8BE92680081B5BCE0080081D6BEA941
:1016F000080C08890A25F7FF1DF00000364100811B
:1017000081BCE00800000000364100A51D00B05A71
:1017100020A02A20B03B2041CCBE56F5008145BA1E
:101720009145BA89049264011DF0000000E516009D
:1017300068145804673BE5B79602573ADF605520B6
:101740001645FEA51500E814F804606E01605B0103
:10175000A0D641F0F641D0D520F0F620F09DC0B0E3
:101760005641E0E6410C16973D0262A000E0C5C07C
:1017700060CCC0E61C0556ECFA16B9FAB914B1B340
:10178000BEA904A81B880BD6AA059A9862A0018757
:10179000390262A000CACACAC696BC018A820C1568
:1017A0002738010C052D089123BA8122BAAA333AB1
:1017B0003589049914460800990BC91B2A6F0C142B
:1017C000F7360242A0003A3ED026C03A340C142725
:1017D00036010C045033C04033C0AD02BD03E50DEB
:1017E00000C6D0FF009068C00C1D673802D2A00070
:1017F000C05AC0D055C0E6150556F5F916C6F969A8
:101800000B591B9A920C142739010C04CA332D0969
:101810003A3406F1FF000000364100418DBE40A47D
:101820002081F8BBE008003188BE822300922301AA
:101830009088208CB825EDFF81FFB991FEB989030E
:101840009913AD0481F3BBE00800B802813EBB38B8
:1018500012809B82302F31303980808BB2B2A00150
:10186000973302B2A0002A282A2B250300A0A3C088
:101870000C18A7330282A000B0B2C080BBC0E50341
:10188000001DF000364100AD028C12E5F8FF0C029D
:101890001DF000003641006510001DF0364100814A
:1018A0006EBEE00800316BBE280388132A2A0C1391
:1018B000A732010C038ABBBA331DF0003641004148
:1018C00067BEAD0481D0BBE008008165BEAD04C039
:1018D000200029088164BEC02000390881CDBBE00A
:1018E00008001DF0364100415DBEAD0481C6BBE07D
:1018F0000800215BBE315BBEAD04C020002802C0E1
:101900002000380381C3BBE008001DF036410025EC
:101910000CFF3D0A2D0B8150BEE00800A0A3C08142
:101920004DBE0C19A733010C09B022C09022C0A9EA
:101930000829181DF00000003661000C0BA2C10838
:1019400065550A0C0B8BA1E5F3FF6508FFA04A2043
:10195000B03B208141BEE008002D0A5D0B65F8FF19
:101960002084C0D13CBE0C1C8734010C0C5093C0A9
:10197000C099C0C80D281D808CC00C13873C010C79
:10198000039022C0AAA83022C00C13873A010C038E
:10199000B0B280B0B38065F2FF900000364100E540
:1019A000F6FF1DF036410030B32020A220E5CCFE2A
:1019B00082A104879A02A2A0002D0A1DF000000057
:1019C0003641008129BE880856B80B07E2050C0293
:1019D0001DF0000021AFBD222200A222088872B8AB
:1019E00092A7981CA862B71A46A5FBFF160A04E145
:1019F0001FBED11FBEC2A3E8B11FBE8144BCE00818
:101A000000B71A10E5F9FF8CAAE118BED119BEC2C1
:101A1000A3EF86F8FFA22206B22207B71A1165F8D3
:101A2000FF16BA00E112BED112BEC2A3F6C6F1FF84
:101A3000B2220D82220EA2220C879B17B8F2A71B9E
:101A40008C25F6FF166AF8E109BED109BEC2A401D1
:101A500006E9FF00A71B10E5F4FF8CAAE104BED144
:101A600004BEC2A408C6E3FFA8E2B8F2B79A02C651
:101A7000D6FF25F3FF165AF5E1FDBDD1FDBDC2A489
:101A80000FC6DCFF00000022A10386D0FF0000008B
:101A9000364100A2A10666321425AA00A0A074A2B5
:101AA000CAFF92A00082A10AA0898380A8202D0AE3
:101AB0001DF0000036810052C2FFB625228179BA9E
:101AC000E00800B1EEBD22A087F1EBBDC1EDBD2263
:101AD0006100B0EB20DD0A0C1AA598000C421DF045
:101AE000DC968170BAE00800B1E5BD22A08829012A
:101AF000F1E2BDED0BDD0AC1E3BD46F6FFB6431BC7
:101B00008169BAE00800B1DDBD22A0892901F1DABE
:101B1000BDED0BDD0AC1DCBDC6EEFF00E5A100A0F6
:101B20007A20261A1C815FBAE00800B1D4BD22A039
:101B30008C226100F1D1BDB0EB20DD0AC1D4BD061D
:101B4000E5FF2C4C0C0BAD0681FAB9E008000C0B3C
:101B5000B961B971E2C11850B793D2C11CCD03ADC0
:101B60000725AF009C0AD1CABDC1CABDA1CBBDB279
:101B7000A0618172BAE0080088617172BA58717010
:101B8000888229065088C28936A946391649260C0A
:101B90003246D2FF368100561301D1C4BDC1C4BD47
:101BA000B2A09FA1BDBD8165BAE0080081C2BD277A
:101BB000B80BD1C1BDC1BEBDB2A0A206F9FFA8330A
:101BC000C161BAA0A282D11BB90C0B81B0B9E008E7
:101BD00000B931B8132D0A82CBFDA9210C390C5A5A
:101BE000809A83880392411031ADBD26180231AC32
:101BF000BD395131ACBD26180231ABBDB0B074A2B5
:101C0000C108326106A50000A022C09000000000BB
:101C100036A1004D0221A7B97D01C020002802682D
:101C200004C0200029B728143030742957205620CA
:101C30000C02279502062600520408BD02D0851129
:101C40005977FB58505441C055115091C01019009C
:101C50005051C0101500CD08AD09893781B5B9E0E4
:101C6000080088379D0ACD08BD02AD05992781B0CF
:101C7000B9E008009827A1C7B9E0231188343A22B7
:101C8000A909B1ECB8C0A211AAA8B919C82AD83AB2
:101C9000B81AA80A89379927817DB9E00800484415
:101CA00098274967E04211286788374A4228044D3F
:101CB00009E093113A99C03911A02282E099119953
:101CC00047A905B9153A380C19887732C310872906
:101CD000163178B9C0200042270BC02000380337E6
:101CE00014638175B9E00800B804A857F803A08B05
:101CF00082A814C82360AA82D833AA8860AB826005
:101D0000BBA2A924BA88B8138934A0BB82808F8271
:101D10009927BA88A0BFA2A0AF82BAB8815CB9E007
:101D2000080098278B44D089118A85B918B847A92B
:101D300008E08911BA88B8671B998A8B8808A0A81F
:101D400082AA2286E0FF1DF03641009203004C0C6F
:101D50002B895A88AD02BD0622A101872C1D9AAAA3
:101D6000524A01424A00CD052BAA81D7B8E00800AB
:101D70002203002B552A555243000C021DF000008F
:101D8000368101814CB9A2A105C020006808C0209D
:101D900000626127614ABD72060C1687417806779A
:101DA0008202060401C2A0700C0BA2C1288160B996
:101DB000E008003991322130298139513221314CEA
:101DC0000239613221320C07326107E57200A9A1A4
:101DD000B9B11C0C40B420A2C130813ABDE008006A
:101DE0002241844851386128715261107241078242
:101DF000050016E8392C5AA71802C6A4009130BD78
:101E00001B55820500F2A01082C8E0808074873FD5
:101E10000287D9040C9A8601001B55C6F8FF1B5592
:101E200092050082C9D080807487BAF12CE88719A6
:101E30006C0C08DD08B2A06A0C8A0C2C0C1E9205F2
:101E4000009C59B79902864601973B674CCFF7999A
:101E500002064501F2A068F7197E0C0AA921A931F2
:101E6000A2A064A79902C6740097BA02464B004C20
:101E7000FAA7990206330097BA02C62C004C4AA76B
:101E80009902866200973A5F4C1AA7195F4B821C31
:101E90008987A9042729012C482D08867C001B5519
:101EA0000C9982050082C8D08080748739821B55C6
:101EB00086FBFF00F2A074F79902062C01F2A07ACB
:101EC000F79902862B01F2A06CF7998D26380286CD
:101ED0002B010C48DD0A4602002628028626018DC9
:101EE0000EDD0E1B5546D5FF4C7A973A9F263808D3
:101EF000668802460B015678197B227C89909210E5
:101F00008B291C8A8D0327AA06972A012C828D040F
:101F10002A8882C8F89818A2A0A08808B2AF671AC9
:101F2000AA892199318BE10C8D0CECBABA86960006
:101F3000005C8AA79902C6AE00973A2B5C588719B5
:101F40000206D2FF4B721C8A9D0377AA06272A013C
:101F50002C479D047A9992C9FC28098BE129210C10
:101F60004D0CBCC668000000A2A061A79902C6DEA5
:101F7000FF82A06387190286C4FF4B721C8A9D03EF
:101F800077AA06272A012C479D047A9992C9FC2832
:101F9000098BE12241080C1D0C0C462400A2A07004
:101FA000973A1DA2A06FA73902069200A2A069A7C6
:101FB0009902C6210097BA0246B4FFA2A06706CADA
:101FC000FFA2A075A79902868A00A2A078A799020D
:101FD00046880082A07387190206ACFF4B721C8AE8
:101FE0009D0377AA06272A012C479D047A9992C956
:101FF000FC2809D2A000226102D7120B20A2208166
:10200000ACB8E00800A0D074ED021C0CC6170000AC
:102010004B721C8A9D0377AA06272A012C479D0430
:102020007A9992C9FC28098BE129210C4D0C3C229C
:10203000A0A0B2AF671A22BAB2C635000066380255
:10204000862900F648354B921C8A261848F6286FD8
:102050004B721C8A9D0377AA06272A012C479D04F0
:102060007A9992C9FC28098BE129210C4D0C2C820C
:10207000A0A0B2AF671A88BAB8C62500665802C6D3
:102080003400F65802C62500666802C6500026785D
:10209000BE1B550656FF7D099D0377AA06272A0118
:1020A0002C479D047A9992C9FC28098BE1224108AA
:1020B0000C0C92A0A0B2AF671A99BAB9061500002D
:1020C0007D099D0377AA06272A012C479D047A994A
:1020D00092C9FC28098BE12251040C1CA2A0A0B2D9
:1020E000AF671AAABABA860A00004B721C8A9D030F
:1020F00077AA06272A012C479D0470998092C9FC73
:10210000222900E2C10829210C3CF2A0A0B2AF674D
:102110001AFFBABFA2C14425C3FF2D07461C000009
:102120007B227C899092108B291C8A8D0327AA0719
:10213000972A0222A0288D042A8882C8F898188835
:10214000088BE1892199310C4C82A0A0B2AF671AAB
:1021500088BAB8060D007B227C899092108B291CCE
:102160008A30832027AA06972A012C828D042A8888
:1021700082C8F898188808993192A0A0B2AF671A5F
:102180009989218BE1C2A005B0B980A2C144A5BB49
:10219000FF16CAEF2201070C0A224184819BBAE094
:1021A000080056BA1A28167CFA8C92C826B2A07873
:1021B000A2C120E002002D0AA13FB8C020004221A8
:1021C00027C02000380A379402466E00813BB8E0F1
:1021D00008004B721C8A9D0377AA06272A012C4708
:1021E0009D047A9992C9FC28098BE129210C6C463F
:1021F000BAFF000000663802862900F6482E4B928E
:102200001C8A26185CF628794B721C8A9D0377AAD3
:1022100006272A012C479D047A9992C9FC28098B2C
:10222000E129210C4D0C9C0681FF0000006658023C
:10223000063100F658020622002668CB2678028670
:1022400093FF4B721C8A9D0377AA06272A012C470D
:102250009D047A9992C9FC28098BE129210CDCC6DE
:1022600093FF7D099D0377AA06272A012C479D0429
:102270007A9992C9FC28098BE12241080C7C467BA3
:10228000FF007D099D0377AA06272A012C479D049C
:102290007A9992C9FC28098BE12251040C8C06849E
:1022A000FF004B721C8A9D0377AA06272A012C4740
:1022B0009D047A9992C9FC28098BE129210CAC462E
:1022C00086FF7B227C899092108B291C8A30832088
:1022D00027AA06972A012C828D042A8882C8F8989A
:1022E0001888088BE1892199310CBCF2A0A0B2AF0B
:1022F000671AFFBABF86A4FF7B227C899092108B5D
:10230000291C8A8D0327AA07972A0222A0288D0458
:102310002A8882C8F8981888088BE1892199310C9D
:10232000CC0689FF7B227C899092108B291C8A8D98
:102330000327AA07972A0222A0288D042A8882C888
:10234000F8981888088BE1892199310CFC86E6FF02
:102350000092A085BD0A1C0C9AA181DABBE008009E
:102360004690FF000C5886DAFE8D0A46D9FE0C68AE
:102370000C4D46DBFE0C7846FDFF8D0CDD0C46D87F
:10238000FE0C3846FAFF1DF036010132610532C1FC
:1023900010326110B1CDBB32C16032610F32A00486
:1023A000326111B0BE15E0301120BB01303241491D
:1023B00061597169817991B03320D6B300B1D5B933
:1023C000B03310B106B9B03320AD0281B9B7E0081F
:1023D00000B68A34B2C3FD3202064C5887933C984B
:1023E000F1822110322111C1B9BB926112826113B5
:1023F0003261149261158261163261179901891157
:102400003921DD020C1AA597FFB2210FC22110D28B
:10241000211120A220253005900000005C788793D0
:10242000E798F182211032211192611282611332F8
:10243000611492611582611632611799018911390F
:1024400021DD02C1A2BB0C2A86EEFF0036610070BE
:10245000F72050D52060E620CD04BD03AD02A5E5F0
:10246000141DF00036010182C110826110B198BBC9
:1024700082C16089F1AD030CC8597169817261092B
:102480008261118166B9E00800165A058192BBE0AD
:10249000B011808E15208801B0B24180BB20D6BB20
:1024A00000819CB980BB1081CDB880BB20A8F1927F
:1024B0002110822111A26112926113826114B2CBA8
:1024C000FD66121AA26115A901926116826117991F
:1024D000118921DD04CD03AD02658AFF8600002647
:1024E00022E1D2210FE22110F2211140C42030B3A9
:1024F00020AD02A5F5FF1DF0366100B2A000A2C11B
:1025000008659909560A022821310EB80C18309234
:10251000823032B2283120BF312A299732018D0A08
:10252000BA333A381DF0000081DFB7E0080022A37B
:10253000E8203AA2202A8246FAFF0000366100A174
:1025400066BB0C022931280AB2C10CC21201E52077
:10255000008CFAE162BBD162BBB162BB1C7C816BB7
:10256000B9E0080088310C120B88802A931DF00016
:1025700036C100261211D15CBBC15CBBB2A023A145
:102580005CBB81EEB7E00800A6440CD15ABBC15732
:10259000BB2C4B06FAFF0000B6230AD157BBC15330
:1025A000BB2C5B06F6FF2C0CB155BBC0A18081C6CD
:1025B000B6E008001C0C0C0B10A120815DB7E008F0
:1025C000001C0C0C0BCAA10C020C458159B7E00889
:1025D0000030528320858080807462C120E08811A1
:1025E000808680622800AD0665A013E0B21182C12A
:1025F00010CD0ABAB8AD066516008CFAE141BBD120
:102600003BBBB138BB3C0C8141B9E008001B2266E2
:1026100042C19841885158612871EC2332A73A3A57
:102620009982C85A9A8889115A889901892122C2A7
:10263000462A88E044112D0189314A4228041DF0C0
:1026400032A7E43A999A8889115A88990189218692
:10265000F7FF0000360101261211D123BBC129BBAF
:10266000B2A046A123BB81B5B7E00800A6440CD1B7
:1026700021BBC124BB4C7B06FAFF0000B6230AD164
:102680001EBBC120BB4C8B06F6FF2C0C0C0BCAA149
:102690008128B7E008001C0C0C0BAD018125B7E0C8
:1026A00008001C0CB2A000C0A1808121B7E0080086
:1026B000B116BB2C0CA2C1408184B6E0080022A058
:1026C0000082C1402A787807AD0765921382C12045
:1026D000CD0A2AB8AD076508008CFAE10CBBD10918
:1026E000BBB100BB5C2C8109B9E008004B2266C27B
:1026F000CF28B1B2A3842ABB289192A2BC2A99A860
:10270000A1288182A320AAA82A8828F1BAAAB931CF
:1027100020BBC028E1AA99A92120AAC028D19A8863
:1027200099112099C028C189012088C0FBBBA2CA89
:1027300014AB9982C828B971A96199518941E044C3
:1027400011CCF32D014A422804290522A35229065F
:102750000C021DF082C1104A4886FAFF3641000C77
:102760000A0C189D0A30988340A883A09920FC3950
:10277000208993ECE80C8BAD04658913CD0A0C0B12
:10278000AD0381EBB6E00800D1E2BACD04BD03ADE4
:102790000265020081E0BA879A0D0C1A8109B7E040
:1027A0000800C6F3FFA2A1022D0A1DF0364100A5C4
:1027B00087132D0A1DF0000036A10032610720A208
:1027C0002032A00039B1A582133D0A8C14403A632F
:1027D00041D3BAC02000480449614D020C0268B1DF
:1027E00056820037A60522240056F20441CCBAC016
:1027F00020008804ECC241CCBA0C174045C0AD02A1
:1028000040A783A04074CCF441C2BAFD024055C039
:1028100050F783F0507416A500486187940207644E
:102820000221BCBA672302863300D1C0BAC1C0BA44
:10283000A1C1BAB2A0588141B7E0080062020122EA
:10284000120172A1002A660C0267A71D211DB8683B
:102850000221B1BA9C268113B7E00800BD0AC1B0BD
:10286000BAA1B0BA811CB8E008000C0698B10C07F8
:10287000993177927E37A97B280482020192120156
:1028800080A5218A990BE992C91E6AAAE09EB3A984
:1028900051909521A7295A80C04460C793BD07DD98
:1028A00007860900001B787090440C0A0C1F90AF3B
:1028B00083A090741BDDCC69E088C080F9938C7F85
:1028C0001B8BB7161EBD080C0D8D0787AED60C0DE1
:1028D000B20200E871A851F2C12CE005002D0A1BDC
:1028E00066C6E1FF8831DA7877A3E480D3C086F743
:1028F000FF002D074B4406B9FF1DF0003641000CC8
:10290000A827B811D18DBAC18DBAB2A105A189BAD3
:10291000810BB7E00800D082112189BA8A2298027F
:1029200088129088C080824137B80CD186BAC183A2
:10293000BAB2A10646F5FF00E033119A33C0200079
:1029400028031DF0366100BD02AD0325FBFF000426
:1029500040A040917CF226C50A0C120015400022CE
:10296000A122C2FF20441098072177BA0C03202926
:102970001037A2080B227C888022201B22BC427BBD
:10298000899089B38083218A86CD02AD040C0B899E
:102990001199218184B6E008008811B20800B0AA1C
:1029A00020A248000C8898212028C05022432A9950
:1029B00099072055C00C090C8DE615030C021DF07B
:1029C00088072A997B288028B3CD09202321AD04CC
:1029D000BD032A2689119921D9318171B6E00800F9
:1029E000B20200B0AA20A24200D8318811D02543FB
:1029F0002A8889072055C0982106EFFF364100BD7F
:102A000002AD03A5EFFF7CF826C5090C18001540A0
:102A10000088A10B880014400088A1A0A810814B59
:102A2000BAE0080088060C02AAA8A90688075A88F6
:102A300089071DF03661008185B8E00800814BBA36
:102A4000E008008143BAE022112A687D0AA80681C5
:102A500047BAE0080077BA0BA2260070B72081447D
:102A6000BAE00800813CBA7CFB2A88A80889318139
:102A70006AB6E008009136BABD072A69A806813C0B
:102A8000BAE008006135BA0C0D2A66C0200039068C
:102A90003133BACD0D2A33C0200049033131BABDDC
:102AA0000D2A33C020005903312FBA2A33A80381DD
:102AB0005BB6E00800312CBA7CFB2A23A8020C028A
:102AC0008156B6E0080088310C0DA808CD0DBD0D6B
:102AD0008153B6E008001DF036A10051F6B542A0C2
:102AE00001C02000222500C0200022610B0C023D05
:102AF00002C120BADD030CFBA2C11DA5EE05AD0489
:102B0000814FB6E008008113BA0C3C8A82A9080CF8
:102B10000BAD048117B7E008008113BA0C3C8A8220
:102B2000A9080C0BAD048112B7E00800810EBAF1C0
:102B300008BA8A82A908A110BA39012AFF1C8EDDC1
:102B400003C2A400B2C11D811DB6E00800261A17F9
:102B5000D10BBAC10BBAA10BBAB2A0738178B6E09F
:102B600008003D0446E2FF004B226613F4C020003B
:102B700038B1C02000280527130581CFB5E0080033
:102B80001DF0000036410082A102F6221881FEB934
:102B9000E0080082A103662A0C0C0DCD04BD03AD34
:102BA0000225E9FF8D0A2D081DF000003641008244
:102BB000A102F6221881F4B9E0080082A103662A76
:102BC0000C0C1DCD04BD03AD02A5E6FF8D0A2D083A
:102BD0001DF0000036410020EB03202D04A2A01CB4
:102BE0006509FE20A2201CCCB2C251811AB8E008AF
:102BF000001CCA2507FE8C8221E5B90C18C02000F4
:102C000089021DF036410081E2B9E022112A88983C
:102C10000882292AA22929879A050C021DF00000A2
:102C2000B2292CE0A811AABBA80B1B8830AAC0A906
:102C30000BB2292BB728010C08D67AFD82692A46E7
:102C4000F4FF0000366100A632258116B6E00800C8
:102C5000B1D2B922A18AF1CFB9C1D0B9226100A005
:102C6000DA20B0EB200C1AE57FFF7CF21DF00000AB
:102C7000C0521141CBB94B354A337CFBAD038119AE
:102C8000B6E0080081C3B9E022112A2828025A447C
:102C900022222882A1012088102804AD03C0200030
:102CA0008942C020004832408820C02000893281FB
:102CB0000EB6E008000C0246ECFF0000366100A6EC
:102CC000322581F8B5E00800B1B4B922A0F4F1B51D
:102CD000B9C1B2B9226100B0EB20A0DA200C1A65AC
:102CE00078FF7CF21DF00000B6431C81EEB5E008D1
:102CF00000B1A9B922A0F52901F1AAB9ED0BDD0AAD
:102D0000C1AAB986F5FF0000C0221151A5B942C27F
:102D100004504480B2AFFFAD0481F2B5E008002A50
:102D2000A5BD03653913AD0481F0B5E008000C02C0
:102D300006ECFF0036610030B320A6322281D9B5FF
:102D4000E00800B195B922A0FEF198B9C194B9226A
:102D50006100A0DA20ED0B0C1AA570FF7CF21DF0CB
:102D6000A190B9C022112AAAE536130C0246FBFF36
:102D7000366100A6322581CBB5E00800B187B922C3
:102D8000A105F18BB9C185B9226100B0EB20A0DAB1
:102D9000200C1A256DFF7CF21DF00000B6431C814B
:102DA000C1B5E00800B17CB922A1062901F180B9C2
:102DB000ED0BDD0AC180B986F5FF0000C02211517C
:102DC00078B942C204504480B2AFFFAD0481C5B5AA
:102DD000E008002AA5BD03E52A13AD0481C3B5E0D0
:102DE00008000C0206ECFF00366100A6322381AD1C
:102DF000B5E00800B169B922A10FF16FB9C167B997
:102E0000226100A0DA20B0EB200C1AA565FF7CF24D
:102E10001DF0C022115162B942C204504480B2AFC9
:102E2000FFAD0481B0B5E008002AA5BD03652713F6
:102E3000AD0481ADB5E008000C0286F4FF0000008F
:102E4000366100A632258197B5E00800B153B9225A
:102E5000A118F15AB9C151B9226100A0DA20B0EB32
:102E6000200C1A2560FF7CF21DF00000C0221151D9
:102E70004CB942C204504480B2AFFFAD048199B551
:102E8000E008002AA5BD03652613AD048197B5E0CF
:102E900008000C0206F4FF00366100A6322581818D
:102EA000B5E00800B13DB922A121F145B9C13BB956
:102EB000226100A0DA20B0EB200C1AA55AFF7CF2A8
:102EC0001DF00000C022115136B942C204504480A6
:102ED000B2AFFFAD048183B5E008002AA5BD03654C
:102EE0002413AD048181B5E008000C0206F4FF0054
:102EF000366100A63225816BB5E00800B127B92202
:102F0000A12AF130B9C125B9226100A0DA20B0EBC5
:102F1000200C1A2555FF7CF21DF00000C022115133
:102F200020B942C204504480B2AFFFAD04816DB5F8
:102F3000E008002AA5BD03A5C601AD04816BB5E07C
:102F400008000C0206F4FF00366100A63225815508
:102F5000B5E00800B111B922A133F11BB9C10FB915
:102F6000226100A0DA20B0EB200C1AA54FFF7CF202
:102F70001DF00000C02211510AB942C20450448021
:102F8000B2AFFFAD048157B5E008002AA5BD03A587
:102F9000CC01AD048155B5E008000C0206F4FF0039
:102FA000368100204220302320A63423813EB5E024
:102FB0000800B1F9B822A47FF105B9C1F8B82261BF
:102FC00000ED0BDD0A0C1AE549FF7CF21DF0000054
:102FD00051F0B8E034113A6552260056A50181310E
:102FE000B5E00800B1EDB822A4802901F1F8B8EDF0
:102FF0000BDD0AC1F7B8C6F2FF81F9B8E008005846
:1030000006A07A20A2253920B2208103B5E008006D
:10301000164A1281E3B8C044114B548A557CFB50C8
:10302000A5208130B5E0080091DEB8B18BB44A89A3
:10303000A8088806C02000983A88380C0E0C1FCDCE
:103040000E0B88B0991090CF8380EF93C0C074E0CE
:103050008074DCA9DC88C02000881AB7081AD1DD8A
:10306000B8C1DDB8A1DEB8B2A4928134B5E00800E1
:103070008C5C8C38C02000B94AAD05811BB5E008D6
:103080000061C3B80C0B3A968809A2283B9971815C
:10309000E2B4E008000C2A8121B7E0080061C0B862
:1030A00098714A86A808C02000887A808095EC48EC
:1030B000C02000822A1B808434DC982809DD08A205
:1030C0002239CD08BD08897181D5B4E008000C0211
:1030D00006BEFF0000007CFB50A5208102B5E00881
:1030E0000081AFB8AD054A486804815BB4C02000D8
:1030F0004836804420C0200042660381FBB4E008CB
:103100000081B7B8E00800704AC00C0B47320520B8
:103110007780A0B7C0919EB83A392803A2223B819C
:10312000BEB4E008002803DC3ADD0ACD0ABD0AA2DD
:10313000223981BAB4E0080022A10746A3FF0C0D92
:10314000CD0DBD0DA2223946DFFF0000366100A67D
:10315000322581D4B4E00800B190B822A54EF1A187
:10316000B8C18EB8226100B0EB20A0DA200C1A653D
:103170002FFF7CF21DF000004186B8E082118A44E6
:1031800082240056A80181C7B4E00800B183B822A8
:10319000A54F2901F194B8ED0BDD0AC18DB8C6F237
:1031A000FF817FB8C022114B228A227CFBAD0281B5
:1031B000CDB4E008004804AD0248540C0249038134
:1031C000CAB4E00800C6EAFF36A100A6322581B5E0
:1031D000B4E00800B171B822A563F183B8C16FB83B
:1031E000226100B0EB20A0DA200C1AA527FF7CF2A8
:1031F0001DF000004167B8E052115A3442230056D6
:10320000A40181A8B4E00800B164B822A564290132
:10321000F176B8ED0BDD0AC16EB8C6F2FFA2243814
:10322000B2AFFF817DB4E00800815DB8C062114B90
:10323000368A337CFBAD0381ABB4E008009158B80B
:103240006A79880792AEFEC020007838907710C067
:1032500020007938AD0381A4B4E00800A22436B27E
:10326000C12C0C0C8163B8E008008D0A89717CFBCD
:1032700030A32056E805819BB4E008009145B8884A
:10328000715A5978055D0898578C39895752A001B1
:103290000C0882471CAD038194B4E008009C358182
:1032A00081B4E00800B13CB8C151B8DD0AED0B0CA7
:1032B0001A251BFF313BB86AA325F7FAAD026598C2
:1032C000FF0C0DA22438CD0DBD0D8154B4E00800D3
:1032D0000C0286C6FF8183B4E00800912DB8B8B116
:1032E0005A79A807985AB099C0995AAD026591FFCA
:1032F000AD03817DB4E008008871A22436BD088149
:103300003DB8E0080082270092081C16D9F4C208D4
:103310009DA22836D2A001B2C81D8137B8E00800AE
:10332000261A0246CDFF7CFBAD03816EB4E0080097
:103330007807885792079D9A8889570C0882471CFE
:1033400006C4FF003641008D020C02E6380E9110D3
:10335000B8E088118A8998080C189028931DF0000D
:10336000364100E6320E810AB8E022112A282802EE
:103370008C123262341DF0003641002120B81DF05D
:10338000364100811FB8E008001DF00036410021E1
:10339000B9B52802811CB8E00800A9021DF00000A0
:1033A0003641005222074118B8A119B8526400C230
:1033B000A4644116B8B2A0A581DEB3E008007C0584
:1033C0008119B8E00800405510CD01BD00A0E6030A
:1033D000904803804903410FB8894482C5C4590805
:1033E0000C089934C90492C5D0B914A924510AB85B
:1033F0006D0880E60350881080E613102000804896
:10340000030018400C180088A18049131020000CFC
:10341000001D0980E6036181B460882080E61310F6
:103420002000AD02650601AD03E5F3005D0A9C4A8C
:1034300081FEB7E00800BD0AC1F9B7A1F9B7DD0503
:103440008125B5E00800882451B0B628349844A8F6
:1034500004505810481450E6131020002048131050
:1034600020009049131020001D0A0D0480E613105F
:1034700020001DF0364100A506011DF03641002058
:10348000A22081EAB7E008002D0A1DF0364100565F
:103490001301D1E7B7C1E7B7A1E8B7B2A10C812703
:1034A000B4E0080026121C8C9226222326322C7CA3
:1034B000F21DF00081E2B721E2B789038022C086C5
:1034C000FBFF000081E0B721E0B7890306FBFF00A6
:1034D00081DFB721DFB7890306F8FF0081DEB7215E
:1034E000DEB7890306F5FF00364100B2A15820A2DD
:1034F00020E50601A02A209000000000364100A02F
:10350000EB03A0AD0481BFB5E008002D0A1DF0005B
:103510003661000CCC0C0B4BA12052208185B3E00E
:1035200008008C240C0229144BB1AD0581CCB7E006
:10353000080028215903291328312923815AB6E08C
:103540000800CCCA65FBFFA7950721AFB728022268
:10355000630130A320650C01A02A20BC5AE5F9FFC5
:10356000A79530AD05655301814FB6E00800AC2A40
:103570009C14882358133B885088C059047CC5503C
:10358000881082640141A0B7422400426301E5F53E
:1035900000A263021DF00000364100A2C228A5531C
:1035A000010C021DF000000036410065A9128223C3
:1035B0000080904416590042A0209094C041A8B7C2
:1035C000AA889A8892240187B9198197B7E00800E0
:1035D000BD0AC1A4B7A1A4B722A10181BEB4E0086D
:1035E000001DF0002CCCAD0289030C0B8151B3E01F
:1035F0000800280320CC412020B48C021BCC2814C6
:1036000040CC11C7B20581BFB4E0080021F7B4B8BF
:1036100004A802810DB5E008002D0A162AFC81825B
:10362000B7E00800BD0AC18FB7A190B7DD0281A93C
:10363000B4E0080046EAFF003661000C05CD050C39
:103640003B0C1A5931E50FF66D024D0A579A198154
:1036500076B7E00800BD0AC183B7A185B722A105EE
:10366000819DB4E008001DF000284AF6421B816EDF
:10367000B7E00800BD0AC17BB7A17EB78196B4E070
:10368000080022A10446F7FF0000D2A004C2C10C2A
:1036900050B520E524F62D0A9C8A8163B7E0080026
:1036A000BD0AC170B7A174B7DD02818AB4E0080019
:1036B00086ECFF0088312608C8B64804584487B510
:1036C0001A8159B7E00800BD0AD22103C166B7A12B
:1036D0006BB78180B4E0080086E9FF0049068903E2
:1036E00086E0FF00364100819DB4E0080081BEB451
:1036F000DD049C6A915BB79209088CE9A808CD03A8
:10370000BD0281CCB4E008002D0A1DF0A808CD024E
:10371000BD0381C7B4E0080006FBFF0036610071FD
:1037200050B7580268175A546735058176B4E008D7
:1037300000A20224169A0B2C05A055C04055634BDD
:10374000AACD05BD03AAA28160B2E00800820224CE
:103750008A8580807482422466C85C6802A8074B10
:1037600092CD08BD096AAA89219931A5F7FF6D0A92
:10377000882198319C8A812CB7E00800BD0AC139A4
:10378000B7A13FB7DD068153B4E008002D061DF058
:10379000A802CD08A2CA20A902A8A2BD0989219920
:1037A00031A5340162422488219831CD08BD0690AC
:1037B000A92081DFB2E008005044C06C088084106A
:1037C00016D8046802A8075A93CD08BD096AAA89C9
:1037D00021993125F1FF6D0A882198319C6A811267
:1037E000B7E00800BD0ADD06C11FB7A126B706E590
:1037F000FF5D0A06F1FFA2220A80C82090B9208945
:1038000021A52E01882168028A558A6669028044B2
:10381000C00C0667940286DCFFCD045AB34BA2812C
:103820002AB2E0080042422406D8FF003661003286
:10383000A000326103A580123202244D0A5108B75C
:103840001623043802A8054B623AAA2C0CBD066563
:10385000E9FF3D0A9C8A81F4B6E00800BD0AC10177
:10386000B7A109B7DD03811BB4E008002D031DF0EB
:10387000A2220AC2A02060B6202527018802324277
:103880002482C8208902A8A2CBB11CF3652A014773
:1038900033424B32B831CD04AD03810BB2E00800A6
:1038A0002C0640C6C00C0B4AA381A1B2E00800A8B8
:1038B000055802CD06BD035AAAA5E2FF3D0AACBADF
:1038C00081DAB6E00800BD0ADD03C1E6B6A1EFB6B5
:1038D00086E4FF00004030348C43810AB4E00800E5
:1038E000A8053802CD04B8313AAAC6F2FF88024AC8
:1038F00048490246DDFF00003641000C0C0C3B0C31
:103900001A25E4F5DC4A81C8B6E00800BD0AC1D535
:10391000B6A1DFB681F0B3E008001DF021D1B68872
:103920003A0CCC8902884ABD028912820A250C0A07
:1039300082420881FCB3E00800A932C6F6FF00000D
:1039400036410031C7B60CCC30B320A2A00081F5BF
:10395000B3E008008833A04A20A7181981B3B6E065
:103960000800BD0AE833C1BFB6A1CAB6DD0481D9DB
:10397000B3E008001DF048031644003813F6431660
:1039800081AAB6E00800BD0AC1B7B6A1C3B681D10D
:10399000B3E0080006F7FFA1C1B68106B5E0080054
:1039A000A2A001A50BF6B1BEB631BEB620A2203949
:1039B0000B31BDB6391B31BDB6393B31BDB6392BE4
:1039C00031BDB6394BA59DFF06EAFF003601013136
:1039D00039B2C2A02CC02000222300A2C130C020D6
:1039E0000022611722A000BD0229118151B2E00816
:1039F000002C052921A564124D0ACD05BD02A2C1E6
:103A0000102931814BB2E0080047B511D1ABB6C1E6
:103A1000ABB6A1ABB6B2A17881C9B2E008008BB158
:103A2000A2C10465C1FF2D0A56CA06322102A2C1F5
:103A3000584033C0250A016D02ECF3A22116CBB128
:103A4000250F01B821A811DD04C2C11040BBC0255B
:103A5000E9F52D0A16DA068174B6E00800BD0ADD24
:103A600002C180B6A199B6C609000000507363A8D0
:103A700011DD07C2C13460B62065E6F52D0AACDA67
:103A8000816AB6E00800A0BA20C176B6A18EB62041
:103A9000D2208190B3E008005107B2C0200042213B
:103AA00017C02000380537145A8103B2E00800A27D
:103AB0002116CD07B2C1346503017A667033C08622
:103AC000DDFF000000A2210340C420B2C11081BA72
:103AD000B3E008002D0A16EAFB8153B6E00800C1E6
:103AE00061B6BD0AA17AB622A109817AB3E00800C5
:103AF000B831A177B6E50601A177B6B2C110650667
:103B000001C6E4FF1DF00000366100E5DEFF82A083
:103B1000008921893165EBFFCC5ACBB18BA1A5B1CE
:103B2000FF1DF00036810056D401813FB6E0080049
:103B3000BD0AD169B6C169B6A16AB6E2A0FD8165C8
:103B4000B3E008007CD21DF00CCC0C0BA2C1148198
:103B5000F8B1E00800AD0281D6B1E0080062CA0108
:103B600072A02067B73F8130B6E00800BD0AD15D82
:103B7000B6C15AB6A15DB6FD06E2A0D78156B3E044
:103B800008000C028129B6E00800BD0AD153B6C175
:103B900053B6A15BB6FD02E2A101814EB3E008007D
:103BA00086E8FF0000007CC73B65706610692188CD
:103BB000214BAA706A10FB986A99709910714BB6E4
:103BC0009931921724262902462800A149B6BD0240
:103BD000CD06813DB1E008002227153971A8423891
:103BE0002269515961C2A00CB2C114E003002D0A30
:103BF000AC1A810DB6E00800BD0AD13AB6C137B69D
:103C0000A13DB6FD02E2A0E78133B3E008007CE20B
:103C100006DCFF0000222715B136B63822A842CDB7
:103C200006E003002D0A9C7A8100B6E00800BD0A78
:103C3000FD02E2A0EBD12BB6C129B6A12FB686F1C9
:103C4000FF222715C8213822A22204BD04E0030068
:103C50002D0A9C7A81F5B5E00800BD0AFD02E2A0BC
:103C6000EFD120B6C11EB6A125B686E6FF2831A643
:103C7000120206B4FFC6C2FF366100B2C10C20A218
:103C800020A59D0056DA0181E8B5E00800BD0AD8FC
:103C900002C112B6A11CB6810FB3E008007CDA2D78
:103CA0000A1DF00000A0DA20C22103A117B6B2A0BD
:103CB0000125E7FFC6F9FF00364100310CB6BD0211
:103CC0008223133223158912A8438823C2A020E03F
:103CD00008003D0A2C029CCA81D4B5E00800BD0A48
:103CE000D10BB6C1FEB5A10AB6FD03E2A09781F9DA
:103CF000B2E008007CE21DF03681002C0C0C0B10A9
:103D0000A120818BB1E00800DCC381C7B5E00800C9
:103D1000BD0AD100B6C1F1B5A100B6E2A0A781ED00
:103D2000B2E008007CD21DF07CC53B4450441051E9
:103D3000EFB5821524CCC82215281B222255282233
:103D4000C42006F8FF66184329212931AD010C6211
:103D50002961890149414951E5F5FF2D0AE61A1FFC
:103D600081B2B5E00800BD0AD1EBB5C1DCB5A1EB6D
:103D7000B5FD02E2A0B881D7B2E0080086E9FF00F5
:103D80008225134A4842651386E6FF00222515CD99
:103D9000048822A842BD03E008002D0AAC0A81A2D3
:103DA000B5E00800BD0AD1DBB5C1CCB5A1DDB5FDDC
:103DB00002E2A0C281C8B2E008007CE286D9FF001E
:103DC0002D044225132A4486EEFF00003681002C84
:103DD0000C0C0B10A1208156B1E0080031C4B54D88
:103DE000028213246618410C4829412951AD010C67
:103DF00062296182610025ECFF2D0AE61A1D818A85
:103E0000B5E00800BD0AD1C7B5C1B4B5A1C7B5FDBD
:103E100002E2A16481B0B2E008001DF02223134A3F
:103E2000222263132C0206FCFFCCC882132822C274
:103E3000201B8882532806F8FF8223132A88826376
:103E40001346F5FF362101211BB151A8B5C0200052
:103E50002802C0200022611B221524261202062FF0
:103E6000002CEC0C0BA2C13E3215288131B1E008C8
:103E70000041AEB522413E49E142A10142511E0C32
:103E800044425124251B1232513222611331A8B50C
:103E90000C0222611422611622611722611A222566
:103EA000153261182C83A251253C4C325133A84263
:103EB0003822C26115B2C138E003002D0A16DA05B6
:103EC000815AB5E00800BD0AD19BB5C184B5A19A5D
:103ED000B5FD02E2A087817FB2E008007CE23215E6
:103EE0002466234BD642068150B5E00800A0BA20D4
:103EF000D193B5C17AB5A192B5FD02E2A221817537
:103F0000B2E0080031ECB0C0200042211BC020000C
:103F1000380337940206130181E8B0E00800221547
:103F2000240C0A22C2FE3C43203A832D0346EBFFB9
:103F3000E61218813DB5E00800BD0AFD02E2A223A9
:103F4000D17FB5C166B5A17FB546ECFFC2A00C0C10
:103F50000BA2C12081F7B0E008000C030CCCBD031C
:103F6000A2C12C3961397181F2B0E008006550FFBF
:103F7000A558FFCD03B2C12C4D0A6559FF379A3EB3
:103F80003D0A0C046D03407420AD04254FFF4D0A1B
:103F9000561A0AAD0665E3FF3D0AA61A02C6EE00F0
:103FA0008122B5E00800BD0AD168B5C14CB5A16B4E
:103FB000B5FD03E2A19C8147B2E00800460C00A2D7
:103FC000C12C65CBFF621524A03A20661645D60A9F
:103FD000FB8115B5E00800A0BA20D15BB5C13FB5A3
:103FE000A15BB5326100FD04E2A181813AB2E00833
:103FF00000810DB5E00800BD0AD15EB5C138B5A19C
:104000006FB5FD03E2A1BB8133B2E008002D03468A
:1040100042000000A61A02C6D9FF8103B5E00800DD
:10402000BD0A3901FD04E2A183D147B5C12CB5A178
:1040300048B546EDFF654CFFA7940286D2FF70C7D6
:1040400020B2C12C40A420A54CFF16BAF3A2C12C6B
:1040500065C2FF821524A03A2066181FD6AA0381E4
:10406000F2B4E00800BD0A3901FD04E2A193D136A3
:10407000B5C11AB5A138B506DCFF0000E61A1A81F1
:10408000EAB4E00800BD0A3901FD04E2A195D12E91
:10409000B5C112B5A131B506D4FF3A6646BAFF00E4
:1040A000C2C118B2C12040A4206546FF162A0CA246
:1040B0002108C2A158BD0A25C4FF6D0AA61A0286AE
:1040C0008C0081D9B4E008002105B5BD0AD881A1D2
:1040D00024B5ED06CD0281FFB1E0080081D3B4E044
:1040E0000800BD0AF881D11FB5A11FB56901E2A181
:1040F000A620C22081F8B1E008007D0681CBB4E0A3
:104100000800BD0AD11CB5C1F5B4A11BB57901FDEC
:1041100004E2A1CB81F0B1E008002D0781C3B4E037
:104120000800BD0AFD02E2A228D104B5C1ECB4A189
:1041300022B50672FF6A77A617C1C8717A33BC0C24
:10414000A22106A0BA2025BBFF6D0AE61A2181B67E
:10415000B4E00800BD0AD107B5C1E0B4A108B5FDBF
:1041600006E2A1D481DCB1E008002D0606EBFF00D9
:10417000AA33AD046530FF4D0A563AF2A9B1A07AD0
:1041800020B2C12CAD076530FFCD0AD6EA0381A667
:10419000B4E00800BD0AD1FAB4C1D0B4A1FAB4E2C7
:1041A000A1E581CCB1E008007CD6819FB4E0080095
:1041B000BD0AD1E2B4C1C9B4A1F5B4FD06E2A22D95
:1041C00081C5B1E008002D06064EFF0000163A0931
:1041D000A8B1BD0A25B2FF6D0AA61A028620008189
:1041E00092B4E00800BD0AD1E6B4C1BCB4A1E6B403
:1041F000FD06E2A1ED81B7B1E0080056B6FA3A2219
:10420000A1E4B44C2B6A6222A00029B181C5B1E0BF
:104210000800E58B00A905B1DFB4A1DFB44C8D50D7
:10422000C5202590FF4D0AE61A46817FB4E00800BC
:10423000BD0AD1DAB4C1A9B4A1DAB4FD04E2A20482
:1042400081A5B1E008002D048178B4E00800BD0A22
:10425000FD02E2A233D1B9B4C1A1B4A1D6B40627FC
:10426000FF00AA441B7726470206C5FF6D0406E33C
:10427000FFA2C12C658400DC8A816BB4E00800BD1C
:104280000AC196B4A1C8B422AFFD8192B1E0080082
:1042900006EDFFDD0AC2210BA1C4B4B2A2A5658858
:1042A000FF2D0AE61A228160B4E00800A0BA20D1EE
:1042B000BBB4C18AB4A1BDB420F220E2A2128185B0
:1042C000B1E0080006E0FF0000A0A480E5AFFFA079
:1042D0002A20E61A1A8154B4E00800A0BA20FD0290
:1042E000E2A217D1AEB4C17DB4A1B1B486F3FF0090
:1042F0006A2A8603FF72A000C2C12CB2C114A2C1F7
:104300002072610BA52D00CD0AB8B1A851A59EFF62
:104310007D0AA61A020687FF8144B4E00800BD0AA0
:10432000E891D881C16EB4A191B4FD07816AB1E072
:1043300008007CE9971702867EFF813BB4E0080005
:10434000BD0AF881D188B4C165B4A189B47901E20C
:10435000A1AA8160B1E008000668FF006511FFC6F0
:1043600083FF0000001DF00036610032A0143931D7
:10437000561202812DB4E00800BD0AD191B4C15794
:10438000B4A190B4E2A2418153B1E0080032A1028D
:104390002D031DF0004155B40C0332542422641542
:1043A00025AAFF3D0A967AFE8831AA3839313802AB
:1043B000AC53A842CBB1E003003D0A16AA01811A12
:1043C000B4E00800BD0AC145B4A17FB4DD0381415A
:1043D000B1E0080006EEFF000038129CA3A842E0FE
:1043E00003003D0A9C1A8110B4E00800BD0ADD03F9
:1043F000C13BB4A176B406F5FF3175B488318903A9
:10440000E56C000C08A913892389338943A84288E5
:1044100022BD031C4CE008003D0A9C4A8103B4E025
:104420000800BD0ADD03C12DB4A16AB486E7FF0010
:10443000000082A001825424821428B0881182C80E
:1044400034826413E59FFF96AA0382A0028254245B
:10445000821428B0881182C834826413659EFF9646
:104460002A024222031674F2A842E004003D0A1612
:10447000DAF181EDB3E00800BD0ADD03C118B4A193
:1044800056B406D2FF3D0A46C1FF00003641008106
:1044900053B46CF992480092AFBE92480192AFAD0E
:1044A00092480292AFDE9248037CF9924808924803
:1044B000096C8A0C0992480A92480B924805924866
:1044C00006924807A248049146B4887222022099B5
:1044D000088C7292281492C9409268141DF0000052
:1044E0003641008140B40C0999081DF03641008026
:1044F000EB03808D041B28A082112A88F088112AE2
:10450000882139B4C088118A221DF0003641003854
:104510001230A3208136B4E00800BC6A9822A19C26
:10452000B02174B2AAA90C18A7B20DA19DB0219B0D
:10453000B0AAA9A7B20282A00097B31B0C1AA08848
:1045400030A08810DC08213AB03099C097B201AD94
:1045500008A0A0742D0A1DF00C0A86FDFF000000C3
:10456000364100818BB0A163B28A82873A2A9120BA
:10457000B40C1890938020998097BA5B81D1B29146
:1045800001B18A82873928811DB48A332A3382A0F7
:104590000137B9430C08860F00817FB0A180B08A33
:1045A00082873A1F9114B40C189A932A9997BA27C4
:1045B0009103B2A103B29A920C08973A1A8110B4EF
:1045C000C60200008177B08A82873AAF810BB48A35
:1045D000332A330C18373ABB8020041DF00000004A
:1045E000364100881298229028C02021609088636C
:1045F0008C04DC03D104B4C104B4A104B4B2A15846
:1046000081CFAFE008009133AF89033101B49A98AC
:104610009733028100B489041DF00000364100A2E6
:10462000220065ECFEA03A20164A02AD02E5EDFF3D
:10463000EC0A81ECB398081BA9A908D089119088CD
:10464000C091FFAFC088119A88891282C8708922F0
:104650002D031DF03D0A86FDFF0000003661000CB1
:10466000055261025931571202579311D1EBB3C170
:10467000EBB3A1E6B3B2A1AE81B1AFE00800AD02E9
:10468000CBC1B2C108A5F5FF82020041E5B36D0AB6
:1046900082441882020152440C824419820202228E
:1046A000020352440D22441B82441A22A06F983107
:1046B000A73235815DB3E0080021DAB3BD0AA1DA83
:1046C000B320C220DD068183B0E008008157B3E04B
:1046D0000800BD0AA1D6B320C220817EB0E0080048
:1046E000490322A24C1DF00000280961BDB36712E6
:1046F00002C6B600A2291481B9B3A02874A2480842
:10470000224809A02075A0A875A2480BA22915224D
:10471000480A6C82224804A02874224811A02075FF
:104720002248126CE2A2481022480CA0A87522AFC1
:10473000C2524805524806524807A2481352480D33
:1047400052480E52480F22481452481552481652E9
:104750004817A0C203A02874224819A02075A248B7
:104760001822481AA0A87522AFC3A2481B22481CD1
:1047700052481D52481E52481FA0C303A02874224D
:104780004821A02075A24820224822A0A87522AF67
:10479000C4A248232248245248255248265248277A
:1047A000A0C403A02874224829A02075A24828226A
:1047B000482AA0A87522AFC5A2482B22482C5248EF
:1047C0002D52482E52482FA0C503A02874224831EC
:1047D000A02075A24830224832A0A87522AFC6A2F8
:1047E0004833224834524835524836524837A0C6DA
:1047F00003A02874224839A02075A2483822483ADC
:10480000A0A87522AFB1A2483B22483C52483D5275
:10481000483E52483FA0B103A02874224841A0203E
:1048200075A24840224842A0A87522AFB2A24843D0
:10483000224844524845524846524847A0B203A035
:104840002874224849A02075A2484822484AA0A8B6
:104850007522AFB3A2484B22484C52484D52484EA5
:1048600052484FA0B303A02874224851A02075A23B
:104870004850224852A0A87522AFB4A248532248FB
:1048800054524855524856524857A0B403A0287471
:10489000224859A02075A2485822485AA0A875223B
:1048A000AFB5A2485B22485C52485D52485E524810
:1048B0005FA0B503A02874224861A02075A24860BB
:1048C000224862A0A87522AFB6A24863224864526B
:1048D000486552486652486750B60350287452489B
:1048E0006822486950207550587522486A52486BB2
:1048F0002209045829224448220905CBB9224449F7
:104900002209060C0C22444A22090752444C224434
:104910004B50287422444D50207522444E50287527
:1049200022444F1C02768222A80B82CC40E08811E0
:104930008A84A06874A24848624849A06075A0A80B
:104940007562484AA2484B1BCC4BBB22094C8229BA
:104950001622445C22094D22445D22094E22445E07
:1049600022094F82445022445F802874224451809F
:1049700020758088758244538229172244528028EA
:10498000748244542244558020758088758244572F
:10499000822918224456802874824458224459801F
:1049A000207580887522445A82445B57E502864B05
:1049B000FF6CF220551050287452444C22444D5044
:1049C000207550587522444E52444F4644FF000013
:1049D0006155AE5269156269145632F1A819A028C2
:1049E00074224449A0207522444AA02875A2444854
:1049F00022444B582950287452444C22444D502094
:104A00007550587522444E52444F884952D4018003
:104A1000287422454980207522454A802875224500
:104A20004B824548B859B02874B2454C22454DB028
:104A30002075B0B87522454EB2454FB869B028749C
:104A4000B24550224551B02075B0B875224552B2DA
:104A500045539879902874224555902075224556E3
:104A6000212DB092455420AA10909875A068749298
:104A70004557624449A06075A0A87562444AA244A3
:104A80004BD6B8C5208810802874224549802075EF
:104A900080887522454A82454BC610FF3641008109
:104AA000CFB22098742248009248012090752028A7
:104AB000759248022248031DF0000000364100169E
:104AC000520081C6B282620022A0941DF000000054
:104AD00036410021D7B21DF03641008C9281D5B20B
:104AE0000C099908991889021DF00000364100BD93
:104AF00003CCF2D1D1B2C1D1B2A1D1B25C8B818F42
:104B0000AEE008009C43A802CD048186AFE0080017
:104B10008812A9024A8889121DF000008143B2E080
:104B20000800BD0AC1C8B2A1C8B2816AAFE00800DE
:104B300006F9FF003641000C190C0820899380808B
:104B400074DC58308983DC08D1C1B2C1C1B2A1BCC8
:104B5000B2B2A071817AAEE008008C0329030C4246
:104B60001DF00000364100BD02561301D1BAB2C19A
:104B7000BAB2A1B3B2B2A0B28171AEE008008C7239
:104B8000A1B7B28154AFE00800B803A1B5B281511A
:104B9000AFE00800A1B4B2814FAFE008001DF00003
:104BA000366100480221B1B2C0200082241E8084F8
:104BB0001526280821ADB2263802212AAED1BDB172
:104BC0000C1AD0C382D0D3A20B9CC73902A2A0007A
:104BD0000B8D8A8A2AA90C1B973A010C0B8ABB8180
:104BE000ABADE00800CC4A8147AFE00800A03382BB
:104BF000C020008854C02211912DB03022C2203430
:104C0000B4908810308820C020008954C0200088CB
:104C1000543197B2202034308810C022012028203F
:104C2000C020002954C0200022241E0BAAC020004E
:104C30002931C020002831318FB2A0A07430221059
:104C400040AA11A0A220C02000A931C02000283114
:104C5000C0200022641E1DF0366100B8028183B2BC
:104C6000C02000922B1E909415262908817FB22621
:104C7000390281FCADC02000A85BC08811A090B4AF
:104C8000C09911A0A435A0A920C02000922B1EC05D
:104C900020009931C020009831909C741B99A099F4
:104CA000829088C289031DF0364100E50300C022CE
:104CB00011202A802222019000000000364100A528
:104CC0000200C02211202A80222200900000000051
:104CD000364100650100C02211202A80E0331130E6
:104CE00022802222021DF0003641002163B21DF015
:104CF000364100A162B20C1BA54C12A161B20C1B83
:104D0000254C12A160B2B2A001A54B12A15FB20C5A
:104D10001B254B121DF0000036410088024C068016
:104D200050544A8889025066C047B80772220172FF
:104D3000C701791216E50567345BA2C228BD035A84
:104D4000AACD0642C4C04A4581E0ACE008006A33FF
:104D50004C070C0562AFC060641070862016C80551
:104D6000E5170082221CFC380C1882621A82621C31
:104D7000F2221A0C190C08F08993A2221BED07FDF0
:104D800008D2C228CD06BD036517007D0AAC0A25EE
:104D900016002D071DF00C0706EEFF00006618CF69
:104DA0000C08A2221B82621A8BB2651100C6EFFFAB
:104DB00000A2221BB2C208A5110065130072A00058
:104DC0007714CEA2C22860C4C06AB350AA8081BE44
:104DD000ACE0080086EEFF00364100C2A0740C0B68
:104DE000AD028153ADE008001DF00000364100C265
:104DF000A0740C0BAD02814EADE008000C190C281C
:104E000030899382621B3D080C021DF03641002060
:104E1000A22022A00030B320CD04271404A5EFFF68
:104E20002D0A1DF03661004123AD922200C0200002
:104E30005224008812C020005931D08811905D257D
:104E400050882080A875D05911A2410480A0F5A2F5
:104E5000410582410780A8415088758241085080F1
:104E6000F582410950884182410A52410B90805499
:104E7000C2A078A241063C7580CCC08735043C8C2A
:104E800080CCC0B102B2AD0225F8FF5D0ADC7A0C1D
:104E90008C4BB1AD0225E8FF5D0ACCAA2C0C8BB27D
:104EA000AD038189ACE008002D05C020005831C059
:104EB000200038043715058100ADE008001DF00022
:104EC00036410030B32020A220E58200900000008F
:104ED00036410030B32020A220A57E0090000000C3
:104EE000364100E58500A2A020252EF190000000AB
:104EF0003641002C0A2536F1E584001DF000000043
:104F000036810059315D067070744C06B632070C5C
:104F100006F6820262A08057B61A8162ADE00800F0
:104F2000B1DEB1C1DEB1DD0AED0BA2A0016553FD1A
:104F30007CF21DF0008162B0A193AE8A836D03877D
:104F4000BA5F8113AEA1EBAF8A8387BA5E16B40550
:104F5000B6320832A080B68205F0410032A040305F
:104F600082418261043044C216C500B831DD07CDEC
:104F700008AD02256E000C070C059D054725040CA5
:104F80000246EBFFC2210470D72060B620AD029923
:104F900021256C0098211B553A667D0906F7FF0014
:104FA0000000BD04AD0381C5B1E008006145B098C3
:104FB000318174AE6A6967B802C66200BD05AD0989
:104FC00081BFB1E008000C0606030000B831CD0532
:104FD000813EACE0080069310C1889618CE481B233
:104FE000B1A1B2B18A84808741A0A8A2A9610C09AD
:104FF0009951885198619798060C0246610000000B
:10500000F63202864700B6820206D3FF82A080A154
:10501000A8B10CCCA0A463A941AAA580AAC2819C76
:10502000B1A9710C0BAD0881C2ACE008008D0AA1DA
:1050300099B10CCC0C0B892181BEACE00800882111
:105040001604059841C02000B808D19AB190C0B4A8
:1050500040AC11D0BB10A0BB20C02000B908C020BC
:1050600000A808B112AF3918B0AA10C0AA20C020F9
:1050700000A908C02000A808B19BACB0AA20C0209D
:1050800000A908C02000A808B1D5ADB0AA20C02052
:1050900000A26800A17FB116D506817EB1D185B18D
:1050A000C02000B80850C0B4409C11D0BB1090BBC9
:1050B00020C02000B908C020009808B1FCAEB0990B
:1050C00010C09920C020009908C020009808B18520
:1050D000AC5831B09920C020009908C02000980831
:1050E000B1BFAD5918B09920C0200099089C54C098
:1050F00020009808B1C9ADB09910C0200092680096
:10510000C02000A26802AD08650800A05A20168AD7
:105110000181E4ACE00800B160B1A0DA20ED0BC180
:1051200066B18615004C0806B9FFB871CD07AD020F
:10513000655600255100985188411B998044C08ACA
:105140003399517D0546AAFF88316191AD6A688126
:1051500069AF673802469BFF16A5E6B151B1AD05B0
:1051600081C7AFE008006D0A560AE681CEACE008C0
:1051700000B149B1C14CB1ED0BA0DA20A2A001658C
:105180002EFD7CF2AD068166ACE008008668FF006B
:105190003641000C5C0C0BAD022503002D0A1DF0FE
:1051A00036410042A00B52A06430B32020A220253B
:1051B000DDF28C4A0B44CC4449032D0A1DF0AD05A9
:1051C0008180ACE00800C6F7FF00000036E1005126
:1051D0003CB16D020C022971280556B209BD020CC2
:1051E000CCA2C1388153ACE00800BD020CCCA2C1F6
:1051F00044814FACE008000C122261122981BD05E8
:1052000022A010A2C13822610965F9FF2D0A712D73
:10521000B1CCFABD07A2C14465F8FF2D0AAC5AA86B
:10522000056514F381A0ACE00800B127B1C127B136
:10523000A0DA2032A00020F220ED0B0C1A6522FD2E
:10524000390539071DF0A805B2C120A543F3A80709
:10525000B2C1202543F30C480C62A807BD08CD025B
:1052600089C1893129D1A516F38831A805BD08CD9A
:105270000289A122610BA515F3A805E52FF3665459
:10528000570C7C49E1C9F1A805BD046514F3210D53
:10529000B1B2C11CA8020C172510F34871BD06F06D
:1052A00084114A88A04811811FAF4A88C020004855
:1052B00008704420C020004908C0200048087CE74E
:1052C000704410C020004908A8052550F3A802BD6D
:1052D00003A54FF30C0286DAFF22A1022644024600
:1052E000D8FF0C6C426111C2611246E6FF0000005B
:1052F00024F8CE3FEAA5033C0BA6033CAFBEADDECF
:1053000059A6033C36410091FAFF0C08A809879A78
:105310002F879209A1F8FF25420346030000C80227
:10532000262C10A1F5FF0C2B252F0082A102C6030D
:1053300000000000C8C2B1F1FFA1F1FFB79CE8294D
:10534000092D081DF0000000364100250C002D0A33
:105350001DF000007446C93F36610041FEFF0C029B
:105360003804290122A10316130431E1FF2803A800
:1053700082E00A0028039CBA2842A804BD01E0028A
:105380000048012D0A9C74322300322301E00300FF
:1053900006030000002862A8047CFBE002002D0A3E
:1053A0000BA20C130C02A023932020601DF0000020
:1053B00036610041E8FF0C023804290122A103BC38
:1053C000F331CBFF2803A22208E00A0028039CBA8D
:1053D0002852A804BD01E0020048012D0A9C543265
:1053E0002300322301E0030086020000002872A897
:1053F00004E002002D0A0BA20C130C02A023932040
:1054000020601DF02C46C93F0C46C93F36410021A3
:10541000D1FF32220020422056430231B5FF0C1B3F
:105420008803AD0B8828E00800A902DC1A2803A82D
:10543000B2E00A00BD0AA1F3FF251E000608000025
:10544000A515009CEA21AAFF3802A8B3E00A00BD16
:105450000AA1EDFF651C002802A8042832E0020022
:1054600022A1011DF025EFFF22AFFFCC6AE5090064
:105470002D0AE5F3FF1DF0004065C93F34F8CE3F2B
:105480002CF8CE3F4465C93F30F8CE3F4E46C93F69
:1054900020F8CE3F3836C93F36410081F7FF9208E9
:1054A00000EC39A1ACFF91F5FFA909A1F6FF91F439
:1054B000FFA909A1F6FF91F4FFA90991F5FFA1F554
:1054C000FFA9090C199248001DF00000B3A6033C87
:1054D00028F8CE3F8046C93FA45B0040D45B004023
:1054E000BC5B0040B05B00408C5B0040985B0040C0
:1054F000C85B0040045C0040F85B0040EC5B00408F
:105500001C5C0040285C0040685B00403641008124
:10551000FEFFE00800A0BA20A1EDFF22A000E50FE9
:105520000065F7FF41EBFF3224002793623170FFE3
:105530003C0A88038898E00800A904279A152803E4
:10554000A8B222A101E00A00BD0AA1E2FFE50C0019
:105550001DF0000031E1FF390A31E0FF391A31E076
:10556000FF392A31E0FF393A31E0FF394A31DFFFB4
:10557000395A31DFFF396A31DFFF397A31DFFF39DC
:105580008A31DEFF399A31DEFF39AA31DEFF39BABE
:105590001DF00000AE46C93F4436C93F36410021E8
:1055A000B9FF38424D02EC633152FF0C1B8803AD4A
:1055B0000B8828E00800A942DC4A2803A8B222A1EF
:1055C00001E00A00BD0AA1F3FF2505001DF000005F
:1055D00021F2FF29040C021DF000000036210139E0
:1055E000113134ABD811C020008803CD02ED04FD89
:1055F000054CFBA2C11CC0200082611B49215261E5
:1056000003A5EB09C0200082211BC0200038032D18
:105610000A3718058129ABE008001DF036A10032D9
:105620006101B2C130D2A004103120CD01AD0249D8
:105630002159316941795139A1B991D9B1E5F9FFC0
:105640002D0A1DF03641009122B0C0200088095675
:1056500078FF1DF0364100E5FEFF811EB0E04411E9
:105660005050744043803088C047931B411BB03278
:10567000A001C020002264002119B0CC152118B06F
:10568000C0200039021DF000A8033A98C02000A9EC
:10569000094B3386F4FF0000364100A5FAFF811163
:1056A000B0910DB0C020003908C020002909404049
:1056B000740C18210DB0562400210CB0C0200089B4
:1056C000021DF00036410020A22065A910A02A206A
:1056D00025F7FFB107B0CD02AD0325AA100C0827AE
:1056E00098058188ACE00800E098119A939809CC5D
:1056F000391B8806FAFF1DF0364100AD0225A610C1
:1057000081FCAFE0AA11AAA33088C0A793011DF0C5
:10571000B8033A98C02000B9094B3306FBFF0000DC
:10572000364100A1F4AF8115ACE008001DF0000087
:10573000364100A1F0AF8112ACE008001DF000007E
:10574000364100E5FDFF1DF036410065FEFF1DF00E
:10575000364100AD026500001DF00000364100201A
:10576000A22081EFAAE008001DF000003661005C75
:105770000887920F3BA47CC440AA10880A4BAA86D3
:105780002F0000002080340CC987B902C624009184
:10579000DAAFE088118A898808A008000000BD01FE
:1057A000AD04E59F10C6020000000010B12040A427
:1057B0002065A110822100861B0082040192040052
:1057C0008088119088208603008204019204008062
:1057D00088119088208088232BA4C612009204018F
:1057E0008204008099118099208204024BA40088D1
:1057F00011909820820403808801908820060A0076
:105800009204018204008099118099208204028B05
:10581000A400881190982082040380880190882039
:105820004601008138ACE008009C4892A07090923C
:105830001092C9F09034830022233A88D61200884F
:105840000889052D0A1DF000366100A2021482A00D
:10585000FF871A1DA0802426281DF638060C4C9CB4
:10586000E8C601002638160C8C2648148126ACE0C8
:1058700008000C0C46020000CD08C6000000C2A0C3
:1058800004C0C382322203B22202DD01C0C3C0E5DC
:10589000EDFF28011DF000003681007CF8505830E3
:1058A000883249415A5810B120AD05658F10B801B2
:1058B000A05A20163B0120A220E5F8FFC2C110BD6E
:1058C0000325941016EAFD460000AD0B2D0A1DF0CD
:1058D00036410082A0FFAD0387124682A07080820D
:1058E0001026C81F2C0287320ABC580C0A26B8336F
:1058F000060A000026D81E5C022718253C0227183D
:105900000BC6050025EE0046060000000025ED0050
:10591000060400000000A5EA00C6010081FAABE021
:1059200008000C0A2D0A1DF036410020B22030A3D9
:1059300020E5F9FFA0BA20DD05CD04AD03E5E2FFC7
:105940002D0A1DF03661000C0AA71204AD0225E7EE
:1059500000A26400B20300C2C30132A0FF371B0CD7
:10596000D2C404AD0225FCFFCD0A860000A264016A
:10597000220C0032A0FF224414A2CC0137120E10D8
:10598000B120E5811088018A8A893446010022A06D
:1059900000226403220A0010B1202244151BAA250C
:1059A000801088012D0A8A8A89441DF036E1000C96
:1059B0000AA9B1A9A126120206A2008150AF9150F6
:1059C000AF8AB4B9D1473B012D0A9A555A5259F1C1
:1059D0000C12CC4542210DB624010C022020742269
:1059E00061100C1922C3FA0C048221102049834053
:1059F000281029E19C0222C6D08862588228920C85
:105A000034209493066B0000AD07101120A5DA0036
:105A10005D0ACC2A46580000BD0ACD01AD07101121
:105A20002025F2FFCD0AA20114BD07C26113101197
:105A300020E5E9FFA921B2C128AD0710112025D624
:105A40000028A14D0AC2211356220042CAFF284154
:105A5000273C02C64900B20115D2C1240C0A10111C
:105A60002065ECFFB20115CD0AD2C1200C0A10113D
:105A70002065EBFFB20115CD0AD2C11C0C0A101132
:105A80002065EAFFB2C118101120657110889128B5
:105A900001CD0A8A2227B404C84106ECFF88818A16
:105AA0002227B4A928718C2248114A2288611678CD
:105AB0001B484116220C0B888A4416B40C980682A7
:105AC000C62007690482C6D0880889B182C8B08818
:105AD000080C1989C1308304908830826112B2C1E8
:105AE00020AD04101120256E10B2C11CA26111104E
:105AF0001120656D10D88116DD06A61D22D0BD20AF
:105B000010A12010112025D4FF16CA1488C116A890
:105B100005C2C12CBD08101120A56E108610000012
:105B200098C19CC98221129C789221109C29B8C1ED
:105B3000C8B1AD0110112025D6FF0C1BB0AA30064C
:105B400007007CFAD0DA30A831B2C118DAAA1011F5
:105B500020E56410A8610C080C19A09893AD09A069
:105B6000A0748C6A463C00000C1889E1887116F814
:105B70000E9221118A4906D9FF0C82863C000C083E
:105B80002D084D080C19C600008D040C290763234D
:105B90002629E538F156030B98D1B62902062A00CA
:105BA00038B162C6D089664976598639A629968663
:105BB0002500000037E31038F1CCB348D1F62407B4
:105BC00066191D8604000000661904C62100000045
:105BD000D62804101120E56000AD061011202543E1
:105BE00000D61803CD0150B52070A7208261131094
:105BF000112025D5FFA20114BD0710112025CDFFCE
:105C0000A921A20114BD0710112065CCFF32C6D016
:105C1000822113A26309CD060C2BAD0782611310FC
:105C20001120A5B5008221130C3BCD08AD07101142
:105C300020A5B400BD02AD0710112065B7000C729D
:105C4000460B00000C32C609000C628608000000FA
:105C500020A220A529006556008221080C39C6CA59
:105C6000FF98E11629F146C8FF16C2F04D0846C656
:105C7000FF1DF00036810020A220101120E5260033
:105C800022C2D08892A822688258624832892110A4
:105C90001120655300AD02101120252500101120A0
:105CA000250800880A98C822C850076902222800DF
:105CB000CD01BD060C0A101120A5C8FF62C2B0B804
:105CC00006DD05CD02AD01101120E5BCFF8C4A10A8
:105CD0001120E52E00AD04101120E549001011201F
:105CE000652600101120252600AD02101120A5C840
:105CF00000000000364100AD0225A6FF1DF00000A7
:105D000036410016A201A2220016CA00384AA2CAD1
:105D10003025DA00AD03C6FBFFAD028181A9E008A2
:105D2000001DF0003641008178AEA176AE920804E5
:105D3000165900A2280025C1F6A02A201DF0000057
:105D40003641003171AE216FAE820304AC88A803E6
:105D500065BFF62D0ADCFAA2A0088118ABE00800A6
:105D60002D0ACC1A654500A0BA20A2230025C0F652
:105D7000560AFFA26200A9121DF000003641002160
:105D800062AEB162AE82A00020A220824204E5B2DF
:105D9000F692A0010C08A089838242041DF0000045
:105DA0003641008159AE9208048C39A80865B5F6D1
:105DB0001DF000003641002156AEC020002802C070
:105DC00020001DF03641004153AE0C0BAD04101104
:105DD00020E598F60C022924101120E50710A934BB
:105DE0002D0A8C6A81F6AAE00800A9248824CC68D0
:105DF0008934891406070000891429080C0229181F
:105E000006040000AD04101120259DF6AD0210110E
:105E10002065B6001DF00000364100A13EAEE59BB6
:105E2000F61DF000364100813CAE20A220826200C7
:105E3000E54410900000000036410020A22065FEDD
:105E4000FFB2A00820A220A53A001DF0364100AD07
:105E500002BD030C143712178202002CA20C042777
:105E6000180D81EEAAE008000C12A0428340407495
:105E70002D041DF036410082210832210922220121
:105E800087960EB817AD0265FCFF8C4A49230605BC
:105E90000000B2250120A22025FBFF167A000C127B
:105EA0006903491329330C021DF00000364100B28A
:105EB0002301A2220165F9FF169A000C8889350C8E
:105EC00068490589152D0A1DF0000000364100B80B
:105ED00013A812A5F7FFCCEAF6450C8803CD048879
:105EE00058BD02AD03E008002D0A1DF03641002523
:105EF000E5FF82C2D022280CE101AE922A00E0D256
:105F000080C8D8F1FFAD0C1B273D010C0BFACCCAA1
:105F1000BBCC1BB62D0E8C49101120252A00890AF6
:105F20008607000000C8581BBCD64C000C1BC0BB29
:105F3000C0B958B81A0BBBB91A8719039948890A0E
:105F400098A82D091DF00000364100A5DDFF822A2A
:105F500000163805D2280CE1E9ADB2280DEACDF1E2
:105F6000E8AD0C19D73C010C09FABBBA99CC19B6AB
:105F70002C050C09460600009858D6A9001B99EC80
:105F800039B848B90A46070092C9FF56E900922875
:105F900004990AA2C830E5B100C6020000D6590033
:105FA000101120A5210099581DF000003641003045
:105FB000B32020A220652400A02A201DF0000000AC
:105FC000364100E5D7FF222A01822A0022C2012998
:105FD0001ABC88E8C8C1C9AD98D8CABED1C9AD0C31
:105FE00012E73B010C02DA999A22562200B62B07DF
:105FF0000C02290A060200002228052020602958E8
:1060000022C830AD02E5A000AD0225EEFFE51A0082
:1060100036410016C20220A22025EDFFB22200C1A7
:10602000B7AD9812CAABD1B6AD0C18B73A010C088F
:10603000D09980908880CC98F62A0722C2D0A832C6
:10604000651300A51700000036410081B4AD20A201
:1060500020826200E5DCFF90000000003641002055
:10606000A22065FEFFB2A00C20A2206518001DF042
:10607000364100AD02BD030C143712178202002C0A
:10608000A20C0427180D8165AAE008000C12A0429A
:10609000834040742D041DF036410047960DB22513
:1060A00001A22201A5FCFF82A006DC2AA822ED069F
:1060B000280ADD052882CD0430B320E002008D0AD5
:1060C0002D081DF0368100C22201922111B2250156
:1060D000C0AC209951C941A5F9FF8D0A9851C8411A
:1060E000ACCA690949199673012221103A66607297
:1060F000C00C130C667036837D0339390C08861288
:10610000007CE20C082793430C122939060F00008B
:10611000A22110A79619B22701C0AC208261049970
:1061200051E5F4FF884198518C4A4929060700003F
:10613000A822822110280A890199112872FD07EDF1
:1061400006DD05CD04BD03E002008D0A2D081DF01B
:1061500036410050D52040C42030B320AD02E5D4F4
:10616000FFCCDAA822DD05280ACD042862BD03E0B1
:1061700002002D0A1DF00000364100E0020081E11E
:10618000A9E0080020A22010112025D6FF81DDA95A
:10619000E0080010112025DBFFAD022603051011D9
:1061A00020657D00101120E5ACFF00003641002184
:1061B0005CADC020002802C020001DF0364100E583
:1061C000FEFF65FBFF000000364100E00200E5FE37
:1061D000FF0000003641002153ADC020002802C05E
:1061E00020001DF0364100E5FEFFE5FDFF00000048
:1061F000364100AD026556FF1DF0000036410056E5
:1062000012000C12AD0281EDA9E008004D0ADCCAB3
:1062100010112025BAFF164A01E00A0006F9FF26F0
:106220001302A5F9FF20A22025CCFFE5D1FF2D0404
:106230001DF000003641000C0880A8209202001BCF
:106240002290B064001A4000BBA1009923B08820BE
:106250007BAA9669FE89031DF00000003641000C00
:1062600008BD029D08A20B001B2BA0B064001940C2
:1062700000BBA100CA23B088207B99BD02964CFECA
:106280001CFB973B0E676A0BA2AFFF001940009AF8
:10629000A190882089031DF03661005C0887920F69
:1062A0003BA47CC440AA10880A4BAAC62D0000005B
:1062B0002080340CC987B902062300911BADE08809
:1062C000118A898808A0080000BD01AD0465F6FFA9
:1062D000860100BD01AD0465F8FF8801861B0082C0
:1062E00004019204008088119088208603008204B3
:1062F000019204008088119088208088232BA4C6F6
:106300001200920401820400809911809920820475
:10631000024BA40088119098208204038088019089
:106320008820060A00920401820400809911809955
:10633000208204028BA4008811909820820403809C
:106340008801908820460100816FA9E008009C48E0
:1063500092A07090921092C9F09034830022233A58
:1063600088D61200880889052D0A1DF03641008262
:10637000A0FF87123E82A07080821026C81E2C02C9
:10638000873209ACD80C0226B82B06080026D8178D
:106390005C0227181E3C022718070604002893C633
:1063A000040028A38603000028B3060200008155DC
:1063B000A9E008000C021DF036C1003C8CBD0210A3
:1063C000A1208141A7E0080088439CA8A81892CA90
:1063D000F4C80992C8108902991292C82082C83064
:1063E0009922893246110000A842881392CAF4C843
:1063F00009985280824192C9F09902C09811909CEC
:10640000C00C1B4603000000E0DB11DAD2990D1B23
:10641000BB92C910872BF09D0146030000E0B81124
:10642000D809BAB2D90B1B884B99A648EFA952C913
:106430004298C281A4A732030B8089108C4381A9A2
:10644000A780892089C21DF036810081B8ACE05058
:1064500011808E152088013C8C0C0B505241AD02EE
:1064600080552081B3A7E008001C8C59620C0B0CEE
:1064700085AD0181AFA7E00800591152C1405952C2
:106480008151AA51AAAC39428055105972BD01AD53
:106490000265F2FF49621DF03681001C8C0C0B0C6A
:1064A00004AD0381A3A7E00800498248C2A8624066
:1064B0004F0542C4FFB2C22440AA802519015D0ADB
:1064C000164A17681A4B4A6044C09B64AD0681782F
:1064D000A7E008008204091BAA72A065AAA6779803
:1064E0002C82040A72A068779823720A01620A005B
:1064F000807711607720620A020066117076206250
:106500000A034BAA8066017066206933BB648BB1B5
:1065100025D2FF4BB165D4FF4204086614071B4A1D
:10652000720A000602008BB1A5D0FF78214D0A79CE
:10653000137CF772430992060082A07A0C078799B0
:106540006BAD048BB1E5CEFF78210C184D0A7A7A39
:1065500082430A1B6606150097980882040082434E
:10656000098602005C2AA7980B8204008243081B5C
:1065700044061000005C0AA79825820400BD02AD05
:10658000089951894165DEFF88411BC4BD0ADD01C0
:10659000AD0865D0FF88014D0A89039851060500B2
:1065A0005C3AA7981E0C1882430BC601001B664C70
:1065B000C9860000001B660B868208005688F9CC4D
:1065C000674600004D0716C40882030842A0FF4733
:1065D000181F80802426281FF638080C449CE846A3
:1065E000020000002638150C8426481281C6A8E057
:1065F00008000C04C60100004D084600000C44F0E1
:1066000044118B444A4552030A16B50040A4201099
:10661000B12025C2FFA04A2052030962A0FF6715DE
:1066200016BD0250A52065D4FFCD04BD0ADD01AD25
:106630000565C6FF4801498228028CE248020C52D7
:106640009C44404E15E04411860000000C84491320
:106650000C02860000000C321DF0000036410030B4
:106660008221E088118A222802303014E033113A66
:106670003228031DF0000000364100AD02BD03A525
:10668000D3FFA853DC0AB813AD0225FDFF8121A971
:10669000387280AA1030AA20A9621DF03681000C41
:1066A000160C47BD01AD0325DFFF884258538055C6
:1066B000C00C085087835D08FC9A8801CC68AC75D3
:1066C000C607000000000C2BC802D812FD03ED0223
:1066D000B0B5200C1AE00800267A1E268ADFC60410
:1066E0000000008188A8E00800BD01AD03A5F8FF07
:1066F0001B6646EBFF0C2A46000069042D0A1DF0BC
:1067000036C100683278420C15B2C11030A320A502
:10671000D8FF8D0A8C1A665A4F0CA9B2C8FB7901B2
:106720001CAAB0A993C802D812BD0A89C199D1FD8B
:1067300003ED020C1AE0060088C198D1EC9A2658A5
:106740002C8841CCB8B2C110AD03E5F2FF1B5586D1
:10675000EDFFC802D812FD03ED02BD090C1AE008D6
:10676000008D0A267A07268ADB0C28460000590489
:106770002D081DF036410028521DF0003641003032
:106780008221E088118A222802303014E033113A45
:106790003249031DF000000036410028621DF00060
:1067A00036410088C22862808F0589031DF00000F1
:1067B00036410039621DF00036410028821DF0008C
:1067C00036410028B21DF00036610010B120A2C28F
:1067D000FFA5E700161A00A8212D0A1DF0000000F1
:1067E00036410028A21DF00036410028921DF0001D
:1067F00036610110712081CFABE0080031CDABE0F4
:10680000C011303E15203301C0C241B2A0B030CC1F
:10681000207ABBA2C73825C3FF3C8CCAB7AD07811D
:106820002AA6E00800B2C770AD07E5C6FF3D0A26FC
:106830005A2E8C3A0C33C6090082271CCC98B2C75A
:1068400070AD0765E3FFC6F6FF0C1BC802D812FD4A
:1068500007ED02AD0BE00800266A0A268ADF86F4FF
:10686000FF2D03461D0088573C8C8942CAB7393238
:10687000AD078115A6E00800AD02C2C770BD07E5EF
:10688000E1FF2D0A667A54C8678D030C1A30B320D5
:1068900042C7388A24D8028A27E8029D0B2D0BE0D4
:1068A0009A93D02A932099109090749CA9E09DC04F
:1068B0002D0B902A932090748CD99D039A2EF80268
:1068C0009A2DF9024B9966B9F24B886688C1E03C73
:1068D000112B33004240300381C6FFFF1DF0000042
:1068E0003641011071208193ABE008008193ABE049
:1068F000C011808E15208801C0C241B2A0A080CCFA
:106900002070BB80A2C73825B4FF3C8CCAB7AD0746
:1069100081EEA5E00800AD023932426204C2C770C0
:1069200070B720E5DDFF2D0A6672480C08E867C2E3
:10693000A001DD0832C7388A23A8028A27B8023DA1
:106940000D2D0DB03C93A02C93270313B71A100CF8
:10695000090C427682099A3B38039AFA390F4B990F
:106960004B886688CEE03E112B33004240300381D5
:10697000060000001DF00000364101107120816DFD
:10698000ABE00800816EABE0C011808E152088015D
:10699000C0C241B2A0A080CC2070BB80A2C738A5E5
:1069A000AAFF3C8CCAB7AD0781C8A5E00800383201
:1069B000C2C770BD07AD02CC6325CEFF0601000043
:1069C00000E5D3FF0C08E8670C12DD08267A058184
:1069D000CDA7E0080042C7388A34B8038A37C80315
:1069E0009D0D3D0DC09293B03293370914C71B1112
:1069F00092A0000C4A768A099A3C38039AFB390F18
:106A00004B994B886688CDE02E112B220042402006
:106A100002811DF036410138327D01CCA3AD022543
:106A2000DDFF2D0A06220000008142ABE008008154
:106A300044ABE0C011808E15208801C0C241B2A0D5
:106A4000A080CC207ABBA2C738E59FFF3C8CCAB798
:106A5000AD07819DA5E00800AD02C2C770BD072546
:106A6000CAFF0C08386722A001DD08267A0581A537
:106A7000A7E0080042C7388A94B8098A97C809ADC8
:106A80000D9D0DC0A293B09293970A13C71B100CD3
:106A9000090C4A768A099AECF80E9AEBF90E4B9992
:106AA0004B886688CEE043112B440042404004816D
:106AB0001DF000003641008822BD028C380C1AE01F
:106AC00008001DF036E100107120811AABE00800CB
:106AD000811DABE0C011808E15208801C0C24180AD
:106AE000CC20B2C770AD07204220E595FFB2C73871
:106AF00070A720659AFF2D0A8C1A665A16BD03AD41
:106B000007E00400CCCA26520CB2C738AD07A5B6C0
:106B1000FF06F6FF0C321DF03641000C0880A8205D
:106B20009202001B2290B064001A4000BBA10099A1
:106B300023B088207BAA9669FE89031DF00000001F
:106B40003641000C08BD029D08A20B001B2BA0B013
:106B50006400194000BBA100CA23B088207B99BD06
:106B600002964CFE1CFB973B0E676A0BA2AFFF0020
:106B70001940009AA190882089031DF0366100F029
:106B800075118D041B77C611001B9767A919E04783
:106B9000114A48C814B804AD028911926100E0039B
:106BA0000098018811A079A3E055115A48E05711C7
:106BB0005A58C805B804AD028911E003008811D6FF
:106BC0001A01A8059804A904F0471199055D071B4F
:106BD000746727B41DF0000036610058148B6450B0
:106BE0007141060300ED05DD07CD06BD03AD02E5ED
:106BF000F8FF0B776607ED0B75E055115A540C083A
:106C00000607000000A8259824A9249925ED07DD92
:106C100008CD06BD03AD02890125F6FF88010B777B
:106C200052C5FCE617DE1DF036410082A0FF871238
:106C30001E20802426281DF638060C429CC8060219
:106C40000026381522A008264811812EA7E008004A
:106C50000C028601002D084600000C421DF00000C9
:106C600036410082A0FF87123682A07080821026F3
:106C7000C81D2C02873209ACB80C0226B8290606BA
:106C8000003C0227180E5C030C0237181A4602005B
:106C900028138604002823460300811AA7E0080071
:106CA0000C02860000002D081DF000003661005C1B
:106CB0000887920F3BA47CC440AA10880A4BAAC63E
:106CC0002D0000002080340CC987B90206230091F2
:106CD0009EAAE088118A898808A0080000BD01AD3D
:106CE0000465E3FF860100BD01AD0465E5FF880191
:106CF000861B0082040192040080881190882086FF
:106D0000030082040192040080881190882080880A
:106D1000232BA4C6120092040182040080991180E2
:106D200099208204024BA4008811909820820403C9
:106D3000808801908820060A009204018204008065
:106D400099118099208204028BA4008811909820C8
:106D500082040380880190882046010081EAA6E031
:106D600008009C4892A07090921092C9F0903483D1
:106D70000022233A88D61200880889052D0A1DF0C2
:106D80003661005842BD0250537450A52025EDFFD6
:106D9000BD0A6D0A4BD18BC350A52025F1FFA84237
:106DA000DD01C2C40860B620A0A37425F0FF8811DD
:106DB00058010C1287350857380222A000202060A5
:106DC0001DF000003661009B32AD038139A5E0085B
:106DD000001BAAAAA3320208B64310420A0032A03E
:106DE000FF66446B420A015654062BAA420209323E
:106DF000A07A3714040C034615004BB1A5D1FFBD92
:106E000001E5D3FF3202086613051BAA4601000004
:106E10004BB165D0FF4BB1AB22E5CFFF5C24320212
:106E200000479305320A004609005C088793143234
:106E30000A001BCAD2C108B2A00030A064E5E6FF78
:106E4000C60100004CC88793AB1BAA1B2246F3FF68
:106E50002D031DF03681000C095D096D098D097C3B
:106E6000F7462800000048131604094BA3404AC007
:106E7000471845AD04E5F4FF82A0FF5D0A879A0438
:106E80007CF6462100BD02A0A07465DDFF88429D0E
:106E90000AA2A7F880BA10A79B1150B074A2A80745
:106EA000D0BB11A08810B0882086020080A3745740
:106EB0001A060C4AA088208942508074BD09DD0161
:106EC0008BC3AD0892610582610425DEFF8841AD68
:106ED0000865D5FF8D079851F64A0CD0AA110C18F9
:106EE000001A400088A10B88A801870A0C88021BA1
:106EF0006687BA09A902060100008D044D088803BF
:106F00004B888A338D04480356A4F52D061DF000E6
:106F10003681005842BD0250537450A52025D4FF3D
:106F20009D0A0C080C47062300A81316DA07B8427E
:106F30006D08B707184B63A066C0671810AD0665EB
:106F4000E8FF5D0ABD02A0A07465D1FF9D0ADC7553
:106F50008823A8338911A261001618058811A80199
:106F60008084C0A7B847C61400508074BD09AD081E
:106F70004BD18BC392610582610425D3FFCD0ADD1D
:106F8000010C0B50A03465D2FF8841AD08A5C9FFA4
:106F90007CF89851F64A0CD0AA110C18001A40003F
:106FA00088A10B88A811A788B24600006D08880345
:106FB0004B888A338D06680356D6F63D062D031D91
:106FC000F00000003641004BA2281220AAC065DF65
:106FD000FF2D0A1DF0000000366100AD0365FEFFC5
:106FE000A05074BD02AD05A5C7FF8BC34BD1BD0A30
:106FF00050A520A5CBFF40A420A5FCFFA03074BD68
:1070000002AD03E5C5FFBD0ADD018BC430A320E559
:10701000C9FF981188010C1297380887390222A0FD
:10702000002020601DF000003661008B2332030831
:10703000820201324104320202220203324106324C
:1070400004082241078B2432410042040932020223
:10705000220203824105224103424101324102984A
:107060001188010C129738078739010C0220206023
:107070001DF000003681005842BD0250537450A5E7
:1070800020E5BDFF9D0A0C080C47062400A8146DDE
:1070900008161A08B842B707184B64A066C06718EC
:1070A00010AD0625D2FF5D0ABD02A0A07425BBFF6E
:1070B0009D0A8BC4DCD5A20408820C01A241008287
:1070C0004101A20C02820C03A24102824103880109
:1070D000FC18061000508074BD09DD01AD089951FF
:1070E0008941A5BCFF8841AD08E5B3FF7CF8985104
:1070F000F64A0CD0AA110C18001A400088A10B887F
:10710000A801A7081088038CB8A8181BBAE0AA1118
:10711000B918AA88492888044B888A448D066804CF
:107120005696F61DF000000036A10078427060040B
:107130008CC6A8425832076A02C68900C6D400002D
:10714000704B41562405583217E71C860800AD02E3
:1071500025D0FF660A0D42A7F849424180A949326D
:10716000867C0000AA444B55B805560BFE0603006A
:1071700000BD05AD02E5CDFF4D0A260AD87178A9FC
:10718000584270741047970B5084115070A4805768
:10719000208600005050A459425172A90C08720573
:1071A000000C1570858380707456971A405793565B
:1071B000351A72C402E0771170A7208100A6E0089A
:1071C00000A90116FA18591AAD0781FCA5E00800BC
:1071D000A9118C0A591A7842583217E70C46040054
:1071E00000BD01AD02E5E8FF4B55C805561CFF8602
:1071F000020050C52010B120AD02A5E7FF580116CE
:10720000B50072250177140581BFA5E0080078421A
:10721000814FA927E70B92A7F8814DA99707028113
:107220004DA99811164911F815DD05E07F115AA7EF
:107230008BE9A9417149A9C60E008BA5A077C07A38
:10724000A90C0B782AB26A02A144A9A7171FB82D6E
:10725000C807AD0289919981D951E971F961E008B6
:107260000088919881D851E871F86196BAFC790E3E
:107270008B7D4BEE4BDDA841D79ACC7D06BD060C2D
:107280008A060900AAC5D80CAAC9C80C8CCCE0C6CD
:1072900011CAC5D92C1B668602000000E0C711CABE
:1072A000C9D92C1B771BBB4BAAB79FD76915C8112F
:1072B000580179195815681C6A55571402C6D1FF30
:1072C000BD08AD0289912591FFD8118891581D16EE
:1072D000D5056801E0951178169A4DE8141B47E032
:1072E00044110B554A46C6020000A8049A74A90727
:1072F00042C4FC7D0FAC07B8040BF7CD0E89919901
:1073000081D951E971F961AD02E008008891988155
:10731000D851E871F861E61AD05A47E044114A465C
:10732000E92492C9FC5605FB4816581D5A444916D3
:10733000A81181FBA3E0080046020000CD05BD08AE
:10734000AD026589FF480158325904493248420C60
:107350001550442049424802473302C674FF0C04CA
:10736000865500000C47707A1016370688150C09F0
:10737000861500008A79707141E047114A4548241A
:107380008991AD049981E5C3FFA0E0746D0ABD0247
:10739000AD0EE26107A58CFFE871BD0A8BD18BC4ED
:1073A000AD0EA590FFCD0ADD0160A0340C0BE58F7A
:1073B000FF68218891988167330D98019A6667B3B9
:1073C00002463D001B977D088D078739A646E3FFDF
:1073D00062A7F8606A1056B60588150614008A760A
:1073E000707141E027112A254822920408A204095D
:1073F00092410892040AA2410922040B92410A22F6
:10740000410B92040CA2040D92410092040EA24181
:107410000122040F924102224103282127330D68E3
:10742000016A2227B3020624001B677D088D0787A7
:1074300036AB06CAFFA06374BD0260A6202582FF9A
:10744000ED0A98156020344610009A87808141E04B
:1074500048114A454824BD0E8BD18BC4AD06899195
:10746000926108E9716584FFCD0ADD01B2A000AD2B
:1074700002A583FFA82188919881E871A7330A7833
:10748000017AAAA733331B788D099D089737BAC6AE
:10749000B2FF0017EA0F460500CD03AD0225A7FF96
:1074A0004D0ADC4A4B55B80556DBFEC6ABFF00CD96
:1074B00003BD05AD02A5A5FF4D0A2D041DF000007A
:1074C00036410081A8A82248001DF000364100BCCA
:1074D000528802BC18293322A7F87CF8294321A23C
:1074E000A889034913526302168200A1A0A881A1B2
:1074F000A8E00800819FA89808390899538C72A1C8
:107500009BA8819DA8E008001DF000003641000CFA
:107510000DCD0DBD03AD0265FBFF1DF036410088AA
:10752000028CF8A2A0188125A5E00800BD0A20A2BF
:1075300020A5FDFF1DF00000364100293322A7FAE7
:107540007CF829432189A88903491359238C72A106
:1075500087A88188A8E008008186A898083908993A
:10756000538C72A182A88184A8E008001DF000005D
:107570003641000C0DCD0DBD03AD02E5FBFF1DF046
:10758000364100A2A018810DA5E00800BD0A20A286
:1075900020E5FDFF1DF000003641003D0216C20748
:1075A00028021632084170A8168400A170A88171C3
:1075B000A8E00800816FA82808060400A8329852A5
:1075C000A79304990846170082C2142D0956B2FEEB
:1075D000816BA82808060B0000009842A8320769B2
:1075E00012980A97931938523908814DA3E0080080
:1075F000860C0000A7930838523908C6090000001D
:1076000082C21428525612FD06050000A158A88116
:107610005AA8E00800DC0281BBA4E00800060200D2
:107620005684FE06FCFF5624FE1DF000364100ADD8
:107630000265F6FF2D0A1DF03641008802AD028C6E
:107640007865F5FF8137A3E008001DF03661005131
:1076500046A88C75A146A88147A8E008006147A804
:107660004806860400780477320BBD02AD04A5AB52
:10767000FF7D0A460D0048545694FE060C0000009B
:10768000913CA88854BD02AD048909E5A9FF7D0A93
:107690009806AD064603000000C809B804B73C07C9
:1076A000A2C91498595609FF9954490A56C7058129
:1076B00030A848085684FC4612000000A12CA8817E
:1076C0002EA8E00800CC370C074611002814A84467
:1076D00029032824291327EA06A0A37446010000E1
:1076E000AD07258EFFA02074BD0420A2202557FFE2
:1076F000BD0ADD01AD02C2C708255BFF28012923B1
:10770000860300007D045625FB86EEFF56C5FA462B
:10771000EEFF2D071DF000003681000C0BDD03EDA0
:1077200004CD02FD05AD0B3911492139514961598B
:107730003159713CF365D8076D021B4A2D0AA7B376
:1077400013AD04819EA4E008003D0ACC9A2D0A46A0
:107750001800000000310AA8D811E821F831BD0452
:10776000CD0630A32065D507A10AA8BD033CF4814E
:107770000AA8E0080027B40830A32081E9A2E008A5
:10778000003104A8880326082A41FEA761FFA7A1AB
:10779000FFA73D048C583D060B98903A93C02000FB
:1077A00098739090955699FEC0200032231B303478
:1077B0003456D3FD1DF0000036410081F8A7E008E3
:1077C000002D0A1DF00000003661004D0316F30E77
:1077D0008C824862564400AD0225410041F1A74722
:1077E000930538124605000041EFA747930638225B
:1077F000460200000041ECA74793013832BD010C5E
:107800001A257C0E42231907E40E42130697E4085A
:10781000A2231681E6A7E0080042930656E401225F
:10782000231907E208A2231681E2A7E00800A2219B
:107830000010B120E5780E42A0008620000030B391
:107840002020A22025090082230C4D0A8CA8B88391
:10785000AD02E008007CF8A048A38213067768090F
:10786000B843AD0281D4A7E00800B8D39C1B82C303
:1078700044871B0820A22081CFA7E008000C0889BC
:10788000D3B223128CCBAD0222A00081CAA7E0089C
:107890000022631222A00065310022530622231920
:1078A00007E208A2231681C2A7E00800A2231681DE
:1078B000C2A7E00800653000A80110B12065700E75
:1078C0002D041DF036410081B5A7E00800BD02A5DA
:1078D000EFFF2D0A1DF000003641005213068045CF
:1078E000235050F4376502463E00514AA3504420CD
:1078F0008044235813425306E61508522310E61518
:107900000246110068B31606040C08580289028169
:107910000AA38044104040F48C54A22315C60F00E3
:1079200000B8830C1DCD04AD02E00600660A308865
:1079300002ACB862C8E30C19604983404074CC645F
:1079400082C8EA8049838C6459020C0AC63600005A
:107950002213064C04402220225306063300000066
:1079600042130627640E481340AAC048D38C4442F1
:10797000231040AAC048B3B883A0CA20D2A00020D8
:10798000A220E00400621306660A0C48021CD847D5
:107990003845818AA747583F418AA76044100C06A2
:1079A00069136843804423425306626300C7640B33
:1079B000660A05422200562400A26315B8D3590274
:1079C000166BF842C344471B07AD02817AA7E00853
:1079D000000C0AA9D38614004C04404620425306EA
:1079E000C611000068431606F64803505014690398
:1079F0000C086044C087950188538923460900001C
:107A000058A3B883DD04CD06AD02E00500E61A0FE9
:107A10002213064C044022202253067CFA860200E0
:107A2000AA66A044C0E614D786C7FF2D0A1DF00041
:107A3000366100822304CC380C02C61D008C72888B
:107A400062CC38AD02651A008156A78793053812BB
:107A5000860500008154A78793063822860200001D
:107A6000008151A78793023222038293061678FC85
:107A700010B120A2A001E5540E82231907E80E825E
:107A8000130697E808A223168149A7E00800AD0273
:107A9000BD0365E4FF8223192D0A07E80E82130651
:107AA00097E808A223168142A7E00800A22100104F
:107AB000B12025510E900000364100CCE221AFA448
:107AC000B141A7A80225800E06030000008133A75C
:107AD000E00800BD02A5F5FF2D0A1DF03641000C9F
:107AE0000BB902B912B922325206B26219425207D8
:107AF000B942B952B9620C8CA2C25C810DA2E008F5
:107B0000008131A7298289928131A789A28130A77A
:107B100089B28130A789C21DF0000000364100B152
:107B20002EA7AD02257A0E1DF0000000364100821E
:107B3000221907E80E82120697E808A22216811B76
:107B4000A7E008000C021DF036410082221907E868
:107B50000E82120697E808A222168115A7E00800F7
:107B60000C021DF03641000BC3F04C11CA44E04436
:107B700011CA44D04411AD02B2C4748118A7E00800
:107B8000002D0A9C1A0C0BB90A391ACBAAA922C2D9
:107B9000C46881E7A1E008001DF0000036410081C3
:107BA00077A4A2280065F7FF1DF00000364100A170
:107BB0009DA581FEA6E008001DF00000364100A151
:107BC00099A581FBA6E008001DF00000364100A148
:107BD00095A581F6A6E008001DF00000364100A141
:107BE00091A581F3A6E008001DF00000364100E5F4
:107BF000FDFF38628C1306110041F9A63262364946
:107C0000A20C144962326237326238AD0265030059
:107C1000A912AD02E50200A922AD02A50200A93217
:107C2000A812CD030C4B65EBFFA822CD040C8BE50D
:107C3000EAFFA8320C2CB2A01225EAFF4962E5F94E
:107C4000FF1DF00036610010B120A2A00165370EC3
:107C5000A5F5FF2052202149A4A802386ACC13E5DB
:107C6000F8FF480222A0D82A440C4628248814464B
:107C7000130000000032920656130441DAA6A2C295
:107C800058493232621981D8A6E00800E5F2FFA80F
:107C900001BD0125330E0C8C3902392239123942CB
:107CA0003952396230B320A2C25C81A1A1E0080040
:107CB00039D239E2326212326213060B0022C268F4
:107CC0000B88D6F8FA28048C32480406E7FFBD0674
:107CD000AD0525E9FFA9042D0A56CAFEE5EDFFA86A
:107CE00001BD010CC3E52D0E39051DF0364100E53F
:107CF000EBFF81AAA6E00800B1BDA665590E1DF0F4
:107D000036410081A6A6E00800B1B9A625580EE5C7
:107D1000EAFF1DF0366100BD044BC1AD02A563084A
:107D20005D024D0ACC1A860F0020A22065F1FFA04B
:107D30002A20162A03C811BD03D2A1B6AD0525FD20
:107D4000F63D0ABD010C1AD62302A5270EE5E5FF74
:107D5000A222160C033252068198A6E00800E5E53F
:107D6000FFA801BD01E5250E0C0246180065250E91
:107D700082221907E80E82120697E808A2221681CD
:107D80008BA6E008003252073190A6425206399283
:107D9000318FA622620832620A318DA639B2318D46
:107DA000A639C287640A0C2D0C0CBD02AD05A503D3
:107DB0000032221907E30E32120697E308A22216B8
:107DC000817CA6E00800A2210010B120651F0E9062
:107DD000000000003641008171A6E00800BD02CD20
:107DE0000325F3FF2D0A1DF036410050D52040C475
:107DF0002030B320AD026502002D0A1DF000000006
:107E00003641008166A6E0080020B22040D4203030
:107E1000C320A500002D0A1DF000000036E1001669
:107E2000A200622206564600AD0225DCFF615CA678
:107E30006793043812060500615BA6679306382233
:107E400046020000006158A66793013832B2C13C77
:107E50000C1A101120E5160E62231907E60E6213A4
:107E60000697E608A223168151A6E00800621306D1
:107E700072A108706610779606BD03AD0225BBFFA0
:107E800078B3CC371CD4060A00261507262528DC33
:107E9000D5860A0030B32020A220A52A00A06A209F
:107EA000660A028697009D05AA440C05C6040000D8
:107EB0001C644902067700000C096D09C600009D8C
:107EC000056D058843CCB8BD03AD02926111656CA8
:107ED00000922111821306A147A6A7080246690055
:107EE000D2A400D7884E813AA68717106213068164
:107EF000C9A18066206253068662000000B2930723
:107F0000968BFECD01AD02926111D26110A502F7F0
:107F1000922111D22110562AFD8137A6A81180AADC
:107F20001081C0A1879AC4829306A8B1D08820A2EC
:107F300063148253068D049C55B29307CD01AD02A4
:107F400092611165FFF6922111569A1388418A8435
:107F5000FC09621306C76605A22315860500B883CF
:107F60000C1D826110CD09AD02E007008221106670
:107F70000A02064400681398D3606AC08C499223B1
:107F8000109066C0B8D3D843C8139C0B98F3CA6648
:107F9000D0E9C0922310E066C09A9E460200980382
:107FA000D099C09066C09A9C6728359AA6A7B83029
:107FB0006068C06ADD6099C0D90399139C0B42C305
:107FC00044471B07AD0281FBA5E008000C0229D342
:107FD00022130642AFDF402210225306861D000006
:107FE00000622314B8836060608066108261100CA8
:107FF0000DCD0620A220E00700822110660A02C6ED
:1080000020000C0999139843B8D39903169B019249
:10801000C344971B0E20A22082611081E6A5E008D0
:10802000008221100C0992630D921306A2AFDFA00B
:1080300099109253066068C09CA6BD03AD0265828C
:1080400000561A04881367383C28036A226068C007
:108050002263006263010C8CB2A000A2C35C81B4F5
:10806000A0E0080022231907E20E22130697E20877
:10807000A2231681CFA5E00800A8F1B2C13C65F4A7
:108080000D0C0606270030B32020A220259AFFA061
:108090006A208C7A222319076216860800B883DDCD
:1080A00005CD04AD02E00700660A2446F9FF000092
:1080B0000022130697E208A2231681BDA5E008005E
:1080C000A8F1B2C13CE5EF0D7CF6461500000000BA
:1080D000B8D39C0B42C344471B07AD0281B6A5E051
:1080E00008000C0229D3284341C5A5290322130601
:1080F0000C0B402210B9132253060C8CA2C35C81D6
:108100008CA0E0080022231907E20E22130697E252
:1081100008A2231681A7A5E00800A2210FB2C13C46
:1081200025EA0D6026209000000000003641008105
:108130009BA5E00800BD02DD04CD0325CEFF2D0A7E
:108140001DF0000036610016A2008222065648008B
:10815000AD02A5A9FF8192A58793043812060500F8
:108160008191A587930638224602000000818EA5E2
:108170008793013832BD010C1AA5E40D822319073B
:10818000E80E82130697E808A223168188A5E00866
:108190000098B3CC591CD88902860F00C213060C74
:1081A000C8808C1066881588039C08A843A088C0E6
:1081B000A61809876C060C2D0C0C46040081DEA065
:1081C00080CC108C6C222315460C0000000C1DB8CE
:1081D00083AD02E009002D0A660A2122231907E275
:1081E0000E22130697E208A223168171A5E008006B
:1081F000A801BD01E5DC0D06120000000092130687
:1082000027691188138022C088D39C68822310803C
:1082100022C086030037690B88038C68A22304A060
:1082200088C08A2282231907E80B97E908A223163F
:108230008160A5E00800A801BD01A5D80D060100D8
:108240000000007CF21DF0003641008154A5E008DA
:1082500000BD0225EFFF2D0A1DF000003661006D04
:10826000033824CC530C0386AA00000032160637CC
:10827000631538469C0338045216060C29390190C0
:108280009510EC394614000060B62020A220A525E8
:108290000732AFFF16EAFD869E008801780838187D
:1082A0008B88890106020000000C075155A53D0787
:1082B0001663FE98A6B88650D363CD07AD02E009D9
:1082C00000E61A020690009824AA77A033C0A0A95D
:1082D000C0A924569AFDC6E2FF5050049CA5AD09E2
:1082E0003D095D09065B0000880138018B88580351
:1082F000890138130601000000003D051683FEC207
:10830000160682A200E826A806878C02863100E7BE
:10831000B302C6260072A480778C02862400B84679
:10832000D856B0AAC0A911F0AD11DAAA8811A0DF01
:1083300005AADD1BA8D071213AAAA07773A76C33D8
:10834000BD07AD028126A5E00800CC2A0612000078
:10835000B846C811A921815C9FE00800A21606B2A8
:10836000AB7FB0AA10B2A080B0AA20A25606E82126
:10837000060B0000CD07AD028124A5E00800ED0A40
:10838000DCCAB846AD02810BA5E0080032160642F1
:10839000AF7F4033103256060CC33902065A000034
:1083A0008811E94679568AEE8077C0E9067926ED8C
:1083B0000330EE63A806CD0EBD05E92181DC9FE008
:1083C0000800A826E8217D03E0AAC0A926A806EA9D
:1083D000EAE9068616007846A73704D856D7B32CA4
:1083E000307E6350B52070C72081D09FE00800A286
:1083F0002602B80670AAC07ABBA926B906FC0ABD37
:1084000006AD02E562FFAC7A063F000000A1FDA4C4
:108410007D0337BA0271AB9FD077D2D0D782E8A65E
:10842000B886CD05AD02E00E007D0AE61A0286355B
:1084300000A8247A557033C0707AC0792456B7EBFF
:108440004688FF0000005801880138058B885815C0
:1084500089010C0A16E5FEDC3ACD050CABAD0381B3
:10846000EBA4E008001B958C3A1BAA309AC0D226D8
:1084700005E22602A22600B84650F963EA7DA7BBB2
:1084800022F7A71FCD07BD03993181A89FE00800FF
:10849000A806BD067AAAA906AD026559FF9831BCA7
:1084A000DAC61800D72F16E8A6B8869931CD03ADE5
:1084B00002E00E007D0A9831E61A24461200CD0F24
:1084C000BD039931F92181999FE00800F821A82680
:1084D0009831F0AAC0A926A8067D0FFAAAA26600C4
:1084E0007099C00C1ACCB9BD06AD0299312554FF64
:1084F0009831DC2AB8247A3370EBC0E9247055C077
:10850000560EF58657FF00002216064C0330222037
:108510002256067CF32D031DF000000036C100B288
:108520009307D64B018213060C0922A080990520DF
:108530002810979214C606000000CD01AD02A59F39
:10854000F6D67A0146F7FF0000004C0229042D09F7
:10855000060F000032A0803904C60C0021A7A488B1
:10856000110C1A20881022D8E00C09209A8328B117
:108570009905A722122904226314312AA022A400FB
:1085800037180C860100000022A08029042121A0B8
:108590001DF000003661004213060C255704020648
:1085A0000B00DD014BC1BD03AD0225F7FFB8114D36
:1085B0000AAD02818AA4E00800821306DCDA804852
:1085C0002397E8587CC2204410504420425306228E
:1085D000C347290329430C122953C60F005180A415
:1085E00059A252A0805088205811825306595358DE
:1085F00001A903A9439CB5B29307AD028185A4E00C
:1086000008008CEA8213067CC22088100C12208895
:10861000208253062213062044204253061DF000F8
:1086200036A10049615971698179918C728862CC57
:1086300038AD02A55BFFB22202E2C110D2C130F216
:10864000A00830C320AD02E911D901F92125D203D8
:108650002D0A1DF036A1003951496159716981799E
:1086600091814EA4E008003D0A8C5A886ACC18E536
:1086700057FFB22302E2C110D2C130F2A00420C2DF
:1086800020AD03E911D901F92165CE032D0A1DF0B2
:10869000368100AD0381069FE008003901315DA4F9
:1086A000A91139210C133AAA39310C23A9611941B6
:1086B00039518C723862CC33AD022553FF88623851
:1086C00022CC38AD026552FF8136A487930538125B
:1086D000460500008134A487930638224602000034
:1086E000008131A48793013832B2C11C0C1A658D08
:1086F0000D82231907E80E82130697E808A22316B5
:10870000812BA4E00800AD02C2C11030B320E5B453
:10871000FF82A00A7CF2A0288382231907E80E8238
:10872000130697E808A223168122A4E00800A87186
:10873000B2C11C25890D1DF03641008118A4E00846
:1087400000BD02E5F4FF2D0A1DF00000364100B81F
:10875000038C3BAD0265FFFFBD03AD028116A4E0B3
:1087600008001DF0364100810DA4E00800A7920228
:108770008634003892BCD348330C0337941A8609E8
:10878000003ABBB80BC60200480BAD02810AA4E058
:108790000800BD04560BFF4B338892B83866E3E0FF
:1087A000AD028104A4E008003892B8038C6BAD02DE
:1087B0008101A4E00800B8528C6BAD0281FEA3E0F9
:1087C0000800B8928C6BAD0281FBA3E00800B8E210
:1087D0008C6BAD0281F8A3E00800B8F2168B002084
:1087E000A22081F4A3E00800B222108C6BAD0281BC
:1087F000F1A3E00800B2223B168B0020A22081EDFD
:10880000A3E00800B2223A8C6BAD0281EAA3E00833
:10881000003222128CD3B22322168B0020A2208198
:10882000E5A3E00800B8D28C6BAD0281E2A3E008BA
:108830000038628CF338A2AD02E00300B222368C1D
:108840003BAD02A5F0FF1DF036410082120692A05A
:108850000990881020A22022A000979804A525FF47
:108860002D0A1DF036410016A20042220656440091
:10887000AD02A537FF41CAA34793043812C60400CE
:1088800041C9A347930538220602000041C7A34708
:10889000930138328213060C0449138048238080E8
:1088A000F45768030634000027E83E47E80E0C95AD
:1088B00059024C02204420425306862E0037681B82
:1088C000BD0320A220A516FF56CA0A4213067C75D6
:1088D000504410425306A26302A263064213060CE0
:1088E00045504420425306C60900B8D3AC2B42C3BE
:1088F00044471B07AD0281AFA3E008004223100CE0
:108900000889D3491387140928F329032D08061A67
:1089100000004843CC54BD03AD02A5C7FF52130667
:108920005040F4408014AC280C188253068113A1E7
:10893000B1BAA3A808A5950D5253060C9550441042
:108940000C95579406BD03AD02E5F8FEC843489365
:10895000D853B883AD02C26300E00400A9130C022F
:10896000E61A16829306279A042C02C600002913E1
:108970004C022088208253067CF21DF03681016271
:108980006124726125CD05D6940032A08B39027C1A
:10899000FA46120082A208825106390139410C08B8
:1089A0008714010B8432AFFF325107E2A08032A05E
:1089B000A0E0E18030D1801C0FBD01AD028921898A
:1089C00051E2611BD2611AF2611C256000E60A04C3
:1089D00032A08B39028C5428010C033242002D0A3C
:1089E0001DF000003681015261236261247261250D
:1089F000816BA3E008005D0AD6930022A08B290AB0
:108A00007CFAC6120082A208825106290129410C73
:108A1000088713010B8322AFFF225107E2A08022B7
:108A2000A0A0E0E18020D1800CCFCD04BD01AD0538
:108A300089218951E2611BD2611AF2611CE558005B
:108A4000E60A0422A08B29058C5328010C0332422C
:108A5000002D0A1DF0000000364100B29307DD052D
:108A6000CD0420A220E53FF696CA00822315AA88ED
:108A700082631546030000008213069121A19088AD
:108A8000108253062D0A1DF03641000C021DF00025
:108A900036410082130687680BB293070C2D0C0C2D
:108AA000AD02A537F68213069116A1B293079088FE
:108AB0001082530650D52040C42020A2202531F634
:108AC0002D0A1DF0364100B29307DD05CD0420A22A
:108AD00020A534F6921306660A0D8109A19088102C
:108AE000825306460300000081949EA2631590887D
:108AF000208253062D0A1DF0364100B2930720A2B2
:108B000020E53AF6A02A209000000000368100827D
:108B10002110292159312805982158085035939959
:108B20000146E1001B338203000C1580598350502D
:108B3000748CC552C8DB0C1A50A983A050745625FA
:108B4000FE16B8410C051BA3ED057CF9DD05591196
:108B500086000000AD03C131A3820A001B3A8ABC23
:108B6000F20B00B811D0CB11BACCB12DA3CABBFA0D
:108B7000BBB20B00B911B12BA3CABBFABBB20B003D
:108B80000BBBB0B074B68B0206C500C127A3E0BB17
:108B900011BABCB80BA00B000C9A46BC00B2A06A7C
:108BA000B71831873B0D4CCBB71824B2A068B798E3
:108BB0002AC6BA00B2A074B7980286B800B2A07AEA
:108BC000B7980246B600B2A071B7180806030000B5
:108BD0000C880607002C08C605000000B20A0182B6
:108BE000A06C879B0A2C0330DD202B3A06AC0000DA
:108BF0001C0880DD20C6A90082C8BF8080743C7A32
:108C0000202044873A26A109A3E088118A8A88088F
:108C1000A00800476D02C6DB00576D0206DD0006A6
:108C2000E2000000476D0246DD0046DF002609092C
:108C3000E089118A8759084699000B85B668024673
:108C40002E00A1FBA2E088118A8A8808A00800D023
:108C500082111B9228241C854BA2A9248A86A72551
:108C6000072814C602000000002725032C422924EF
:108C7000280458245A2222C2FC28020C1529082D47
:108C8000097CF94686005824D082111B927B557CC2
:108C9000822055108BA5A9241C828A86A72205282C
:108CA00014460200005722032C8229242804582449
:108CB0005A2222C2F8A802B8120C252D09A908B917
:108CC000187CF9467600D082111B9228241C854B13
:108CD000A2A9248A86A725042814060200272503B2
:108CE0002C422924280458245A2222C2FC28020C8F
:108CF0006529082D097CF94669000000D082111B06
:108D00009228241C854BA2A9248A86A7250428140E
:108D10000602002725032C422924280458245A221D
:108D200022C2FC28020C0529082D097CF9C65B002B
:108D3000D082111B9228241C854BA2A9248A86A7C5
:108D40002506281486020000002725032C4229242A
:108D5000280458245A2222C2FC28020C3529082D46
:108D6000097CF9464E005824D082111B927B557C19
:108D7000822055108BA5A9241C828A86A72205284B
:108D800014460200005722032C8229242804582468
:108D90005A2222C2F8A802B8120C452D09A908B916
:108DA000187CF9463E0088247C8A7B88A088108B3A
:108DB000B8B9241C8AB72A048814460200872A04FA
:108DC0002C888264028804A824AA8882C8F8A8088B
:108DD000B818D082118A86A908B9181B22C62F009C
:108DE0008807660814C2A0800C0BAD07D951E96151
:108DF00081509DE00800E861D85188010B9E908861
:108E000053460B008807660818C2A0800C0BAD07FC
:108E10009941D951E96181469DE00800E861D85146
:108E200098410BEEE08E118A870C0AA9088801E0B0
:108E300088538901061A003D0AD082111BB22824EA
:108E40001C8A4BC2C9248A86C72A052814460200F8
:108E500000272A032C4229242804A824AA2222C25B
:108E6000FC280229082D0B460D00E2C8D00C9A46BA
:108E700003000000E0BE11EAEBF0EE118AEE1B33B6
:108E80008203009C9882C8D087BAE846040000821A
:108E9000030082C8D0808074873A041B3386FBFFAE
:108EA000A8110CB8871A02462AFF8821520300270E
:108EB00028068C350C09061BFF88019821509883E1
:108EC0009901862600E058115A57580528240B5559
:108ED000D09811F66565A157A2E055115A5A580568
:108EE000A005007B22F022108B525924572C042815
:108EF00014860100272C01E924280458249A965A44
:108F00002222C2F8A802B812A909B9194617007B93
:108F100022F022108B525924572C04281486010069
:108F2000272C01E924280458249A965A2222C2F8B0
:108F3000A802B812A909B919460C00004B525924CD
:108F4000572C042814860100272C01D92428045802
:108F5000249A965A2222C2FC2802290946030000BC
:108F60008D021C8C2C4D7C8F2C8E4600001B88287B
:108F70000187220246D3FF583198218905822110AA
:108F8000D0291139082A261DF00C1526090286273A
:108F9000FF862EFF0C25260902C624FF8639FF0016
:108FA0000C65260902C621FF8646FF0C052609022C
:108FB000061FFF4651FF0C35260902461CFF865B43
:108FC000FF0C452609028619FF4666FF3621062258
:108FD00061A4A221A43261A64261A252619C626195
:108FE0009D72619EE53F07A80AA261B381B19CE032
:108FF00008008221A6A261AF22180632C110776252
:109000002E2848EC92A221A44C0B81F4A1E0080088
:109010009221A6A909A949CCEA8221A40CC27CF913
:1090200029089261AE469A0B003221A64C022953C0
:1090300052C11032A1E481FF9B91FE9B0C023A3594
:109040007CF432618D22618F22618E2261964261B1
:10905000442261972261A78261AA9261AB3261A02A
:109060002261B62261B72261AD2261B12261B522CF
:1090700061AE22619F4601009221A99261A2322134
:10908000A24600001B332203008C4222C2DB562280
:10909000FF4221A24023C01612055221A062C11036
:1090A000490542218F29152A4442618F42218E525F
:1090B000D6021B4442618EE6840A8221A08B8882FC
:1090C00061A0460700C2A22492C110B221A6A2212B
:1090D000A4CAC9A51A088C1A065A0B52A1F45A51EF
:1090E0005261A06221AE2066806261AE220300CC94
:1090F00012C6480B52C1100C0922D5020C047CF890
:109100004242521B6322219F8261A39261AC4D09AE
:109110009261A18602000000007261A90C04622124
:10912000A91B866206008261A96261A85CAAD1C8F7
:10913000A10C982C492CAB06010000006261ACC266
:1091400021A862CCE067BA02063E08E066116A6DAB
:109150006806A00600A221A4A52807A22A01A261F0
:10916000B581539CE00800A261B1A221A465270744
:10917000A22A026221B1A261AD1616FA16EAF962BC
:109180000A001686F962A40086B40062D50272064F
:10919000525697F82C07C642000C1646B3006221BF
:1091A000A90C9872060062C7D067B802062B0B9212
:1091B00021A90C0A1B699D08E08A11AAA872C7D0D0
:1091C000F0AA11AAA77206001B6682C7D087B9E76A
:1091D0002C48871702C6D0FF2C07A7A702C6180B7A
:1091E0007221970BAA77AA08D0AA11AAA5C60600D1
:1091F0000072A2487A75D2A25CC2A2607901F2D54F
:1092000001ED051ADDCAC5BD032590FFA80A6261FC
:10921000A9A261ACA2219F461C000000D062116A85
:109220006586180072D502B2271A1CFC4B9B1C885D
:10923000672C341BC6C2619792671A97280572275C
:1092400019860200B728042C4882671A7225988272
:10925000259AD066118A7772C7FC88076A65826191
:10926000AC8906460900000092671A972805622714
:1092700019860200B728042C4662671A6225987284
:10928000259A7A6662C6FC68066261AC9221ACA23D
:10929000619FD689E89090609261AC0C46466F0061
:1092A00062D5022CB7724652869CFF6221A91B76BA
:1092B0006206006261A8B716070C066261A38642C7
:1092C000009221A98209010C9962C8D067B90246AF
:1092D000E70AA221A92B6A0C0AE0BA11AAAB82C83C
:1092E000D0F0AA11AAA88206001B66B2C8D0B7B9EE
:1092F000E72C49971802C687FF2C07A7A70286D03C
:109300000A7221970BAA77AA07D0AA11AAA58606E6
:109310000072A2487A75D2A25CC2A2607901F2D52D
:1093200001ED051ADDCAC5BD03257EFF880A7D064D
:10933000B2219F861A000000D062116A658617006C
:1093400082D502C2281A1CFD4BAC1C89672D2F1B2D
:10935000D6D26197A2681AA7290582281986020029
:10936000C729042C4992681A82259892259AD066BA
:10937000119A8882C8FC88086A658906460800A296
:10938000681AA72906622819C6020000C729042CFA
:109390004662681A62259882259A8A6662C6FC88A7
:1093A000067CF66068536261A3B2619F7261A9C6D0
:1093B0005AFF0000E221A3E06E11EA66F06611CACE
:1093C000666261A36207001B776261A86221A872CE
:1093D00061A9C2C6D0C7B8DB6221AC4657FF62A004
:1093E00080461E007221A90C06E221A8E0C6116A7F
:1093F0006CF06611C2CED06A6CC221A9E207001BD4
:10940000CCC261A97D0CE261A8C2CED0C7B8D99701
:109410001E028649FF2C0267A20286890A0B260CCF
:1094200014463EFF0C86060D009221A962A06872C8
:10943000090067970A1B999261A962A2004607007A
:109440004C068609006221A972060062A06C67972B
:109450000A8221A91B888261A94603001C06822179
:10946000A16088208261A1C62CFF2C069221A160F8
:1094700099209261A14629FF522197BCA457A20FBF
:10948000D02211A2C1102A2A2202000609000000DF
:10949000C2C110B2A258D2A24CED0CBA41F2DC010A
:1094A000DADCC2A260AD024901CACEBD03E565FFA8
:1094B000220A0062219F461F0032219F1B6357A38F
:1094C0000AD0221142C1102A24C6190082C11022DA
:1094D000D80272221A1CF84B471C835728361B856A
:1094E00082619742621A472306222219C6020000AF
:1094F0007723042C4332621A22219C32219ED055BC
:10950000113A2222C2FC280292C1105A5929052080
:10951000207446080042621A472305222219860257
:10952000007723042C4332621A22219C32219E3A76
:109530002222C2FC220200A2C11032DA01224380A0
:1095400022DA020C033242520C020C1362619F3287
:1095500061A32261A56D023D025D020644079221CE
:10956000A11C055099209261A15221A16221975717
:10957000E502863200BCB467A20ED0221162C1108F
:109580002A2638025812C6080082A25892C1108AB0
:1095900041D2A24CC2A260BD034901F2D901ED093A
:1095A000DAD9CAC9AD026556FF380A581A42219F56
:1095B00006C1000032219F1B4367A30BD02211522A
:1095C000C1102A25C61B000082C11022D8023222F7
:1095D0001A7C857B335033101CF88B731C856728ED
:1095E000361B8682619772621A77250522221986B8
:1095F00002003725042C8332621A22219C32219EDC
:10960000D066113A2222C2F83802581292C1106A6A
:109610006939065916C6A70072621A7725052222F3
:10962000198602003725042C8332621A22219C32CB
:10963000219E3A2222C2F838025812469E000000AB
:109640005221A147652616E41E67A20BD0221162A3
:10965000C1102A26866C000082A25892C1108A414D
:109660004901F2D901D2A24CED09066D005221A1A7
:1096700067E502462F00BC6467A20DD0221162C1CB
:10968000102A26329200066A0082A25892C1108ADD
:1096900041D2A24CC2A260BD034901F2D901ED0939
:1096A000DAD9CAC9AD026546FF329A008660000069
:1096B00032219F1B4367A30BD0221152C1102A25D0
:1096C000061A000082C11022D80272221A1CF84B1E
:1096D000571C836728361B8682619752621A57236C
:1096E00006222219C60200007723042C4332621A94
:1096F00022219C32219ED066113A2222C2FC3802DD
:1097000092C1106A693906803323C6690052621A11
:109710005723052222198602007723042C43326244
:109720001A22219C32219E3A2222C2FC32920086C9
:10973000600000005221A197E502C62F00BC84679B
:10974000A20DD0221162C1102A2632020086080022
:1097500082A25892C1108A41D2A24CC2A260BD031B
:109760004901F2D901ED09DAD9CAC9AD02E539FFDB
:10977000320A0042219F461F0032219F1B4367A3EC
:109780000AD0221152C1102A25C6190082C1102206
:10979000D80272221A1CF84B571C836728361B8686
:1097A00082619752621A572306222219C6020000CC
:1097B0007723042C4332621A22219C32219ED066E8
:1097C000113A2222C2FC380292C1106A693906306D
:1097D000307446080052621A572305222219860265
:1097E000007723042C4332621A22219C32219E3AB4
:1097F0002222C2FC320200003323C62D00BC746753
:10980000A20DD02211A2C1102A2A38028608000017
:10981000B2A258C2C110BA414901F2DC01D2A24C35
:10982000ED0CC2A260BD03DADECACEAD02E52DFFAB
:10983000380A42219F061F0032219F1B4367A30A5B
:10984000D0221152C1102A25C6190082C11022D877
:109850000272221A1CF84B571C836728361B86821B
:10986000619752621A57230722221906030000004B
:109870007723042C4332621A22219C32219ED06627
:10988000113A2222C2FC380292C1106A6939068656
:109890000800000052621A5723052222198602008E
:1098A0007723042C4332621A22219C32219E3A22D1
:1098B00022C2FC3802305F3142619F962500C66F9C
:1098C000093030600C120C04304293505060A2C139
:1098D000104055C02CD642DA0262445206DD050023
:1098E000006221A152219737665EBCE457A214D0D2
:1098F000221182C1102A28480258124261AA5261DC
:10990000ABC64C0052A25862C1105A41D2A24CC2FE
:10991000A2604901F2D601ED06DAD6CAC6BD03AD92
:1099200002A51EFF880A981AC60B000092219F1BF1
:109930007957A90BD02211A2C1102A2AC63A0000D9
:1099400062C11022D602861A0016440457A214D00F
:10995000221152C1102A25880298128261AA9261AE
:10996000ABC6340092A258A2C1109A41D2A24CC2F6
:10997000A260F2DA01ED0ADADACACABD03AD024921
:1099800001A518FF280A381A2261AA3261AB86297C
:109990000032219F1B7357A314D0221142C1102AF9
:1099A00024880298128261AA9261AB86210092C13A
:1099B0001022D90232221A7C847B334033101CF8E7
:1099C0008B631C845728441B8582619762621A67E7
:1099D00024052222198602003724042C8332621ABD
:1099E00022219C32219ED055113A2222C2F898128F
:1099F00088029261AB8261AA2221AA3221AB92C174
:109A0000105A5929053915860A00000062621A6742
:109A100024052222198602003724042C8332621A7C
:109A200022219C32219E3A2222C2F8480258124238
:109A300061AA5261AB72619F41239A6221AB5221AC
:109A4000AA21219A31229A404610CD02DD03AD05AC
:109A5000BD0481279AE00800EC8ACD02DD03AD0544
:109A6000BD0481249AE00800A61A18C17299D17128
:109A700099A221AAB221AB81219AE00800D64A021C
:109A800086050000C221AAD221ABAD0CBD0D811804
:109A90009AE00800164A08460E0082C11022D80239
:109AA0002CD332425291649F3221A84C729261A20F
:109AB00037A20541629F4261A25221A122AF7F20BD
:109AC00055100C060C385261A16261A58261A3C6D3
:109AD000E905000021049A9221AB97020AA2C11065
:109AE00022DA022CD332425231569F4221A84C72C4
:109AF0003261A247A20581539F8261A29221A122D5
:109B0000AF7F2099100C330C023261A39261A12225
:109B100061A56D023D025D0206D905004221A82221
:109B2000AFDF2074104C1227975152C11032D5026A
:109B30003C026221A122435052A07822C49F5C843F
:109B400020458322A0022066208221A34243516245
:109B500061A122A06387A24FA221A4B2C801811FE4
:109B60009FE00800A261A256DA049221A64C0322CB
:109B7000190630222022590606B208002221A32607
:109B8000023E4221A30C132D0A4023832020748C13
:109B9000B222C7B95D0A205383502074ECC20C0670
:109BA0006261A5C60A00000082A1908A81A261A517
:109BB0008261A2C6060000009221A29261A506045D
:109BC000000C62A261A52261A3460100A261A53238
:109BD00061A33221A122A1002023202261B02221F1
:109BE000AB3221AAD6020121BF994221AB2CD5204C
:109BF00024305261B20601000C066261B24C144777
:109C00001702065000C2A254CAC1AD03BD022515F9
:109C100007C10899D1109F81BF99E00800C105993B
:109C2000D105992D0AB03B2081119FE00800CC3A64
:109C30000C144261958221A852A06141039F5718DC
:109C40000241029F5221A39221A20B85C1FA98D111
:109C5000029FAD02BD038261B89261B981AE99E005
:109C600008003D0BA02A2081AC99E00800A261A762
:109C700081AB99E00800CD0ADD0BAD0230B3208145
:109C8000A499E00800E221A79221B9EA64620600E3
:109C90001B596249008221B85261B42D0A3D0B6DF7
:109CA0000826081CC1E498D1E3980B888261B85259
:109CB00061B981EF9EE008008221B89221B956AACD
:109CC000F8C1DC98D17E99AD02BD03818B99E00883
:109CD00000E61A18C1D898D17999AD02BD0381E385
:109CE0009EE00800560A042221A707623A526190BA
:109CF00032040F3C058600005242002221900B22C4
:109D00002261906202003716EE32C60152A039304D
:109D1000307457960232040A3242000606000000F0
:109D20004242001B224601002D055A663C04226176
:109D3000B42036C0D683FE3221B44221A24033C0C3
:109D40003261A7062D004C654221A30C3E5717082F
:109D50004C550C2E5797011B4462A24060518082E3
:109D6000A25052610292A2548051805911A221A4A2
:109D70009A515901FD04CD03DD02E59505A261A2CA
:109D80004C755797165221A107E510222190822188
:109D9000A28022C02261A706180000009221A24CD6
:109DA000664A5967972662090062C6D0DC86C1A15F
:109DB00098D1A098AD03BD0281AE9EE008008C6AE8
:109DC0000C164046C04261954221954A55C199986A
:109DD000D19998AD03BD0281A59EE00800CCFA524E
:109DE00061908602001B42426190324200460000B0
:109DF0003C032221905732ECC6E3FF4C732221959D
:109E00003797223221A32723107CD337220B4221FC
:109E1000A747A202465C00C655005221A852C5FEC3
:109E20005261A8C601004C63379702464100622187
:109E3000A80B3252AFDF5056106040743261954C1F
:109E400016679504FB4440407482C11062D80242F8
:109E500046372CB4D6830032A0012033C042A02D57
:109E600092C11062D9024246380C9237A26122A2F6
:109E7000372A2981F69872A063C600002D063D049A
:109E80008043B2305F314042215044C0E054114A17
:109E900055F055115053C00B6252C5305246003731
:109EA00027D9A2C11022C2FE42C43032A23952A226
:109EB000374242003A3A5A5A860200004202001BD8
:109EC000224243001B334D035732F0860800000046
:109ED00042A237B2C1104A2B4C172B227715093CEE
:109EE000022246394A2B22C20332C3301B4232427D
:109EF0000022A2472A213221A72024C02261B73A9A
:109F0000222261A3E623054221A107640A5221A36C
:109F10006221AF6A555261A38221A122ABFF2028A2
:109F20001032A1003032203261B00C035D032D03EA
:109F3000063800009221A14221A390300440332032
:109F4000A612151653065221AF62A0665A323A4441
:109F50004261A36261A8861A0016C3058221AF92EE
:109F600021A31B383A9932A0669261A33261A846B8
:109F7000140042A0676221AF5221A12261A3426175
:109F8000A86A6207E51D860E009221A73221AF4222
:109F9000A0673099809261A34261A8E612252069EA
:109FA000C062C6016261A3460600000052A066229C
:109FB00061A35261A8C602000062A0660C1862612B
:109FC000A88261A39221A152A4005059100C03371A
:109FD00015415D03E61220460E0027A4268221AD1E
:109FE0004022C04208018C841B881B558261AD064B
:109FF00002001B33C600000062A0FF9221AD42099F
:10A00000006794D56221B13A458221A36044828AD7
:10A01000848261A39221B06221B29261A1CC1646E2
:10A020009704A2C1102CD642DA026244520C0646B2
:10A0300093046221A152219757E602463100BC6485
:10A0400057A20CD0221182C1102A282802460800EB
:10A0500092A258A2C1109A41D2A24CC2A260F2DAD6
:10A0600001ED0ADADACACA4901AD02BD03E5A9FE6B
:10A07000280A62219F061F0032219F1B6357A30BF2
:10A08000D0221142C1102A24C619000082C1102218
:10A09000D80272221A1CF84B471C835728351B859F
:10A0A00082619742621A472306222219C6020000E3
:10A0B0007723042C4332621A22219C32219ED055F0
:10A0C000113A2222C2FC280292C1105A592905864F
:10A0D0000800000042621A47230522221986020066
:10A0E0007723042C4332621A22219C32219E3A2289
:10A0F00022C2FC28023221AE3902303F313912C669
:10A10000B60000006221A147E602862000AC345769
:10A11000A20AD0221182C1102A2846840092A25895
:10A12000A2C1109A414901F2DA01D2A24CED0AC64D
:10A130008400000032219F1B6357A30BD0221142E1
:10A14000C1102A24C6A3000082C11022D8027222A4
:10A150001A1CF84B471C8357A8028696001B858261
:10A16000619742621A472307222219060300000062
:10A170007723042C4332621A22219C32219ED0552F
:10A18000113A2222C2FC92C11028025A59068800B4
:10A190006221A167E602063000BC7457A20DD022EE
:10A1A0001182C1102A2828028608000092A258A213
:10A1B000C1109A41D2A24CC2A260F2DA01ED0ADAD1
:10A1C000DACACA4901AD02BD032594FE280A6221FC
:10A1D0009F061F0032219F1B6357A30BD022114201
:10A1E000C1102A24C619000082C11022D80272228E
:10A1F0001A1CF84B471C835728351B8582619742F0
:10A20000621A472306222219C60200007723042C73
:10A210004332621A22219C32219ED055113A2222C9
:10A22000C2FC280292C1105A592905860800000074
:10A2300042621A4723052222198602007723042C42
:10A240004332621A22219C32219E3A2222C2FC28E9
:10A25000023221AE325200C660006221A197E602AE
:10A26000862F00BC6457A20CD0221182C1102A286C
:10A27000280246080092A258A2C1109A41D2A24CCC
:10A28000C2A260F2DA01ED0ADADACACA4901AD0205
:10A29000BD03A587FE280A62219FC61E0032219FAA
:10A2A0001B6357A30AD0221142C1102A2486190029
:10A2B00082C11022D80272221A1CF84B471C835705
:10A2C00028351B8582619742621A4723062222198C
:10A2D000C60200007723042C4332621A22219C32EA
:10A2E000219ED055113A2222C2FC280292C1105A56
:10A2F000592905860800000042621A4723052222D8
:10A30000198602007723042C4332621A22219C32E0
:10A31000219E3A2222C2FC28023221AE324200C6DD
:10A320002E00BC6457A20CD0221142C1102A24284E
:10A330000246080052A25862C1105A414901F2D6A1
:10A3400001D2A24CED06C2A260AD02DADECACEBDD9
:10A3500003A57BFE280A62219F061F0082219F1B06
:10A360006857A80BD0221192C1102A29C6190000E3
:10A37000A2C11022DA0272221A1CF84B471C835722
:10A3800028351B8582619742621A472305222219CC
:10A39000C6020077230532A02432621A22219C32A1
:10A3A000219ED055113A2222C2FCB2C11028025A75
:10A3B0005B2905860800000042621A472305222215
:10A3C000198602007723042C4332621A22219C3220
:10A3D000219E3A2222C2FC28023221AE3902626159
:10A3E0009FC624FB6221A11C055066206261A182E8
:10A3F00021A162219757E802063400BCD467A20F5E
:10A40000D0221192C1102A293802581206090000E0
:10A41000A2A258B2C110AA41D2A24CC2A260F2DBE1
:10A4200001ED0BDADBCACB4901BD03AD02E56DFEE0
:10A43000380A581A42219F06C100000032219F1B92
:10A440004367A30BD0221152C1102A25C61C00005D
:10A4500082C11022D80232221A7C857B33503310FD
:10A460001CF88B731C8567283A1B86826197726281
:10A470001A77250722221906030000003725042C2D
:10A480008332621A22219C32219ED066113A222206
:10A49000C2F83802581292C1106A69390659160674
:10A4A000A700000072621A77250522221986020091
:10A4B0003725042C8332621A22219C32219E3A22B3
:10A4C00022C2F838025812069D0000005221A1470E
:10A4D000652516A41E67A20AD0221162C1102A2681
:10A4E000C66B0082A25892C1108A414901F2D9017B
:10A4F000D2A24CED09466C005221A167E502862FDD
:10A5000000BC7467A20DD0221162C1102A2632123B
:10A510000046690082A25892C1108A41D2A24CC260
:10A52000A260BD034901F2D901ED09DAD9CAC9AD6A
:10A5300002A55DFE321A00C65F00000032219F1B9B
:10A540004367A30BD0221152C1102A25061A00001E
:10A5500082C11022D80272221A1CF84B571C836742
:10A5600028361B8682619752621A572306222219C7
:10A57000C60200007723042C4332621A22219C3247
:10A58000219ED066113A2222C2FC380292C1106A82
:10A590006939063030F4C6680052621A5723052222
:10A5A00022198602007723042C4332621A22219C4E
:10A5B00032219E3A2222C2FC321200865F00000045
:10A5C0005221A197E502062F00BC7467A20DD0228C
:10A5D0001162C1102A2632020046370082A2589228
:10A5E000C1108A41D2A24CC2A260BD034901F2D976
:10A5F00001ED09DAD9CAC9AD022551FE320A00C6F9
:10A600002D00000032219F1B4367A30AD022115264
:10A61000C1102A25061A0082C11022D80272221AFD
:10A620001CF84B571C836728371B86826197526240
:10A630001A57230722221906030000007723042C4F
:10A640004332621A22219C32219ED066113A222284
:10A65000C2FC380292C1106A693906303074C636BD
:10A660000052621A5723052222198602007723041A
:10A670002C4332621A22219C32219E3A2222C2FCB1
:10A68000320200862D00BC6467A20CD02211A2C148
:10A69000102A2A3802460800B2A258C2C110BA4194
:10A6A0004901F2DC01D2A24CED0CC2A260BD03DA7A
:10A6B000DECACEAD026545FE380A42219F061F0064
:10A6C00032219F1B4367A30BD0221152C1102A25B0
:10A6D000C619000082C11022D80272221A1CF84B3F
:10A6E000571C836728351B8682619752621A57234D
:10A6F00006222219C60200007723042C4332621A74
:10A7000022219C32219ED066113A2222C2FC3802BC
:10A7100092C1106A693906860800000052621A5711
:10A7200023052222198602007723042C4332621A61
:10A7300022219C32219E3A2222C2FC38020C056260
:10A7400021A122ABFF2066106261A10C02463D02EE
:10A75000522197BC6457A20CD0221182C1102A2822
:10A76000380246080092A258A2C1109A41D2A24CC7
:10A77000C2A260F2DA01ED0ADADACACABD034901FF
:10A78000AD02A538FE380A42219FC61E0032219F25
:10A790001B4357A30AD0221152C1102A2586190043
:10A7A00062C11022D60272221A1CF84B671C835712
:10A7B00028351B8582619762621A67230622221957
:10A7C000C60200007723042C4332621A22219C32F5
:10A7D000219ED055113A2222C2FC380282C1105A61
:10A7E000583905860800000062621A672305222294
:10A7F000198602007723042C4332621A22219C32EC
:10A80000219E3A2222C2FC3802A2C11062DA023C26
:10A81000079221A172465072A0780C2272465161B3
:10A820000A9C20992082A0780C059261A16261B6F1
:10A830008261A8C603020000522197BC9457A20F60
:10A84000D0221192C1102A2928022261A2C62A0010
:10A85000A2A258B2C110AA41D2A24CC2A260F2DB9D
:10A8600001ED0BDADBCACB4901BD03AD02E529FEE0
:10A87000A80AA261A2C6200032219F1B6357A30B26
:10A88000D0221142C1102A24061A000082C11022CF
:10A89000D80272221A1CF84B471C835728361B8596
:10A8A00082619742621A472305222219C602007765
:10A8B000230532A02432621A22219C32219ED055D7
:10A8C000113A2222C2FC280292C1105A592261A2D6
:10A8D0002905C6080042621A47230522221986026A
:10A8E000007723042C4332621A22219C32219E3AA3
:10A8F0002222C2FC28022261A262619FA2C1102210
:10A90000DA020C033242522221A326022FA221A2F4
:10A9100020C220B2A00081BD9BE00800A261A56218
:10A9200021A5CC1A8654023221A20C04303AC0323E
:10A9300061A34261A56D04C64F02000000A221A2DE
:10A940000C05815B96E00800A261A35261A56D052C
:10A950003D05064A026221A11C055066206261A1E4
:10A960008221A162219757E802463300BCC467A246
:10A970000ED0221192C1102A2938025812C608009E
:10A98000A2A258B2C110AA41D2A24CC2A260F2DB6C
:10A9900001ED0BDADBCACB4901BD03AD02E516FEC2
:10A9A000380A581A42219F869100000032219F1BCD
:10A9B0004367A30BD0221152C1102A25C61C0000E8
:10A9C00082C11022D80232221A7C857B3350331088
:10A9D0001CF88B731C8567283A1B8682619772620C
:10A9E0001A77250722221906030000003725042CB8
:10A9F0008332621A22219C32219ED066113A222291
:10AA0000C2F83802581292C1106A6939065916867E
:10AA10007700000072621A7725052222198602004B
:10AA20003725042C8332621A22219C32219E3A223D
:10AA300022C2F838025812866D005221A1476527BC
:10AA400016C41E67A20AD0221162C1102A26466CC3
:10AA50000082A25892C1108A414901F2D901D2A2C2
:10AA60004CED09C66C0000005221A167E502862F5B
:10AA700000BC7467A20DD0221162C1102A263212C6
:10AA80000046690082A25892C1108A41D2A24CC2EB
:10AA9000A260BD034901F2D901ED09DAD9CAC9ADF5
:10AAA00002A506FE321A00C65F00000032219F1B7D
:10AAB0004367A30BD0221152C1102A25061A0000A9
:10AAC00082C11022D80272221A1CF84B571C8367CD
:10AAD00028361B8682619752621A57230622221952
:10AAE000C60200007723042C4332621A22219C32D2
:10AAF000219ED066113A2222C2FC380292C1106A0D
:10AB00006939063030F446390052621A572305225B
:10AB100022198602007723042C4332621A22219CD8
:10AB200032219E3A2222C2FC32120006300000007E
:10AB30005221A197E502062F00BC5467A20DD02236
:10AB40001162C1102A2632020046370082A25892B2
:10AB5000C1108A41D2A24CC2A260BD034901F2D900
:10AB600001ED09DAD9CAC9AD0225FAFD320A00C6DB
:10AB70002D0032219F1B4367A30AD0221152C1101E
:10AB80002A2586190082C11022D80272221A1CF8C6
:10AB90004B571C836728351B8682619752621A5770
:10ABA00023052222198602007723042C4332621ADD
:10ABB00022219C32219ED066113A2222C2FC380208
:10ABC00092C1106A69390630307446080052621A20
:10ABD0005723052222198602007723042C43326270
:10ABE0001A22219C32219E3A2222C2FC3202000CFF
:10ABF000050C12C61301BC6467A20CD02211A2C1BD
:10AC0000102A2A3802460800B2A258C2C110BA411E
:10AC10004901F2DC01D2A24CED0CC2A260BD03DA04
:10AC2000DECACEAD0265EEFD380A42219F86EFFFF7
:10AC300032219F1B4367A30BD0221152C1102A253A
:10AC4000C619000082C11022D80272221A1CF84BC9
:10AC5000571C836728351B8682619752621A5723D7
:10AC600006222219C60200007723042C4332621AFE
:10AC700022219C32219ED066113A2222C2FC380247
:10AC800092C1106A69390606D9FF000052621A574C
:10AC900023052222198602007723042C4332621AEC
:10ACA00022219C32219E3A2222C2FC380286CFFF0A
:10ACB0000051E69A5261B646010061E39A6261B6BC
:10ACC0008221A162219757E802C63300BCC467A263
:10ACD0000ED0221192C1102A2938025812C608003B
:10ACE000A2A258B2C110AA41D2A24CC2A260F2DB09
:10ACF00001ED0BDADBCACB4901BD03AD02E5E0FD96
:10AD0000380A581A42219F06C100000032219F1BB9
:10AD10004367A30BD0221152C1102A25C61C000084
:10AD200082C11022D80232221A7C857B3350331024
:10AD30001CF88B731C8567283A1B868261977262A8
:10AD40001A77250722221906030000003725042C54
:10AD50008332621A22219C32219ED066113A22222D
:10AD6000C2F83802581292C1106A6939065916069B
:10AD7000A700000072621A772505222219860200B8
:10AD80003725042C8332621A22219C32219E3A22DA
:10AD900022C2F838025812069D0000005221A14735
:10ADA000652616A41E67A20BD0221162C1102A26A6
:10ADB000C66B000082A25892C1108A414901F2D9A3
:10ADC00001D2A24CED09066C005221A167E50246B2
:10ADD0002F00BC6467A20DD0221162C1102A263256
:10ADE000120006690082A25892C1108A41D2A24C78
:10ADF000C2A260BD034901F2D901ED09DAD9CAC97D
:10AE0000AD02A5D0FD321A00865F000032219F1BE3
:10AE10004367A30BD0221152C1102A25061A000045
:10AE200082C11022D80272221A1CF84B571C836769
:10AE300028361B8682619752621A572306222219EE
:10AE4000C60200007723042C4332621A22219C326E
:10AE5000219ED066113A2222C2FC380292C1106AA9
:10AE60006939063030F4C6680052621A5723052249
:10AE700022198602007723042C4332621A22219C75
:10AE800032219E3A2222C2FC321200865F0000006C
:10AE90005221A197E502062F00BC7467A20DD022B3
:10AEA0001162C1102A2632020046370082A258924F
:10AEB000C1108A41D2A24CC2A260BD034901F2D99D
:10AEC00001ED09DAD9CAC9AD0225C4FD320A00C6AE
:10AED0002D00000032219F1B4367A30BD02211528B
:10AEE000C1102A25061A000082C11022D80272223F
:10AEF0001A1CF84B571C836728361B8682619752B1
:10AF0000621A572305222219C6020077230532A0B0
:10AF10002432621A22219C32219ED066113A2222CA
:10AF2000C2FC380292C1106A693906303074C636E4
:10AF30000052621A57230522221986020077230441
:10AF40002C4332621A22219C32219E3A2222C2FCD8
:10AF5000320200862D00BC6467A20CD02211A2C16F
:10AF6000102A2A3802460800B2A258C2C110BA41BB
:10AF70004901F2DC01D2A24CED0CC2A260BD03DAA1
:10AF8000DECACEAD0265B8FD380A42219F061F0019
:10AF900032219F1B4367A30BD0221152C1102A25D7
:10AFA000C619000082C11022D80272221A1CF84B66
:10AFB000571C836728351B8682619752621A572374
:10AFC00006222219C60200007723042C4332621A9B
:10AFD00022219C32219ED066113A2222C2FC3802E4
:10AFE00092C1106A693906860800000052621A5739
:10AFF00023052222198602007723042C4332621A89
:10B0000022219C32219E3A2222C2FC38020C055099
:10B0100023201622022221A107621C62C110822174
:10B02000A822D6029221A13C0662425082425122BD
:10B03000A0022099209261A16221A122ABFF20668B
:10B04000106261A10C2282C11062D8020C07724604
:10B050005242619F9221A32609267221A16221A159
:10B0600042AF7F4066106261A15043200C160C086D
:10B07000408693804074CC748221A38046931664EA
:10B080001626125B92A1901A9942C964662208069C
:10B0900048000000004221A20B242261A230650179
:10B0A0003020248221A230334122C2303036205059
:10B0B00053412248005063205696FD22C2D00C1303
:10B0C00020639360207416E2159221A107E90246DD
:10B0D000550042C4FE3C022244004261A2C6510017
:10B0E000DC850C92373214A2C11022DA0132C3304F
:10B0F00042A1E33242E34A2AC64500000C04622121
:10B10000A14261A722A40042A1F44A4120261006D0
:10B11000020000004221A23D0A5D0BC1D099D1C5B9
:10B12000930B44AD03BD054261A281D299E00800B2
:10B130008221A7A2CA301B88A244008261A71632CE
:10B14000059221AD0C1872090056750042A009370E
:10B1500034018D0542AF014A470C0692A00140968A
:10B16000838709304221A747972A8221A29221B1E1
:10B17000B221B59088C0AD0890C9208261A2812219
:10B1800096E008008221AD6261A7420801671404BD
:10B190001B888261ADC1B199D1A793AD03BD058173
:10B1A0003B94E0080056B5F60C9437B402C6D8FFBD
:10B1B000061D0092C9649261A22221A24221B60B0F
:10B1C000222261A23020342A242202008221A230CD
:10B1D0003441224800402501303220505441502350
:10B1E000205642FD0610000032A180ECA2A2C11040
:10B1F0003A4A70900442C4649261A34261A2AC696D
:10B200002261A322A19042DA013C051A225244E3B2
:10B2100022C2632261A286030032A19010338032E1
:10B22000C3644261A33261A222A1F44221A22A2175
:10B230000C054022C06221A35261A52261A33D05F5
:10B24000860E00006221A8CC16C6F20282C110222E
:10B25000D8016242800C0322D8020C093242520CFF
:10B26000122261A39261A56D093D095D092D098234
:10B27000A1908A818261A24601003D065D062D05EE
:10B280009221A3A2C11042DA029096534204529234
:10B2900061B08C341B999261B08221A10C2440488A
:10B2A000104261B21684009221B092C9029261B03C
:10B2B0008221A142A0844048104261B456540992B0
:10B2C00021ACE221B0E049C01C09E6143C06210093
:10B2D000D221A0B2CB10C26D00926D01B9B879A88D
:10B2E000A68720C2A234B221A6A221A41ACC9261C0
:10B2F000B9A5F8059221B98C1AC6CD02A2A1E4E243
:10B30000C110AAAE42C4F0A261A0A2C11082DA02AA
:10B31000C221A078A88BACB8B81B77C15199472936
:10B32000AE9221A079A84919BA44C90949B8A261C5
:10B33000A0A68720A2C110C2A224CACAB221A6A276
:10B3400021A4A5F3058C1A46BA0242A1E482C110D9
:10B350004A888261A092C11042D9027204521677C3
:10B36000049221A0A2A26272218FAA8189090C18DD
:10B370008A7779B478A489198A7779A4E687088BC3
:10B38000999261A046080000A2C110C2A224C0CABE
:10B3900080B221A6A221A465EE05162A00C6A40249
:10B3A00082A1F48081808261A09221B21619059257
:10B3B00021A0B2A26042218FBA8189090C288A4457
:10B3C00042618F42218EA2C1101B44891942618EB5
:10B3D00072DA02E684098B999261A0860800000067
:10B3E000A2C110C2A224C0CA80B221A6A221A4E593
:10B3F000E805162A00C68E0282A1F480818082614F
:10B40000A09221B426E9024625009221B08221AC07
:10B410009048C01C09E6143C062100D221A0B2CB02
:10B4200010C26D00926D01B9B879A8A68720C2A29A
:10B4300034B221A6A221A41ACC9261B9E5E3059207
:10B4400021B98C1A067B02A2A1E4E2C110AAAE4285
:10B45000C4F0A261A0A2C11082DA02C221A078A821
:10B460008BACB8B81B77C1FF984729AE9221A07961
:10B47000A84919BA44C90949B8A261A0A68720A25F
:10B48000C110C2A224CACAB221A6A221A4E5DE0527
:10B490008C1A86670242A1E482C1104A888261A0A8
:10B4A0009221A31C089066C0E6163C4620000000CE
:10B4B000C221A0A2CA10B90C891CA9B749A7A684A9
:10B4C00020C2A234B221A6A221A41ACC8261B8E57E
:10B4D000DA058221B88C1A46560292A1E4D2C11034
:10B4E0009A9D62C6F09261A0E2C11072DE02B221A2
:10B4F000A048A78B9BA8B71B44B1DA986728B082F5
:10B5000021A049A76918AA66B90869B79261A0A6DF
:10B51000841DC2A224B221A6A221A4CACEE5D505CB
:10B520008C1A86430242A1E492C1104A999261A00A
:10B53000A2C1104221A172DA0268B787E4429221C7
:10B54000A328A75221A08221A26A691B22890599FA
:10B550001569B729A7E682078B555261A006F0014D
:10B56000A2C110C2A224C0CA80B221A6A221A4E511
:10B57000D005162A00C62E0232A1F4303180467959
:10B58000018221A842A065872402C67701C1A99241
:10B59000D1A992A221AAB221AB81B498E0080056A9
:10B5A000AA0F21B1989221A029090C122A66291903
:10B5B00028A769B71B2229A7E682098B999261A067
:10B5C0008608000000A2C110C2A224C0CA80B22115
:10B5D000A6A221A465CA05162A0086150232A1F486
:10B5E0003031803261A02221954221A747220852A2
:10B5F00021A107E50206CA019221AF22218F622113
:10B60000A09A2222618F22218E8221B31B228906D9
:10B61000991622618EE682078B666261A006080099
:10B62000B2C110C2A224C0CB80A221A4B221A6E53F
:10B63000C405162A00C6FE0132A1F4303180326101
:10B64000A04221A71C050B24E6123286B40100009B
:10B6500072C71052690172640B32640AA68318C261
:10B66000A234B221A6A221A41ACC25C105563A7C47
:10B6700062A1E4A2C1106A6A22C2F06261A08221C2
:10B68000A0B2C11042DB028B689221A0817698386B
:10B69000A4890978B41B332725B5C6270142219513
:10B6A000A61402C649002170984221A029040C1258
:10B6B0002A66291428A769B71B2229A7E682088BC6
:10B6C000444261A086070000C2A22452C110B221E8
:10B6D000A6A221A4C0C58065BA05566A7562A1F408
:10B6E0006061806261A02221959221A76221A12040
:10B6F000292060500482C11050222032D8024221F9
:10B700008F16C2612221AF8221A020522029184A1F
:10B710002229B328A39221B31B22990829A3E682E8
:10B72000068B280607000000C2A22462C110B221C5
:10B73000A6A221A4C0C68065B405566A6F82A1F492
:10B74000802180322195D6E3063030602072201CA3
:10B7500005460A0082C810591789B649A6A684185A
:10B76000C2A234B221A6A221A41ACC25B105562A20
:10B770006C22A1E492C1102A2932C3F07D02A2C139
:10B780001062DA0291389848A6990788B61B448B54
:10B79000223725BF39178A3339B649A6A68418C27D
:10B7A000A224CACAB221A6A221A425AD05563A6890
:10B7B00022A1E4B2C1102A2B3221A24221A73902D0
:10B7C000491252C11032218F6221A786470182217E
:10B7D000A7804243A6143D6A6469B768A79221A076
:10B7E0008221A21B668909491969A7E6860A8B99F5
:10B7F0009261A0860700000000C2A22492C110B28C
:10B8000021A6A221A4CAC965A705566A6282A1F42D
:10B810008A818261A00C066044534042C01C08E645
:10B82000143B861F00000000C221A0A2CA10B90C60
:10B83000891CA9B769A7A6861EC2A234B221A6A2F6
:10B8400021A41ACC8261B865A3058221B8563A5E5C
:10B8500092A1E4D2C1109A9D42C4F09261A0E2C1CB
:10B860001072DE02B221A068A78B9BA8B71B66B13D
:10B87000FD974728B28221A069A74918AA44B908B0
:10B8800049B79261A0A6861BC2A224B221A6A2211A
:10B89000A4CACEA59E0556AA5942A1E492C1104A57
:10B8A000999261A04221A26221A12A2442A1E4A787
:10B8B0006602865300065A008C430B338602000052
:10B8C0008221AD0B550B888261AD9221A06221B51A
:10B8D0008221B1690962218F89198A6662618F624A
:10B8E000218E92C1101B6662618E72D902E6860BB0
:10B8F0006221A08B666261A0C6060000C2A234B2BB
:10B9000021A6A221A410CC80259705565A5282C1A7
:10B91000104088808261A09221A28221A780698044
:10B920009221AD2066C0720900606743A6163D7281
:10B93000218F9221A07A7672618F72218E29091B44
:10B9400077691972618EE687078B999261A0C606A6
:10B9500000C2A234B221A6A221A41ACC101120E563
:10B96000910556EA4C82C1104A888261A09221ADAD
:10B970000C077066537209001C096067C0E6163830
:10B98000061E0000D221A0A2CA10C26D00926D0155
:10B99000A9B879A8A6871BC2A234B221A6A221A465
:10B9A0001ACC9261B9658D059221B9565A48E2C107
:10B9B000104ABE62C6F0B261A0A2C11082DA02C211
:10B9C00021A078A88BBCA8B81B77C1A6976729B31C
:10B9D0009221A079A86919AA66C90969B8B261A0BB
:10B9E000A68718C2A234B221A6A221A41ACCE58847
:10B9F0000556FA4362C1104A666261A08221AD62B7
:10BA000008006A22506F315066C096A6EA306F3146
:10BA10003066C09616EA9221A24221A74A39302206
:10BA2000633221955221A75723056221A107664E53
:10BA30008221A03221AF6221AF391832218F9221A9
:10BA4000B36A3332618F32218E99081B3332618E93
:10BA500052C110E6830A8B888261A00608000000AC
:10BA600000C2A22482C110B221A6A221A4C0C88013
:10BA7000A5800556DA3B92A1F49091809261A04294
:10BA800021A25221A75034802043C0322195303565
:10BA9000C0403343A6134152218F8221A062C110BE
:10BAA00029085A2322618F22218E39181B222261F4
:10BAB0008EE682088B888261A006070000C2A2245D
:10BAC00092C110B221A6A221A4CAC9257B05562A7B
:10BAD0003642A1F44A414261A00C02203353522164
:10BAE000A72221952025C03022C01C05E6123186F0
:10BAF0008B0000000072C710591979B439A4A683CD
:10BB000019C2A234B221A6A221A41ACCE576055608
:10BB10001A3262A1E4A2C110606A8022C2F062619E
:10BB2000A08221A0B2C11042DB028B689221A081C9
:10BB30004D9738A4890978B41B332725B729197A7A
:10BB40002229B439A46261A0E68302867400C2A2ED
:10BB500024CACBA221A4B221A6257205564A2D22C1
:10BB6000A1E432C1102A333261A0C66C004221A088
:10BB700038A75221A78B241B661B330C14E625081B
:10BB80008221A107E802864C009221A08221A242D4
:10BB9000690182690062618F32618E92C110A68351
:10BBA00015C2A224B221A6A221A4CAC9E56C0556D9
:10BBB0001A28A2A1F4AA213221B36221AF3902329C
:10BBC000218F4221AF6A3332618F32218E49121B9D
:10BBD0003332618E52C1108B22A68318C2A22482F6
:10BBE000C110B221A6A221A4CAC8256905563A24CB
:10BBF00092A1F49A214221A7C10F91D10E91A221C5
:10BC0000AAB221AB32C4FF811A97E00800167A0469
:10BC100052C11072D50252218F62270A8221A2924C
:10BC200021A752C5FF1B661B489A55490239125974
:10BC3000B769A78B22E68602062700C2A224A2C10A
:10BC400010CACAB221A6A221A4256305564A1E2203
:10BC5000A1F42A21062000001C06E6132FC61D00B1
:10BC600082C81062620182650B42650AA68418C20E
:10BC7000A234B221A6A221A41ACC256005563A1BF3
:10BC800072A1E4B2C1107A7B32C3F02D07C2C11099
:10BC900052DC0291F49648A5990288B51B448B7238
:10BCA0003726BC39128A3339B549A52D07A6842712
:10BCB000C2A224D2C110CACDC6E1FF005221A08287
:10BCC00021A24915890569B739A7A6830AC2A2240A
:10BCD00092C110CAC986DAFFA2A247AA313902323C
:10BCE00021B76221B7391232218F52C1106A333223
:10BCF000618F32218E1B3332618EE683078B2222C5
:10BD000061A0C60600C2A22482C110B221A6A2214F
:10BD1000A4CAC8A5560556AA1192A1F49A91926197
:10BD2000A02221A127E21C3221AC4221B05221AE37
:10BD30004023532A5522218F5261AE16F2088628DD
:10BD4000000000006221AC8221B01C048026C0E605
:10BD5000123E46F4FF9221A062C610790949196982
:10BD6000B539A5E683098B999261A0C6070000004A
:10BD7000C2A234B221A6A221A410CC80E54F055660
:10BD80001A0B32A1E452C1103055805261A022C278
:10BD9000F062C11052D60238A568B51B3371B09657
:10BDA0002724B18221A039A529186A22790829B54A
:10BDB000E6830206DCFFC2A22492C110B221A6A231
:10BDC00021A4C0C980654B0516BAF54619000C03BD
:10BDD00032618E3221A5EC4342A1F44A414261A076
:10BDE00006A5F400C2A22452C110B221A6A221A429
:10BDF000CAC5A54805165AFD060E00000000B2216E
:10BE0000A5A221A462A1F4606180816A96E0080085
:10BE10006261A04698F4000022218FAC5282C110CA
:10BE2000C2A224B221A6A221A4CAC825450586041F
:10BE3000000000009221A58C99A221A4BD09815D7A
:10BE400096E008003221A64221AE2213067CF320A0
:10BE500026042043934261AE860D000062219F823A
:10BE6000219F1BA662219767A80286EBF4C6ECF41B
:10BE700092219F6221971BB967A902462EF5862F52
:10BE8000F54221A37221A10C122604024673FC463E
:10BE900093FC2221AE1DF000364100814096E0085F
:10BEA00000BD0230C320817496E008002D0A1DF009
:10BEB00036810082211029215931280598215808FE
:10BEC000503593990146E1001B338203000C158025
:10BED00059835050748CC552C8DB0C1A50A983A0EA
:10BEE00050745625FE16B8410C051BA3ED057CF9D0
:10BEF000DD05591186000000AD03C14896820A0095
:10BF00001B3A8ABCF20B00B811D0CB11BACCB144A9
:10BF100096CABBFABBB20B00B911B14296CABBFAC2
:10BF2000BBB20B000BBBB0B074B68B0206C500C130
:10BF30005396E0BB11BABCB80BA00B000C9A46BCE0
:10BF400000B2A06AB71831873B0D4CCBB71824B2AA
:10BF5000A068B7982AC6BA00B2A074B7980286B88B
:10BF600000B2A07AB7980246B600B2A071B718081E
:10BF7000060300000C880607002C08C60500000018
:10BF8000B20A0182A06C879B0A2C0330DD202B3A79
:10BF900006AC00001C0880DD20C6A90082C8BF8056
:10BFA00080743C7A202044873A26A13596E0881197
:10BFB0008A8A8808A00800476D02C6DB00576D0218
:10BFC00006DD0006E2000000476D0246DD0046DFA8
:10BFD00000260909E089118A8759084699000B85CE
:10BFE000B66802462E00A12796E088118A8A880842
:10BFF000A00800D082111B9228241C854BA2A924E2
:10C000008A86A725072814C60200000000272503FA
:10C010002C422924280458245A2222C2FC28020C2B
:10C020001529082D097CF94686005824D082111B59
:10C03000927B557C822055108BA5A9241C828A8670
:10C04000A722052814460200005722032C82292427
:10C05000280458245A2222C2F8A802B8120C252D0E
:10C0600009A908B9187CF9467600D082111B9228DC
:10C07000241C854BA2A9248A86A72504281406021D
:10C08000002725032C422924280458245A2222C29E
:10C09000FC28020C6529082D097CF946690000007E
:10C0A000D082111B9228241C854BA2A9248A86A722
:10C0B000250428140602002725032C4229242804DD
:10C0C00058245A2222C2FC28020C0529082D097C7A
:10C0D000F9C65B00D082111B9228241C854BA2A9B3
:10C0E000248A86A725062814860200000027250337
:10C0F0002C422924280458245A2222C2FC28020C4B
:10C100003529082D097CF9464E005824D082111B90
:10C11000927B557C822055108BA5A9241C828A868F
:10C12000A722052814460200005722032C82292446
:10C13000280458245A2222C2F8A802B8120C452D0D
:10C1400009A908B9187CF9463E0088247C8A7B88B6
:10C15000A088108BB8B9241C8AB72A048814460218
:10C1600000872A042C888264028804A824AA888272
:10C17000C8F8A808B818D082118A86A908B9181B6F
:10C1800022C62F008807660814C2A0800C0BAD07DA
:10C19000D951E961816790E00800E861D8518801D0
:10C1A0000B9E908853460B008807660818C2A08033
:10C1B0000C0BAD079941D951E961815D90E0080010
:10C1C000E861D85198410BEEE08E118A870C0AA9DC
:10C1D000088801E088538901061A003D0AD08211BF
:10C1E0001BB228241C8A4BC2C9248A86C72A052868
:10C1F0001446020000272A032C4229242804A824DC
:10C20000AA2222C2FC280229082D0B460D00E2C8F2
:10C21000D00C9A4603000000E0BE11EAEBF0EE11EC
:10C220008AEE1B338203009C9882C8D087BAE84606
:10C2300004000082030082C8D0808074873A041B07
:10C240003386FBFFA8110CB8871A02462AFF882103
:10C250005203002728068C350C09061BFF8801981D
:10C26000215098839901862600E058115A575805A5
:10C2700028240B55D09811F66565A18395E05511DA
:10C280005A5A5805A005007B22F022108B525924DF
:10C29000572C042814860100272C01E9242804586F
:10C2A000249A965A2222C2F8A802B812A909B919EA
:10C2B0004617007B22F022108B525924572C042859
:10C2C00014860100272C01E924280458249A965A40
:10C2D0002222C2F8A802B812A909B919460C000016
:10C2E0004B525924572C042814860100272C01D9BD
:10C2F00024280458249A965A2222C2FC280229098A
:10C30000460300008D021C8C2C4D7C8F2C8E460029
:10C31000001B88280187220246D3FF5831982189C3
:10C3200005822110D0291139082A261DF00C152666
:10C3300009028627FF862EFF0C25260902C624FF48
:10C340008639FF000C65260902C621FF8646FF0CD0
:10C3500005260902061FFF4651FF0C352609024635
:10C360001CFF865BFF0C452609028619FF4666FF07
:10C370003621062261A4A221A43261A24261A35205
:10C38000619C62619D72619EA50504A22A00A26162
:10C39000B381C78FE008008221A4A261AF16880094
:10C3A0002868CC32AD086584FB21FD949221A22738
:10C3B00099092221A42812060900000021FA9432CA
:10C3C00021A227930A8221A488288261A246040020
:10C3D00021F6949221A22799082221A42222032245
:10C3E00061A2B2A24432C110B0B380A2A00165BD67
:10C3F000098221A222281907E20E22180697E208D4
:10C40000A2281681EA94E008009221A22219063798
:10C41000620522290456D203B221A2A221A4A50CAE
:10C4200003161A033221A222231907E20E22130651
:10C4300097E208A2231681DE94E00800B2A24442EB
:10C44000C110A22195B0B4807CF5A5B7095261AEA8
:10C4500046BC0B0000008221A21CA2321806202339
:10C460001066924322980796D20322281907E20BFE
:10C4700097E308A2281681CE94E0080092C110B27A
:10C48000A244A22195BAB9E5B309D2219CE2219D2B
:10C49000F2219EC221A3B221A2A221A425ED02A2D3
:10C4A00061AEC6A70B0000007CF4B2C11032A1E45B
:10C4B00042614451E08E41DF8E0C023A3B32618D85
:10C4C00022618F22618E2261972261982261A742A8
:10C4D00061AA5261AB3261A02261B52261B72261CB
:10C4E000AD2261B12261B62261AE22619F46010098
:10C4F0005221A95261A33221A34600001B3322031B
:10C50000008C4222C2DB5622FF8221A38023C01668
:10C51000220542218F9221A02A4442618F42218E1E
:10C52000A2C1101B448909291942618E52DA02E620
:10C5300084098B999261A08608000000B2C110C2E4
:10C54000A224C0CB80A221A4B221A2252C07162AA6
:10C5500000C65E0B52A1F45051805261A06221AE20
:10C560002A666261AE220300CC12864B0B52C110C8
:10C570000C0922D5020C047CF84242561B6322218E
:10C580009F8261A59261AC4D099261A146020000B3
:10C59000007261A90C046221A91B866206008261F7
:10C5A000A96261A85CAAD1BF940C982C492CAB0657
:10C5B000010000006261ACC221A862CCE067BA024F
:10C5C000064008E066116A6D6806A00600A221A474
:10C5D00025E103A22A01A261B681358FE00800A2FD
:10C5E00061B1A221A4E5DF03A22A026221B1A26106
:10C5F000AD1616FA16EAF9620A001686F962A40068
:10C6000086B40062D5027206565697F82C07C642C9
:10C61000000C16C6B3006221A90C9872060062C70E
:10C62000D067B80246390B9221A90C0A1B699D08F4
:10C63000E08A11AAA872C7D0F0AA11AAA7720600B0
:10C640001B6682C7D087B9E72C48871702C6D0FF80
:10C650002C07A7A702C61D0B7221980BAA77AA0860
:10C66000D0AA11AAA5C606000072A24C7A75D2A261
:10C6700060C2A2607901F2D501ED051ADDCAC5BD1F
:10C6800003E582FFA80A6261A9A261ACA2219F46CC
:10C690001C000000D062116A6586180072D502B2D3
:10C6A000271A1CFC4B9B1C88672C341BC6C2619844
:10C6B00092671A972805722719860200B728042C5A
:10C6C0004882671A72259882259AD066118A7772F5
:10C6D000C7FC88076A658261AC89064609000000CC
:10C6E00092671A972805622719860200B728042C3A
:10C6F0004662671A62259872259A7A6662C6FC6855
:10C70000066261AC9221ACA2619FD689E8909060EC
:10C710009261AC0C46466F0062D5022CB772465649
:10C72000869CFF6221A91B766206006261A8B7168B
:10C73000070C066261A58642009221A98209010CBC
:10C740009962C8D067B90286F50AA221A92B6A0CA2
:10C750000AE0BA11AAAB82C8D0F0AA11AAA8820630
:10C76000001B66B2C8D0B7B9E72C49971802C68734
:10C77000FF2C07A7A70286D50A7221980BAA77AAD1
:10C7800007D0AA11AAA586060072A24C7A75D2A279
:10C7900060C2A2607901F2D501ED051ADDCAC5BDFE
:10C7A00003E570FF880A7D06B2219F861A00D062D9
:10C7B000116A6506180082D502C2281A1CFD4BAC0E
:10C7C0001C89672D321BD6D26198A2681AA7290747
:10C7D0008228190603000000C729042C4992681A10
:10C7E00082259892259AD066119A8882C8FC88087A
:10C7F0006A65890646080000A2681AA7290562280A
:10C8000019860200C729042C4662681A622598829C
:10C81000259A8A6662C6FC88067CF6606853626167
:10C82000A5B2619F7261A9C65AFF0000E221A5E08E
:10C830006E11EA66F06611CA666261A56207001BA6
:10C84000776261A86221A87261A9C2C6D0C7B8DBAD
:10C850006221AC4657FF62A080461E007221A90CDF
:10C8600006E221A8E0C6116A6CF06611C2CED06A59
:10C870006CC221A9E207001BCCC261A97D0CE26158
:10C88000A8C2CED0C7B8D9971E028649FF2C02672E
:10C89000A202868E0A0B260C14463EFF0C86060D5D
:10C8A000009221A962A06872090067970A1B9992F9
:10C8B00061A962A2004607004C06060A006221A98F
:10C8C00072060062A06C67970A8221A91B888261A8
:10C8D000A9C603001C068221A16088208261A1C62E
:10C8E0002CFF00002C069221A16099209261A1C624
:10C8F00028FF522198BC8457A20DD02211A2C1104A
:10C900002A2A220200860800C2C110B2A25CD2A26A
:10C9100050ED0CBA41F2DC01DADCC2A260AD024992
:10C9200001CACEBD03A558FF220A0062219F461FFF
:10C930000032219F1B6357A30AD0221142C1102A43
:10C9400024C6190082C11022D80272221A1CF84B88
:10C95000471C835728361B8582619842621A4723F9
:10C9600006222219C60200007723042C4332621AE1
:10C9700022219C32219ED055113A2222C2FC28024B
:10C9800092C1105A59290520207446080042621AA3
:10C990004723052222198602007723042C433262A2
:10C9A0001A22219C32219E3A2222C2FC220200A29B
:10C9B000C11032DA0122438022DA020C03324256DD
:10C9C0000C020C1362619F3261A52261A66D023DCB
:10C9D000025D020646079221A11C05509920926132
:10C9E000A15221A162219857E502863300BCB467A9
:10C9F000A20ED0221162C1102A2638025812C6088F
:10CA00000082A25C92C1108A41D2A250C2A260BD33
:10CA1000034901F2D901ED09DAD9CAC9AD022549A4
:10CA2000FF380A581A42219F06C2000032219F1B7C
:10CA30004367A30BD0221152C1102A25C61C000047
:10CA400082C11022D80232221A7C857B33503310E7
:10CA50001CF88B731C8567283A1B8682619872626A
:10CA60001A77250722221906030000003725042C17
:10CA70008332621A22219C32219ED066113A2222F0
:10CA8000C2F83802581292C1106A6939065916461E
:10CA9000A800000072621A7725052222198602007A
:10CAA0003725042C8332621A22219C32219E3A229D
:10CAB00022C2F838025812469E0000005221A147B7
:10CAC000652616E41E67A20BD0221162C1102A2629
:10CAD000866C000082A25C92C1108A414901F2D9A1
:10CAE00001D2A250ED09066D005221A167E5024670
:10CAF0002F00BC6467A20DD0221162C1102A263219
:10CB00009200066A0082A25C92C1108A41D2A250B1
:10CB1000C2A260BD034901F2D901ED09DAD9CAC93F
:10CB2000AD02E538FF329A008660000032219F1B7B
:10CB30004367A30AD0221152C1102A25061A008287
:10CB4000C11022D80272221A1CF84B571C83672886
:10CB5000371B8682619852621A57230722221906D0
:10CB6000030000007723042C4332621A22219C32F6
:10CB7000219ED066113A2222C2FC380292C1106A6C
:10CB8000693906803323C6690052621A5723052289
:10CB900022198602007723042C4332621A22219C38
:10CBA00032219E3A2222C2FC3292008660000000AE
:10CBB0005221A197E502C62F00BC8467A20DD022A6
:10CBC0001162C1102A2632020086080082A25C92FD
:10CBD000C1108A41D2A250C2A260BD034901F2D95C
:10CBE00001ED09DAD9CAC9AD02652CFF320A00424B
:10CBF000219F461F0032219F1B4367A30AD02211A9
:10CC000052C1102A25C6190082C11022D8027222F0
:10CC10001A1CF84B571C836728361B868261985272
:10CC2000621A572306222219C60200007723042C19
:10CC30004332621A22219C32219ED066113A22226E
:10CC4000C2FC380292C1106A693906303074460855
:10CC50000052621A57230522221986020077230404
:10CC60002C4332621A22219C32219E3A2222C2FC9B
:10CC7000320200003323C62D00BC7467A20DD022FF
:10CC800011A2C1102A2A380286080000B2A25CC292
:10CC9000C110BA414901F2DC01D2A250ED0CC2A28E
:10CCA00060BD03DADECACEAD026520FF380A42213C
:10CCB0009F061F0032219F1B4367A30BD0221152F6
:10CCC000C1102A25C619000082C11022D802722282
:10CCD0001A1CF84B571C836728351B8682619852B3
:10CCE000621A572306222219C60200007723042C59
:10CCF0004332621A22219C32219ED066113A2222AE
:10CD0000C2FC380292C1106A693906860800000028
:10CD100052621A5723052222198602007723042C17
:10CD20004332621A22219C32219E3A2222C2FC38CE
:10CD300002305F3142619F962500867D0930306068
:10CD40000C120C04304293505060A2C1104055C0E8
:10CD50002CD642DA0262445606DE0500006221A1AA
:10CD600052219837665EBCE457A214D0221182C1CA
:10CD7000102A28480258124261AA5261ABC64D00DF
:10CD800052A25C62C1105A41D2A250C2A2604901B3
:10CD9000F2D601ED06DAD6CAC6BD03AD022511FFF3
:10CDA000880A981AC60B000092219F1B7957A90B7D
:10CDB000D02211A2C1102A2AC63B000062C1102253
:10CDC000D602061B0016440457A214D0221152C1E9
:10CDD000102A25880298128261AA9261ABC635009A
:10CDE00092A25CA2C1109A41D2A250C2A260F2DA11
:10CDF00001ED0ADADACACABD03AD024901250BFF0B
:10CE0000280A381A2261AA3261AB862A0032219F91
:10CE10001B7357A316D0221142C1102A24880298EE
:10CE2000128261AA9261AB862200000092C1102298
:10CE3000D90232221A7C847B334033101CF88B6376
:10CE40001C845728461B8582619862621A672407F2
:10CE500022221906030000003724042C8332621AB0
:10CE600022219C32219ED055113A2222C2F89812DA
:10CE700088029261AB8261AA2221AA3221AB92C1BF
:10CE8000105A5929053915860A00000062621A678E
:10CE900024052222198602003724042C8332621AC8
:10CEA00022219C32219E3A2222C2F8480258124284
:10CEB00061AA5261AB72619F41038D6221AB522125
:10CEC000AA21018D31028D404610CD02DD03AD0552
:10CED000BD0481078DE00800EC8ACD02DD03AD05BD
:10CEE000BD0481048DE00800A61A18C1528CD151EE
:10CEF0008CA221AAB221AB81018DE00800D64A02A2
:10CF000086050000C221AAD221ABAD0CBD0D81F86F
:10CF10008CE00800164A08460E0082C11022D80292
:10CF20002CD33242569159923221A84C729261A36D
:10CF300037A2054157924261A35221A122AF7F201F
:10CF400055100C060C385261A16261A68261A5C61B
:10CF5000E905000021E48C9221AB97020AA2C110DE
:10CF600022DA022CD3324256314B924221A84C7223
:10CF70003261A347A2058148928261A39221A12236
:10CF8000AF7F2099100C330C023261A59261A1226F
:10CF900061A66D023D025D0206D905004221A8226C
:10CFA000AFDF2074104C1227975052C11032D502B7
:10CFB0003C026221A122435452A07822C49F5C8487
:10CFC00020458322A0022066208221A5424355628B
:10CFD00061A122A06387A24CA221A4B2C80181FF53
:10CFE00091E00800A261A3569A049221A24C032268
:10CFF000190630222022590606B5082221A526024C
:10D000003B4221A50C132D0A4023832020748CB2AF
:10D0100022C7B95D0A205383502074EC920C06623B
:10D0200061A6060A0082A1908A81A261A68261A3FC
:10D03000860600009221A39261A60604000C62A25B
:10D0400061A62261A5460100A261A63261A5322136
:10D05000A122A1002023202261B02221AB3221AAEB
:10D06000D6020121A08C4221AB2CD5202430526164
:10D07000B20601000C066261B24C1447170206505A
:10D0800000C2A258CAC1AD03BD0265CD03C1E98B80
:10D09000D1F19181A08CE00800C1E68BD1E68B2D07
:10D0A0000AB03B2081F291E00800CC3A0C144261B6
:10D0B000968221A852A06141F99157180241F89136
:10D0C0005221A59221A30B85C1DB8BD1E391AD0247
:10D0D000BD038261B89261B9818F8CE008003D0B7D
:10D0E000A02A20818D8CE00800A261A7818C8CE0B1
:10D0F0000800CD0ADD0BAD0230B32081858CE0083D
:10D1000000E221A79221B9EA646206001B59624934
:10D11000008221B85261B42D0A3D0B6D0826081C0F
:10D12000C1C58BD1C48B0B888261B85261B981D0E3
:10D1300091E008008221B89221B956AAF8C1BD8BAE
:10D14000D15F8CAD02BD03816C8CE00800E61A183B
:10D15000C1B98BD15A8CAD02BD0381C491E00800E6
:10D16000560A042221A707623A52619032040F3C0A
:10D17000058600005242002221900B22226190621B
:10D1800002003716EE32C60152A03930307457967D
:10D190000232040A32420006060000004242001B2E
:10D1A000224601002D055A663C042261B42036C097
:10D1B000D683FE3221B44221A34033C03261A78618
:10D1C0002D004C654221A50C3E5717084C550C2EDE
:10D1D0005797011B4462A24060518082A250526165
:10D1E0000292A2588051805911A221A49A5159014A
:10D1F000FD04CD03DD02254E02A261A34C755797B5
:10D20000165221A107E5102221908221A38022C07D
:10D210002261A786180000009221A34C664A596734
:10D22000972662090062C6D0DC86C1828BD1818BD1
:10D23000AD03BD02818F91E008008C6A0C16404658
:10D24000C04261964221964A55C17A8BD17A8BAD04
:10D2500003BD02818691E00800CCFA5261908602FB
:10D26000001B424261903242004600003C032221F2
:10D27000905732ECC6E3FF00004C7322219637979B
:10D28000237CD33722113221A527230B4221A74724
:10D29000A202C65B004655005221A852C5FE52614B
:10D2A000A8060200004C633797028640006221A85E
:10D2B0000B3252AFDF5056106040743261964C16FC
:10D2C000679504FB4440407482C11062D802424614
:10D2D000372CB4D663000C132033C02CD492C11069
:10D2E00062D9024246380C9237A26022A2372A291C
:10D2F00081D78B72A063C600002D063D048043B227
:10D30000305F314042215044C0E054114A55F0553D
:10D31000115053C00B6252C5305246003727D9A274
:10D32000C11022C2FE42C43032A23952A237424258
:10D33000003A3A5A5A4602004202001B2242430077
:10D340001B334D035732F0860800000042A237B26B
:10D35000C1104A2B4C172B227715093C0222463963
:10D360004A2B22C20332C3301B4232420022A24760
:10D370002A213221A72024C02261B73A222261A5A6
:10D38000E623054221A107640A5221A56221AF6A62
:10D39000555261A58221A122ABFF20281032A100A5
:10D3A0003032203261B00C035D032D03463800009B
:10D3B0009221A14221A5903004403320A6121516D7
:10D3C00053065221AF62A0665A323A444261A562C6
:10D3D00061A8861A0016C3058221AF9221A51B38C9
:10D3E0003A9932A0669261A53261A846140042A023
:10D3F000676221AF5221A12261A54261A86A62073A
:10D40000E51D860E009221A73221AF42A067309918
:10D41000809261A54261A8E612252069C062C6011A
:10D420006261A5460600000052A0662261A5526115
:10D43000A8C602000062A0660C186261A88261A5FD
:10D440009221A152A4005059100C033715425D03DC
:10D45000E61221860E00000027A4258221AD40227D
:10D46000C04208018C841B881B558261ADC6010037
:10D470001B3386000062A0FF9221AD420900679431
:10D48000D66221B13A458221A56044828A848261B4
:10D49000A59221B06221B29261A1CC16069804A295
:10D4A000C1102CD642DA026244560C06069404627D
:10D4B00021A152219857E602063100BC6457A20C04
:10D4C000D0221182C1102A28280246080092A25CAC
:10D4D000A2C1109A41D2A250C2A260F2DA01ED0AB2
:10D4E000DADACACA4901AD02BD03659CFE280A62A8
:10D4F000219FC61E0032219F1B6357A30AD0221111
:10D5000042C1102A2486190082C11022D802722238
:10D510001A1CF84B471C835728331B85826198429D
:10D52000621A472306222219C60200007723042C20
:10D530004332621A22219C32219ED055113A222276
:10D54000C2FC280292C1105A59290586080042627D
:10D550001A47230722221906030000007723042C10
:10D560004332621A22219C32219E3A2222C2FC2896
:10D57000023221AE39024D03303F31391246B70035
:10D580006221A147E602862000AC3457A20AD022CD
:10D590001182C1102A2846850092A25CA2C1109A6D
:10D5A000414901F2DA01D2A250ED0AC6850000001D
:10D5B00032219F1B6357A30BD0221142C1102A2492
:10D5C000C6A4000082C11022D80272221A1CF84B95
:10D5D000471C8357A8028697001B85826198426288
:10D5E0001A47230722221906030000007723042C80
:10D5F0004332621A22219C32219ED055113A2222B6
:10D60000C2FC92C11028025A590689006221A16702
:10D61000E602863000BC7457A20DD0221182C110E0
:10D620002A2828028608000092A25CA2C1109A4112
:10D63000D2A250C2A260F2DA01ED0ADADACACA490D
:10D6400001AD02BD03A586FE280A62219F061F00C8
:10D6500032219F1B6357A30BD0221142C1102A24F1
:10D66000C619000082C11022D80272221A1CF84B7F
:10D67000471C835728351B8582619842621A4723CD
:10D6800005222219C6020077230532A02432621A2D
:10D6900022219C32219ED055113A2222C2FC28021E
:10D6A00092C1105A592905860800000042621A47A3
:10D6B00023052222198602007723042C4332621AA2
:10D6C00022219C32219E3A2222C2FC28023221AE23
:10D6D000325200C6610000006221A197E6020630C6
:10D6E00000BC7457A20DD0221182C1102A28280232
:10D6F0008608000092A25CA2C1109A41D2A250C238
:10D70000A260F2DA01ED0ADADACACA4901AD02BD55
:10D7100003E579FE280A62219F061F0032219F1B24
:10D720006357A30BD0221142C1102A24C61900004E
:10D7300082C11022D80272221A1CF84B471C835750
:10D7400028351B8582619842621A472306222219D6
:10D75000C60200007723042C4332621A22219C3235
:10D76000219ED055113A2222C2FC280292C1105AA1
:10D77000592905860800000042621A472305222223
:10D78000198602007723042C4332621A22219C322C
:10D79000219E3A2222C2FC28023221AE324200C629
:10D7A0002E00BC6457A20CD0221142C1102A24289A
:10D7B0000246080052A25C62C1105A414901F2D6E9
:10D7C00001D2A250ED06C2A260AD02DADECACEBD21
:10D7D00003E56DFE280A62219F061F0082219F1B20
:10D7E0006857A80BD0221192C1102A29C61900002F
:10D7F000A2C11022DA0272221A1CF84B471C83576E
:10D8000028351B8582619842621A47230622221915
:10D81000C60200007723042C4332621A22219C3274
:10D82000219ED055113A2222C2FCB2C11028025AC0
:10D830005B2905860800000042621A472305222260
:10D84000198602007723042C4332621A22219C326B
:10D85000219E3A2222C2FC28023221AE39026261A4
:10D860009FC622FB6221A11C055066206261A18235
:10D8700021A162219857E802063400BCD467A20FA8
:10D88000D0221192C1102A2938025812060900002C
:10D89000A2A25CB2C110AA41D2A250C2A260F2DB25
:10D8A00001ED0BDADBCACB4901BD03AD022560FEF9
:10D8B000380A581A42219F06C100000032219F1BDE
:10D8C0004367A30BD0221152C1102A25C61C0000A9
:10D8D00082C11022D80232221A7C857B3350331049
:10D8E0001CF88B731C856728381B868261987262CE
:10D8F0001A77250722221906030000003725042C79
:10D900008332621A22219C32219ED066113A222251
:10D91000C2F83802581292C1106A693906591606BF
:10D92000A70072621A772507222219060300000059
:10D930003725042C8332621A22219C32219E3A22FE
:10D9400022C2F838025812069D0000005221A14759
:10D95000652616A41E67A20BD0221162C1102A26CA
:10D96000C66B000082A25C92C1108A414901F2D9C3
:10D9700001D2A250ED09066C005221A167E502C652
:10D980002E00BC6467A20DD0221162C1102A26327B
:10D99000120006690082A25C92C1108A41D2A25094
:10D9A000C2A260BD034901F2D901ED09DAD9CAC9A1
:10D9B000AD02E54FFE321A00865F000032219F1B48
:10D9C0004367A30BD0221152C1102A25061A00006A
:10D9D00082C11022D80272221A1CF84B571C83678E
:10D9E00028361B8682619852621A57230622221912
:10D9F000C60200007723042C4332621A22219C3293
:10DA0000219ED066113A2222C2FC380292C1106ACD
:10DA10006939063030F4C6680052621A572305226D
:10DA200022198602007723042C4332621A22219C99
:10DA300032219E3A2222C2FC321200865F0052211D
:10DA4000A197E502862F00BC9467A20FD022116235
:10DA5000C1102A26320200C63700000082A25C9262
:10DA6000C1108A41D2A250C2A260BD034901F2D9BD
:10DA700001ED09DAD9CAC9AD026543FE320A00C612
:10DA80002D00000032219F1B4367A30BD0221152AF
:10DA9000C1102A25061A000082C11022D802722263
:10DAA0001A1CF84B571C836728361B8682619852D4
:10DAB000621A572306222219C60200007723042C7B
:10DAC0004332621A22219C32219ED066113A2222D0
:10DAD000C2FC380292C1106A693906303074C63609
:10DAE0000052621A57230522221986020077230466
:10DAF0002C4332621A22219C32219E3A2222C2FCFD
:10DB0000320200862D00BC6467A20CD02211A2C193
:10DB1000102A2A3802460800B2A25CC2C110BA41DB
:10DB20004901F2DC01D2A250ED0CC2A260BD03DAC1
:10DB3000DECACEAD02A537FE380A42219F061F007D
:10DB400032219F1B4367A30BD0221152C1102A25FB
:10DB5000C619000082C11022D80272221A1CF84B8A
:10DB6000571C836728351B8682619852621A572397
:10DB700005222219C6020077230532A02432621A38
:10DB800022219C32219ED066113A2222C2FC380208
:10DB900092C1106A693906860800000052621A575D
:10DBA00023052222198602007723042C4332621AAD
:10DBB00022219C32219E3A2222C2FC38020C0562AC
:10DBC00021A122ABFF2066106261A10C02463D023A
:10DBD000522198BC6457A20CD0221182C1102A286D
:10DBE000380246080092A25CA2C1109A41D2A2500B
:10DBF000C2A260F2DA01ED0ADADACACABD0349014B
:10DC0000AD02E52AFE380A42219FC61E0032219F3E
:10DC10001B4357A30AD0221152C1102A258619008E
:10DC200062C11022D60272221A1CF84B671C83575D
:10DC300028351B8582619862621A672306222219A1
:10DC4000C60200007723042C4332621A22219C3240
:10DC5000219ED055113A2222C2FC380282C1105AAC
:10DC6000583905860800000062621A6723052222DF
:10DC7000198602007723042C4332621A22219C3237
:10DC8000219E3A2222C2FC3802A2C11062DA023C72
:10DC9000079221A172465472A0780C2272465561F7
:10DCA000FF8E20992082A0780C059261A16261B557
:10DCB0008261A8C60302522198BCB457A20FD02299
:10DCC0001192C1102A2928022261A3462B00A2A288
:10DCD0005CB2C110AA41D2A250C2A260F2DB01ED37
:10DCE0000BDADBCACB4901BD03AD02651CFEA80AF5
:10DCF000A261A3462100000032219F1B6357A30BA2
:10DD0000D0221142C1102A24061A000082C110221A
:10DD1000D80272221A1CF84B471C835728361B85E1
:10DD200082619842621A472306222219C602000025
:10DD30007723042C4332621A22219C32219ED05533
:10DD4000113A2222C2FC280292C1105A592261A320
:10DD50002905C6080042621A4723052222198602B5
:10DD6000007723042C4332621A22219C32219E3AEE
:10DD70002222C2FC28022261A362619FA2C110225A
:10DD8000DA020C033242562221A526022FA221A339
:10DD900020C220B2A000819D8EE00800A261A66290
:10DDA00021A6CC1A8654023221A30C04303AC03288
:10DDB00061A54261A66D04C64F02000000A221A326
:10DDC0000C05813B89E00800A261A55261A66D05A2
:10DDD0003D05064A026221A11C055066206261A130
:10DDE0008221A162219857E802C63200BCC467A212
:10DDF0000ED0221192C1102A2938025812C60800EA
:10DE0000A2A25CB2C110AA41D2A250C2A260F2DBAF
:10DE100001ED0BDADBCACB4901BD03AD022509FEDA
:10DE2000380A581A42219F869100000032219F1B18
:10DE30004367A30BD0221152C1102A25C61B000034
:10DE400082C11022D80232221A7C857B33503310D3
:10DE50001CF88B731C856728361B8682619872625A
:10DE60001A7725052222198602003725042C8332D1
:10DE7000621A22219C32219ED066113A2222C2F8D7
:10DE80003802581292C1106A69390659160678008C
:10DE900072621A7725052222198602003725042C82
:10DEA0008332621A22219C32219E3A2222C2F83801
:10DEB000025812866E0000005221A147652616E422
:10DEC0001E67A20BD0221162C1102A26C66C000068
:10DED00082A25C92C1108A414901F2D901D2A250BA
:10DEE000ED09066D005221A167E502462F00BC64D2
:10DEF00067A20DD0221162C1102A26321200066AD2
:10DF00000082A25C92C1108A41D2A250C2A260BD1E
:10DF1000034901F2D901ED09DAD9CAC9AD0225F9DF
:10DF2000FD321A008660000032219F1B4367A30B5D
:10DF3000D0221152C1102A25061A000082C11022D7
:10DF4000D80272221A1CF84B571C836728361B868E
:10DF500082619852621A572306222219C6020000D3
:10DF60007723042C4332621A22219C32219ED066F0
:10DF7000113A2222C2FC380292C1106A6939063075
:10DF800030F4463A0052621A5723052222198602BB
:10DF9000007723042C4332621A22219C32219E3ABC
:10DFA0002222C2FC32120006310000005221A19749
:10DFB000E502063000BC7467A20DD0221162C110C8
:10DFC0002A2632020046380082A25C92C1108A41A1
:10DFD000D2A250C2A260BD034901F2D901ED09DA13
:10DFE000D9CAC9AD02A5ECFD320A00C62E00000058
:10DFF00032219F1B4367A30BD0221152C1102A2547
:10E00000061A000082C11022D80272221A1CF84B94
:10E01000571C836728361B8682619852621A5723E1
:10E0200006222219C60200007723042C4332621A0A
:10E0300022219C32219ED066113A2222C2FC380253
:10E0400092C1106A69390630307446080052621A6B
:10E050005723052222198602007723042C433262BB
:10E060001A22219C32219E3A2222C2FC3202000C4A
:10E07000050C12C61301BC6467A20CD02211A2C108
:10E08000102A2A3802460800B2A25CC2C110BA4166
:10E090004901F2DC01D2A250ED0CC2A260BD03DA4C
:10E0A000DECACEAD02A5E0FD380A42219F86EFFF11
:10E0B00032219F1B4367A30AD0221152C1102A2587
:10E0C000C6190082C11022D80272221A1CF84B57BE
:10E0D0001C836728361B8682619852621A57230771
:10E0E00022221906030000007723042C4332621A0F
:10E0F00022219C32219ED066113A2222C2FC380293
:10E1000092C1106A69390606D9FF000052621A5797
:10E1100023052222198602007723042C4332621A37
:10E1200022219C32219E3A2222C2FC380286CFFF55
:10E130000051DB8D5261B546010061D88D6261B539
:10E140008221A162219857E802C63300BCC467A2AD
:10E150000ED0221192C1102A2938025812C6080086
:10E16000A2A25CB2C110AA41D2A250C2A260F2DB4C
:10E1700001ED0BDADBCACB4901BD03AD0225D3FDAE
:10E18000380A581A42219F06C100000032219F1B05
:10E190004367A30BD0221152C1102A25C61C0000D0
:10E1A00082C11022D80232221A7C857B3350331070
:10E1B0001CF88B731C8567283A1B868261987262F3
:10E1C0001A77250722221906030000003725042CA0
:10E1D0008332621A22219C32219ED066113A222279
:10E1E000C2F83802581292C1106A693906591606E7
:10E1F000A700000072621A77250522221986020004
:10E200003725042C8332621A22219C32219E3A2225
:10E2100022C2F838025812069D0000005221A14780
:10E22000652616A41E67A20BD0221162C1102A26F1
:10E23000C66B000082A25C92C1108A414901F2D9EA
:10E2400001D2A250ED09066C005221A167E50246F9
:10E250002F00BC6467A20DD0221162C1102A2632A1
:10E26000120006690082A25C92C1108A41D2A250BB
:10E27000C2A260BD034901F2D901ED09DAD9CAC9C8
:10E28000AD02E5C2FD321A00865F000032219F1BFD
:10E290004367A30BD0221152C1102A25061A000091
:10E2A00082C11022D80272221A1CF84B571C8367B5
:10E2B00028361B8682619852621A57230622221939
:10E2C000C60200007723042C4332621A22219C32BA
:10E2D000219ED066113A2222C2FC380292C1106AF5
:10E2E0006939063030F4C6680052621A5723052295
:10E2F00022198602007723042C4332621A22219CC1
:10E3000032219E3A2222C2FC321200865F000000B7
:10E310005221A197E502062F00BC7467A20DD022FE
:10E320001162C1102A2632020046370082A25C9296
:10E33000C1108A41D2A250C2A260BD034901F2D9E4
:10E3400001ED09DAD9CAC9AD0265B6FD320A00C6C7
:10E350002D00000032219F1B4367A30BD0221152D6
:10E36000C1102A25061A000082C11022D80272228A
:10E370001A1CF84B571C836728361B8682619852FB
:10E38000621A572306222219C60200007723042CA2
:10E390004332621A22219C32219ED066113A2222F7
:10E3A000C2FC380292C1106A693906303074C63630
:10E3B0000052621A5723052222198602007723048D
:10E3C0002C4332621A22219C32219E3A2222C2FC24
:10E3D000320200862D00BC6467A20CD02211A2C1BB
:10E3E000102A2A3802460800B2A25CC2C110BA4103
:10E3F0004901F2DC01D2A250ED0CC2A260BD03DAE9
:10E40000DECACEAD02A5AAFD380A42219F061F0032
:10E4100032219F1B4367A30BD0221152C1102A2522
:10E42000C619000082C11022D80272221A1CF84BB1
:10E43000571C836728331B8682619852621A5723C0
:10E4400006222219C60200007723042C4332621AE6
:10E4500022219C32219ED066113A2222C2FC38022F
:10E4600092C1106A69390686080052621A5723075A
:10E4700022221906030000007723042C4332621A7B
:10E4800022219C32219E3A2222C2FC38020C0550E5
:10E4900023201622022221A107621C62C1108221C0
:10E4A000A822D6029221A13C066242548242552201
:10E4B000A0022099209261A16221A122ABFF2066D7
:10E4C000106261A10C2282C11062D8020C07724650
:10E4D0005642619F9221A52609267221A16221A19F
:10E4E00042AF7F4066106261A15043200C160C08B9
:10E4F000408693804074CC748221A5804693166434
:10E500001626125B92A1901A9942C96466220806E7
:10E5100048000000004221A30B242261A3306501C2
:10E520003020248221A330334122C23030362050A3
:10E5300053412248005063205696FD22C2D00C134E
:10E5400020639360207416E2159221A107E9024628
:10E55000550042C4FE3C022244004261A3C6510061
:10E56000DC850C92373214A2C11022DA0132C3309A
:10E5700042A1E33242E34A2AC64500000C0462216C
:10E58000A14261A722A40042A1F44A41202610061C
:10E59000020000004221A33D0A5D0BC1B08CD1A551
:10E5A000860B44AD03BD054261A381B28CE0080037
:10E5B0008221A7A2CA301B88A244008261A716321A
:10E5C000059221AD0C1872090056750042A009375A
:10E5D00034018D0542AF014A470C0692A0014096D6
:10E5E000838709304221A747972A8221A39221B12C
:10E5F000B221B69088C0AD0890C9208261A3810283
:10E6000089E008008221AD6261A742080167140415
:10E610001B888261ADC1918CD18786AD03BD058118
:10E620001B87E0080056B5F60C9437B402C6D8FF35
:10E63000061D0092C9649261A32221A34221B50B59
:10E64000222261A33020342A242202008221A33016
:10E65000344122480040250130322050544150239B
:10E66000205642FD0610000032A180ECA2A2C1108B
:10E670003A4A70900442C4649261A54261A3AC69B5
:10E680002261A522A19042DA013C051A225244E3FC
:10E6900022C2632261A386030032A190103380322C
:10E6A000C3644261A53261A322A1F44221A32A21BD
:10E6B0000C054022C06221A55261A62261A53D053C
:10E6C000860E00006221A8CC16C6F30282C1102279
:10E6D000D8016242800C0322D8020C093242560C47
:10E6E000122261A59261A66D093D095D092D09827D
:10E6F000A1908A818261A34601003D065D062D0539
:10E700009221A5A2C11042DA029096534204569279
:10E7100061B08C341B999261B08221A10C244048D5
:10E72000104261B21684009221B092C9029261B087
:10E730008221A142A0844048104261B456540992FB
:10E7400021ACE221B0E049C01C09E6143C062100DE
:10E75000D221A0B2CB10C26D00926D01B9B879A8D8
:10E76000A68720C2A234B221A2A221A41ACC92610F
:10E77000B9A509059221B98C1AC6D002A2A1E4E27A
:10E78000C110AAAE42C4F0A261A0A2C11082DA02F6
:10E79000C221A078A88BACB8B81B77C1438C47299D
:10E7A000AE9221A079A84919BA44C90949B8A26111
:10E7B000A0A68720A2C110C2A224CACAB221A2A2C6
:10E7C00021A4A504058C1A46BD0242A1E482C11011
:10E7D0004A888261A092C11042D90272045616770B
:10E7E000049221A0A2A26672218FAA8189090C1825
:10E7F0008A7779B478A489198A7779A4E687088B0F
:10E80000999261A046080000A2C110C2A224C0CA09
:10E8100080B221A2A221A465FF04162A00C6A70285
:10E8200082A1F48081808261A09221B216190592A2
:10E8300021A0B2A26442218FBA8189090C288A449E
:10E8400042618F42218EA2C1101B44891942618E00
:10E8500072DA02E684098B999261A08608000000B2
:10E86000A2C110C2A224C0CA80B221A2A221A4E5E2
:10E87000F904162A00C6910282A1F4808180826187
:10E88000A09221B426E9028625009221B08221AC13
:10E890009048C01C09E6143D46210000D221A0B2D8
:10E8A000CB10C26D00926D01B9B879A8A68720C2BD
:10E8B000A234B221A2A221A41ACC9261B9E5F40437
:10E8C0009221B98C1AC67D02A2A1E4E2C110AAAEBF
:10E8D00042C4F0A261A0A2C11082DA02C221A078D3
:10E8E000A88BACB8B81B77C1F18B4729AE9221A099
:10E8F00079A84919BA44C90949B8A261A0A68720D4
:10E90000A2C110C2A224CACAB221A2A221A4E5EFC8
:10E91000048C1A466A0242A1E482C1104A888261CC
:10E92000A09221A51C089066C0E6163B06200000B8
:10E93000C221A0A2CA10B90C891CA9B749A7A684F4
:10E9400020C2A234B221A2A221A41ACC8261B8E5CD
:10E95000EB048221B88C1A46590292A1E4D2C1106C
:10E960009A9D62C6F09261A0E2C11072DE02B221ED
:10E97000A048A78B9BA8B71B44B1CC8B6728B0825B
:10E9800021A049A76918AA66B90869B79261A0A62B
:10E99000841DC2A224B221A2A221A4CACEE5E6040B
:10E9A0008C1A86460242A1E492C1104A999261A053
:10E9B000A2C1104221A172DA0268B787E442922113
:10E9C000A528A75221A08221A36A691B2289059943
:10E9D0001569B729A7E682078B555261A006F30196
:10E9E000A2C110C2A224C0CA80B221A2A221A4E561
:10E9F000E104162A00C6310232A1F4303180467A91
:10EA0000018221A842A065872402C67801C18985B8
:10EA1000D18985A221AAB221AB81948BE00800564E
:10EA2000DA0F21A38B9221A029090C122A66291939
:10EA300028A769B71B2229A7E682098B999261A0B2
:10EA40008608000000A2C110C2A224C0CA80B22160
:10EA5000A2A221A465DB04162A0086180232A1F4C2
:10EA60003031803261A02221964221A747220852EC
:10EA700021A107E50206CD019221AF22218F62215B
:10EA8000A09A2222618F22218E8221B31B22890625
:10EA9000991622618EE682078B666261A0060800E5
:10EAA000B2C110C2A224C0CB80A221A4B221A2E58F
:10EAB000D504162A00C6010232A1F4303180326139
:10EAC000A04221A71C050B24E6123486B7010000E2
:10EAD00072C71052690172640B32640AA6831AC2AB
:10EAE000A234B221A2A221A41ACC25D2048C1A46A7
:10EAF000F30162A1E4A2C1106A6A22C2F06261A0BD
:10EB00008221A0B2C11042DB028B689221A08167F2
:10EB10008B38A4890978B41B332725B34628010014
:10EB2000422196A61402C6490021618B4221A029E8
:10EB3000040C122A66291428A769B71B2229A7E604
:10EB400082078B444261A0460700C2A22452C11032
:10EB5000B221A2A221A4C0C58025CB04560A7662A8
:10EB6000A1F46061806261A02221969221A76221B6
:10EB7000A120292060500482C11050222032D802E6
:10EB800042218F1662622221AF8221A020522029C9
:10EB9000184A2229B328A39221B31B22990829A33A
:10EBA000E682048B28860600C2A22462C110B2212C
:10EBB000A2A221A4C0C68065C504562A7082A1F411
:10EBC000802180322196D6E3063030602072201CEE
:10EBD00005460A0082C810591789B649A6A68418A6
:10EBE000C2A234B221A2A221A41ACC25C20456EAA0
:10EBF0006C22A1E492C1102A2932C3F07D02A2C185
:10EC00001062DA02912A8B48A6990788B61B448BBA
:10EC1000223725BF39178A3339B649A6A68418C2C8
:10EC2000A224CACAB221A2A221A425BE0456FA680F
:10EC300022A1E4B2C1102A2B3221A34221A752C142
:10EC4000103902491232218F42D5026221A786492A
:10EC5000018221A7804243A6143A6A6469B768A773
:10EC60009221A08221A31B668909491969A7E6861A
:10EC7000078B999261A0C60600C2A22492C110B26D
:10EC800021A2A221A4CAC965B804562A6382A1F4AC
:10EC90008A818261A00C066044534042C01C08E691
:10ECA000143B861F00000000C221A0A2CA10B90CAC
:10ECB000891CA9B769A7A6861EC2A234B221A2A246
:10ECC00021A41ACC8261B865B4048221B856FA5ED8
:10ECD00092A1E4D2C1109A9D42C4F09261A0E2C117
:10ECE0001072DE02B221A068A78B9BA8B71B66B189
:10ECF000EF8A4728B28221A069A74918AA44B90817
:10ED000049B79261A0A6861BC2A224B221A2A22169
:10ED1000A4CACEA5AF04566A5A42A1E492C1104AD1
:10ED2000999261A04221A36221A12A2442A1E4A7D1
:10ED30006602865300065A008C430B33860200009D
:10ED40008221AD0B550B888261AD9221A06221B664
:10ED50008221B1690962218F89198A6662618F6295
:10ED6000218E92C1101B6662618E72D902E6860BFB
:10ED70006221A08B666261A0C6060000C2A234B206
:10ED800021A2A221A410CC8025A804561A5382C126
:10ED9000104088808261A09221A38221A78069808F
:10EDA0009221AD2066C0720900606743A6163D72CD
:10EDB000218F9221A07A7672618F72218E29091B90
:10EDC00077691972618EE687078B999261A0C606F2
:10EDD00000C2A234B221A2A221A41ACC101120E5B3
:10EDE000A20456AA4D82C1104A888261A09221AD28
:10EDF0000C077066537209001C096067C0E616387C
:10EE0000061E0000D221A0A2CA10C26D00926D01A0
:10EE1000A9B879A8A6871BC2A234B221A2A221A4B4
:10EE20001ACC9261B9659E049221B9561A49E2C181
:10EE3000104ABE62C6F0B261A0A2C11082DA02C25C
:10EE400021A078A88BBCA8B81B77C1988A6729B382
:10EE50009221A079A86919AA66C90969B8B261A006
:10EE6000A68718C2A234B221A2A221A41ACCE59985
:10EE70000456BA4462C1104A666261A08221AD6242
:10EE800008006A22506F315066C096A6EA306F3192
:10EE90003066C09616EA9221A34221A74A39302251
:10EEA000633221965221A75723056221A107664E9E
:10EEB0008221A03221AF6221AF391832218F9221F5
:10EEC000B36A3332618F32218E52C1101B339908DD
:10EED00032618E42D502E683078B888261A04607A5
:10EEE00000C2A22482C110B221A2A221A4C0C88063
:10EEF000A59104569A3C92A1F49091809261A0420F
:10EF000021A35221A75034802043C03221963035AE
:10EF1000C0403343A6134552218F8221A062C11005
:10EF200029085A2322618F22218E39181B2222613F
:10EF30008E42D602E682098B888261A046070000D5
:10EF400000C2A22492C110B221A2A221A4CAC9E582
:10EF50008B0456AA3642A1F44A414261A00C022019
:10EF600033535221A72221962025C03022C01C05F0
:10EF7000E61231868D0000000072C710591979B46D
:10EF800039A4A68319C2A234B221A2A221A41ACC08
:10EF9000A58704569A3262A1E4A2C110606A802259
:10EFA000C2F06261A08221A0B2C11042DB028B6874
:10EFB0009221A0813E8A38A4890978B41B33272581
:10EFC000B729197A2229B439A46261A0E68302869E
:10EFD0007600C2A224CACBA221A4B221A2E5820457
:10EFE00056CA2D22A1E432C1102A333261A0C66E66
:10EFF000004221A038A75221A78B241B661B330C8B
:10F0000014E625088221A107E802864D009221A07E
:10F010008221A34919890962618F92C11032618EE0
:10F0200042D902A68315C2A224B221A2A221A4CA57
:10F03000C9A57D04568A28A2A1F4AA213221B3626F
:10F0400021AF390232218F4221AF6A3332618F32D0
:10F05000218E49121B3352C11032618E42D5028B70
:10F0600022A68318C2A22482C110B221A2A221A486
:10F07000CAC8A57904567A2492A1F49A214221A7FC
:10F08000C1ED83D1EC83A221AAB221AB32C4FF81AE
:10F09000F889E00800167A0452C11072D502522194
:10F0A0008F62270A8221A39221A752C5FF1B661BEC
:10F0B000489A554902391259B769A78B22E6860248
:10F0C000062700C2A224A2C110CACAB221A2A2214C
:10F0D000A4A57304568A1E22A1F42A21062000004A
:10F0E0001C06E6132FC61D0082C8106262018265ED
:10F0F0000B42650AA68418C2A234B221A2A221A49E
:10F100001ACCA57004567A1B72A1E4B2C1107A7BA6
:10F1100032C3F02D07C2C11052DC0291E48948A528
:10F12000990288B51B448B723726BC39128A333951
:10F13000B549A52D07A68427C2A224D2C110CACDE5
:10F14000C6E1FF005221A08221A34915890569B7B4
:10F1500039A7A6830AC2A22492C110CAC986DAFFBF
:10F16000A2A247AA3139023221B752C11039126224
:10F1700021B732218F42D5026A3332618F32218E1C
:10F180001B3332618EE683088B222261A0060700C2
:10F1900000C2A22482C110B221A2A221A4CAC8E541
:10F1A000660456AA1192A1F49A919261A02221A11B
:10F1B00027E21C3221AC4221B05221AE4023532A17
:10F1C0005522218F5261AE16B2088627000000003A
:10F1D0006221AC8221B01C048026C0E6123A46F4BB
:10F1E000FF9221A062C6107909491969B539A5E6CF
:10F1F00083078B999261A0C60600C2A234B221A2F5
:10F20000A221A41ACC656004564A0B32A1E452C173
:10F21000103A555261A022C2F062C11052D6023893
:10F22000A568B51B3371A0892724B58221A039A513
:10F2300029186A22790829B5E6830206DDFFC2A2F1
:10F240002492C110B221A2A221A4C0C980E55B040E
:10F2500016FAF5461A000C0332618E3221A6EC2311
:10F2600042A1F44A414261A006A1F400C2A2245284
:10F27000C110B221A2A221A4CAC5255904165AFD63
:10F28000060F0000B221A6A221A462A1F46A618146
:10F290004989E008006261A00695F40022218FCC24
:10F2A000620C0332618E860900C2A22492C110B2A0
:10F2B00021A2A221A4CAC9655504163AFEC60300BC
:10F2C0002221A68C92A221A4BD02813A89E00800E5
:10F2D0003221A222231907E20E22130697E208A286
:10F2E0002316813389E00800B2A254A22195BAB155
:10F2F00025CD068221A29221AE2218067CF320267B
:10F30000042093939261AE860E0000000062219F5C
:10F3100082219F1BA662219867A80246DDF486DE43
:10F32000F492219F6221981BB967A902861FF5C636
:10F3300020F500004221A57221A10C1226040286AC
:10F3400066FC8686FC2221AE1DF000003661004975
:10F35000015911626102811189E00800D801E811A8
:10F36000F821BD02CD03A500FD2D0A1DF00000000F
:10F370003641028213067CD990881082514682233E
:10F380001952613C8261398213070C098251478806
:10F390008392612682612888A362613D82612A820C
:10F3A000A0801A58A2C55882612282612572613EEE
:10F3B000126120126124810C89E00800D2213CE214
:10F3C000213DF2213EB2A080CD041ABBAD0225FA48
:10F3D000FC4D0A96EA00B2A080AD021ABB2565F882
:10F3E0007CF2A042932211464C08870208221306A1
:10F3F000802220225306A221362D0481EF88E008C6
:10F40000001DF00036610039014911592181E3885E
:10F41000E008003D0A8C5A886ACC18257DF8D22174
:10F4200000E22101F22102B823CD02AD0325F4FC54
:10F430002D0A1DF0366100426100526101626102D5
:10F440008C828862564800AD02257AF8B22202D238
:10F450002100E22101F821CD03AD0265F1FC2D0A66
:10F460001DF00000362101CD05D6B40032A08B3945
:10F47000027CFAC60F00000082A208825106390100
:10F4800039410C088714010B84D22124E22125F292
:10F49000212632AFFF10B12020A2208921895132CC
:10F4A0005107A5B2F9E60A0432A08B39028C542820
:10F4B000010C033242002D0A1DF000003681005974
:10F4C00041695172610681B588E008008841BD023A
:10F4D00089018851DD0489118861CD03892165F88E
:10F4E000FF2D0A1DF000000036410081AC88E008C5
:10F4F00000A04A20168A00822A06562800E56EF8E7
:10F5000081A88887930538140605000081A688879E
:10F51000930538240602000081A4888793013834BB
:10F520008213068048238080F437E84347E8080CBC
:10F530009889020621000000276829B8D39C0B4255
:10F54000C344471B07AD02819B88E008000C0449B7
:10F55000D342130682AFDB8044104253060C0449A9
:10F5600013484349034213060C8880442042530643
:10F5700042230456640142130682A2808044108212
:10F58000A20087140730B320AD02A500F9221306AC
:10F590002040048CD40C02292328532020602963A6
:10F5A000C601000017E2014853492348430C0227D3
:10F5B00094128213068048237768094C0220442065
:10F5C0004253067CF21DF0003661005D024843287C
:10F5D000420C0C47A202063E000B44E09411D2C339
:10F5E000149A2D72C5149A978802A8091B88806AFC
:10F5F000C2873A6DED07FD0C880D4BDD80B0F460DD
:10F60000BB828080F5CABB608882B0A0F5AA88A8BA
:10F610000EB0B0F4A0A0F4FAFAB0AFC0F80E80C0FB
:10F62000F5F0B0F58080F4808BC0A0B031BA88804E
:10F63000F031A0A0F4008811A0A820A90E4BEED7AD
:10F64000B2B588098C48060600000B4492C9FC97A5
:10F650003705494586020000880916C8FE46FCFFAA
:10F66000000030B32050A520653201961A0662C60C
:10F6700001B2C51432C3140C0C980BD80390A0F43B
:10F68000D080F4CAAA80AAC0D0D0F59080F5D088E6
:10F69000C0A090319A8880C031A0A0F4008811A049
:10F6A0008820890B4B334BBB37B2CDE024112A277E
:10F6B00038028C630606000000000B4422C2FC27BF
:10F6C0003705494506020000380216C3FE46FCFF16
:10F6D000CD062D0C1DF00000364101798138817D69
:10F6E00002326116389769E149415951222129DCDA
:10F6F000D31C0A81B284E00800A997CC9AD1728801
:10F70000CD0AB2A0EA06BE00391A392A390A393AB6
:10F710003897B8039C8B68130C130016400033A174
:10F72000691B392B70A720E5DA0038970C066903AE
:10F73000D6E5000C13390221E3825022102951C66C
:10F7400000000C033902385121628830421027949E
:10F750002842212821608868412904415B845D0397
:10F76000304410604420CC1406F20206F602000079
:10F770000021538882212A860C0048415851C12D0E
:10F7800082D12C82AD04BD054261125261138137D2
:10F7900088E00800DCCA522128614A880C128221C4
:10F7A0002A290569B1CC1846EA02214B8829084666
:10F7B000E8020000C22112D22113F2C10410E1209C
:10F7C00070A720653D01A9A13024A59CD2313E84BB
:10F7D00092211361428890331060532032AC013A79
:10F7E000220C03422112326118C610004811280170
:10F7F0002C052A2442A4324A42684140A5C0001A7E
:10F800004000A6A147A514404060A2C212001440C7
:10F810000043A1000A4060A091A0A42081BC82E026
:10F820000800312F880C184D0ABA530B2282611838
:10F83000C10182D12C88AD04BD0581B582E00800EC
:10F84000C12A88D12A8881B382E00800C12988D1E1
:10F85000298881AC82E008004D0AAD025D0B81AFC2
:10F8600082E00800C12588D1258881AA82E00800AD
:10F87000CD0ADD0BAD04BD0581A382E008004D0A71
:10F88000B05B2081A582E00800C1EA81D1EA81A9AC
:10F890006150B52040A420819982E00800D69A01E9
:10F8A000A861819E82E00800CD04DD0581F187E03A
:10F8B00008008C4A98610B9999610C1458611C637B
:10F8C00042611757332E310E88D045114A33C22377
:10F8D00000D22301A22112B22113818882E0080004
:10F8E000D6CA000B550C065961626117460100002B
:10F8F0000C0882611738112023C00B920C0399D198
:10F9000039C137A90A0C132033C00C0439C149D1BD
:10F91000586196050168D10C085A6669D152611187
:10F92000826110C6040098C128610C042099C0208F
:10F93000306099C132611042611158E10C920C1390
:10F94000573275A6650652C5FC59E10C0368E126DD
:10F95000364EE646180C0889F12626317CF20C1941
:10F960002981297199F11C22826116C6190058E17A
:10F970002645160C1669F126552A7CF80C09898152
:10F9800089711C22926116C612000C1229F188811D
:10F99000E6183C0C19998199712D09926116060D92
:10F9A000000C0229F1888148610C128A441B944999
:10F9B0008199712029530607000C0229E158E17C46
:10F9C000F439F1498149711C225261168601000007
:10F9D000688169712D0658970C0449150C448601FD
:10F9E000001BBBB915F0441162C414B81567B2F01E
:10F9F000AD0725A500A9B1CCFAD1C287CD0AB2A125
:10FA0000AAA1B28781CE82E00800289788B19871B8
:10FA100089020CE40C1297B40222A00020331016C5
:10FA2000F3332861A61270202034D032116861218E
:10FA3000B4873A22603421480258120C2247633FAF
:10FA400021B287A22112C882D892B2211330303459
:10FA5000812C82E00800A941B9510C320608000748
:10FA60006315C806D81640A42050B520812A82E02C
:10FA700008001B224D0A5D0B3031218B6686000089
:10FA800061A2875683FDA841B851CD04DD05811CD4
:10FA900082E00800C614000088610C221618058058
:10FAA0004060405034D06511519687A221126A55AA
:10FAB000C805D815B22113404421811682E0080000
:10FAC000A941B9515191870C064606000007641000
:10FAD000C805D2250122C201810F82E008003063EF
:10FAE000204041218B555634FE8C46A26104B26100
:10FAF0000592211716690448415851C14E81D177AA
:10FB000087AD0450B52081FD81E00800D6EA0238B7
:10FB100071AC936881E61602068F008861C1458149
:10FB2000D1F281AD04BD0532C8FF81FA81E0080041
:10FB3000A941B9511B2248818601000000003861AB
:10FB40004871AD0281F681E00800C841D85181F1C9
:10FB500081E00800C13881D16D8781EA81E0080029
:10FB6000216C87ED0ABA2220F220562405C131818A
:10FB7000D16987A22104B22105E2611B22611C81A7
:10FB8000E481E00800E2211BDD02CD0EA2611DB27E
:10FB9000611A81D981E0080082211D92211AE22197
:10FBA0001BA61A0206460131CF81CD0E30D230ADF0
:10FBB00008BD0981D281E00800961A4F0666000050
:10FBC0000B24D05211214E8798F15A22C802D81224
:10FBD00016990CA11881B1B981E2611BF2611C81F7
:10FBE000C881E00800E2211BF2211CCD0EF0DF20CD
:10FBF00081C881E0080068B1A261146A44B261154D
:10FC0000426119B851A84122C60181C381E00800B0
:10FC1000A2611D81C281E00800CD0ADD0BA841B2BE
:10FC2000210581BB81E0080082211DC2211482C808
:10FC300030D221158246004D0A5D0B81B081E0086B
:10FC40000096BA6CA1FC80B12587CD04DD0581B09A
:10FC500081E00800C22114D2211581A881E00800AA
:10FC600096CA1E622119279602C63A00C1F280D1B7
:10FC70009E81A22114B221156D0281A681E00800A7
:10FC8000C1ED80D19981A26114B26115AD04BD05A9
:10FC900081A181E00800A941B95146D9FFBD0F817A
:10FCA0009D81E0080058B1A26114B261154A25B8DF
:10FCB00051A841819981E008006D0A819881E0088E
:10FCC00000CD0ADD0BA841B85162C630819181E0B8
:10FCD0000800A941624500B9511B55579261822124
:10FCE0000BC1D480D17681A22114B2211540288085
:10FCF000818581E00800CD0ADD0BA841B851817EE5
:10FD000081E00800A61A02465100C22114D2211532
:10FD1000A1C980B16A813C05817E81E00800CD0ADD
:10FD2000DD0BA841B851817581E00800964A004674
:10FD300009002D040B426204005716F506740100F9
:10FD4000A841B851C1BC80D16881817281E00800AE
:10FD5000A941B951C6D5FF002221123221132941F0
:10FD6000395148610CE2380147A202C648009603A7
:10FD70001221E386D034113A2298128802999122F6
:10FD80002116987189810B69D6520060292096C28C
:10FD90000038B148416A6358516941460A003871D8
:10FDA000568330C1A480D1DB86A22108B891815945
:10FDB00081E00800C841D85181D886E00800487128
:10FDC0003D04D6AA2EC6BE00C881D89140A42050BA
:10FDD000B520814B81E00800815081E008006D0A68
:10FDE000814F81E00800C881D8911B23814A81E0BE
:10FDF0000800CD0ADD0B40A420BD0542C630814479
:10FE000081E00800424300484137945FCD0ADD0B92
:10FE1000813D81E00800C881D8914D0A5D0B813693
:10FE200081E00800E61A26C881D891AD04BD05819D
:10FE30008F86E00800569A4D07E612C6340168B175
:10FE40004796113C051B33524600460400003861BA
:10FE50003C954600002D040B426204005716DE520A
:10FE600004001B555244004629010000C17280D194
:10FE70001E813D02812881E00800C16E80D16D8025
:10FE8000A04A20B05B20817986E00800568AF3C63C
:10FE90001F0188F116C80698E1E6291B2221188C5B
:10FEA0006222A4332A3386010028113C632033C028
:10FEB00042211028C1C60B0038715221100B434754
:10FEC00025064045C0C60400006221108221116051
:10FED000C4C0CA884261108261110C04387128C103
:10FEE000D643003022C00C0392210C52210D3099D0
:10FEF000803A550C1BAD0799C159D1A57F003D0A29
:10FF0000C601000042211028C138F1205F31205580
:10FF1000C0D6C50168D1605F316055C0D615018873
:10FF2000C16052435088C05066C089C15022C06928
:10FF3000D192211016490452210FACF5A61420BD10
:10FF400003CD04AD07658F00C8A1BD0AA03A20709B
:10FF5000A720A57C00B8A15D0AAD07A5570059A14F
:10FF600062211040C6C09C2C0601000000C2211076
:10FF7000B2210A70A720658C00A2610AB2A00170AC
:10FF8000A7202577008221114D0AA61814BD0ACD9D
:10FF900008AD07A58A0098E14D0A0C05E6293586CB
:10FFA000010068E10C05E6262388410C0557981CE2
:10FFB000614682985197861461468697060E58C10D
:10FFC00068D11B551B6659C169D152A0018221110C
:10FFD0000C1A16280168443B66E066116A64A8168C
:10FFE0002C06A56500A0A6C098D1AAA9A0A0449CF3
:10FFF000BA2C06A066C0A6560F1CC6A0A6C068C133
:020000044202B6
:10000000AA22AA6669C1860400264614AD0688C1E4
:10001000A2CA1CAA8898D189C1A02280AA999261FB
:100020000D68C1A6160BB8A1CD0670A720658B0080
:10003000A9A188D1A6180DBD0480C82070A720658D
:100040008A00A04A20922117162903A8A140B420B3
:10005000E59300D67A026861B8A10B660C0D0CAC72
:10006000AD076961254B00888198F1A9A189718C40
:10007000B9BD030C0D0CACAD07E549003D0A82216A
:100080000762C8FF606820D6D60498E1A63948DC2C
:10009000D8BD04DD080C5CAD07E547004D0ABD0A7C
:1000A000A8A1E58E00E61A1B060100000C043D0421
:1000B0005221167CF2502230296128B1C60400007A
:1000C00039613D04886168B13C151B881B26524686
:1000D0000089610C0506860098F1CC7968B15D094C
:1000E000465F000000A6120D30B32020C22070A78A
:1000F00020257F003D0A30A320165503B22301AD11
:10010000072534002D0ACCBAD1FF85CD0AB2A2EA68
:10011000463BFE0000C22304B2C30CC2CC02E0CCBA
:1001200011CBAA81E97FE008000C1CBD02AD076578
:100130007B0028B158B1687188416A551B228080C4
:100140000459D129815D0389C13D0A9881A8A10B79
:1001500099BD0499412547FF82CA30A971A8A1BD64
:100160000582611DA582006D0ACD03BD04AD07A502
:1001700085002D0AA83A98F182211DCCAAA8A1BD1C
:1001800002E5800082211D9D0ABD02AD0782611D2E
:1001900092611A253400B8E192211A288190AB208F
:1001A000B8C182211DB0AA20CC9A3C9997184DA6BF
:1001B0001657C60D0096B600A8E1B8C1606A20B017
:1001C0006620ECF6A61942B2210AC2A001AD078250
:1001D000611D257100BD04A2610A657B0082211D9D
:1001E000E61A04EC3A0768213C9667180F6871829A
:1001F000C631060500A619193C9667980A88413C45
:1002000096624800463000001B889841824900866B
:10021000370092210862C9FF82460068D1971671A3
:10022000B8A10C0D0CAC70A720E52E00A9A10C0DF7
:100230000CACBD05AD07379509E52D005D0A3D0AFB
:10024000C60400652D0030B320A05A200C0D0CAC64
:10025000AD07652C003D0A88811B88898186BAFF1D
:1002600000A2210A40B4202536FF92210B82CA3019
:100270001B268246009062C0987197A612B8A1DD35
:10028000050CACAD07252900A9A16D0246F4FF00BD
:100290000C05B2210AC2A00170A72082611D65640D
:1002A00000BD04A9A1A56E0082211DE61A1AECEA80
:1002B00007E815460A0098B167991268611B6669DC
:1002C000613C16624900C609003C984600002D06B4
:1002D0000B629206008719DD1B8982460006040026
:1002E0003C0986000060262062C2FF820600971843
:1002F000F3BD04AD07E51D009C638C85371506BD75
:1003000005AD07251D00BD03AD07A51C0046000077
:100310003961B2210A70A720A51B008221060C03B7
:100320009221283242001B38390932212AAC332964
:1003300003C6070041608552212A49B1215F858C9F
:1003400015C60BFD060300215D8562212A29B18CAB
:10035000160607FD28B11DF036410082030052A0A9
:100360007257183852A07757183D52A0615718435A
:100370001C6339020C02061700B71A07571A1486B5
:1003800011000000C02210E08810D02220F0882048
:10039000460D000061A080608820C60A000C098D0F
:1003A000090C42460500000092A6000C180C82467B
:1003B0000200000092A2080C1822A1082CBB6C3C81
:1003C0001C0D7CCE0C2F52A0781B33A20300567A52
:1003D000FA90882089041DF036410082A0F08A221C
:1003E0001DF00000364100214D8582A0F028028AD0
:1003F000221DF00036410021498582A0F028028AA2
:10040000221DF000364100814585ED068808DD0596
:10041000822839CD04BD03AD02E008002D0A1DF08D
:100420003661005613003D012D049C447CE29C057E
:100430002204002253002204000C030C14203493E5
:100440002D031DF03641004892EC54A2A010815BB0
:1004500081E00800A992CCFACD0AD13185A131857D
:10046000B2A066813680E00800491A492A490A424A
:100470006A03489288348CE88892E0431188384AAD
:1004800048A804DCBA8608002C1C0C4BAD0281265F
:1004900085E00800A9344892483456A4FD0C0A8629
:1004A0000A00280A290446070000000C1B0013401C
:1004B000004BA15BC4E0CC11AD02811B85E00800BC
:1004C000169AFD391A492A0C02294A293A2D0A1D81
:1004D000F00000003641004892EC44A2A0108137A1
:1004E00081E00800A992CCFACD0AD10D85A10D8535
:1004F000B2A08A811280E00800491A492A490A49B3
:100500003A8CF328924813E0841148328A44280434
:10051000290339041DF0000036410068430C1AB26B
:10052000C31460AA53768A23880B8090F440998282
:100530008080F55A994088829050F55A888050F50D
:100540009090F40088119A88890B4BBB16C504481B
:1005500023472639B813AD021BBBA5EEFF4D0ACCCD
:10056000FACD0AD1F284A1EF84B2A0B581F47FE084
:100570000800C843CBB3C2CC02E0CC11A2CA0C81A4
:10058000D27EE00800BD03AD02A5F4FF3D044B267A
:10059000E022112A2359121B666263042D031DF009
:1005A00036610081E3848B958089B2909F31808190
:1005B000219088C00C0B0C198601000000F09911E5
:1005C0001BBB8729F7AD02E5E7FFCCFACD0AD1D7EF
:1005D00084A1D484B2A0CE81D97FE00800695A0CEE
:1005E00016694A0C9647A6286A736D074A3382A09B
:1005F0000AD20600CD08BD0AD2CDD0AD0289011BBA
:100600006665F1FF88013796E732C4F83A37C600CD
:1006100000AB334D066D040CA74605004086C08A2A
:1006200083D20800BD0AD2CDD0CD07AD02A5EEFF22
:100630001B665726E62D0A1DF0000000364100918A
:10064000C48020822022A00097880500881122A063
:100650001091B88497880522C20880881191B684C9
:1006600097880522C204C0881191D6819788042BEF
:1006700022E088119698001B22808E052C09802983
:10068000831DF0003641008802AD028090249CE971
:100690000C0227D85C0C29970809808141890A0C33
:1006A00012461300808241890A2D09C610000000FD
:1006B00080B0F42D09CC3B8080F51C0280907456EC
:1006C000590022C20880884180903456590022C2C5
:1006D0000480844180901456590022C202808241D5
:1006E00007E8068081411B228C48890A86000000A9
:1006F0002C021DF03641000C1BAD02A5D4FFCCFA34
:10070000CD0AD18A84A18784B2A140818C7FE00880
:10071000000C18395A894A2D0A1DF000366100680C
:1007200043584457A6065D033D045045207843686E
:100730004488236A57B81357A8011BBBAD0265D084
:10074000FFCCFACD0AD17984A17784B2A15D817BF7
:100750007FE0080092CA14E0B511BAB92D090C085F
:100760000601000089024B22B732F822C314E07759
:100770001142C414E066117A826A64290189116900
:1007800021C6250000621400165604F801CD092286
:10079000A000E80FD80CE080F4608882D070F4E00C
:1007A000E0F560EE827A882A88D0D0F5DADE80E043
:1007B000F5EADDC931D020F58080F400DD11808DAF
:1007C00020D8314BFF890D88114BCC873FC3226C59
:1007D00000C21401160C04280982C3147D090C0DF3
:1007E000621800F21701C066822020F4FA66DAD699
:1007F000006D11ED07202620290E221801621E022D
:10080000C02282D0D0F56A226811DA224B884B7759
:1008100020D0F56738C929074B444B99882187B404
:100820000206D8FF860000000B55A61507B2CBFCC8
:10083000280B1622FF594A2D0A1DF00036410040B0
:1008400050149C65813E840B55E055115A58C805DB
:10085000BD030C0D20A22025CCFF3D0A40422116ED
:10086000C4075892EC451C0A815580E00800A99203
:10087000560A01CD0AD12A84A12B84B2A1AE812FC0
:100880007FE00800591A592A590A593A689258269D
:10089000CCE5B2A271AD02E5E5FFA9260C065D0A22
:1008A000690A0C060601000000005D0A076415BD18
:1008B00003CD05AD0265E6FF7D0ABD0320A22065DC
:1008C000C1FF7037204041219C34A80556AAFDCDB8
:1008D00005BD05AD0265E4FFA905690A86F2FF2D95
:1008E000031DF000366100405521CD044843B81384
:1008F0004A451B7468230601001BBBF0661177266E
:10090000F7AD02C901E5B3FF6D0A92CA140C08AD38
:1009100009BD08C801879617D10584A1028460C665
:1009200020B2A1D981067FE00800B90A1B884BAA32
:100930005728F6B05553E055115A99584382C314BD
:10094000E05511C0B0445A58ACAB2C0CB0CCC00C24
:100950000AD808001B4000DDA1A0AD20A909A80805
:100960004B88000C40A0A0914B995738E3A9098C03
:10097000EA2B7486020048084B8849094B9957387E
:10098000F40B77AD027946BD03A5B4FF2D061DF02B
:10099000364100884298439088C0EC68E099112263
:1009A000C21432C3149AA29A33A2CAFC32C3FCB84E
:1009B0000A9803971B0A7CF8973B080C18C600009E
:1009C00000A732E42D081DF0364100BD04AD03251B
:1009D000FCFF5D0ADCDABD0AAD02A5A6FFCC9AD108
:1009E000D383CD0AB2A232460A000C12294A595AC0
:1009F000862C0000000C16967A005D040C064D0350
:100A00003D05B81420A220E5A3FFCCFAD1C883CDC0
:100A10000AB2A240A1C48381C97EE00800E844C8AC
:100A200043D2C31442C414E0FE11E0CC11693AFA77
:100A3000F4CACD22CA140C039804580D90B0F45097
:100A400080F43ABB80BBC05050F59080F5B0303197
:100A50005088C03A88803031B0B0F4008811B08836
:100A6000204B9289024BDD4B442D09C73DC9060836
:100A70000088044B448020F43A222030318080F5F5
:100A80003A888030312020F400881120882089099C
:100A90004B992D09F734D94600000BEE22C2FC38E1
:100AA000021653FFE94A2D0A1DF00000364100816D
:100AB00088833088103196833A883D08E618148080
:100AC000806080843122A01387220D91DA7E000895
:100AD000409030B10C0206060082C8EC1CEA315589
:100AE0007D92A001872A0891FF7D00084090909197
:100AF0002D091DF0364100784262C214E077117A68
:100B00007652C7FC48052C02AD0425B3FFA022C0D5
:100B100029030CA2317283A7222B0CB2A0B2C00011
:100B20000B4040209130922022A00057B60572C79A
:100B3000F8222700A2CA15001A4000A4A1000B4009
:100B40002020914611000C0C57B60452C7F8C80576
:100B5000A2CAF53094208D0CBC6A2C02A072C00091
:100B60000740C02091001A4000B4A120BB20215BA7
:100B700083209B2022A00057B60532C5FC2223000B
:100B8000001A4000ACA1000740202091208A20C616
:100B9000FFFF2D083D091DF0366100AD020C1B65FD
:100BA0008AFF2D0ADC0AA0CA20D16083A15E83B22D
:100BB000A30A81627EE0080031447F503310505414
:100BC000A5CC35C60100000081997E803320390113
:100BD000BC844BA14911E5AAFF48119C9A8801A049
:100BE00030600013400038A1403320000A4080806C
:100BF0009139528901460000495238010C280C14E1
:100C0000304893396249423D04C60300AD0165A7EF
:100C1000FF3801A2CA2039520C1339429C1532AB5D
:100C2000CD3A55AA553C535906A0A3C0A9070606BC
:100C30000042ABCE4AAAE043114A42A906A844B0FA
:100C40003311A59FFFA033C039071DF03661004B5B
:100C5000B1AD0225EAFF6D034D0A3D0BAD065D0BFC
:100C6000BD0125E9FF7D028847684678016088C09C
:100C70006811B088117066C06A88CD0ADD0BA618AD
:100C800007C088013A58460100C0880180DBC0AD2A
:100C900004BD05819B7DE008002D0A3D0B1DF00081
:100CA0003641001C78A1E37CB10D8327280E811406
:100CB00083D022112A28A802B812460400C1DD7C84
:100CC000D18A7D22C2FF81937DE0080056D2FE2D9D
:100CD0000A3D0B1DF00000003641000B838085218A
:100CE000A8441B88E0881192C414E0AA118A82AA41
:100CF000A9C6010048094B9949024B22A739F40CB7
:100D000004C6000049024B228732F81DF0000000A3
:100D100036410092C214284230852187222327A819
:100D2000223030449CC3E028112A29A80200034045
:100D3000A020910013400032A10C12379A1F8600A8
:100D400000008D02E088118A8986010082C8FC2893
:100D500008CC728739F50C02860000000C121DF0D9
:100D60003641000C0CAD0221577DC904C1587D30BD
:100D70008210BD039D03872C3CA0C820BC6CC1D44D
:100D800082C78317C1AC7CD1EF8281627DE008000D
:100D9000B0821022AFCAB09B2022640022AC028035
:100DA00084312A8821E982C80420991021447D8A4F
:100DB0008C890420B9202D0A3D0B1DF0368100825C
:100DC0002110292159312805982158085035939927
:100DD0000146E1001B338203000C158059835050FB
:100DE000748CC552C8DB0C1A50A983A050745625C8
:100DF000FE16B8410C051BA3ED057CF9DD05591164
:100E000086000000AD03C18582820A001B3A8ABCBD
:100E1000F20B00B811D0CB11BACCB18182CABBFAA7
:100E2000BBB20B00B911B17F82CABBFABBB20B00D7
:100E30000BBBB0B074B68B0206C500C1C482E0BB68
:100E400011BABCB80BA00B000C9A46BC00B2A06A49
:100E5000B71831873B0D4CCBB71824B2A068B798B0
:100E60002AC6BA00B2A074B7980286B800B2A07AB7
:100E7000B7980246B600B2A071B718080603000082
:100E80000C880607002C08C605000000B20A018283
:100E9000A06C879B0A2C0330DD202B3A06AC0000A7
:100EA0001C0880DD20C6A90082C8BF8080743C7AFF
:100EB000202044873A26A1A682E088118A8A8808E1
:100EC000A00800476D02C6DB00576D0206DD000674
:100ED000E2000000476D0246DD0046DF00260909FA
:100EE000E089118A8759084699000B85B668024641
:100EF0002E00A19882E088118A8A8808A00800D074
:100F000082111B9228241C854BA2A9248A86A7251E
:100F1000072814C602000000002725032C422924BC
:100F2000280458245A2222C2FC28020C1529082D14
:100F3000097CF94686005824D082111B927B557C8F
:100F4000822055108BA5A9241C828A86A7220528F9
:100F500014460200005722032C8229242804582416
:100F60005A2222C2F8A802B8120C252D09A908B9E4
:100F7000187CF9467600D082111B9228241C854BE0
:100F8000A2A9248A86A7250428140602002725037F
:100F90002C422924280458245A2222C2FC28020C5C
:100FA0006529082D097CF94669000000D082111BD3
:100FB0009228241C854BA2A9248A86A725042814DC
:100FC0000602002725032C422924280458245A22EB
:100FD00022C2FC28020C0529082D097CF9C65B00F9
:100FE000D082111B9228241C854BA2A9248A86A793
:100FF0002506281486020000002725032C422924F8
:10100000280458245A2222C2FC28020C3529082D13
:10101000097CF9464E005824D082111B927B557CE6
:10102000822055108BA5A9241C828A86A722052818
:1010300014460200005722032C8229242804582435
:101040005A2222C2F8A802B8120C452D09A908B9E3
:10105000187CF9463E0088247C8A7B88A088108B07
:10106000B8B9241C8AB72A048814460200872A04C7
:101070002C888264028804A824AA8882C8F8A80858
:10108000B818D082118A86A908B9181B22C62F0069
:101090008807660814C2A0800C0BAD07D951E9611E
:1010A00081A47CE00800E861D85188010B9E9088FB
:1010B00053460B008807660818C2A0800C0BAD07CA
:1010C0009941D951E961819A7CE00800E861D851E1
:1010D00098410BEEE08E118A870C0AA9088801E07E
:1010E00088538901061A003D0AD082111BB22824B8
:1010F0001C8A4BC2C9248A86C72A052814460200C6
:1011000000272A032C4229242804A824AA2222C228
:10111000FC280229082D0B460D00E2C8D00C9A4687
:1011200003000000E0BE11EAEBF0EE118AEE1B3383
:101130008203009C9882C8D087BAE84604000082E7
:10114000030082C8D0808074873A041B3386FBFF7B
:10115000A8110CB8871A02462AFF882152030027DB
:1011600028068C350C09061BFF88019821509883AE
:101170009901862600E058115A57580528240B5526
:10118000D09811F66565A1F481E055115A5A5805B9
:10119000A005007B22F022108B525924572C0428E2
:1011A00014860100272C01E924280458249A965A11
:1011B0002222C2F8A802B812A909B9194617007B61
:1011C00022F022108B525924572C04281486010037
:1011D000272C01E924280458249A965A2222C2F87E
:1011E000A802B812A909B919460C00004B5259249B
:1011F000572C042814860100272C01D924280458D0
:10120000249A965A2222C2FC280229094603000089
:101210008D021C8C2C4D7C8F2C8E4600001B882848
:101220000187220246D3FF58319821890582211077
:10123000D0291139082A261DF00C15260902862707
:10124000FF862EFF0C25260902C624FF8639FF00E3
:101250000C65260902C621FF8646FF0C05260902F9
:10126000061FFF4651FF0C35260902461CFF865B10
:10127000FF0C452609028619FF4666FF3661007D90
:101280000448248CB4480749010C0449116D040634
:1012900005000C022917463A004801480449114844
:1012A0000168148B44490116E6FE982397B602465E
:1012B0002400A2130642A480478A02862000985385
:1012C0005803B843B045C0F059119A55509F055A7C
:1012D000591B945051216A99905573A76A31BD05E5
:1012E000AD02813E81E00800CC1A860E00B843CDE5
:1012F00004A92181757BE00800A21306B2AB7FB080
:10130000AA10B2A080B0AA20A253069821460800D5
:10131000CD05AD02813D81E008009D0ADC2AB8437D
:10132000AD02812481E008000CC4490206100000CF
:101330000000994359534A994055C0990359239D38
:101340000697B6019D06B811A803CD09992181F72A
:101350007BE00800982148239044C0492348039A21
:1013600094482799036084C0892756B8F246C8FF7D
:101370002213064C044022202253060C022927295E
:10138000177CF21DF000000036810532619B82213E
:101390009B22619C22180642619A52619462619577
:1013A00072619632C11077622A2848EC52A2219CC1
:1013B0004C0B810A81E0080092219BA909A949CC24
:1013C000AA82219C0CC229087CF9C6CF0732219B36
:1013D0004C02295362A19052C11032A1E41A660C4A
:1013E000023A357CF462C66432618D22618F2261DB
:1013F0008E2261904261442261913261982261A003
:101400002261A12261A22261A322619E5D0262612A
:10141000A422219A860000001B223202008C433253
:10142000C3DB5623FF82219A8032C0162305422156
:101430008F9221983A4442618F42218EA2C1101BA3
:10144000448909391942618E62DA02E684098B996E
:101450009261988608000000B2C110C2A224CACBD3
:10146000A2219CB2219B65E1FF8C1A46A30742A1F1
:10147000E462C1104A6662619882219E3A88826164
:101480009E320200CC1386960792C11032D9020C0C
:101490000672A2340C0862433A7A997CF66261992A
:1014A0001B423D0582619D6D0882619792619F8616
:1014B000020000000072619A0C0642219A1B84828D
:1014C000619A420400E127810C090C9A2C4C2CAD46
:1014D000C600000072619D72C4E05CAB77BB02463F
:1014E0008706E077117A7E7807A00700811D818248
:1014F00061A0862305A2219CA5EEFEA22A01A2617D
:10150000A3816B7BE00800A261A2A2219C65EDFE95
:10151000A22A029221A2A261A116D9F916AAF94221
:101520000A001644F942A40086B70092C11042D9BD
:101530000272043A5627F82C07C644000C1406B26F
:101540000092219A0C9782090042C8D047B7024600
:1015500070071B490C0A9D07E07A11AAA782C8D020
:10156000F0AA11AAA88204001B4472C8D077B9E778
:101570002C47771802C6CFFF2C07A7A702C65E0725
:101580007221910BAA77AA0BD0AA11B2C110AAABF3
:1015900006070000C2C11072A2307A7CED0CF2DCAA
:1015A00001D2219FC2A2407901CACEBD02E580FFCF
:1015B000A80A9D05A2619D42619AC61D00D04311F3
:1015C000D2C1104A4DC61900E2C11052DE02A22556
:1015D000121CFB4B8A1C87472B361BB4B2619182CD
:1015E0006512872706522511C6020000A727042C82
:1015F00047726512522194722196D044117A555245
:10160000C5FC5805F2C1104A4F52619D5904C608E5
:1016100000826512872705422511860200A727044C
:101620002C444265124221945221965A4442C4FCF1
:10163000480442619D42219D5D09D6C4E740406057
:1016400042619D0C4446700092C1102CB742D902F1
:1016500072443AC698FF0042219A1B74420400D794
:10166000140592619946440092219A8209010C99CD
:1016700042C8D047B902862A07A2219A2B4A0C0AEF
:10168000E0BA11AAAB82C8D0F0AA11AAA8820400BD
:101690001B44B2C8D0B7B9E72C499718020685FF9A
:1016A0002C07A7A702C614077221910BAA77AA0BD1
:1016B000D0AA11B2C110AAAB06070000C2C11072B5
:1016C000A2307A7CED0CF2DC01D2219FC2A24079DB
:1016D00001CACEBD02656EFF880A7D04AD05C61C39
:1016E00000D04311D2C1104A4D861900E2C11052F8
:1016F000DE02B225121CFC4B9B1C88472C351BC4F8
:10170000C26191926512972806522511C602000007
:10171000B728042C48826512522194822196D04425
:10172000118A5552C5FC8805F2C1104A4F890486BA
:1017300008000000926512972805422511860200D4
:10174000B728042C444265124221945221965A44EF
:1017500042C4FC88047CF44048534261995D0A729B
:10176000619A0655FFB22199E04B11BA44F0441139
:101770008A444261994207001B7772619A82C4D001
:1017800087BAE172219D8652FF42A080861E00B278
:10179000219A7D09E087117A7842C4D0F077117AD6
:1017A0007442219A1B4442619A420B00B2219A82F0
:1017B000C4D087BADEC714020646FF2C0377A30203
:1017C00006CE060B370C16C63BFF82219A42A06854
:1017D00072080047970A1B8882619A42A200860617
:1017E000004C04C6080092219A42A06C720900477E
:1017F00097071B9992619A4603001C049221974017
:101800009920926197462CFF2C04822197408820D2
:10181000826197C628FF722191BC7677A30DD033E1
:101820001192C1103A39320300860800A2C1104259
:10183000A2304A4AD2A234C2A240F2DA01ED0ADA58
:10184000DACACA4901AD03BD022557FF320A002D8D
:1018500005861E001B2577A50AD03311B2C1103AA8
:101860003BC61900C2C11042DC026224121CF84BB4
:10187000561C837728361B87826191526412572346
:1018800006322411C60200006723042C433264127E
:10189000322194422196D2C1104A3332C3FC48030C
:1018A000D037113A3D490340307446080052641263
:1018B0005723053224118602006723042C43326427
:1018C000123221944221964A3332C3FC320300E2A1
:1018D000C11042DE013244800C0432DE0242433A3F
:1018E000868C058221971C04408820826197922172
:1018F0009742219157E902463200BCB647A310D067
:101900003311A2C1103A3A68037813460900000067
:10191000B2C11042A2304A4BD2A234C2A240F2DB82
:1019200001ED0BDADBCACB4901BD02AD03E548FF8F
:10193000680A781A2D0586D3001B2547A50AD033DF
:1019400011C2C1103A3C461C00D2C11032DD025215
:1019500023127C867B556055101CF88B751C8647BE
:1019600028391B8482619172631277260632231113
:10197000C60200005726042C85526312322194526D
:101980002196D044115A3332C3F868037813E2C168
:10199000104A4E6904791446BB0000007263127746
:1019A00026053223118602005726042C8442631236
:1019B0003221944221964A3332C3F86803781346A1
:1019C000B100000082219747687DAC0647A30CD088
:1019D000331192C1103A39C680000000A2C11042F2
:1019E000A2304A4A4901F2DA01ED0A4681001B257C
:1019F00047A50CD03311B2C1103A3B06A10000003C
:101A0000C2C11032DC027223121CF84B671C8547DE
:101A1000A8020693001B8482619162631267250706
:101A200032231106030000007725042C455263126F
:101A3000322194522196D044115A3332C3FCD2C180
:101A40001068034A4D06850082219767E802862EBA
:101A500000BC5647A30DD0331192C1103A3962939E
:101A600000866800A2C11042A2304A4AD2A234C203
:101A7000A240F2DA01ED0ADADACACA4901BD02ADC2
:101A800003A533FF629A00065F001B2547A50CD013
:101A90003311B2C1103A3B461A000000C2C11032E5
:101AA000DC027223121CF84B671C854728361B8406
:101AB000826191626312672506322311C60200001B
:101AC0007725042C45526312322194522196D0443A
:101AD000115A3332C3FC6803D2C1104A4D690480E5
:101AE0006623C667006263126725053223118602EA
:101AF000007725042C444263123221944221964AF5
:101B00003332C3FC629300865E0000008221979707
:101B1000E802C62E00BC7647A30DD0331192C11047
:101B20003A39620300860800A2C11042A2304A4A34
:101B3000D2A234C2A240F2DA01ED0ADADACACA4904
:101B400001BD02AD036527FF620A002D05861E0058
:101B50001B2547A50AD03311B2C1103A3BC6190064
:101B6000C2C11032DC027223121CF84B671C85477D
:101B700028361B8482619162631267250632231125
:101B8000C60200007725042C45526312322194527C
:101B90002196D044115A3332C3FC6803D2C1104A93
:101BA0004D6904606074460800626312672505325F
:101BB00023118602007725042C44426312322194BB
:101BC0004221964A3332C3FC620300006623C62CCE
:101BD00000BC7647A30DD03311E2C1103A3E680332
:101BE000C6080000F2C11042A2304A4F4901F2DF9C
:101BF00001E2C110D2A234C2A240DADECACEBD02D6
:101C0000AD03A51BFF680A2D05061E001B2547A571
:101C10000AD0331142C1103A3486190052C1103231
:101C2000D5027223121CF84B671C854728331B848E
:101C3000826191626312672506322311C602000099
:101C40007725042C45526312322194522196D044B8
:101C5000115A3332C3FC82C11068034A48690486B2
:101C60000800626312672507322311060300000093
:101C70007725042C444263123221944221964A3340
:101C800032C3FC6803607F3196270046A905606077
:101C9000600C140C0360349370706092C110307744
:101CA000C02CD532D902862A040082219742219184
:101CB00057E802463100BC6647A30CD0331192C1ED
:101CC000103A393803460800A2C11042A2304A4AED
:101CD000D2A234C2A240F2DA01ED0ADADACACA4963
:101CE00001AD03BD02650DFF380A6D05461F0000FA
:101CF0001B6547A50ED03311B2C1103A3B3803869D
:101D00001A000000C2C11022DC027222121CF84B21
:101D1000571C834728351B848261915262125723D6
:101D200006222211C60200007723042C43326212DD
:101D3000222194322196D2C1103A2222C2FC3802CA
:101D4000D024112A2D390286080000005262125751
:101D500023052222118602007723042C43326212CB
:101D60002221943221963A2222C2FC380222219E5C
:101D700029034D02202F31291346B50082219747B0
:101D8000687DAC0647A30CD0331192C1103A3906D6
:101D900084000000A2C11042A2304A4A4901F2DA8E
:101DA00001ED0A0684001B6547A50CD03311B2C1B2
:101DB000103A3B8689000000C2C11022DC02722268
:101DC000121CF84B571C8347A8020697001B8482FD
:101DD000619152621257230722221106030000006C
:101DE0007723042C43326212222194322196D2C1ED
:101DF000103A2222C2FC3802D024112A2D06890072
:101E000082219767E802863000BC7647A30DD03365
:101E10001192C1103A39380386080000A2C110425D
:101E2000A2304A4AD2A234C2A240F2DA01ED0ADA62
:101E3000DACACA4901AD03BD0225F8FE380A6D05AC
:101E4000461F00001B6547A50ED03311B2C1103AE2
:101E50003B3803861A000000C2C11022DC02722245
:101E6000121CF84B571C834728351B848261915202
:101E70006212572306222211C60200007723042C87
:101E800043326212222194322196D2C1103A222288
:101E9000C2FC3802D024112A2D3902860800000025
:101EA0005262125723052222118602007723042C46
:101EB000433262122221943221963A2222C2FC3805
:101EC0000222219E225300C66100000082219797C2
:101ED000E802063000BC7647A30CD0331192C11043
:101EE0003A393803860800A2C11042A2304A4AD2C9
:101EF000A234C2A240F2DA01ED0ADADACACA490112
:101F0000AD0320B22065EBFE380A6D05461F0000C8
:101F10001B6547A50ED03311B2C1103A3B3803867A
:101F20001A000000C2C11022DC027222121CF84BFF
:101F3000571C834728351B848261915262125723B4
:101F400006222211C60200007723042C43326212BB
:101F5000222194322196D2C1103A2222C2FC3802A8
:101F6000D024112A2D39028608000000526212572F
:101F700023052222118602007723042C43326212A9
:101F80002221943221963A2222C2FC380222219E3A
:101F9000224300C62E00BC6647A30CD0331142C1B9
:101FA000103A34380346080062C11042A2304A4653
:101FB0004901F2D601ED06D2A234C2A240AD03DA45
:101FC000DECACEBD0265DFFE380A6D05461F000081
:101FD0001B6547A50ED0331182C1103A38380386ED
:101FE0001A00000092C11022D9027222121CF84B72
:101FF000571C834728331B848261915262125723F6
:1020000006222211C60200007723042C43326212FA
:10201000222194322196A2C1103A2222C2FC380217
:10202000D024112A2A390286080052621257230747
:1020300022221106030000007723042C433262128F
:102040002221943221963A2222C2FC380222219E79
:1020500029035D0646EEFC8221971C0440882082FD
:10206000619792219742219157E902463200BCB60E
:1020700047A310D03311A2C1103A3A68037813462F
:1020800009000000B2C11042A2304A4BD2A234C2B1
:10209000A240F2DB01ED0BDADBCACB4901BD02AD98
:1020A00003A5D1FE680A781A2D0546D2001B2547E4
:1020B000A50AD03311C2C1103A3C461C00D2C1104F
:1020C00032DD025223127C867B556055101CF88B42
:1020D000751C864728391B848261917263127726AA
:1020E00006322311C60200005726042C85526312C3
:1020F000322194522196D044115A3332C3F86803E6
:102100007813E2C1104A4E6904791406BA0000003F
:102110007263127726053223118602005726042C9B
:10212000844263123221944221964A3332C3F868C2
:1021300003781306B000000082219747687DAC0643
:1021400047A30CD0331192C1103A39068000000029
:10215000A2C11042A2304A4A4901F2DA01ED0A4610
:1021600080001B2547A50CD03311B2C1103A3B06A5
:10217000A0000000C2C11032DC027223121CF84B16
:10218000671C8547A8020692001B848261916263E6
:102190001267250732231106030000007725042C5F
:1021A00045526312322194522196D044115A33324F
:1021B000C3FCD2C11068034A4D0684008221976790
:1021C000E802862E00BC5647A30DD0331192C110F1
:1021D0003A39621300866700A2C11042A2304A4A0F
:1021E000D2A234C2A240F2DA01ED0ADADACACA494E
:1021F00001BD02AD0365BCFE621A00065E001B2530
:1022000047A50CD03311B2C1103A3B461A0000006A
:10221000C2C11032DC027223121CF84B671C8547C6
:1022200028361B848261916263126725063223116E
:10223000C60200007725042C4552631232219452C5
:102240002196D044115A3332C3FC6803D2C1104ADC
:102250004D69046060F4C66600626312672505324A
:1022600023118602007725042C4442631232219404
:102270004221964A3332C3FC621300865D0000009F
:1022800082219797E802062E00BC5647A30DD03353
:102290001192C1103A39620300863600A2C1104281
:1022A000A2304A4AD2A234C2A240F2DA01ED0ADADE
:1022B000DACACA4901BD02AD0325B0FE620A0006B2
:1022C0002D001B2547A50CD03311B2C1103A3B4657
:1022D0001A000000C2C11032DC027223121CF84B3B
:1022E000671C854728361B848261916263126725CB
:1022F00006322311C60200007725042C45526312D2
:10230000322194522196D044115A3332C3FC6803CF
:10231000D2C1104A4D6904606074C6350062631210
:102320006725053223118602007725042C44426379
:10233000123221944221964A3332C3FC6203008652
:102340002C00BC6647A30CD03311E2C1103A3E68A2
:1023500003860800F2C11042A2304A4F4901F2DF61
:1023600001E2C110D2A234C2A240DADECACEBD025E
:10237000AD03A5A4FE680A2D05061E001B2547A572
:102380000AD0331142C1103A3486190052C11032BA
:10239000D5027223121CF84B671C854728331B8417
:1023A000826191626312672506322311C602000022
:1023B0007725042C45526312322194522196D04441
:1023C000115A3332C3FC82C11068034A486904863B
:1023D000080062631267250732231106030000001C
:1023E0007725042C444263123221944221964A33C9
:1023F00032C3FC68030C0792219732ABFF3099106F
:102400009261970C04865002722191BC5677A30CFE
:10241000D03311A2C1103A3A6803460800B2C11085
:1024200042A2304A4BD2A234C2A240F2DB01ED0BF1
:10243000DADBCACB4901BD02AD032598FE680A2D3F
:1024400005061E001B2577A50AD03311C2C1103A1C
:102450003C861900D2C11042DD026224121CF84BE6
:10246000561C837728351B8782619152641257234B
:1024700006322411C60200006723042C4332641282
:10248000322194422196E2C1104A3332C3FC6803E0
:10249000D037113A3E690386080000005264125793
:1024A00023053224118602006723042C4332641270
:1024B0003221944221964A3332C3FC680332219779
:1024C0000C2440332082C1103C0532619791247D59
:1024D00032D80252433852A0780C075243399261E5
:1024E000A0861902422191BC5647A30CD03311A2F9
:1024F000C1103A3A3803460800B2C11042A2304A2D
:102500004BD2A234C2A240F2DB01ED0BDADBCACB24
:10251000AD034901BD02658AFE380A2D05061E007D
:102520001B2547A50AD03311C2C1103A3C861900B9
:10253000D2C11032DD027223121CF84B671C854792
:1025400028351B848261916263126725063223114C
:10255000C60200007725042C4552631232219452A2
:102560002196D044115A3332C3FC3803E2C1104AD9
:102570004E39048608000000626312672505322385
:10258000118602007725042C4442631232219442C2
:1025900021964A3332C3FC3803F2C11042DF020CE9
:1025A0000552443A42219926041DCD040C0BAD037B
:1025B00081977CE008000C04479A0286590230AAF1
:1025C000C0A2619946570200AD03813977E0080047
:1025D000A261990C040653028221971C04408820B2
:1025E00082619792219742219157E902063200BCFD
:1025F000A647A30FD03311A2C1103A3A680378134B
:1026000006090000B2C11042A2304A4BD2A234C225
:10261000A240F2DB01ED0BDADBCACB4901BD02AD12
:1026200003A579FE680A781A2D05C6A4001B254764
:10263000A50AD03311C2C1103A3C461C00D2C110C9
:1026400032DD025223127C867B556055101CF88BBC
:10265000751C864728371B84826191726312772626
:1026600006322311C60200005726042C855263123D
:10267000322194522196D044115A3332C3F8680360
:102680007813E2C1104A4E69047914868C00726393
:102690001277260732231106030000005726042C68
:1026A000844263123221944221964A3332C3F8683D
:1026B000037813868200000082219747687DAC066C
:1026C00047A30CD0331192C1103A390681000000A3
:1026D000A2C11042A2304A4A4901F2DA01ED0A468B
:1026E00081001B2547A50CD03311B2C1103A3B061F
:1026F000A1000000C2C11032DC027223121CF84B90
:10270000671C8547A8028693001B848261916263DF
:102710001267250732231106030000007725042CD9
:1027200045526312322194522196D044115A3332C9
:10273000C3FCD2C11068034A4D0685008221976709
:10274000E802862E00BC5647A30DD0331192C1106B
:102750003A39621300866800A2C11042A2304A4A88
:10276000D2A234C2A240F2DA01ED0ADADACACA49C8
:1027700001BD02AD036564FE621A00065F001B2501
:1027800047A50CD03311B2C1103A3B461A000000E5
:10279000C2C11032DC027223121CF84B671C854741
:1027A00028361B84826191626312672505322311EA
:1027B000C6020077250552A024526312322194529A
:1027C0002196D044115A3332C3FC6803D2C1104A57
:1027D0004D69046060F44639006263126725053272
:1027E00023118602007725042C444263123221947F
:1027F0004221964A3332C3FC6213000630000000C7
:1028000082219797E802062F00BC5647A30DD033CC
:102810001192C1103A39620300863700A2C11042FA
:10282000A2304A4AD2A234C2A240F2DA01ED0ADA58
:10283000DACACA4901BD02AD032558FE620A000684
:102840002E001B2547A50CD03311B2C1103A3B46D0
:102850001A000000C2C11032DC027223121CF84BB5
:10286000671C854728361B84826191626312672545
:1028700006322311C60200007725042C455263124C
:10288000322194522196D044115A3332C3FC68034A
:10289000D2C1104A4D690460607446080062631238
:1028A0006725053223118602007725042C444263F4
:1028B000123221944221964A3332C3FC6203000C47
:1028C000070C14062101BC6647A30CD03311E2C1EA
:1028D000103A3E6803860800F2C11042A2304A4F07
:1028E0004901F2DF01E2C110D2A234C2A240DADE15
:1028F000CACEBD02AD03654CFE680A2D0586EFFF0A
:102900001B2547A50AD0331142C1103A348619005D
:1029100052C11032D5027223121CF84B671C854736
:1029200028351B8482619162631267250632231168
:10293000C60200007725042C4552631232219452BE
:102940002196D044115A3332C3FC82C11068034A25
:1029500048690406DAFF0000626312672505322326
:10296000118602007725042C4442631232219442DE
:1029700021964A3332C3FC680386D0FF000091F7EA
:102980007B9261A092219782219157E902C6310082
:10299000BC9687A30ED03311A2C1103A3A680378CF
:1029A00013C60800B2C11062A2306A6BD2A234C250
:1029B000A2406901F2DB01ED0BDADBCACBAD03BD4E
:1029C00002A53FFE680A781A2D0586D2001B2587CE
:1029D000A50AD03311C2C1103A3C461C00D2C11026
:1029E00052DD023225127C867B336033101CF98B5A
:1029F000731C868729371B9892619172651277261E
:102A000006322511C60200003726042C83326512D7
:102A1000322194522196D088115A3332C3F8680378
:102A20007813E2C1108A8E6908791846BA00726577
:102A30001277260732251106030000003726042CE2
:102A4000833265123221945221965A3332C3F86888
:102A500003781346B000000092219747697DAC06C9
:102A600087A30CD03311A2C1103A3A0680000000AF
:102A7000B2C11062A2306A6B6901F2DB01ED0B0694
:102A800080001B2587A50CD03311C2C1103A3C46EB
:102A9000A0000000D2C11032DD027223121CF94BDB
:102AA000671C8587A9028692001B989261916263D8
:102AB0001267250732231106030000007725042C36
:102AC00045526312322194522196D088115A3332E2
:102AD000C3FCE2C11068038A8E06840092219767C6
:102AE000E902862E00BC5687A30DD03311A2C11077
:102AF0003A3A621300466700B2C11062A2306A6BB4
:102B0000D2A234C2A2406901F2DB01ED0BDADBCACA
:102B1000CBAD03BD02652AFE621A00C65D001B250F
:102B200087A50CD03311C2C1103A3C461A000000F0
:102B3000D2C11032DD027223121CF94B671C85874B
:102B400029361B9892619162631267250532231121
:102B5000C6020077250552A02452631232219452F6
:102B60002196D088115A3332C3FC6803E2C1108A1F
:102B70008E69086060F4066700626312672505329B
:102B800023118602007725042C45526312322194CA
:102B90005221965A3332C3FC621300C65D00000016
:102BA00092219797E902062E00BC5687A30DD033D9
:102BB00011A2C1103A3A620300463600B2C1106257
:102BC000A2306A6BD2A234C2A2406901F2DB01EDED
:102BD0000BDADBCACBAD03BD02251EFE620A00C6BE
:102BE0002C001B2587A50CD03311C2C1103A3C46DE
:102BF0001A000000D2C11032DD027223121CF94B00
:102C0000671C858729361B9892619162631267253C
:102C100006322311C60200007725042C45526312A8
:102C2000322194522196D088115A3332C3FC680362
:102C3000E2C1108A8E690860607406360062631211
:102C40006725053223118602007725042C4552633F
:102C5000123221945221965A3332C3FC620300C6C9
:102C60002C00BC6687A30CD03311F2C1103A3F6828
:102C70000346080082C11062A2306A686901F2D876
:102C800001ED08D2A234C2A240DADECACEBD02AD46
:102C900003A512FE680A2D05861E00001B2587A5C8
:102CA0000AD0331192C1103A39C61900A2C11032AC
:102CB000DA027223121CF94B671C858729351B9891
:102CC000926191626312672506322311C6020000E9
:102CD0007725042C45526312322194522196D088D4
:102CE000115A3332C3FCB2C11068038A8B6908C61B
:102CF00008000000626312672506322311C6020035
:102D0000007725042C455263123221945221965AA1
:102D10003332C3FC68030C077036209CD3322197F2
:102D200007631882C11032D8029221973C055243A2
:102D3000384243390C2330992092619742219732CF
:102D4000ABFF30441042619742A00282C11052A0F2
:102D50000032D80292219952433A260926522197ED
:102D600082219732AF7F3088108261977036200CB5
:102D7000180C09309893903074CC73922199903844
:102D80009316531426144C5221A4662406064300BD
:102D900000005D033087016040246063410B3542D1
:102DA000C43060682070734142430070862056082A
:102DB000FE42C4D00C164086938040741604134221
:102DC000219707E402C6490032C5FE3C0442430095
:102DD00006470000DC870C9367331452C11062C6AB
:102DE0003032D5016243E362A1901A66463F00008B
:102DF00092219742A4000C083221A4404910C60039
:102E0000006D0A7D0BC1957AD18B74AD06BD07822A
:102E100061A781987AE008000B33A2CA30A2430070
:102E20008221A71B881604055221A10C1BA20500B4
:102E3000CC570C95673501BD0752AF015A5A0C09A2
:102E40000C1C50C983B70C30879A2D8221A2B22165
:102E5000A38033C0CD08AD039261A681EB76E00874
:102E6000008221A19221A652080190892016850096
:102E70009221A192C9019261A1C1787AD16E74ADFB
:102E800006BD078261A7810175E008008221A7566F
:102E9000E7F60C9567B50286D9FF861400A2A190CB
:102EA0001AAA32CA645221A06040344A4542040042
:102EB0000B334243006064414047016064207074FA
:102EC0004170462056D4FD46090062A190326199B6
:102ED0001A6632C664DC745050045261998CF582D3
:102EE000C1103C0532D8015243E342619932C663B6
:102EF0009221A44221993099C0926199460900001B
:102F000016043EA2C11022DA014242800C0322DAEA
:102F10000232423A2D0532A00152A190326199420B
:102F2000A00050318062219982C11060545362D850
:102F30000262063A8C061B559221970C2770791075
:102F40008C072B5582219762A08460681056160A60
:102F500092219D5089C0E618024625001C0ED2A27F
:102F600024EAF1DAFFF2619FC60F0000D22198F146
:102F70007E7AC2CC10F90DE26D01C26A0B99AAA645
:102F80008922C2219FB2219BA2219C8261A7E2617A
:102F9000A5A52EFE8221A7E221A556EA35B2A1E41D
:102FA00092C110BAB982C8F0B26198B2C110A2DB66
:102FB0000298AAD22198C8BA1B998BBD872EACE182
:102FC0006A7A891DCA88E90D89BA926A0AB261983B
:102FD000A6891EC2A224F2C110B2219BA2219CCAC2
:102FE000CFA529FE564A3182A1E492C1108A999256
:102FF0006198B2C110A2DB02820A3A169804D2216B
:103000009892A23AC2C11082218FB2218E9A9C99C5
:103010000D0C191BBB9A88991D89BAB9AAE68B07B2
:103020008BDDD26198C60700C2A224E2C110B22192
:103030009BA2219CCACE6524FE56FA2B82A1E49263
:10304000C110809980926198168704D22198C2A2FB
:103050004872218F92218ECA81890D0C281B998A72
:1030600077891D72618F92618EE689078BDDD2614F
:1030700098C60700C2A224E2C110B2219BA2219CE3
:10308000CACEA51FFE563A2772A1E482C1107088ED
:103090008082619826E602C6270092219D5069C071
:1030A000E61602C624001C0D92A224DAA19A9A0602
:1030B0000F000000E22198B2CB10C90ED91EB268F1
:1030C0000B72680AA68721B2219BA2219CCD09928E
:1030D00061A6D261A5651AFE9221A6D221A556AAA3
:1030E00021A2A1E4F2C110AAAF62C6F0A26198A227
:1030F000C11082DA02C2219878A88BACB8B81B77CD
:10310000C11B7A672DAD92219879A86919BA66C951
:103110000962680BA26198A6871FA2C110C2A224EF
:10312000C0CA80B2219BA2219C2515FE56CA1C62F2
:10313000A1E482C1106A888261989221999044C06A
:10314000E61402C623001C0982A2249AA18A8A06D8
:103150000F000000D22198B2CB10C90D991DB267A3
:103160000B62670AA68621B2219BA2219CCD088210
:1031700061A79261A66510FE8221A79221A656AA98
:1031800017A2A1E4E2C110AAAE42C4F0A26198F273
:10319000C11072DF02C2219868A78BACB8B71B665A
:1031A000C1F3794729AD82219869A74918BA44C962
:1031B0000842670BA26198A6861BC2A224B2219B7B
:1031C000A2219CCACF650BFE560A1342A1E492C10C
:1031D000104A9992619842219862219939043221CA
:1031E0008F69146A3332618F32218E82C1101B3392
:1031F00032618E42D802E683079221988B39060706
:1032000000A2C110C2A224CACAB2219BA2219CE57D
:1032100006FE566A0E32A1E4B2C110303B80422154
:103220009727E41762219D82219E5056535A883277
:10323000218F82619E16F3074624000092219D5043
:1032400049C0A614DE1C0872A2248AA17A7A460B11
:1032500000A2CA108913A9B969A98B33A6861CB22A
:10326000219BA2219CCD078261A72501FE8221A777
:10327000568A0832A1E4B2C110303B8042C4F0C289
:10328000C11092DC02B1B87968A9B903A8B91B666C
:103290004728BD4913AA4449B969A9A68685C2A28F
:1032A00024D2C110B2219BA2219CC0CD80E5FCFD9F
:1032B000160AF74611000000E2C1105D0222A1E4E7
:1032C0000C042A3E42618E326198C650F8C2A22494
:1032D00042C110B2219BA2219CCAC425FAFD166AE4
:1032E000FDC6050022218F161201C2A22452C11070
:1032F000B2219BA2219CC0C58025F8FD82219B9212
:10330000219E2218067CF320260420939392619E2E
:10331000460C00004221911B9547A50246A7F8469E
:10332000A9F800004221911BA547A50246ECF846EA
:10333000EEF800003221995221970C142603024620
:1033400087FE86A3FE22219E1DF0000036810082AA
:103350002110292159312805982158085035939971
:103360000146E1001B338203000C15805983505045
:10337000748CC552C8DB0C1A50A983A05074562512
:10338000FE16B8410C051BA3ED057CF9DD055911AE
:1033900086000000AD03C12179820A001B3A8ABC75
:1033A000F20B00B811D0CB11BACCB11D79CABBFA5F
:1033B000BBB20B00B911B11B79CABBFABBB20B008F
:1033C0000BBBB0B074B68B0206C500C16979E0BB17
:1033D00011BABCB80BA00B000C9A46BC00B2A06A94
:1033E000B71831873B0D4CCBB71824B2A068B798FB
:1033F0002AC6BA00B2A074B7980286B800B2A07A02
:10340000B7980246B600B2A071B7180806030000CC
:103410000C880607002C08C605000000B20A0182CD
:10342000A06C879B0A2C0330DD202B3A06AC0000F1
:103430001C0880DD20C6A90082C8BF8080743C7A49
:10344000202044873A26A14B79E088118A8A88088F
:10345000A00800476D02C6DB00576D0206DD0006BE
:10346000E2000000476D0246DD0046DF0026090944
:10347000E089118A8759084699000B85B66802468B
:103480002E00A13D79E088118A8A8808A00800D022
:1034900082111B9228241C854BA2A9248A86A72569
:1034A000072814C602000000002725032C42292407
:1034B000280458245A2222C2FC28020C1529082D5F
:1034C000097CF94686005824D082111B927B557CDA
:1034D000822055108BA5A9241C828A86A722052844
:1034E00014460200005722032C8229242804582461
:1034F0005A2222C2F8A802B8120C252D09A908B92F
:10350000187CF9467600D082111B9228241C854B2A
:10351000A2A9248A86A725042814060200272503C9
:103520002C422924280458245A2222C2FC28020CA6
:103530006529082D097CF94669000000D082111B1D
:103540009228241C854BA2A9248A86A72504281426
:103550000602002725032C422924280458245A2235
:1035600022C2FC28020C0529082D097CF9C65B0043
:10357000D082111B9228241C854BA2A9248A86A7DD
:103580002506281486020000002725032C42292442
:10359000280458245A2222C2FC28020C3529082D5E
:1035A000097CF9464E005824D082111B927B557C31
:1035B000822055108BA5A9241C828A86A722052863
:1035C00014460200005722032C8229242804582480
:1035D0005A2222C2F8A802B8120C452D09A908B92E
:1035E000187CF9463E0088247C8A7B88A088108B52
:1035F000B8B9241C8AB72A048814460200872A0412
:103600002C888264028804A824AA8882C8F8A808A2
:10361000B818D082118A86A908B9181B22C62F00B3
:103620008807660814C2A0800C0BAD07D951E96168
:10363000814073E00800E861D85188010B9E9088B2
:1036400053460B008807660818C2A0800C0BAD0714
:103650009941D951E961813673E00800E861D85198
:1036600098410BEEE08E118A870C0AA9088801E0C8
:1036700088538901061A003D0AD082111BB2282402
:103680001C8A4BC2C9248A86C72A05281446020010
:1036900000272A032C4229242804A824AA2222C273
:1036A000FC280229082D0B460D00E2C8D00C9A46D2
:1036B00003000000E0BE11EAEBF0EE118AEE1B33CE
:1036C0008203009C9882C8D087BAE8460400008232
:1036D000030082C8D0808074873A041B3386FBFFC6
:1036E000A8110CB8871A02462AFF88215203002726
:1036F00028068C350C09061BFF88019821509883F9
:103700009901862600E058115A57580528240B5570
:10371000D09811F66565A19978E055115A5A580567
:10372000A005007B22F022108B525924572C04282C
:1037300014860100272C01E924280458249A965A5B
:103740002222C2F8A802B812A909B9194617007BAB
:1037500022F022108B525924572C04281486010081
:10376000272C01E924280458249A965A2222C2F8C8
:10377000A802B812A909B919460C00004B525924E5
:10378000572C042814860100272C01D9242804581A
:10379000249A965A2222C2FC2802290946030000D4
:1037A0008D021C8C2C4D7C8F2C8E4600001B882893
:1037B0000187220246D3FF583198218905822110C2
:1037C000D0291139082A261DF00C15260902862752
:1037D000FF862EFF0C25260902C624FF8639FF002E
:1037E0000C65260902C621FF8646FF0C0526090244
:1037F000061FFF4651FF0C35260902461CFF865B5B
:10380000FF0C452609028619FF4666FF36410088EF
:1038100024AD02BD03CC588914AD0846030040C452
:1038200020A5A3F482A00082640289142D0A1DF051
:1038300036810522619C82219C32619942619B52B2
:1038400061946261957261968C882868564200ADD9
:1038500008A539F421D37792219927990722219C31
:10386000281246080021CF7732219927930A822116
:103870009C882882619906040021CB7792219927A0
:10388000990722219C2832226199B2A23032C110BC
:10389000BAB3A2A001E5720282219922281907E297
:1038A0000E22180697E208A2281681C077E00800C9
:1038B000922199221906376204284956A203B2219F
:1038C00099A2219C25C2FBACEA3221992223190737
:1038D000E20E22130697E208A2231681B577E008CC
:1038E00000B2A23042C110A22190BAB47CF5656D3D
:1038F0000252619E46F507000082219922A01A32E9
:10390000180620231066924322980796D203222895
:103910001907E20B97E308A2281681A577E00800B3
:1039200092C110B2A230A22190BAB9A56902D221E7
:1039300094E22195F22196C2219BB22199A2219C69
:1039400065FB01A2619EC6E0070000000C02226137
:103950008F22618E2261912261922261A02261A157
:103960002261A22261A322619E5D0222A190B2C1C6
:103970001032A1E41A223A3B7CF422C26432618DF7
:103980004261443261982261A422219B860000009A
:103990001B223202008C4332C3DB5623FF42219BA1
:1039A0004032C016530562219882C1104906422157
:1039B0008F39163A4442618F42218E62D8021B44ED
:1039C00042618EE6840A9221988B9992619846080A
:1039D00000A2C110C2A224CACAB22199A2219CE5A8
:1039E000E2FF8C1A069E0742A1E462C11040668085
:1039F00062619882219E30888082619E320200CC72
:103A000013C68D0792C11032D9020C0672A2380C6F
:103A10000862433E7A997CF662619A1B423D0582B8
:103A2000619D6D0882619792619FC6010072619BE2
:103A30000C0642219B1B8482619B420400E1D277E9
:103A40000C090C9A2C4C2CADC600000072619D72C2
:103A5000C4E05CAB77BB02467F06E077117A7E78E4
:103A600007A0070081C8778261A0862105A2219C5A
:103A70002597FCA22A01A261A3810D72E00800A291
:103A800061A2A2219CE595FCA22A029221A2A26138
:103A9000A116D9F916AAF9420A001644F942A4005F
:103AA00086B70092C11042D90272043E5627F82C04
:103AB00007C644000C1406B20092219B0C978209A1
:103AC0000042C8D047B7028674071B490C0A9D07FD
:103AD000E07A11AAA782C8D0F0AA11AAA88204008D
:103AE0001B4472C8D077B9E72C47771802C6CFFFBE
:103AF0002C07A7A702C659077221920BAA77AA0B17
:103B0000D0AA11B2C110AAAB06070000C2C1107240
:103B1000A2347A7CED0CF2DC01D2219FC2A2407962
:103B200001CACEBD026582FFA80A9D05A2619D4221
:103B3000619BC61D00D04311D2C1104A4DC6190069
:103B4000E2C11052DE02A225121CFB4B8A1C8747E1
:103B50002B361BB4B261928265128727065225115B
:103B6000C6020000A727042C4772651252219472E6
:103B70002196D044117A5552C5FC5805F2C1104A1D
:103B80004F52619D5904C60800826512872705427D
:103B90002511860200A727042C4442651242219475
:103BA0005221965A4442C4FC480442619D42219DE0
:103BB0005D09D6C4E740406042619D0C44467000F8
:103BC00092C1102CB742D90272443EC698FF4221DE
:103BD0009B1B74420400D7140592619A864400929C
:103BE000219B8209010C9942C8D047B902C62E0711
:103BF000A2219B2B4AA2A000E0BA11AAAB82C8D096
:103C0000F0AA11AAA88204001B44B2C8D0B7B9E731
:103C10002C499718020685FF2C07A7A702C60F0795
:103C20007221920BAA77AA0BD0AA11B2C110AAAB2B
:103C300006070000C2C11072A2347A7CED0CF2DCDF
:103C400001D2219FC2A2407901CACEBD02E56FFF19
:103C5000880A7D04AD05C61C00D04311D2C1104AAC
:103C60004D861900E2C11052DE02B225121CFC4B37
:103C70009B1C88472C351BC4C26192926512972801
:103C800006522511C6020000B728042C488265128E
:103C9000522194822196D044118A5552C5FC880540
:103CA000F2C1104A4F8904860800000092651297FD
:103CB0002805422511860200B728042C44426512CB
:103CC0004221945221965A4442C4FC88047CF44018
:103CD000485342619A5D0A72619B0655FFB2219A70
:103CE000E04B11BA44F044118A4442619A42070001
:103CF0001B7772619B82C4D087BAE172219D865284
:103D0000FF42A080861E00B2219B7D09E087117AC8
:103D10007842C4D0F077117A7442219B1B444261EF
:103D20009B420B00B2219B82C4D087BADEC714022B
:103D30000646FF2C0377A30206C9060B370C16C6EE
:103D40003BFF82219B42A06872080047970A1B88AC
:103D500082619B42A2008606004C04C608009221A4
:103D60009B42A06C7209004797071B9992619B4682
:103D700003001C04922197409920926197462CFFE2
:103D80002C04822197408820826197C628FF7221E7
:103D900092BC7677A30DD0331192C1103A39320319
:103DA00000860800A2C11042A2344A4AD2A238C2F8
:103DB000A240F2DA01ED0ADADACACA4901AD03BD5E
:103DC00002A558FF320A002D05861E001B2577A587
:103DD0000AD03311B2C1103A3BC61900C2C1104219
:103DE000DC026224121CF84B561C837728361B8792
:103DF000826192526412572306322411C6020000D7
:103E00006723042C43326412322194422196D2C19A
:103E1000104A3332C3FC4803D037113A3D490340BE
:103E2000307446080052641257230532241186026A
:103E3000006723042C433264123221944221964AB3
:103E40003332C3FC320300E2C11042DE013244804F
:103E50000C0432DE0242433E8684058221971C0414
:103E600040882082619792219742219257E9024629
:103E70003200BCB647A310D03311A2C1103A3A6841
:103E80000378134609000000B2C11042A2344A4B25
:103E9000D2A238C2A240F2DB01ED0BDADBCACB4979
:103EA00001BD02AD03654AFF680A781A2D0586D365
:103EB000001B2547A50AD03311C2C1103A3C461C4D
:103EC00000D2C11032DD025223127C867B55605530
:103ED000101CF88B751C864728391B8482619272EE
:103EE0006312772606322311C60200005726042CDF
:103EF00085526312322194522196D044115A3332A2
:103F0000C3F868037813E2C1104A4E690479144675
:103F1000BB0000007263127726053223118602006F
:103F20005726042C844263123221944221964A334C
:103F300032C3F86803781346B10000008221974726
:103F4000687DAC0647A30CD0331192C1103A39C634
:103F500080000000A2C11042A2344A4A4901F2DAAC
:103F600001ED0A4681001B2547A50CD03311B2C1D3
:103F7000103A3B06A1000000C2C11032DC027223DD
:103F8000121CF84B671C8547A8028693001B84828D
:103F9000619262631267250532231186020077253C
:103FA000042C45526312322194522196D044115A66
:103FB0003332C3FCD2C11068034A4D86850000002D
:103FC00082219767E802862E00BC5647A30DD033A6
:103FD0001192C1103A39629300866800A2C1104262
:103FE000A2344A4AD2A238C2A240F2DA01ED0ADA79
:103FF000DACACA4901BD02AD032535FF629A00063F
:104000005F001B2547A50CD03311B2C1103A3B46C7
:104010001A000000C2C11032DC027223121CF84BDD
:10402000671C854728361B8482619262631267256C
:1040300006322311C60200007725042C4552631274
:10404000322194522196D044115A3332C3FC680372
:10405000D2C1104A4D6904806623C66700626312AC
:104060006725053223118602007725042C4442631C
:10407000123221944221964A3332C3FC6293008665
:104080005E00000082219797E802C62E00BC7647AA
:10409000A30DD0331192C1103A3962030086080093
:1040A000A2C11042A2344A4AD2A238C2A240F2DAD5
:1040B00001ED0ADADACACA4901BD02AD03E528FFFB
:1040C000620A002D05861E001B2547A50AD0331164
:1040D000B2C1103A3BC61900C2C11032DC027223D1
:1040E000121CF84B671C854728361B84826192623C
:1040F0006312672506322311C60200007725042CBF
:1041000045526312322194522196D044115A3332CF
:10411000C3FC6803D2C1104A4D690460607446084C
:104120000062631267250532231186020077250499
:104130002C444263123221944221964A3332C3FC0A
:10414000620300006623C62C00BC7647A30DD03363
:1041500011E2C1103A3E6803C6080000F2C11042E5
:10416000A2344A4F4901F2DF01E2C110D2A238C2A3
:10417000A240DADECACEBD02AD03251DFF680A2DBE
:1041800005061E001B2547A50AD0331142C1103A6F
:104190003486190052C11032D5027223121CF84B1A
:1041A000671C854728351B848261926263126725EC
:1041B00006322311C60200007725042C45526312F3
:1041C000322194522196D044115A3332C3FC82C119
:1041D0001068034A48690486080000006263126799
:1041E00025053223118602007725042C44426312F0
:1041F0003221944221964A3332C3FC6803607F31F6
:1042000096270046AD056060600C140C0360349383
:1042100070706092C1103077C02CD532D9028627D9
:104220000482219742219257E802863100BC7647EA
:10423000A30DD0331192C1103A393803860800001B
:10424000A2C11042A2344A4AD2A238C2A240F2DA33
:1042500001ED0ADADACACA4901AD03BD02E50EFF73
:10426000380A6D05461F00001B6547A50ED03311A7
:10427000B2C1103A3B3803861A000000C2C11022B6
:10428000DC027222121CF84B571C834728351B8412
:10429000826192526212572306222211C602000046
:1042A0007723042C43326212222194322196D2C108
:1042B000103A2222C2FC3802D024112A2D3902865B
:1042C00008000000526212572305222211860200C4
:1042D0007723042C433262122221943221963A220F
:1042E00022C2FC380222219E2903202F312913C625
:1042F000B400000082219747687DAC0647A30CD02C
:10430000331192C1103A390683000000A2C1104255
:10431000A2344A4A4901F2DA01ED0A0683001B651C
:1043200047A50CD03311B2C1103A3B86880000007B
:10433000C2C11022DC027222121CF84B571C8347A8
:10434000A8028696001B848261925262125723054E
:104350002222118602007723042C4332621222218A
:1043600094322196D2C1103A2222C2FC3802D024C3
:10437000112A2D868800000082219767E802863086
:1043800000BC7647A30DD0331192C1103A393803DF
:1043900086080000A2C11042A2344A4AD2A238C202
:1043A000A240F2DA01ED0ADADACACA4901AD03BD68
:1043B00002A5F9FE380A6D05461F00001B6547A5DA
:1043C0000ED03311B2C1103A3B3803861A000000F8
:1043D000C2C11022DC027222121CF84B571C834708
:1043E00028351B84826192526212572306222211C1
:1043F000C60200007723042C433262122221943239
:104400002196D2C1103A2222C2FC3802D024112AAD
:104410002D3902860800000052621257230522221D
:10442000118602007723042C433262122221943237
:1044300021963A2222C2FC380222219E225300C633
:104440006000000082219797E802062F00BC7647A3
:10445000A30DD0331192C1103A39380386080000F9
:10446000A2C11042A2344A4AD2A238C2A240F2DA11
:1044700001ED0ADADACACA4901AD03BD02E5ECFE74
:10448000380A6D05461E00001B6547A50CD0331188
:10449000B2C1103A3B3803861900C2C11022DC02B7
:1044A0007222121CF84B571C834728331B848261ED
:1044B00092526212572305222211860200772304AA
:1044C0002C43326212222194322196D2C1103A2218
:1044D00022C2FC3802D024112A2D390246080000DD
:1044E0005262125723052222118602007723042CE0
:1044F000433262122221943221963A2222C2FC389F
:104500000222219E224300C62E00BC6647A30CD087
:10451000331142C1103A34380346080062C11042D8
:10452000A2344A464901F2D601ED06D2A238C2A20F
:1045300040AD03DADECACEBD0225E1FE380A6D05C4
:10454000461F00001B6547A50ED0331182C1103AEB
:10455000383803861A00000092C11022D902722254
:10456000121CF84B571C834728351B8482619252DA
:104570006212572306222211C60200007723042C60
:1045800043326212222194322196A2C1103A222291
:10459000C2FC3802D024112A2A3902860800000001
:1045A0005262125723052222118602007723042C1F
:1045B000433262122221943221963A2222C2FC38DE
:1045C0000222219E29035D0646EFFC8221971C04EE
:1045D00040882082619792219742219257E90246B2
:1045E0003200BCB647A310D03311A2C1103A3A68CA
:1045F0000378134609000000B2C11042A2344A4BAE
:10460000D2A238C2A240F2DB01ED0BDADBCACB4901
:1046100001BD02AD0365D3FE680A781A2D0546D2A6
:10462000001B2547A50AD03311C2C1103A3C461CD5
:1046300000D2C11032DD025223127C867B556055B8
:10464000101CF88B751C864728391B848261927276
:104650006312772606322311C60200005726042C67
:1046600085526312322194522196D044115A33322A
:10467000C3F868037813E2C1104A4E69047914063E
:10468000BA000000726312772605322311860200F9
:104690005726042C844263123221944221964A33D5
:1046A00032C3F86803781306B000000082219747F0
:1046B000687DAC0647A30CD0331192C1103A39C6BD
:1046C0007F000000A2C11042A2344A4A4901F2DA36
:1046D00001ED0A4680001B2547A50CD03311B2C15D
:1046E000103A3B06A0000000C2C11032DC02722367
:1046F000121CF84B671C8547A8028692001B848217
:1047000061926263126725053223118602007725C4
:10471000042C45526312322194522196D044115AEE
:104720003332C3FCD2C11068034A4D8684000000B6
:1047300082219767E802862E00BC5647A30DD0332E
:104740001192C1103A39621300866700A2C110426B
:10475000A2344A4AD2A238C2A240F2DA01ED0ADA01
:10476000DACACA4901BD02AD0325BEFE621A0006BF
:104770005E001B2547A50CD03311B2C1103A3B4651
:104780001A000000C2C11032DC027223121CF84B66
:10479000671C854728361B848261926263126725F5
:1047A00006322311C60200007725042C45526312FD
:1047B000322194522196D044115A3332C3FC6803FB
:1047C000D2C1104A4D69046060F4C666006263128B
:1047D0006725053223118602007725042C444263A5
:1047E000123221944221964A3332C3FC621300866E
:1047F0005D00000082219797E802C62D00BC564755
:10480000A30DD0331192C1103A39620300863600ED
:10481000A2C11042A2344A4AD2A238C2A240F2DA5D
:1048200001ED0ADADACACA4901BD02AD03E5B1FEFB
:10483000620A00062D001B2547A50AD03311B2C11C
:10484000103A3B061A00C2C11032DC027223121C5D
:10485000F84B671C854728371B848261926263127C
:104860006725053223118602007725042C45526303
:1048700012322194522196D044115A3332C3FC682B
:1048800003D2C1104A4D690460607486360000008E
:104890006263126725053223118602007725042CF6
:1048A000444263123221944221964A3332C3FC625D
:1048B0000300C62C00BC7647A30DD03311E2C11013
:1048C0003A3E6803C6080000F2C11042A2344A4FC3
:1048D0004901F2DF01E2C110D2A238C2A240DADE01
:1048E000CACEBD02AD0365A6FE680A2D05061E00F0
:1048F0001B2547A50AD0331142C1103A348619004E
:1049000052C11032D5027223121CF84B671C854726
:1049100028351B8482619262631267250632231157
:10492000C60200007725042C4552631232219452AE
:104930002196D044115A3332C3FC82C11068034A15
:104940004869048608000000626312672505322367
:10495000118602007725042C4442631232219442CE
:1049600021964A3332C3FC68030C0792219732AB7D
:10497000FF3099109261970C04864E02722192BC0E
:104980005677A30CD03311A2C1103A3A68034608F7
:1049900000B2C11042A2344A4BD2A238C2A240F2A5
:1049A000DB01ED0BDADBCACB4901BD02AD03E599B2
:1049B000FE680A2D05061E001B2577A50AD03311B7
:1049C000C2C1103A3C861900D2C11042DD026224F5
:1049D000121CF84B561C837728351B878261925234
:1049E0006412572306322411C60200006723042CE8
:1049F00043326412322194422196E2C1104A33328A
:104A0000C3FC6803D037113A3E69038608000000F2
:104A10005264125723053224118602006723042CA6
:104A2000433264123221944221964A3332C3FC68E5
:104A3000033221970C2440332082C1103C0532619F
:104A40009791D07332D80252433C52A0780C07524F
:104A5000433D9261A0861702422192BC5647A30CA7
:104A6000D03311A2C1103A3A3803460800B2C1103F
:104A700042A2344A4BD2A238C2A240F2DB01ED0B73
:104A8000DADBCACBAD034901BD02258CFE380A2D05
:104A900005061E001B2547A50AD03311C2C1103AD6
:104AA0003C861900D2C11032DD027223121CF84B71
:104AB000671C854728351B848261926263126725D3
:104AC00005322311C6020077250552A02452631235
:104AD000322194522196D044115A3332C3FC380308
:104AE000E2C1104A4E390486080000006263126772
:104AF00025053223118602007725042C44426312D7
:104B00003221944221964A3332C3FC3803F2C11059
:104B100042DF020C0552443E42219A26041DCD0478
:104B20000C0BAD03813A73E008000C04479A02862F
:104B3000520230AAC0A2619A46500200AD0381DC45
:104B40006DE00800A2619A0C04064C028221971CB9
:104B50000440882082619792219742219257E9026E
:104B6000863100BCA647A30FD03311A2C1103A3A38
:104B70006803781306090000B2C11042A2344A4B00
:104B8000D2A238C2A240F2DB01ED0BDADBCACB497C
:104B900001BD02AD03657BFE680A781A2D05C6A328
:104BA000001B2547A50AD03311C2C1103A3C461C50
:104BB00000D2C11032DD025223127C867B55605533
:104BC000101CF88B751C864728391B8482619272F1
:104BD0006312772606322311C60200005726042CE2
:104BE00085526312322194522196D044115A3332A5
:104BF000C3F868037813E2C1104A4E690479148639
:104C00008B000000726312772605322311860200A2
:104C10005726042C844263123221944221964A334F
:104C200032C3F86803781386810082219747687B36
:104C30009CE647A30AD0331192C1103A398680000E
:104C4000A2C11042A2344A4A4901F2DA01ED0A46F1
:104C500081001B2547A50CD03311B2C1103A3B0689
:104C6000A1000000C2C11032DC027223121CF84BFA
:104C7000671C8547A8028693001B84826192626349
:104C80001267250732231106030000007725042C44
:104C900045526312322194522196D044115A333234
:104CA000C3FCD2C11068034A4D0685008221976774
:104CB000E802862E00BC5647A30DD0331192C110D6
:104CC0003A39621300866800A2C11042A2344A4AEF
:104CD000D2A238C2A240F2DA01ED0ADADACACA492F
:104CE00001BD02AD036566FE621A00065F001B256A
:104CF00047A50CD03311B2C1103A3B461A00000050
:104D0000C2C11032DC027223121CF84B671C8547AB
:104D100028361B8482619262631267250632231152
:104D2000C60200007725042C4552631232219452AA
:104D30002196D044115A3332C3FC6803D2C1104AC1
:104D40004D69046060F446390062631267250532DC
:104D500023118602007725042C44426312322194E9
:104D60004221964A3332C3FC621300063000000031
:104D700082219797E802062F00BC5647A30DD03337
:104D80001192C1103A39620300863700A2C1104265
:104D9000A2344A4AD2A238C2A240F2DA01ED0ADABB
:104DA000DACACA4901BD02AD03255AFE620A0006ED
:104DB0002E001B2547A50CD03311B2C1103A3B463B
:104DC0001A000000C2C11032DC027223121CF84B20
:104DD000671C854728361B848261926263126725AF
:104DE00006322311C60200007725042C45526312B7
:104DF000322194522196D044115A3332C3FC6803B5
:104E0000D2C1104A4D6904606074460800626312A2
:104E10006725053223118602007725042C4442635E
:104E2000123221944221964A3332C3FC6203000CB1
:104E3000070C14062001BC6647A30CD03311E2C155
:104E4000103A3E6803860800F2C11042A2344A4F6D
:104E50004901F2DF01E2C110D2A238C2A240DADE7B
:104E6000CACEBD02AD03654EFE680A2D0586EFFF72
:104E70001B2547A50AD0331142C1103A34861900C8
:104E800052C11032D5027223121CF84B671C8547A1
:104E900028351B84826192626312672506322311D2
:104EA000C60200007725042C455263123221945229
:104EB0002196D044115A3332C3FC82C11068034A90
:104EC00048690406DAFF0000626312672505322391
:104ED000118602007725042C444263123221944249
:104EE00021964A3332C3FC680386D0FF000091A4A8
:104EF000729261A092219782219257E90246310075
:104F0000BC9687A30ED03311A2C1103A3A68037839
:104F100013C60800B2C11062A2346A6BD2A238C2B2
:104F2000A2406901F2DB01ED0BDADBCACBAD03BDB8
:104F300002A541FE680A781A2D0586D1001B258737
:104F4000A50AD03311C2C1103A3C461C00D2C11090
:104F500052DD023225127C867B336033101CF98BC4
:104F6000731C868729391B98926192726512772685
:104F700006322511C60200003726042C8332651242
:104F8000322194522196D088115A3332C3F86803E3
:104F90007813E2C1108A8E6908791846B9000000BA
:104FA0007265127726053225118602003726042CF9
:104FB000833265123221945221965A3332C3F868F3
:104FC00003781346AF0092219747697B9CE687A33D
:104FD0000AD03311A2C1103A3A867F00B2C11062E2
:104FE000A2346A6B6901F2DB01ED0B0680001B2520
:104FF00087A50CD03311C2C1103A3C46A000000076
:10500000D2C11032DD027223121CF94B671C858756
:10501000A9028692001B989261926263126725072B
:1050200032231106030000007725042C4552631239
:10503000322194522196D088115A3332C3FCE2C1F6
:105040001068038A8E06840092219767E902862EF3
:1050500000BC5687A30DD03311A2C1103A3A621397
:1050600000466700B2C11062A2346A6BD2A238C295
:10507000A2406901F2DB01ED0BDADBCACBAD03BD67
:1050800002A52CFE621A00C65D001B2587A50CD068
:105090003311C2C1103A3C461A000000D2C110328E
:1050A000DD027223121CF94B671C858729361B9879
:1050B000926192626312672506322311C6020000D4
:1050C0007725042C45526312322194522196D088C0
:1050D000115A3332C3FC6803E2C1108A8E6908603A
:1050E00060F40667006263126725053223118602A9
:1050F000007725042C455263123221945221965A8E
:105100003332C3FC621300C65D0000009221979702
:10511000E902062E00BC5687A30DD03311A2C110A0
:105120003A3A620300463600B2C11062A2346A6B9A
:10513000D2A238C2A2406901F2DB01ED0BDADBCA70
:10514000CBAD03BD026520FE620A00C62C001B2504
:1051500087A50CD03311C2C1103A3C461A0000009A
:10516000D2C11032DD027223121CF94B671C8587F5
:1051700029361B98926192626312672506322311C9
:10518000C60200007725042C455263123221945246
:105190002196D088115A3332C3FC6803E2C1108AC9
:1051A0008E690860607406360062631267250532F6
:1051B00023118602007725042C4552631232219474
:1051C0005221965A3332C3FC620300C62C00BC66DF
:1051D00087A30CD03311F2C1103A3F680346080090
:1051E00082C11062A2346A686901F2D801ED08D266
:1051F000A238C2A240DADECACEBD02AD03E514FE7B
:10520000680A2D05861E00001B2587A50AD03311CC
:1052100092C1103A39C61900A2C11032DA027223C3
:10522000121CF94B671C858729351B989261926285
:105230006312672506322311C60200007725042C6D
:1052400045526312322194522196D088115A33323A
:10525000C3FCB2C11068038A8B6908C6080000004D
:10526000626312672506322311C602000077250407
:105270002C455263123221945221965A3332C3FC88
:1052800068030C077036209CD3322197076318827D
:10529000C11032D8029221973C0552433C42433D13
:1052A0000C2330992092619742219732ABFF304412
:1052B0001042619742A00282C11052A00032D8026F
:1052C00092219A52433E26092652219782219732F3
:1052D000AF7F3088108261977036200C180C09302F
:1052E0009893903074CC7392219A9038931603134C
:1052F00026144C5221A4662406C63D0000005D031E
:105300003087016040246063410B3542C4306068DF
:10531000207073414243007086205608FE42C4D07C
:105320000C1640869380407416C41142219707E4FE
:1053300002C6440032C5FE3C04424300064200005F
:10534000DC870C9367331452C11062C63032D5012A
:105350006243E362A1901A66463A000082219742B6
:10536000A4000C053221A4404810060100006D0A7B
:105370007D0BC13A71D12F6BAD06BD07813E71E047
:1053800008000B33A2CA30A243001B5516540492E6
:1053900021A10C18A2090092AF019A9A0C0B90B8A7
:1053A000939D0BCC570C9B673B018D0787092557B5
:1053B0009A225221A2B221A35033C0CD05AD038160
:1053C000926DE008009221A10C0582090157180492
:1053D0001B999261A1C12171D1176BAD06BD0781E7
:1053E000AB6BE008005657F80C9767B70246DFFF33
:1053F00006150000A2A1901AAA32CA645221A06028
:1054000040344A454204000B33424300606441404B
:10541000470160642070744170462056D4FD8609AF
:105420000062A19032619A1A6632C664DC845050E0
:105430000452619A9C0582C11052A03032D80152A8
:1054400043E342619A32C6639221A442219A309981
:10545000C092619A4609000016043EA2C11022DAE9
:10546000014242800C0322DA0232423E2D0532A074
:105470000152A19032619A42A00050318062219A7B
:1054800082C11060545362D80262063E8C061B55DE
:105490009221970C277079108C072B5582219762E7
:1054A000A08460681056D60992219D5089C0E618E4
:1054B000024624001C0ED2A224EAF1DAFFF2619F18
:1054C000060F00D22198F13171C2CC10F90DE91DFF
:1054D000C9BA99AAA68922C2219FB22199A2219C68
:1054E0008261A7E261A56532FE8221A7E221A5566D
:1054F000DA36B2A1E492C110BAB982C8F0B26198AA
:10550000B2C110A2DB0298AAD22198C8BA1B998B0B
:10551000BD872EAEE11E71891DCA88E90D89BA9931
:10552000AAB26198A6891EC2A224F2C110B2219922
:10553000A2219CCACF652DFE564A3282A1E492C1B7
:10554000108A99926198B2C110A2DB02820A3E16BB
:105550009804D2219892A23EC2C11082218FB2211A
:105560008E9A9C990D0C191BBB9A88991D89BAB902
:10557000AAE68B078BDDD26198C60700C2A224E29F
:10558000C110B22199A2219CCACE2528FE56FA2C20
:1055900082A1E492C110809980926198168704D20A
:1055A0002198C2A24C72218F92218ECA81890D0C42
:1055B000281B998A77891D72618F92618EE689070F
:1055C0008BDDD26198C60700C2A224E2C110B221CD
:1055D00099A2219CCACE6523FE563A2872A1E48284
:1055E000C11070888082619826E602C62700922149
:1055F0009D5069C0E61602C624001C0D92A224DA52
:10560000A19A9A060F000000E22198B2CB10C90EB1
:10561000D91EB2680B72680AA68721B22199A2210D
:105620009CCD099261A6D261A5251EFE9221A6D22B
:1056300021A556AA22A2A1E4F2C110AAAF62C6F027
:10564000A26198A2C11082DA02C2219878A88BAC1C
:10565000B8B81B77C1CF70672DAD92219879A86932
:1056600019BA66C90962680BA26198A6871FA2C110
:1056700010C2A224C0CA80B22199A2219CE518FEC2
:1056800056CA1D62A1E482C1106A88826198922183
:105690009A9044C0E61402C623001C0982A2249AF0
:1056A000A18A8A060F000000D22198B2CB10C90D42
:1056B000991DB2670B62670AA68621B22199A221C1
:1056C0009CCD088261A79261A62514FE8221A79233
:1056D00021A656AA18A2A1E4E2C110AAAE42C4F0C3
:1056E000A26198F2C11072DF02C2219868A78BAC48
:1056F000B8B71B66C1A7704729AD82219869A74931
:1057000018BA44C90842670BA26198A6861BC2A2B8
:1057100024B22199A2219CCACF250FFE560A144219
:10572000A1E492C1104A9992619842219862219A0B
:105730003904691432218E42218F92219A1B339AA7
:105740004482C11042618F32618E62D802E68307C3
:105750004221988B34C60600C2A22462C110B22135
:1057600099A2219CCAC6650AFE563A0F32A1E4826C
:10577000C1103A3892219727E91632219D42219E85
:105780005053535A4432218F42619E16D307462408
:105790000062219D5046C0A614DF1C0872A2248A14
:1057A000917A79860B000000A2CA108913A9B96901
:1057B000A98B33A6861BB22199A2219CCD078261B9
:1057C000A7A504FE8221A7565A0932A1E4A2C1105E
:1057D0003A3A42C4F0B2C11092DB02B16C7068A9CF
:1057E000B903A8B91B664728BE4913AA4449B96939
:1057F000A9A68685C2A224D2C110B22199A2219C59
:10580000CACDA500FE161AF706150000E2C1105D0C
:105810000222A1E40C042A3E42618E326198C659EC
:10582000F80000C2A22442C110B22199A2219CCA50
:10583000C4A5FDFD164AFD460900000022218FCCBB
:10584000920C0352C11032618EC60400C2A22462BF
:10585000C110B22199A2219CCAC625FBFD160AFEE1
:1058600082219922281907E20E22180697E208A23F
:10587000281681CF6FE00800B2A240A22190BAB1F1
:1058800025740092219942219E2219067CF320263C
:105890000420439342619E860C0000000042219246
:1058A0001B9547A50206A3F806A5F8004221921B06
:1058B000A547A50246E8F846EAF8000082219A5278
:1058C00021970C142608024680FE869CFE22219E0B
:1058D0001DF000003661004901591162610281AF7B
:1058E0006FE00800D801E811F821BD02CD0325F4CE
:1058F000FD2D0A1DF00000003641028213067CD9FE
:1059000090881082514682231952613C826139820B
:1059100013070C0982514788839261268261288887
:10592000A362613D82612A82A0801A58A2C5588272
:10593000612282612572613E12612012612481AA76
:105940006FE00800D2213CE2213DF2213EB2A0806E
:10595000CD041ABBAD02A5EDFD4D0A96EA00B2A03A
:1059600080AD021ABBA50CF27CF2A0429322114634
:105970004C08870208221306802220225306A22107
:10598000362D04818D6FE008001DF0003641008146
:10599000E36FDD05880840C0F4822838BD0320A2EB
:1059A00020E008002D0A1DF03641004040F48D0330
:1059B0009C5382A0FF47B80B32A08A39027CF8863C
:1059C000010000004243000C182D081DF0000000EB
:1059D0003641000C021DF0003641001DF0000000B1
:1059E0003641001DF00000003641000C088902829B
:1059F00052021DF03641005D024A430C0247131368
:105A00008805B203008828AD05E00800AA221B33F0
:105A100046FAFF001DF000003641008802AD028208
:105A2000280230B074E008002D0A1DF036410082D3
:105A3000020F77680628322028651DF0282206FE0E
:105A4000FF00000036410082020F776818A2AF8085
:105A5000309064A0881090882082420F3A2232A0B1
:105A6000003242001DF0880239221668FF3A880C85
:105A70000222480006FBFF003641001DF000000036
:105A80003641001DF00000003641000C121DF000F0
:105A90003641000C021DF0003641000C0ABD0A0C14
:105AA0001CA0DA20BA82820800CC38AA221DF0009D
:105AB00092C8D13D0D903C833090741BBBCC798251
:105AC000C8A4809C8316B9FDAD0B86F5FF000000CD
:105AD0003641000C121DF00036410098020C1826C9
:105AE0000909986292C9FDB629010C088020041D9D
:105AF000F00000003641000C1A0C08208A838080D8
:105B0000749D02404074FC28308A83ECD822030044
:105B1000B20301CC527CF2B02A931DF02D08168BF3
:105B2000FF888928098032638C148032733022C048
:105B30000C180C032038932D0346F7FF7CF206F671
:105B4000FF0000003641001DF00000003641002833
:105B5000120C190C082089932D081DF0364100887D
:105B60000398138CD899188CE9890988220B8889A5
:105B7000221DF000990246FBFF891206FBFF000080
:105B800036410088128C083918881289030C08895C
:105B90001388023912CC08390238221B3339221DEE
:105BA000F00000003641001DF000000036410028E2
:105BB0003222C2141DF00000364100883228381D00
:105BC000F0000000364100883228481DF000000037
:105BD0003641001DF0000000364100881398238CE8
:105BE000D899288CE9891988220B8889221DF00010
:105BF000990246FBFF891206FBFF00003641008830
:105C00001398238CD899288CE9891988220B8889C4
:105C1000221DF000990246FBFF891206FBFF0000DF
:105C20003641000C088902891289221DF00000000B
:105C30003641000C0889028912892292A0FFCB22EA
:105C40001CD876880399024B221DF000364100884B
:105C50000398138CD899188CE9890988220B8889B4
:105C6000221DF000990246FBFF891206FBFF00008F
:105C700036410020207482C2BF8080740C19B6287F
:105C80000292A0000C1A22C2DF0C08208A839028FE
:105C900020A022101DF0000036610082A07D7CFA59
:105CA000373848309034303441F09911E033110CDA
:105CB000383AB200194000A8A17CF8A08830A86B3F
:105CC0000019400044A1A08810404820A222144995
:105CD0006B4931B822480AB2CB2048540C4DCBC195
:105CE00030BB80E004008C2A0C0339322D0A1DF0F1
:105CF00036610047B36C62A07E4736660B4440B401
:105D0000410C3737246240944140A034E09911F0AF
:105D1000AA119A92001A400087A1C8697CF6808671
:105D200030C08810001A4000A5A1A08820896947CA
:105D30001305606480606441671B20E0BB11BA8278
:105D40008868A222148931980A8822985982C8202A
:105D50000C4DCBC1B0B880E00900CC7A0B44BD0635
:105D6000C6E7FF7CFA2D0A1DF00C0A86FDFF000035
:105D7000366100A22214B822880A393188580C4DA5
:105D8000CBC1E008000C08A0389339322D0A1DF071
:105D900036410082A07DCD047CFA373816A2221449
:105DA000B822280AB0331132C34028422C0DB0B3B8
:105DB00080E002002D0A1DF036410092A07D8D0288
:105DC0007CF237391C302441E022112A88880830BF
:105DD0003034F033110003408030913030143904F6
:105DE0000C021DF036410088128C183268018903BC
:105DF0000C08891388023912CC08390238221B3367
:105E000039221DF0364100880398138CD899188CDC
:105E1000E9890988220B8889221DF000990246FB36
:105E2000FF891206FBFF00003641001DF000000054
:105E30003641001DF00000003641001DF00000005A
:105E40003641001DF00000003641001DF00000004A
:105E50003641001DF00000003641000C021DF0002C
:105E600036410028121DF0003641002222141DF098
:105E700036410039121DF00036410098026B83D084
:105E800088118A89C02000A8180C2BB0AA20C02035
:105E900000A918C02000A8187CDBB0AA10C0200000
:105EA000A918C02000A8180C4BB0AA20C02000A937
:105EB00018C02000A8187CBBB0AA10C02000A918E8
:105EC000B2C3140C1AC02000D2291E001B4000BA15
:105ED000A17CF8B0C830D0CC10C02000C2691E32FE
:105EE000C310C02000C2291E00134000AAA1A08830
:105EF00030C08810C0200082691EC02000B2691F17
:105F0000C02000A2691F1DF0364100A8129802E0CF
:105F10008A113A8882C814D088118A89C020002842
:105F2000080C3887F2170C18DC2AC02000822934AC
:105F30008080142618072628046638050C48890432
:105F40001DF00C1886FDFF00364100A802C020009D
:105F5000822A0780909582A0809088C080B0F4400B
:105F600090F4B734028090F499050C089728011D2D
:105F7000F08A434204001B88C02000490AC6FAFF89
:105F80003641001DF00000003641000C021DF000FB
:105F900036410088729D020C022718178809A8193B
:105FA0009829A088209088203088103088C032A09E
:105FB000018023831DF00000364100280288038001
:105FC00022C01DF03641000C021DF0003641001DBC
:105FD000F00000003641005C8889027CF21DF00070
:105FE0003641001DF00000003641001DF0000000A9
:105FF0003641008D020C022718094B8892C8FC9884
:10600000095639001DF000009219019A2246FAFF44
:106010003641003092F2908F319088C0808F0530E9
:1060200022D22A281DF000003641000C021DF0008B
:106030003641000070001DF03641005CE21DF000AA
:106040003641000C421DF00036410030220126137B
:106050000AAC4326231126331A1DF0000C0330E24C
:106060005030200046FCFF000C333062500020000E
:1060700046F9FF000C2306F9FF0CF33062500020B4
:106080000046F6FF3641009802303014C0200088E8
:1060900089A2AFCFC03311A08810308820C0200063
:1060A00089891DF03641008802C0200088888084DC
:1060B0001489031DF00000003641009802303014AE
:1060C000C0200088897C3AE03311A08810308820F5
:1060D000C0200089891DF0003641008802C02000E0
:1060E000888880821489031DF0000000364100A8D2
:1060F000029C33C02000988A7CEB308004B0991059
:10610000808920C02000898AC02000888A3031041C
:106110007CD9F03311908810303820C02000398AA3
:106120001DF0000036410098020C08C02000A8892C
:10613000176A0CC0200088890C2980800490882070
:1061400089031DF036410082C2740C09CC821DF017
:10615000C020009242001B228792F4C6FBFF000081
:10616000364100F6320A0C880C592089832D081D0F
:10617000F00C08F682F61C0846FCFF00364100E0F1
:1061800044113A448D034798021DF000C02000A836
:10619000083098C09A92A9094B8806FAFF000000BF
:1061A0003641000C0880A8209202001B2290B064A7
:1061B000001A4000BBA1009923B088207BAA9669F1
:1061C000FE89031DF00000003641000C08BD029D51
:1061D00008A20B001B2BA0B06400194000BBA1005B
:1061E000CA23B088207B99BD02964CFE1CFB973BCE
:1061F0000E676A0BA2AFFF001940009AA190882099
:1062000089031DF03661008804AD038901822300F3
:10621000822802E008008C4A8801880889018802E7
:106220000C1D8848CD01BD0320A220E008008C2A67
:10623000280129042D0A1DF03661001C08892188D7
:10624000020C058868C804AD02590159115931DDA5
:1062500001BD03E0080028110C682088102D056698
:106260006805280129040C121DF000003641004089
:1062700026C00C190C682089932D081DF000000021
:106280003641001DF00000003641000C021DF000F8
:1062900036410042A0D84A420C0206090058246840
:1062A00014860500821506B6280D82950726080774
:1062B000AD05E00300A0222052C5680B66D636FE6D
:1062C00048045674FD1DF00036410042A0D87D02FE
:1062D0004A420C02860A000058246814C6060000D0
:1062E00000821506B6281082950726080ABD05709B
:1062F000A720E00300A0222052C5680B66D606FE48
:1063000048045624FD1DF000366100A1A26D0C0367
:10631000480ABD01C2140139013911392132610322
:10632000A543EC4D0AA19C6D4BB1580AC21501E57D
:1063300042EC6D0AA19A6D8BB1580A604420C215D7
:1063400001A541EC5D0AA1966DB2C10C822A0050F4
:106350004420C218016540ECA044203714073901DD
:106360003911392139313801308074676305308043
:1063700054808060481140B07467640540405440C8
:10638000B060482140A07477640540406440A0603C
:10639000983190C07477690590906490C06042A075
:1063A000D34A4B22C2ECE03C11402282CA33417DE9
:1063B0006D92A0C69A98E033114A33E089113A32BF
:1063C00080806021796DE04A119088C0AA442A88B3
:1063D000E044114A8842AF064A3322A00F42A0107F
:1063E00037B8081B229A880B445634FF1DF0000072
:1063F00036A1000C2EDD0E0C0F0CDC0C1BA2A06DC8
:1064000081BE6AE008000C3EDD0E0C0F0CDC0C1B9C
:10641000A2A06D81B96AE0080041BF6A51AA68C0B4
:1064200020003804615869503310C02000390441FD
:106430005F6D203075C02000580480330160551016
:10644000503320C020003904C02000580461586D2A
:10645000203074605510A03311503320C020003913
:106460000441546D518F68C020003804A2A200502E
:10647000331081516DA03320C020003904C02000AA
:106480003808514E6D42AE00503310A03320C0206A
:10649000003908C0200098080C134099103099204A
:1064A000C020009908C020009808F13969E13468DB
:1064B000F09910E09920C020009908C020009808A9
:1064C000D1406DC15B68D09910C09920C02000995F
:1064D00008813C6DC020009808509910A09920C0F8
:1064E00020009908C020009808409910309920C0D9
:1064F0002000990891356DC02000B80950BB10A04C
:10650000BB20C02000B909C02000A80940AA103053
:10651000AA20C02000A909C02000B809F0BB10E0E3
:10652000BB20C02000B909C02000B809D0BB10C0F2
:10653000BB20C02000B909C02000A808BD03F0AAF4
:1065400010E0AA20C02000A908C0200098081C7FE5
:10655000D09910C09920C0200099080C0E0C4D0C49
:106560005CA2A06D81656AE008000C4DBD031C7F34
:106570000C0ECD0DA2A06D81606AE0080041136D84
:1065800051146DC020003804503310512A68503324
:1065900020C02000390441506BE7F20286540058B5
:1065A000040C03C21501B2C11CAD043971E51AEC2B
:1065B000379A02463B0039710C1A81266DE00800BB
:1065C00081266DE008003D0A0C2A26130B32C3FE1B
:1065D000A2A00152A00030A593B2A06481A169E0FD
:1065E0000800CD0AB19466A1C7690C13811C6DE047
:1065F00008007D0A5D0B81C06AE00800AAA7A931E6
:10660000773A010C03A2C120BA55819D67E00800CA
:1066100081146DE008000C0FED0FDD0FCD0F0C1B8A
:10662000A2A06181356AE008000C0E0C1FDD0ECDC2
:106630000EBD0FA2A0615A3381306AE008000C053C
:106640000C360C17ED05DD05CD06BD07A2A0618156
:10665000056DE00800FD0ADD06CD06ED06BD07A2CA
:10666000A061F91181006DE00800A92181A36AE011
:106670000800F811C82150D5208D05F0D793C087A8
:1066800093878D0B373BBCB79305822103873AB3C1
:10669000A2C120818069E008000C0A81EE6CE0084C
:1066A000004613003871261302C6C2FFA1CA6C0C43
:1066B0008CB2C120650AEC9C0AD1C76CC1C86CA120
:1066C000C86CB2A0F9819D67E00800F20120ED0AD4
:1066D0000C7D0C6CBD03A2A06181076AE008000C70
:1066E0006EFD03DD0E0C5CBD03A2A06181036AE0B8
:1066F0000800A1BC6C0C03580AB2C114C2150139C0
:10670000513261066505EC68045D0AC21601B2C12A
:1067100018AD04A504ECA0A520371A03395139613E
:106720004861F6241132210526130B261402862F08
:1067300000F62302062E00A1986C0C03480AB2C191
:106740001CC2140139713261082501EC4D0AA19473
:106750006CB2C120580AC215012500ECA0A4203754
:106760001A03397139818871809074676805808057
:1067700054809060B881B03074776B05B0B064B06D
:10678000306042A0D34A99E0891141866CE0A311A0
:106790008080603AAA9088C04A88E0AA1151926C21
:1067A000AA880CF41C037683068735031B449A8859
:1067B000A18F6C1CC3580AB2C120C215013981E5F2
:1067C000F9EB8C0A39818881AC4831896C3BA8404F
:1067D000AA63A9032B8831876C4088638903A5B21B
:1067E000FF41856CA904A803E5B1FF31846CA903BE
:1067F00031836C0C4DF20300CD0D0C0E0C1BA2A0CE
:106800006D81BD69E00800317B6C0C0EF203000C59
:106810004D0C6C0C1BA2A06D81B869E0080087725A
:106820005B41776C7CE8C020003804803310C020C6
:1068300000390431746C0C04C02000490341726CAF
:10684000C020003804803310C020003904416F6C30
:10685000C020003804803310C020003904416C6C23
:10686000C020003804803310C02000390441696C16
:10687000C020003804808310C02000890497F202F1
:1068800006860041656C518F67C02000322400509D
:106890003310C02000326400203C05204B053044FA
:1068A00020315E6C076402468C00C0200042230049
:1068B000515C6C504410C0200049034197695192CB
:1068C00069C02000380481556C503310C020003955
:1068D00004C020003808C77202C6830041B96B406B
:1068E0003310C020003908C02000380842ADFF40F6
:1068F0003310C020003908C02000380842AF7F4064
:10690000331041486CC020003908C02000380451C1
:10691000466C81466C503310C020003904C0200002
:106920003808516866503310C020003908C0200074
:106930003808518267503310C020003908C0200049
:1069400038047CA5503310C020003904C020003822
:1069500008A7F202466F00413067403320416E695C
:10696000C020003908C0200038045167697CE65017
:106970003310C020003904412E6C0C0AC0200038AE
:1069800004603310C02000390481376CE0080091A6
:10699000296C414567C02000380981276C403310BD
:1069A000C020003909C020003808415A684033101F
:1069B000C020003908C02000480831206C30441045
:1069C000C020004908C020003809411D6C50331018
:1069D000C020003909C020003808403310C0200012
:1069E0003908C020003809414669403310C02000F2
:1069F0003909C02000380841136C403310C0200012
:106A00003908C020003809414867403310C02000D1
:106A10003909C020003808412C67403310C02000DD
:106A20003908C02000380941C266403310C0200038
:106A3000390991FC6B42AFDFC020003809403310A8
:106A4000C020003909C0200038096CF4403310C060
:106A500020003909C02000380941F36B403310C0D1
:106A60002000390931F96BD7F202862C00C02000D2
:106A700028037C74402210C020002903C020002875
:106A80000831AB66302210C020002908C020002841
:106A900008311B69302210C02000290831E76B4102
:106AA000DE66C020002803402220C02000290331D8
:106AB000E16B41DD66C020002803402220C0200099
:106AC000290321E26B0C03C02000390221E16B7C19
:106AD000F3C020003902E581EA1DF000C020004823
:106AE00003515966504420C672FF000041CA6640F7
:106AF0003320C020003908C02000380842A20040DE
:106B00003320C020003908C02000380842A080404F
:106B10003320067BFF410867403310868FFF00005B
:106B2000C0200028030C8440222046D2FF00000031
:106B3000364100A1CE6B0C09CD0AB2A005768B15AB
:106B4000880A271816CC98E099119A9C29092D08D3
:106B50001DF01B994BAA22A101C6FCFF22A10346EE
:106B6000FBFF000036410081C26BE0080081C16B71
:106B7000E008001DF000000036410080EB03808D2E
:106B80000491BD6BA62805815F67E00800C0200066
:106B900088091678FFA58EE6A570E681B86BE00837
:106BA0000086F8FF364100B0EB03B0BD0432A0010F
:106BB00022A000B0238320B22021B16BAD02657802
:106BC000E631B06BC020008203008080741638FF6D
:106BD000B0EB03B0BD040C130C08B0838380B82065
:106BE000AD022581E6257DE9BD030C5AA504E69C8E
:106BF0000AE1A56BD1A66BC2A079B1A56B81C36771
:106C0000E00800811368E008008CFA6513E68CAA9E
:106C1000E1A16BD19E6BC2A08246F7FFE5B7DD0C08
:106C20000A816A69E008001DF0000000364100207A
:106C3000B22030D320C1986B562400C1986BA19824
:106C40006BE2CBF8E5A0F19000000000364100CCEB
:106C50001331946B22C2FC7CC68C52881260B8102F
:106C6000CC0B1DF07CFC8B5280CC30DD04C0C0040A
:106C7000AD05E0030028122026102A2522C2FC863A
:106C8000F5FF00003641009CD39CB28196652842F6
:106C900090F340000940808091202E542028D2207B
:106CA00020603022101DF0000C02C6FDFF00000025
:106CB00036410042C4F87CC63050146044108CC584
:106CC000A17A6B0C4BE598F10C032D031DF0AD027E
:106CD000817C6BE008000CB847B80247BA0E8BCA3B
:106CE000A1736B1C4BE596F106F7FF0000B2C3FCE5
:106CF000981B7CD89090144099208089100C1440E7
:106D00008820891B884260991080477547B9308078
:106D10006E546044D24099D2AD05808E54A08882D2
:106D2000C8829A88E088118A8C480856F403D1609A
:106D30006BC1606BB2A0E9A1606B810066E00800E6
:106D4000AD058C6940F9402C0A40AAC080C4250BCF
:106D50005AC055C00C14001C400044A100054090CE
:106D6000909140993080452440AAC0C6EAFF492B43
:106D7000293BB9347CCEBB4B8BDBE04410471D0B69
:106D8000D14F6BC14C6BB2A0EF86EAFF88425862CC
:106D9000808E54A088820C149A88E08811001A40D2
:106DA0000064A18A8CB90860552059622872E0AA53
:106DB00011AAA20019400094A1480A909420990AAF
:106DC000281B0C24202E10DA2222C2FCB902491200
:106DD00086BDFF00364100CC220C021DF02080143D
:106DE0008CC8A1386B0C4BE586F1C6FAFF00000099
:106DF0002C3837B8E380F3402C098099C090907408
:106E000090805480A811B1306B8842B08810A0885F
:106E100020B111658942A12D6B37BB02462B00A022
:106E20008810A12B6BA088208942A842E2AF1FA046
:106E3000B4252B8B808024E0AA100C1E80D0740017
:106E40001B4000BEA1B0CD11B0B05441236BC0AA0D
:106E500020B0C074808EC020FC1140AA10F0AA207F
:106E60008A896C09808044909A10001D4000DEA140
:106E7000E11B6B809920D0A07490AA01E09910A02A
:106E80009920B0A88299429B98AA99E099119952A9
:106E9000CB9997B30206D0FF7CC392C227309910DA
:106EA000E088118A893B883088100C0A292229320F
:106EB000A962997289822C03C7B326D1096BC109D3
:106EC0006BB2A1FBA1FD6A819D65E00800B1D365AD
:106ED000A08810A17F66373B0206D2FFA1FE6A861A
:106EE000D0FFB0BDD2CD0A264B21D1FF6AC1FD6AC9
:106EF000B2A1FE46F3FF000000E03A119A33C90345
:106F00000C0B3842303E54372B0D1BAA3842303020
:106F100044372AE4C6B0FF00303A82BA33E0331176
:106F20003A3829031BBB06F6FF0000003641005D1E
:106F300002BD04CC1430B32050A520A5E9FFA02A3F
:106F4000208C8AB85AB0C3C0BAB565D6FF1DF00010
:106F5000364100561201D1E56AC1E56AA1E66AB27E
:106F6000A06F817665E008001C383738030C021DDD
:106F7000F032C3ECC2A00030B320A2C214E5FAFF85
:106F8000A26204166AFE0C08890281DB6AE008002E
:106F9000A0A3C0A9123932A92286F4FF3641001CF1
:106FA000CC0C0BAD0381E264E0080016120520A2B0
:106FB0002081D36AE00800A84281D26AE00800B1CB
:106FC000CF6ACD0365C8FF584381CF6AE00800A0AF
:106FD0005582A842483281C86AE008009812B82356
:106FE0009084C0A0A8C0482250AAC0A913A84249B2
:106FF00033990325C9FFA923AD0281C46AE00800C3
:107000001DF000003641008CD488451B8882650441
:1070100088651B8889651DF088551B8889558825DA
:1070200037B8EC3925C6F9FF36410030B32020A22D
:1070300020E5F1FFA02A201DF000000036410020CD
:10704000A22030B32065F5FF9223040CCAF0891109
:107050009A889813E088118089C0982389130C08B6
:1070600097BA0282C9F4980389230C0897BA02825E
:10707000C9F4983389030CCA0C0897BA0282C9F480
:1070800089331DF036610091A26A0CED27AD011D18
:10709000F0F082111BA8D0BA11BAB92B88C81BD046
:1070A000B811BAB9B81BC0C341B0B341B73C01ADC8
:1070B00008D08A118A89D022112A29F808E818C82C
:1070C00002B812F902E912C921B931C908B9182D5B
:1070D0000AC6EDFF364100418F6A6D02218D6A3884
:1070E000040C0A205220379A0F218E6A280256C2B9
:1070F0000721F3652802062100ACCA0B8A80814172
:10710000D088118A859818D08A118A85881890931A
:1071100041808341873911D1806AC1806AA1806A28
:10712000B2A0DC810665E008008B2282C2F88808E4
:107130008716051BAA46EBFF00D02A112055802296
:10714000250142A01F20202447931841776A380464
:107150001B636904D0431138153030244033203983
:107160001525F2FF81736AE008001DF000005BB294
:10717000AD06812A66E00800560AF7220204816AF9
:107180006A98081BA9A9081CFA208024D09911A785
:10719000131ED0A311AA559088201B3369058915A9
:1071A000390441626A38041B33390446EDFF00009C
:1071B00000908820626500826501A2A00065ECFF56
:1071C00086F7FF00364100815D6AE00800B1596A28
:1071D000AD02811266E0080051536AECDA21B8650D
:1071E0003902A805DC6A214B6AA902214F6AA9026B
:1071F000214F6AA902814E6AE008001DF000280AAA
:107200002905814764E0080086F5FF0068054D0602
:10721000ECB4AD02812764E008001B7A6BAA81E719
:1072200065E008004D0A16BAFC324404CD07BD02E1
:107230005BA481A563E0080069044905C60300BD9D
:1072400002A2C40581F665E00800FCEA324404416C
:10725000316A612F6A78040C04471798D05411AC36
:10726000E40B84808141D088118A8698185A8688D8
:1072700018909341808341873916D1276AC12E6ABD
:10728000A1286AB2A08681AD64E00800480486DFC8
:10729000FF5A56A805BD0281E165E00800DC0A300E
:1072A000202438157C844033102033203915C6D073
:1072B000FF1B4486E8FF000036610059116261023D
:1072C00072610381206AE008009C7A30A32065E0A7
:1072D000FF273A0F811B6AB8118808C821D831AD41
:1072E00004E008001DF000003681000000000000EE
:0B72F000000000000000000000000093
:0400000540376F68A9
:00000001FF
