:020000043F407B
:100020003254CDAB000000000000000000000000D2
:100030006573702D6964663A2076342E342E37202D
:1000400033386565626132313361000000000000C1
:1000500061726475696E6F2D6C69622D6275696C71
:100060006465720000000000000000000000000055
:1000700031323A33363A32340000000000000000DA
:100080004D617220203520323032340000000000F3
:1000900076342E342E372D64697274790000000096
:1000A0000000000000000000000000000000000050
:1000B0000000000000000000000000000000000040
:1000C0000000000000000000000000000000000030
:1000D0000000000000000000000000000000000020
:1000E0000000000000000000000000000000000010
:1000F0000000000000000000000000000000000000
:1001000000000000000000000000000000000000EF
:1001100000000000000000000000000000000000DF
:100120005056204F564552564F4C54004F5645524C
:1001300043555252454E54004F56455254454D502A
:10014000004E4F20424154544552590042415420E0
:100150004F564552564F4C540049444C4500425569
:100160004C4B204D50505400464C4F41540050537E
:10017000552043432F4356004641554C54004142BD
:10018000534F525054494F4E004F4B3D4D656E7585
:10019000004241434B3D5265736574206661756C46
:1001A00074004641554C543A200050563A005620AF
:1001B000004241543A003E20004D41494E204D45F9
:1001C0004E55005053553A20434F4E5354414E54D0
:1001D00020562F49004D50505420535441545553EC
:1001E00000505620503A005720443A0025005461F0
:1001F000726765743A0043204241434B3D4D656E42
:100200007500424154544552592054595045003EBE
:100210002042756C6B20566F6C74616765002020FE
:1002200042756C6B20566F6C74616765003E2046AA
:100230006C6F617420566F6C746167650020204696
:100240006C6F617420566F6C74616765003E204D61
:1002500061782043757272656E740020204D61785C
:100260002043757272656E74002053455454494E94
:1002700047530020410020560055502F444E204F38
:100280004B3D53415645005345542042554C4B205D
:10029000564F4C544147450053455420464C4F411E
:1002A0005420564F4C5441474500534554204D412E
:1002B000582043555252454E540000008702403F9B
:1002C0009802403FAA02403FB403403FBF03403F73
:1002D000CF03403FDF03403FF203403F3E204F75D6
:1002E0007470757420566F6C746167650020204FC0
:1002F000757470757420566F6C74616765003E206C
:1003000043757272656E74204C696D6974002020AB
:1003100043757272656E74204C696D697400416337
:10032000746976617465202A00416374697661742A
:100330006500504F57455220535550504C59003E80
:1003400020566F6C746167653A20002020566F6CF0
:10035000746167653A20003E2043757272656E7461
:100360003A2000202043757272656E743A20005066
:10037000535520414354495645202A004F4B3D4593
:10038000646974204241434B3D4C6561766500537E
:100390004554204F555450555420564F4C544147C6
:1003A00045005345542043555252454E54204C4924
:1003B0004D4954005056204D6178696D756D00426D
:1003C000617474657279204D696E696D756D004256
:1003D000617474657279204D6178696D756D004343
:1003E00068617267652043757272656E74204D6135
:1003F000780054656D7065726174757265204D6129
:1004000078696D756D0020430053595354454D2054
:100410004C494D4954530055502F444E204F4B3DAD
:100420004544495400534554200053595354454DB5
:1004300020494E464F00546976616E61204D505000
:10044000540056657273696F6E20310054495641ED
:100450004E4120534F4C4152204D50505400496E54
:10046000697469616C697A696E672E2E2E00486F17
:100470006D65004D50505420537461747573004283
:10048000617474657279205479706500506F776576
:100490007220537570706C790053797374656D2098
:1004A0004C696D6974730053797374656D20496E7E
:1004B000666F004C69746869756D0047656C004C27
:1004C0006561642041636964000000006E04403F80
:1004D0007304403F7F04403F8C04403F9904403FF9
:1004E000A704403F0000000000000000DCFF0E40B9
:1004F00018290D40E42B0D40E4FF0E40CCFF0E40C8
:10050000D4FF0E406E616E00696E66006F76660005
:10051000433A2F55736572732F6C756361732F2E79
:10052000706C6174666F726D696F2F7061636B615F
:100530006765732F6672616D65776F726B2D61727F
:100540006475696E6F657370726573736966333253
:100550002F636F7265732F65737033322F657370FD
:1005600033322D68616C2D6164632E63005B253628
:10057000755D5B455D5B25733A25755D20257328A8
:10058000293A2050696E202575206973206E6F749A
:10059000204144432070696E210D0A005B253675A9
:1005A0005D5B455D5B25733A25755D2025732829C4
:1005B0003A204750494F25753A2025733A20414447
:1005C0004332206E6F7420696E697469616C697A58
:1005D0006564207965742E0D0A005B2536755D5BB8
:1005E000455D5B25733A25755D20257328293A20E2
:1005F0004750494F25753A2025733A2041444332EC
:1006000020697320696E20757365206279205769AF
:100610002D46692E20506C656173652073656520D9
:1006200068747470733A2F2F646F63732E657370E0
:100630007265737369662E636F6D2F70726F6A6572
:100640006374732F6573702D6964662F656E2F6CEC
:1006500061746573742F65737033322F6170692D07
:100660007265666572656E63652F70657269706824
:100670006572616C732F6164632E68746D6C2361A5
:1006800064632D6C696D69746174696F6E73206643
:100690006F72206D6F726520696E666F0D0A005B68
:1006A0002536755D5B455D5B25733A25755D2025B7
:1006B0007328293A204750494F25753A2025730D54
:1006C0000A005F5F616E616C6F67526561644D69BE
:1006D0006C6C69566F6C7473005F5F616E616C6FF8
:1006E0006752656164526177005F5F616463417462
:1006F0007461636850696E00433A2F557365727375
:100700002F6C756361732F2E706C6174666F726DE0
:10071000696F2F7061636B616765732F6672616DBE
:1007200065776F726B2D61726475696E6F6573703A
:1007300072657373696633322F636F7265732F65E9
:10074000737033322F65737033322D68616C2D678F
:1007500070696F2E63005B2536755D5B455D5B25BB
:10076000733A25755D20257328293A20496E7661F4
:100770006C69642070696E2073656C656374656470
:100780000D0A005B2536755D5B455D5B25733A257B
:10079000755D20257328293A204750494F20636F03
:1007A0006E666967206661696C65640D0A005F5F4B
:1007B00070696E4D6F646500433A2F5573657273AF
:1007C0002F6C756361732F2E706C6174666F726D20
:1007D000696F2F7061636B616765732F6672616DFE
:1007E00065776F726B2D61726475696E6F6573707A
:1007F00072657373696633322F636F7265732F6529
:10080000737033322F65737033322D68616C2D6DC8
:100810006973632E63005B2536755D5B455D5B2503
:10082000733A25755D20257328293A204661696C45
:10083000656420746F20616464206C6F6F70207435
:1008400061736B20746F205744540D0A005B25368A
:10085000755D5B455D5B25733A25755D20257328C5
:10086000293A204F54412076657269666963617444
:10087000696F6E206661696C6564212053746172D2
:100880007420726F6C6C6261636B20746F2074688B
:10089000652070726576696F75732076657273690D
:1008A0006F6E202E2E2E0D0A005B2536755D5B4582
:1008B0005D5B25733A25755D20257328293A20460E
:1008C00061696C656420746F20666F726D6174205D
:1008D0007468652062726F6B656E204E565320708F
:1008E0006172746974696F6E210D0A005B2536753B
:1008F0005D5B455D5B25733A25755D202573282971
:100900003A20436F756C64206E6F742066696E6464
:10091000204E565320706172746974696F6E0D0AAF
:10092000005B2536755D5B455D5B25733A25755D1E
:1009300020257328293A204661696C656420746F0C
:1009400020696E697469616C697A65204E5653211D
:10095000204572726F723A2025750D0A00696E6922
:100960007441726475696E6F006C6F6F705461735F
:100970006B00433A2F55736572732F6C7563617307
:100980002F2E706C6174666F726D696F2F7061636A
:100990006B616765732F6672616D65776F726B2D22
:1009A00061726475696E6F65737072657373696681
:1009B00033322F636F7265732F65737033322F6517
:1009C000737033322D68616C2D6370752E63005B1C
:1009D0002536755D5B455D5B25733A25755D202584
:1009E0007328293A2043616C6C6261636B204F620B
:1009F0006A656374204D616C6C6F63204661696C3D
:100A000065640D0A005B2536755D5B455D5B25738E
:100A10003A25755D20257328293A206475706C6924
:100A2000636174652066756E633D25387020617260
:100A3000673D2538700D0A005B2536755D5B455DA9
:100A40005B25733A25755D20257328293A2042617C
:100A500064206672657175656E63793A202575202C
:100A60004D487A21204F7074696F6E7320617265F2
:100A70003A203234302C203136302C2038302C20A3
:100A8000257520616E64202575204D487A0D0A0079
:100A90005B2536755D5B455D5B25733A25755D208D
:100AA000257328293A204261642066726571756554
:100AB0006E63793A202575204D487A21204F707455
:100AC000696F6E73206172653A203234302C2031A8
:100AD00036302C2038302C2025752C2025752061AF
:100AE0006E64202575204D487A0D0A005B25367509
:100AF0005D5B455D5B25733A25755D20257328296F
:100B00003A2043616E206E6F742073776974636856
:100B100020746F20323430204D487A212043686998
:100B20007020435055206672657175656E6379203B
:100B3000726174656420666F72203136304D487A78
:100B40002E0D0A005B2536755D5B455D5B25733AAE
:100B500025755D20257328293A2043505520636C64
:100B60006F636B20636F756C64206E6F74206265B9
:100B70002073657420746F202575204D487A0D0A06
:100B8000007365744370754672657175656E63793F
:100B90004D687A006770696F004520282575292007
:100BA00025733A202573282564293A2025730A00E5
:100BB0004750494F206E756D626572206572726F85
:100BC0007200222843616E6E6F7420757365205227
:100BD00045475F575249544520666F722044504F35
:100BE00052542072656769737465727320757365FA
:100BF0002044504F52545F5245475F575249544525
:100C00002922202626202821282828282830783321
:100C100066663434303030202B2030783035333035
:100C200029202B20286770696F5F6E756D202A2040
:100C300034292929203E3D20307833666630303013
:100C4000303029202626202828283078336666343C
:100C500034303030202B2030783035333029202B81
:100C600020286770696F5F6E756D202A20342929EE
:100C700029203C3D2030783366663133464643298F
:100C800029002F4944462F636F6D706F6E656E7437
:100C9000732F68616C2F65737033322F696E636CCC
:100CA0007564652F68616C2F6770696F5F6C6C2E5F
:100CB0006800222843616E6E6F742075736520533F
:100CC00045545F504552495F5245475F4D41534B34
:100CD00020666F722044504F5254207265676973CA
:100CE00074657273207573652044504F52545F537E
:100CF00045545F504552495F5245475F4D41534B04
:100D00002922202626202821282828284750494FF4
:100D10005F50494E5F4D55585F5245475B6770695C
:100D20006F5F6E756D5D2929203E3D2030783366FA
:100D30006630303030302920262620282847504978
:100D40004F5F50494E5F4D55585F5245475B677046
:100D5000696F5F6E756D5D2929203C3D20307833C9
:100D6000666631334646432929004750494F206F74
:100D70007574707574206770696F5F6E756D20652E
:100D800072726F7200222843616E6E6F74207573E9
:100D900065205245475F5345545F42495420666F72
:100DA000722044504F5254207265676973746572A3
:100DB00073207573652044504F52545F5245475F0E
:100DC0005345545F424954292220262620282128B1
:100DD0002828284750494F5F50494E5F4D55585F6E
:100DE0005245475B6770696F5F6E756D5D2929209D
:100DF0003E3D203078336666303030303029202652
:100E0000262028284750494F5F50494E5F4D55587E
:100E10005F5245475B6770696F5F6E756D5D29292D
:100E2000203C3D20307833666631334646432929DD
:100E3000004750494F20696E746572727570742056
:100E400074797065206572726F720045202825756F
:100E5000292025733A204750494F5F50494E206D55
:100E600061736B206572726F72200A00452028251D
:100E700075292025733A204750494F2063616E2021
:100E80006F6E6C79206265207573656420617320D4
:100E9000696E707574206D6F64650A00696F5F72AA
:100EA000656720213D2028696E747074725F742913
:100EB0004E554C4C002F4944462F636F6D706F6E3A
:100EC000656E74732F6472697665722F6770696FCF
:100ED0002E6300222843616E6E6F74207573652047
:100EE0005245475F5345545F4649454C4420666F21
:100EF000722044504F525420726567697374657252
:100F000073207573652044504F52545F5245475FBC
:100F10005345545F4649454C442922202626202823
:100F2000212828282870696E5F6E616D6529292047
:100F30003E3D203078336666303030303029202610
:100F40002620282870696E5F6E616D652929203C16
:100F50003D203078336666313346464329290067A1
:100F600070696F5F6C6C5F696F6D75785F66756EC9
:100F7000635F73656C006770696F5F636F6E66694E
:100F800067006770696F5F6F645F64697361626C4B
:100F900065006770696F5F6F645F656E61626C6545
:100FA000006770696F5F6C6C5F6F75747075745FEC
:100FB00064697361626C65006770696F5F6F7574F7
:100FC0007075745F64697361626C65006770696FE6
:100FD0005F6F75747075745F656E61626C650067D4
:100FE00070696F5F696E7075745F64697361626C5C
:100FF00065006770696F5F6C6C5F696E7075745FB8
:10100000656E61626C65006770696F5F696E7075AF
:10101000745F656E61626C65006770696F5F7365B0
:10102000745F6C6576656C006770696F5F696E747C
:10103000725F64697361626C65006770696F5F6994
:101040006E74725F656E61626C655F6F6E5F636F19
:101050007265006770696F5F696E74725F656E615B
:10106000626C65006770696F5F7365745F696E7449
:10107000725F74797065006770696F5F70756C6C12
:10108000646F776E5F646973006770696F5F6C6C23
:101090005F70756C6C646F776E5F656E006770690A
:1010A0006F5F70756C6C646F776E5F656E006770F4
:1010B000696F5F70756C6C75705F646973006770E1
:1010C000696F5F6C6C5F70756C6C75705F656E00DE
:1010D0006770696F5F70756C6C75705F656E0052DC
:1010E0005443494F004520282575292025733A206F
:1010F0002573282564293A20525443494F206E75A0
:101100006D626572206572726F720A0022284361F7
:101110006E6E6F7420757365205345545F50455251
:10112000495F5245475F4D41534B20666F722044E3
:10113000504F5254207265676973746572732075DD
:1011400073652044504F52545F5345545F5045528D
:10115000495F5245475F4D41534B292220262620A7
:101160002821282828287274635F696F5F6465737B
:10117000635B727463696F5F6E756D5D2E72656718
:101180002929203E3D2030783366663030303030BB
:10119000292026262028287274635F696F5F6465A2
:1011A00073635B727463696F5F6E756D5D2E7265DC
:1011B000672929203C3D2030783366663133464626
:1011C000432929002F4944462F636F6D706F6E6568
:1011D0006E74732F68616C2F65737033322F696E74
:1011E000636C7564652F68616C2F7274635F696FDF
:1011F0005F6C6C2E6800222843616E6E6F742075E0
:10120000736520434C4541525F504552495F5245FA
:10121000475F4D41534B20666F722044504F5254EC
:1012200020726567697374657273207573652044F5
:10123000504F52545F434C4541525F504552495FB5
:101240005245475F4D41534B292220262620282115
:10125000282828287274635F696F5F646573635B15
:10126000727463696F5F6E756D5D2E726567292993
:10127000203E3D20307833666630303030302920D3
:1012800026262028287274635F696F5F6465736324
:101290005B727463696F5F6E756D5D2E7265672931
:1012A00029203C3D20307833666631334646432959
:1012B0002900727463696F5F6C6C5F70756C6C642D
:1012C0006F776E5F64697361626C65007274635FEF
:1012D0006770696F5F70756C6C646F776E5F64695F
:1012E0007300727463696F5F6C6C5F70756C6C64B3
:1012F0006F776E5F656E61626C65007274635F67C5
:1013000070696F5F70756C6C646F776E5F656E008F
:10131000727463696F5F6C6C5F70756C6C75705F15
:1013200064697361626C65007274635F6770696F92
:101330005F70756C6C75705F64697300727463695B
:101340006F5F6C6C5F70756C6C75705F656E616201
:101350006C65007274635F6770696F5F70756C6C49
:1013600075705F656E007274635F6770696F5F733D
:1013700065745F646972656374696F6E007274632B
:101380005F6770696F5F6465696E6974007274632A
:10139000696F5F6C6C5F66756E6374696F6E5F73A7
:1013A000656C656374007274635F6770696F5F6911
:1013B0006E697400414443004144434144435F4EDD
:1013C000554D5F31206368616E6E656C2065727289
:1013D0006F72004144434144435F4E554D5F32209C
:1013E0006368616E6E656C206572726F7200452075
:1013F000282575292025733A2025733A25640A0A81
:10140000005749445448204552523A2045535033DE
:101410003220737570706F72742039207E203132E3
:1014200020626974207769647468004144432041F4
:101430007474656E204572720061646331206C6F54
:10144000636B2072656C656173652063616C6C65AC
:1014500064206265666F726520616371756972658B
:10146000004144433220417474656E20457272001D
:10147000414443206F75742076616C7565206572F8
:101480007200414443204368616E6E656C20457272
:101490007200616463325F6765745F7261770061D7
:1014A0006463325F636F6E6669675F6368616E6E07
:1014B000656C5F617474656E00616463315F67655C
:1014C000745F72617700616463315F6C6F636B5F3F
:1014D00072656C6561736500616463315F636F6E33
:1014E0006669675F776964746800616463315F632C
:1014F0006F6E6669675F6368616E6E656C5F61746D
:1015000074656E006164635F636F6D6D6F6E5F67BE
:1015100070696F5F696E697400444143004520281B
:101520002575292025733A202573282564293A201A
:10153000444143206368616E6E656C206572726F12
:10154000720A006461635F6F75747075745F6469BB
:101550007361626C65006573705F6F74615F6F705B
:1015600073004520282575292025733A206E6F7455
:1015700020666F756E64206F7461646174610A0027
:101580004520282575292025733A206D6D6170202E
:101590006F7461646174612066696C65642E2045B6
:1015A00072723D30782538780A00706879735F6F01
:1015B00066667320213D205350495F464C41534895
:1015C0005F434143484532504859535F4641494C77
:1015D000002F4944462F636F6D706F6E656E747394
:1015E0002F6170705F7570646174652F6573705FD3
:1015F0006F74615F6F70732E6300697420213D20EA
:101600004E554C4C006F74615F6170705F636F7515
:101610006E74203C20313620262620226D7573748E
:1016200020657261736520746865207061727469E9
:1016300074696F6E206265666F7265207772697477
:10164000696E6720746F2069742200452028257513
:10165000292025733A20526F6C6C6261636B20699C
:1016600073206E6F7420706F737369626C652C20C9
:10167000646F206E6F74206861766520616E7920DA
:101680007375697461626C65206170707320696E36
:1016900020736C6F74730A00452028257529202556
:1016A000733A2052756E6E696E67206669726D7747
:1016B00061726520697320666163746F72790A00D4
:1016C0006573705F6F74615F6765745F72756E6E6E
:1016D000696E675F706172746974696F6E006573BB
:1016E000705F6F74615F6765745F6170705F706178
:1016F00072746974696F6E5F636F756E7400626F88
:101700006F745F636F6D6D00452028257529202556
:10171000733A206D69736D617463682063686970E2
:101720002049442C206578706563746564202564C5
:101730002C20666F756E642025640A0045202825DC
:1017400075292025733A20496D616765207265719E
:101750007569726573206368697020726576203ED2
:101760003D207625642E25642C20627574206368E4
:101770006970206973207625642E25640A0045204F
:10178000282575292025733A20496D6167652072E7
:10179000657175697265732063686970207265761A
:1017A000203C3D207625642E25642C206275742013
:1017B00063686970206973207625642E25640A00A9
:1017C000626F6F746C6F616465725F6D6D617000E4
:1017D0004520282575292025733A2074726965648F
:1017E00020746F20626F6F746C6F616465725F6DDF
:1017F0006D61702074776963650A0045202825753E
:10180000292025733A207370695F666C6173685F85
:101810006D6D6170206661696C65643A2030782571
:10182000780A006D6F73695F6C656E203C3D2033F4
:1018300032002F4944462F636F6D706F6E656E7472
:10184000732F626F6F746C6F616465725F73757014
:10185000706F72742F7372632F626F6F746C6F612D
:101860006465725F666C6173682E63006D69736F87
:101870005F6C656E203C3D203332006D69736F5F95
:10188000627974655F6E756D203C3D203400626F37
:101890006F746C6F616465725F666C6173685F65BD
:1018A0007865637574655F636F6D6D616E645F63AA
:1018B0006F6D6D6F6E006573705F696D6167650058
:1018C0004520282575292025733A20436865636BD8
:1018D00073756D206661696C65642E2043616C636D
:1018E000756C617465642030782578207265616458
:1018F00020307825780A0045202825752920257371
:101900003A20696D61676520617420307825782000
:1019100068617320696E76616C6964206D616769C6
:1019200063206279746520286E6F7468696E672021
:10193000666C617368656420686572653F290A009A
:101940004520282575292025733A20696D61676532
:101950002061742030782578207365676D656E741A
:1019600020636F756E7420256420657863656564F7
:1019700073206D61782025640A004520282575298B
:101980002025733A20496D616765206C656E677428
:101990006820256420646F65736E277420666974FF
:1019A00020696E20706172746974696F6E206C6555
:1019B0006E6774682025640A004520282575292053
:1019C00025733A20626F6F746C6F616465725F6635
:1019D0006C6173685F72656164206661696C6564DF
:1019E000206174203078253038780A004520282579
:1019F00075292025733A20696E76616C69642073BD
:101A000065676D656E74206C656E677468203078EC
:101A100025780A004520282575292025733A20536A
:101A200065676D656E74202564206C6F616420614C
:101A3000646472657373203078253038782C2064A4
:101A40006F65736E2774206D6174636820646174C0
:101A500061203078253038780A00452028257529FE
:101A60002025733A20626F6F746C6F616465725FDA
:101A70006D6D617028307825782C20307825782994
:101A8000206661696C65640A004520282575292057
:101A900025733A20696D616765206F6666736574AA
:101AA0002068617320777261707065640A00452058
:101AB000282575292025733A20706172746974692C
:101AC0006F6E2073697A65203078257820696E768C
:101AD000616C69642C206C61726765722074686146
:101AE0006E2031364D420A0043616C63756C61743F
:101AF00065642068617368004520282575292025C4
:101B0000733A20496D61676520686173682066617A
:101B1000696C6564202D20696D616765206973209B
:101B2000636F72727570740A0045787065637465CE
:101B30006420686173680068616E646C6520213D93
:101B4000204E554C4C002F4944462F636F6D706FEB
:101B50006E656E74732F626F6F746C6F6164657203
:101B60005F737570706F72742F7372632F69646620
:101B70002F626F6F746C6F616465725F7368612E42
:101B80006300726574203D3D203000626F6F746C9D
:101B90006F616465725F7368613235365F66696E66
:101BA00069736800626F6F746C6F616465725F73F4
:101BB00068613235365F64617461007061727469A6
:101BC00074696F6E004520282575292025733A20F9
:101BD0004E6F204D443520666F756E6420696E200F
:101BE000706172746974696F6E207461626C650AE9
:101BF000004520282575292025733A2050617274EC
:101C00006974696F6E207461626C65204D44352083
:101C10006D69736D617463680A0045202825752914
:101C20002025733A206C6F61645F7061727469740F
:101C3000696F6E732072657475726E65642030789A
:101C400025780A002F4944462F636F6D706F6E65CB
:101C50006E74732F7370695F666C6173682F706147
:101C600072746974696F6E2E630069746572617451
:101C70006F7220213D204E554C4C0070617274698A
:101C800074696F6E20213D204E554C4C0065737079
:101C90005F706172746974696F6E5F6D6D61700001
:101CA0006573705F706172746974696F6E5F65727D
:101CB0006173655F72616E6765006573705F706107
:101CC00072746974696F6E5F77726974655F72614F
:101CD00077006573705F706172746974696F6E5FAD
:101CE000726561645F726177006573705F706172C5
:101CF000746974696F6E5F7772697465006573707B
:101D00005F706172746974696F6E5F72656164009F
:101D10006573705F706172746974696F6E5F676517
:101D200074006573705F706172746974696F6E5F5F
:101D30006E65787400735F6D6D61705F706167656B
:101D40005F726566636E745B695D203D3D20302087
:101D50007C7C2028656E7472795F70726F203D3DC7
:101D600020534F435F4D4D555F504147455F494EAE
:101D70005F464C4153482870616765735B706167CB
:101D8000656E6F5D2920262620656E7472795F610D
:101D90007070203D3D20534F435F4D4D555F504186
:101DA00047455F494E5F464C41534828706167651F
:101DB000735B706167656E6F5D292029002F494450
:101DC000462F636F6D706F6E656E74732F737069DD
:101DD0005F666C6173682F666C6173685F6D6D61BF
:101DE000702E630044504F52545F53455155454E39
:101DF00043455F5245475F52454144282875696E07
:101E00007433325F742926534F435F4D4D555F4401
:101E1000504F52545F50524F5F464C4153485F4DB4
:101E20004D555F5441424C455B695D292026204D4C
:101E30004D555F494E56414C49440044504F525411
:101E40005F53455155454E43455F5245475F5245A7
:101E50004144282875696E7433325F7429264450D2
:101E60004F52545F4150505F464C4153485F4D4D77
:101E7000555F5441424C455B695D292026204D4DFC
:101E8000555F494E56414C494400735F6D6D61701A
:101E90005F706167655F726566636E745B695D2024
:101EA0003E203000302026262022696E76616C6943
:101EB000642068616E646C652C206F722068616EAE
:101EC000646C6520616C726561647920756E6D610A
:101ED0007070656422007370695F666C6173685F1F
:101EE0006D756E6D6170007370695F666C617368AB
:101EF0005F6D6D61705F70616765730045202825B7
:101F000075292025733A20756E6578706563746550
:101F1000642073706920666C617368206572726FEB
:101F20007220636F64653A20307825780A00452076
:101F3000282575292025733A206661696C6564201F
:101F4000746F2067657420636869702073697A65AF
:101F50000A006C656E5F72656D61696E203C206C75
:101F6000656E002F4944462F636F6D706F6E656E0E
:101F700074732F7370695F666C6173682F6573701B
:101F80005F666C6173685F6170692E63006C656E7B
:101F90005F72656D61696E203C206C656E67746868
:101FA000004520282575292025733A20666C617329
:101FB0006820656E637279707465642077726974E5
:101FC000652061646472657373206D75737420623B
:101FD0006520313620627974657320616C69676EA3
:101FE00065640A004520282575292025733A206656
:101FF0006C61736820656E637279707465642077B4
:1020000072697465206C656E677468206D75737491
:10201000206265206D756C7469706C65206F662038
:1020200031360A006275735F616371756972656448
:10203000006573705F666C6173685F777269746561
:102040005F656E63727970746564006573705F6656
:102050006C6173685F7772697465006573705F6641
:102060006C6173685F65726173655F726567696FE4
:102070006E007370695F666C617368004520282587
:1020800075292025733A204465746563746564205E
:1020900073697A652825646B2920736D616C6C65A2
:1020A00072207468616E207468652073697A652097
:1020B000696E207468652062696E61727920696D4D
:1020C000616765206865616465722825646B292EE7
:1020D0002050726F6265206661696C65642E0A002B
:1020E0007370695F666C61736800636869705F73C1
:1020F0007461747573203D3D2030002F4944462F94
:10210000636F6D706F6E656E74732F7370695F6649
:102110006C6173682F7370695F666C6173685F6F61
:10212000735F66756E635F6170702E6300737069B4
:10213000315F666C6173685F6F735F636865636B63
:102140005F7969656C6400735F666C6173685F6F6B
:10215000705F6D7574657820213D204E554C4C00A4
:102160002F4944462F636F6D706F6E656E74732FC9
:102170007370695F666C6173682F63616368655F24
:102180007574696C732E63006573705F7461736B33
:102190005F737461636B5F69735F73616E655F63C7
:1021A000616368655F64697361626C6564282900B6
:1021B000735F666C6173685F6F705F637075203DFD
:1021C0003D202D31006F746865725F6370756964BE
:1021D000203D3D2031006573705F6970635F63610E
:1021E0006C6C286F746865725F63707569642C200D
:1021F000267370695F666C6173685F6F705F626C95
:102200006F636B5F66756E632C2028766F69642040
:102210002A29206F746865725F637075696429008C
:1022200078506F7274476574436F7265494428290A
:10223000203D3D206370756964006370756964209A
:102240003D3D20735F666C6173685F6F705F6370A4
:1022500075002128785461736B4765745363686512
:1022600064756C657253746174652829203D3D2046
:102270007461736B5343484544554C45525F4E4F10
:10228000545F5354415254454420262620637075B0
:10229000696420213D203029007370695F666C619C
:1022A00073685F656E61626C655F696E746572729A
:1022B000757074735F6361636865735F616E645F9B
:1022C0006F746865725F637075007370695F666CC8
:1022D0006173685F64697361626C655F696E746580
:1022E0007272757074735F6361636865735F616E4A
:1022F000645F6F746865725F637075007370695FA7
:10230000666C6173685F696E69745F6C6F636B00A4
:102310006E767300000000000000000024010F40F2
:1023200020680D402C010F40E0670D402C680D40E7
:10233000F8670D404C680D4010680D4038010F40A3
:1023400044010F40000000000000000050010F4059
:102350008C680D406D506167654C6973742E6261C5
:10236000636B28292E6765745365714E756D6265C0
:1023700072286C6173745365714E6F29004944462D
:102380002F636F6D706F6E656E74732F6E76735FF3
:10239000666C6173682F7372632F6E76735F706102
:1023A00067656D616E616765722E6370700065733D
:1023B000705F6572725F74206E76733A3A5061672F
:1023C000654D616E616765723A3A6C6F6164286E43
:1023D00076733A3A506172746974696F6E2A2C2070
:1023E00075696E7433325F742C2075696E74333284
:1023F0005F74290070746872656164004520282547
:1024000075292025733A204661696C656420746FD4
:1024100020616C6C6F63617465207461736B206103
:10242000726773210A004520282575292025733AF3
:10243000204661696C656420746F20616C6C6F6309
:102440006174652070746872656164206461746190
:10245000210A004520282575292025733A20466148
:10246000696C656420746F206372656174652074A3
:1024700061736B210A0066616C7365202626202239
:102480004661696C656420746F206C6F636B2074A7
:10249000687265616473206C6973742122002F492E
:1024A00044462F636F6D706F6E656E74732F70741A
:1024B00068726561642F707468726561642E630070
:1024C0004520282575292025733A2025733A206E4A
:1024D0006F7420737570706F72746564210A006682
:1024E000616C736520262620224661696C65642034
:1024F000746F2072656C65617365206D75746578A5
:1025000021220066616C73652026262022466169BF
:102510006C656420746F20756E6C6F636B206D75D5
:10252000746578212200707468726561645F6D75EE
:102530007465785F756E6C6F636B0070746872653C
:1025400061645F6D757465785F64657374726F79CB
:1025500000707468726561645F63616E63656C00CE
:10256000746C7320213D204E554C4C002F4944463D
:102570002F636F6D706F6E656E74732F70746872F9
:102580006561642F707468726561645F6C6F63610C
:102590006C5F73746F726167652E6300707468722C
:1025A0006561645F6C6F63616C5F73746F726167A8
:1025B000655F7468726561645F64656C65746564A9
:1025C0005F63616C6C6261636B007461736B5F77F6
:1025D0006474004520282575292025733A2054610C
:1025E000736B207761746368646F6720676F742012
:1025F0007472696767657265642E20546865206629
:102600006F6C6C6F77696E67207461736B73206495
:102610006964206E6F7420726573657420746865D8
:10262000207761746368646F6720696E2074696DD8
:10263000653A0A004520282575292025733A20206F
:102640002D20257320282573290A0045202825756B
:10265000292025733A2025730A004520282575294D
:102660002025733A204350552025643A2025730ACB
:10267000004520282575292025733A2041626F7274
:1026800074696E672E0A0045202825752920257358
:102690003A205072696E74204350552025642028DA
:1026A00063757272656E7420636F72652920626152
:1026B000636B74726163650A0045202825752920C3
:1026C00025733A205072696E74204350552025645A
:1026D000206261636B74726163650A006573705F89
:1026E000696E74725F616C6C6F63284554535F54FC
:1026F00047305F5744545F4C4556454C5F494E54F4
:10270000525F534F555243452C20302C2074617337
:102710006B5F7764745F6973722C204E554C4C2C40
:102720002026747764745F636F6E6669672D3E69F7
:102730006E74725F68616E646C6529004944462F4F
:10274000636F6D706F6E656E74732F6573705F73FA
:10275000797374656D2F7461736B5F7764742E6326
:10276000006573705F72656769737465725F667226
:10277000656572746F735F69646C655F686F6F6BBA
:102780005F666F725F6370752869646C655F686F00
:102790006F6B5F63622C206929006573705F7461E1
:1027A000736B5F7764745F616464006573705F74FA
:1027B00061736B5F7764745F696E697400637075D1
:1027C0005F73746172740045202825752920257374
:1027D0003A2052756E6E696E67206F6E2073696E57
:1027E000676C6520636F72652076617269616E74D3
:1027F000206F66206120636869702C2062757420E8
:10280000617070206973206275696C7420776974D7
:1028100068206D756C74692D636F726520737570B7
:10282000706F72742E0A00452028257529202573A3
:102830003A20436865636B207468617420434F4E8F
:102840004649475F4652454552544F535F554E499E
:10285000434F524520697320656E61626C65642048
:10286000696E206D656E75636F6E6669670A0072CA
:1028700074635F636C6B5F7874616C5F66726571C3
:102880005F676574282920213D205254435F5854C6
:10289000414C5F465245515F4155544F002F4944CA
:1028A000462F636F6D706F6E656E74732F657370F6
:1028B0005F73797374656D2F706F72742F736F63AC
:1028C0002F65737033322F636C6B2E6300726573E8
:1028D00000000000141414076573705F636C6B5F75
:1028E000696E6974002868696E74202620287E52FB
:1028F00053545F524541534F4E5F4D41534B29292D
:10290000203D3D2030002F4944462F636F6D706F8E
:102910006E656E74732F6573705F73797374656D14
:102920002F706F72742F736F632F65737033322F34
:1029300072657365745F726561736F6E2E63006597
:1029400073705F72657365745F726561736F6E5FDC
:102950007365745F68696E74000000000100000018
:1029600000F0F53F020000000000F63F0D0A0D0ADE
:102970004261636B74726163653A003A307800209B
:102980003078253038583A30782530385800207C57
:102990003C2D434F5252555054454400207C3C2D11
:1029A000434F4E54494E55455300636F72655F69FE
:1029B000643C706F72744E554D5F50524F43455397
:1029C000534F5253002F4944462F636F6D706F6E03
:1029D000656E74732F6573705F73797374656D2F93
:1029E00063726F7373636F72655F696E742E6300D9
:1029F0006573705F63726F7373636F72655F696E27
:102A0000745F73656E64006573705F63726F737378
:102A1000636F72655F696E745F696E697400000050
:102A20000100000000F0F53F020000000000F63F4A
:102A300047757275204D656469746174696F6E20A5
:102A40004572726F723A20436F7265200020706188
:102A50006E6963276564202800292E200053657461
:102A600074696E6720627265616B706F696E742045
:102A700061742030780020616E6420726574757214
:102A80006E696E672E2E2E0D0A000D0A454C4620EB
:102A900066696C65205348413235363A20005265EC
:102AA0002D656E746572656420636F726520647550
:102AB0006D702120457863657074696F6E20686160
:102AC0007070656E656420647572696E6720636FEF
:102AD00072652064756D70210D0A005265626F6F1A
:102AE00074696E672E2E2E0D0A007666735F65720E
:102AF00072203D3D204553505F4F4B20262620221B
:102B00004661696C656420746F20726567697374CF
:102B100065722076667320636F6E736F6C6522003A
:102B20002F4944462F636F6D706F6E656E74732FFF
:102B30006573705F73797374656D2F7374617274EC
:102B400075702E63002F6465762F636F6E736F6CE4
:102B5000652F007700657272203D3D204553505F20
:102B60004F4B20262620224661696C656420746FD5
:102B700020696E69742070746872656164206D6F7D
:102B800064756C65212200666C6173685F726574A0
:102B9000203D3D204553505F4F4B00646F5F636F96
:102BA00072655F696E697400D88A0D408C33084085
:102BB000556E6B6E6F776E000D0A42726F776E6F97
:102BC0007574206465746563746F72207761732017
:102BD0007472696767657265640D0A0D0A00000109
:102BE0000001014D656D6F72792064756D70206113
:102BF000742030780044656275672065786365707D
:102C000074696F6E20726561736F6E3A200053694C
:102C10006E676C6553746570200048774272656119
:102C20006B706F696E742000537461636B20636115
:102C30006E617279207761746368706F696E742059
:102C400074726967676572656420280029200057DF
:102C500061746368706F696E742030207472696784
:102C600067657265642000425245414B20696E736E
:102C700074722000425245414B4E20696E7374724B
:102C800020004465627567496E7472200020726589
:102C90006769737465722064756D703A002077619E
:102CA000732072756E6E696E6720696E204953528B
:102CB00020636F6E746578743A0D0A004550433195
:102CC000202020203A203078002020455043322018
:102CD0002020203A20307800202045504333202007
:102CE00020203A20307800202045504334202020F6
:102CF000203A20307800504320202020202000500F
:102D0000532020202020200041302020202020207F
:102D1000004131202020202020004132202020208E
:102D2000202000413320202020202000413420207A
:102D30002020202000413520202020202000413666
:102D4000202020202020004137202020202020008B
:102D50004138202020202020004139202020202020
:102D6000200041313020202020200041313120201E
:102D7000202020004131322020202020004131330A
:102D8000202020202000413134202020202000411C
:102D900031352020202020005341522020202020A7
:102DA0000045584343415553450045584356414417
:102DB0004452004C42454720202020004C454E44C0
:102DC00020202020004C434F554E5420200000006E
:102DD000F62C403FFF2C403F082D403F112D403F37
:102DE0001A2D403F232D403F2C2D403F352D403F95
:102DF0003E2D403F472D403F502D403F592D403FF5
:102E0000622D403F6B2D403F742D403F7D2D403F54
:102E1000862D403F8F2D403F982D403FA12D403FB4
:102E2000AA2D403FB32D403FBC2D403FC52D403F14
:102E3000457863657074696F6E2077617320756E75
:102E400068616E646C65642E00556E6B6E6F776E94
:102E500020726561736F6E00556E68616E646C659B
:102E60006420646562756720657863657074696F56
:102E70006E00446F75626C65206578636570746977
:102E80006F6E00556E68616E646C6564206B657270
:102E90006E656C20657863657074696F6E00436F52
:102EA00070726F636573736F722065786365707499
:102EB000696F6E00496E7465727275707420776404
:102EC000742074696D656F7574206F6E2043505562
:102ED0003000496E74657272757074207764742066
:102EE00074696D656F7574206F6E204350553100A5
:102EF00043616368652064697361626C6564206224
:102F0000757420636163686564206D656D6F7279A7
:102F100020726567696F6E206163636573736564B2
:102F200000496C6C6567616C496E7374727563748B
:102F3000696F6E0053797363616C6C00496E7374D2
:102F400072756374696F6E46657463684572726FFB
:102F500072004C6F616453746F72654572726F7268
:102F6000004C6576656C31496E746572727570746B
:102F700000416C6C6F636100496E746567657244F3
:102F8000697669646542795A65726F00504356618B
:102F90006C75650050726976696C65676564004C94
:102FA0006F616453746F7265416C69676E6D656EB5
:102FB0007400496E73747250444164647245727255
:102FC0006F72004C6F616453746F72655049464470
:102FD0006174614572726F7200496E737472504908
:102FE00046416464724572726F72004C6F61645343
:102FF000746F7265504946416464724572726F72B3
:1030000000496E7374544C424D69737300496E737A
:1030100074544C424D756C746948697400496E7300
:1030200074466574636850726976696C656765009B
:10303000496E737472466574636850726F68696232
:1030400069746564004C6F616453746F7265544CAD
:10305000424D697373004C6F616453746F726554B1
:103060004C424D756C7469686974004C6F616453AF
:10307000746F726550726976696C656765004C6F34
:10308000616450726F686962697465640053746F3B
:10309000726550726F68696269746564004370306C
:1030A000446973004370314469730043703244696A
:1030B0007300437033446973004370344469730090
:1030C000437035446973004370364469730043703C
:1030D0003744697300000000492E403F582E403F9E
:1030E000722E403F832E403F9E2E403FB42E403FE5
:1030F000D22E403FF02E403F212F403F342F403F03
:103100003C2F403F522F403F612F403F712F403FA7
:10311000782F403F8C2F403F942F403F9F2F403FC0
:10312000CD28403FCD28403FB22F403FC32F403FE6
:10313000D92F403FEB2F403F0130403F0D30403F03
:103140001D30403FCD28403F3030403FCD28403FEC
:10315000CD28403FCD28403F4530403F5630403F8E
:103160006B30403FCD28403F7E30403F8D30403F68
:10317000CD28403FCD28403F9D30403FA430403FC8
:10318000AB30403FB230403FB930403FC030403FAD
:10319000C730403FCE30403F727463696F5F6C6CE4
:1031A0005F696E7075745F656E61626C65007274E4
:1031B00063696F5F6C6C5F696E7075745F6469736F
:1031C00061626C650000000010000000CFF100009B
:1031D00008000000C7700000040000004330000039
:1031E00003000000022000000200000001100000A7
:1031F000010000000000008000000000000000004E
:103200007374726E636D70287372635F706174683B
:103210002C207666732D3E706174685F70726566EF
:1032200069782C207666732D3E706174685F7072C9
:10323000656669785F6C656E29203D3D2030002F02
:103240004944462F636F6D706F6E656E74732F7691
:1032500066732F7666732E63007472616E736C6191
:1032600074655F70617468002F6465762F75617294
:1032700074002F30002F6465762F636F6E736F6C50
:103280006500000000000000EC9D0D400000000003
:10329000409E0D400000000000000000C89D0D4051
:1032A000249E0D400C9E0D40000000000000000018
:1032B000000000000000000000000000000000000E
:1032C00000000000000000000000000000000000FE
:1032D0000000000000000000609E0D4000000000A3
:1032E000849E0D40A49E0D400000000000000000E0
:1032F00000000000E49E0D40089F0D40249F0D40FB
:10330000449F0D400000000000000000000000008D
:10331000609F0D4000000000000000000000000061
:1033200000000000C49E0D406664203E3D30202613
:1033300026206664203C2033002F4944462F636FCB
:103340006D706F6E656E74732F7666732F7666730D
:103350005F756172742E6300735F6374785B66647B
:103360005D2D3E7065656B5F63686172203D3D2039
:103370004E4F4E45002F31002F32006664203E3DF7
:103380002030202626206664203C203300756172A0
:10339000745F777269746500756172745F726574C9
:1033A00075726E5F6368617200756172745F7265D9
:1033B000616400756172745F636C6F736500756141
:1033C00072745F667374617400756172745F6663B2
:1033D0006E746C00756172745F6673796E63000061
:1033E00000000000F8AA0D400000000058AB0D409E
:1033F00000000000000000006CAA0D40F0A90D4084
:10340000C4A90D4000000000000000000000000002
:1034100000000000000000000000000000000000AC
:10342000000000000000000000000000000000009C
:103430000000000064A90D4000000000C4AA0D4077
:1034400020AA0D4000000000000000000000000065
:10345000B4A60D40C8A30D400CAC0D4030A90D40E2
:1034600000000000000000000000000088A10D40E6
:10347000000000000000000000000000000000004C
:10348000FCA00D4074DDFB3F98DDFB3FBCDDFB3F46
:1034900069203D3D2030207C7C20735F6C6F675F2E
:1034A00063616368655B2869202D203129202F2006
:1034B000325D2E67656E65726174696F6E203C20A7
:1034C000735F6C6F675F63616368655B695D2E67DF
:1034D000656E65726174696F6E002F4944462F6393
:1034E0006F6D706F6E656E74732F6C6F672F6C6F7E
:1034F000672E63006765745F6361636865645F6C12
:103500006F675F6C6576656C006573705F6C6F6785
:103510005F6C6576656C5F736574006573705F7072
:1035200074725F696E5F646972616D5F6472616D10
:103530002828766F6964202A29647374617274295B
:10354000002F4944462F636F6D706F6E656E747304
:103550002F686561702F686561705F636170732E9D
:1035600063006573705F7074725F696E5F64697227
:10357000616D5F6472616D2828766F6964202A2905
:1035800064656E6429002864737461727420262057
:103590003329203D3D2030002864656E64202620BC
:1035A0003329203D3D2030006865617020213D2099
:1035B0004E554C4C2026262022667265652829200F
:1035C00074617267657420706F696E7465722069CA
:1035D00073206F757473696465206865617020611C
:1035E0007265617322006865617020213D204E552F
:1035F0004C4C20262620227265616C6C6F63282952
:1036000020706F696E746572206973206F757473B2
:10361000696465206865617020617265617322006C
:103620006F6C645F73697A65203E20300068656165
:10363000705F636170735F63616C6C6F630068657A
:1036400061705F636170735F7265616C6C6F630062
:10365000686561705F636170735F6672656500685D
:103660006561705F636170735F7265616C6C6F63DD
:103670005F6261736500686561705F636170735F4D
:103680007265616C6C6F635F64656661756C740014
:10369000686561705F636170735F6D616C6C6F63AF
:1036A0005F64656661756C74006472616D5F616C06
:1036B0006C6F635F746F5F6972616D5F6164647288
:1036C00000686561705F636170735F6D616C6C6FE2
:1036D0006300686561705F73697A65203C3D2048CE
:1036E0004541505F53495A455F4D4158002F494469
:1036F000462F636F6D706F6E656E74732F686561B2
:10370000702F686561705F636170735F696E697463
:103710002E6300686561705F696478203C3D206EAF
:10372000756D5F686561707300686561705F69647D
:1037300078203D3D206E756D5F6865617073005344
:103740004C4953545F454D5054592826726567695A
:103750007374657265645F6865617073290068657C
:103760006170735F617272617920213D204E554C0A
:103770004C00686561705F636170735F696E697446
:103780000072656769737465725F68656170004394
:103790004F525255505420484541503A206D756C57
:1037A00074695F686561702E633A2564206465748E
:1037B0006563746564206174203078253038780A38
:1037C0000073746172745F707472002F4944462FE5
:1037D000636F6D706F6E656E74732F686561702FA7
:1037E0006D756C74695F686561702E6300686561F2
:1037F0007020213D204E554C4C006D756C74695FF6
:10380000686561705F7265616C6C6F635F696D7034
:103810006C006D756C74695F686561705F72656777
:1038200069737465725F696D706C007573656400AF
:1038300066726565000925702025732073697A65B5
:103840003A20257820282570290A00746C73665F59
:103850006164645F706F6F6C3A204D656D6F727953
:10386000206D75737420626520616C69676E656494
:103870002062792025752062797465732E0A0074A0
:103880006C73665F6164645F706F6F6C3A204D6546
:103890006D6F72792073697A65206D75737420621B
:1038A00065206265747765656E20257520616E649C
:1038B0002025752062797465732E0A006375727213
:1038C000656E74202626202266726565206C6973F9
:1038D000742063616E6E6F7420686176652061206C
:1038E0006E756C6C20656E74727922002F494446A7
:1038F0002F636F6D706F6E656E74732F6865617086
:103900002F686561705F746C73662E6300626C6F04
:10391000636B5F746F5F70747228626C6F636B2986
:10392000203D3D20616C69676E5F70747228626C27
:103930006F636B5F746F5F70747228626C6F636B20
:10394000292C20414C49474E5F53495A452920268E
:10395000262022626C6F636B206E6F7420616C692D
:10396000676E65642070726F7065726C7922006298
:103970006C6F636B5F69735F6672656528626C6FFD
:10398000636B292026262022626C6F636B2073688C
:103990006F756C6420626520667265652200216225
:1039A0006C6F636B5F69735F6672656528626C6FCD
:1039B000636B5F6E65787428626C6F636B29292076
:1039C000262620226E65787420626C6F636B2073EC
:1039D000686F756C64206E6F742062652066726516
:1039E000652200626C6F636B5F73697A6528626C35
:1039F0006F636B5F6E65787428626C6F636B2929E7
:103A0000203D3D203020262620226E6578742062DD
:103A10006C6F636B2073697A652073686F756C6473
:103A2000206265207A65726F2200707265762026AA
:103A3000262022707265765F66726565206669650C
:103A40006C642063616E206E6F74206265206E75F9
:103A50006C6C22006E65787420262620226E6578B4
:103A6000745F66726565206669656C642063616E6B
:103A7000206E6F74206265206E756C6C2200746C11
:103A800073665F6372656174653A204D656D6F7230
:103A900079206D75737420626520616C69676E654D
:103AA0006420746F2025752062797465732E0A0076
:103AB00073697A656F6628756E7369676E656420D1
:103AC000696E7429202A20434841525F424954209C
:103AD0003E3D20636F6E74726F6C2D3E736C5F6938
:103AE0006E6465785F636F756E74202626202243AE
:103AF0004841525F424954206C6573732074686179
:103B00006E20736C5F696E6465785F636F756E7449
:103B10002200414C49474E5F53495A45203D3D20C4
:103B2000636F6E74726F6C2D3E736D616C6C5F624F
:103B30006C6F636B5F73697A65202F20636F6E749F
:103B4000726F6C2D3E736C5F696E6465785F636F36
:103B5000756E742026262022414C49474E5F5349FA
:103B60005A4520646F6573206E6F74206D617463B5
:103B7000682200736C5F6D61702026262022696EBA
:103B80007465726E616C206572726F72202D207385
:103B900065636F6E64206C6576656C206269746D18
:103BA0006170206973206E756C6C2200626C6F63AB
:103BB0006B5F73697A6528626C6F636B29203E3D89
:103BC0002073697A6500626C6F636B5F69735F660F
:103BD00072656528626C6F636B292026262022623D
:103BE0006C6F636B206D75737420626520667265FF
:103BF000652200626C6F636B5F746F5F7074722814
:103C000072656D61696E696E6729203D3D20616C4A
:103C100069676E5F70747228626C6F636B5F746F3C
:103C20005F7074722872656D61696E696E67292CA8
:103C300020414C49474E5F53495A452920262620AA
:103C40002272656D61696E696E6720626C6F636B6D
:103C5000206E6F7420616C69676E65642070726F8E
:103C60007065726C792200626C6F636B5F73697A46
:103C70006528626C6F636B29203D3D2072656D6124
:103C8000696E5F73697A65202B2073697A65202BD2
:103C900020626C6F636B5F6865616465725F6F76ED
:103CA00065726865616400626C6F636B5F73697AEB
:103CB000652872656D61696E696E6729203E3D20D9
:103CC000626C6F636B5F73697A655F6D696E2026E6
:103CD000262022626C6F636B2073706C697420778E
:103CE00069746820696E76616C69642073697A65AD
:103CF000220021626C6F636B5F69735F667265653A
:103D000028626C6F636B292026262022626C6F6309
:103D10006B20616C7265616479206D61726B6564A2
:103D200020617320667265652200707265762026B8
:103D30002620227072657620706879736963616CE1
:103D400020626C6F636B2063616E27742062652054
:103D50006E756C6C2200626C6F636B5F69735F667B
:103D60007265652870726576292026262022707279
:103D7000657620626C6F636B206973206E6F7420B0
:103D8000667265652074686F756768206D61726B17
:103D900065642061732073756368220021626C6F13
:103DA000636B5F69735F6C617374287072657629E9
:103DB000202626202270726576696F757320626CEA
:103DC0006F636B2063616E2774206265206C617382
:103DD0007422006E65787420262620226E65787421
:103DE00020706879736963616C20626C6F636B200B
:103DF00063616E2774206265206E756C6C220021F1
:103E0000626C6F636B5F69735F6C61737428626C63
:103E10006F636B29202626202270726576696F7584
:103E20007320626C6F636B2063616E277420626520
:103E3000206C617374220021626C6F636B5F697325
:103E40005F6672656528626C6F636B292026262089
:103E500022626C6F636B206D7573742062652075D0
:103E60007365642200626C6F636B5F7472696D5F6F
:103E70007573656400746C73665F7265616C6C6FFA
:103E80006300626C6F636B5F6D657267655F6E6523
:103E9000787400626C6F636B5F6162736F72620053
:103EA000626C6F636B5F6D657267655F707265767C
:103EB00000746C73665F6672656500626C6F636B3D
:103EC0005F73706C697400626C6F636B5F747269AE
:103ED0006D5F66726565007365617263685F7375B7
:103EE000697461626C655F626C6F636B00626C6FBA
:103EF000636B5F6C6F636174655F667265650063B9
:103F00006F6E74726F6C5F636F6E737472756374CF
:103F10000072656D6F76655F667265655F626C6F76
:103F2000636B00696E736572745F667265655F626C
:103F30006C6F636B00434F525255505420484541BB
:103F4000503A2042616420686561642061742025D4
:103F5000702E204578706563746564203078253054
:103F6000387820676F74203078253038780A00431D
:103F70004F525255505420484541503A20426164B6
:103F8000207461696C2061742025702E2045787042
:103F900065637465642030782530387820676F74E5
:103FA000203078253038780A006865616420213D2A
:103FB000204E554C4C002F4944462F636F6D706F57
:103FC0006E656E74732F686561702F6D756C7469A2
:103FD0005F686561705F706F69736F6E696E672E81
:103FE00063006D756C74695F686561705F676574A7
:103FF0005F616C6C6F63617465645F73697A65009F
:104000006D756C74695F686561705F7265616C6C19
:104010006F63006D756C74695F686561705F66726F
:1040200065650072657365727665645B695D2E73A4
:1040300074617274203C3D207265736572766564AC
:104040005B695D2E656E64002F4944462F636F6D7A
:10405000706F6E656E74732F686561702F706F720C
:10406000742F6D656D6F72795F6C61796F75745FB8
:104070007574696C732E630072657365727665641E
:104080005B69202B20315D2E7374617274203E2099
:1040900072657365727665645B695D2E73746172B7
:1040A00074006D656D6F72795F6C61796F75740006
:1040B0004520282575292025733A20534F435F5208
:1040C0004553455256455F4D454D4F52595F5245F8
:1040D00047494F4E20726567696F6E2072616E6747
:1040E0006520307825303878202D203078253038FC
:1040F00078206F7665726C617073207769746820C0
:10410000307825303878202D203078253038780ADE
:1041100000735F707265706172655F72657365725E
:104120007665645F726567696F6E73002C000000CE
:104130000000803F000040000F0000000000000071
:1041400000E0FA3F00200000000000000000000036
:104150000000FB3F008000000000000000000000A5
:104160000080FB3F00800000000000000000000015
:104170000000FC3F002000000000000000000000E4
:104180000020FC3F002000000000000000000000B4
:104190000040FC3F00200000000000000000000084
:1041A0000060FC3F00200000000000000000000054
:1041B0000080FC3F00200000000000000000000024
:1041C00000A0FC3F002000000000000000000000F4
:1041D00000C0FC3F002000000000000000000000C4
:1041E00000E0FC3F00200000000000000000000094
:1041F0000000FD3F00200000000000000000000063
:104200000020FD3F00200000000000000000000032
:104210000040FD3F00200000000000000000000002
:104220000060FD3F002000000000000000000000D2
:104230000080FD3F002000000000000000000000A2
:1042400000A0FD3F00200000000000000000000072
:1042500000C0FD3F00200000000000000000000042
:1042600000E0FD3F00200000000000000000000012
:104270000000FE3F004000000100000000C00B40B5
:104280000040FE3F004000000100000000800B40A5
:104290000080FE3F008000000100000000000B4095
:1042A0000000FF3F008000000100000000800A4085
:1042B0000080FF3F004000000100000000400A4075
:1042C00000C0FF3F004000000100000000000A4065
:1042D0000000074000800000020000000000000015
:1042E0000080074000800000020000000000000085
:1042F0000000084000200000020000000000000054
:104300000020084000200000020000000000000023
:1043100000400840002000000200000000000000F3
:1043200000600840002000000200000000000000C3
:104330000080084000200000020000000000000093
:1043400000A0084000200000020000000000000063
:1043500000C0084000200000020000000000000033
:1043600000E0084000200000020000000000000003
:1043700000000940002000000200000000000000D2
:1043800000200940002000000200000000000000A2
:104390000040094000200000020000000000000072
:1043A0000060094000200000020000000000000042
:1043B0000080094000200000020000000000000012
:1043C00000A00940002000000200000000000000E2
:1043D00000C00940002000000200000000000000B2
:1043E00000E0094000200000020000000000000082
:1043F000442F4952414D00504944324952414D00E9
:10440000504944334952414D005049443449524186
:104410004D00504944354952414D005049443649B8
:1044200052414D00504944374952414D0050494492
:10443000324452414D00504944334452414D0050A2
:104440004944344452414D00504944354452414D51
:1044500000504944364452414D005049443744527B
:10446000414D0053504952414D0052544352414D29
:10447000000000003144403F041000000A08000022
:104480000000000000000000F043403F000000007A
:104490000C1800000300000001010000F243403F3F
:1044A0000308000000000000000000000000000001
:1044B000F743403F10080000000000000300000028
:1044C000000000000044403F200800000000000001
:1044D00003000000000000000944403F40080000C5
:1044E0000000000003000000000000001244403FF4
:1044F0008008000000000000030000000000000031
:104500001B44403F000900000000000003000000C1
:10451000000000002444403F000A000000000000AA
:1045200003000000000000002D44403F1008000080
:104530000400000002100000000000003644403F6C
:10454000200800000400000002100000000000002D
:104550003F44403F400800000400000002100000FB
:10456000000000004844403F8008000004000000B4
:1045700002100000000000005144403F000900000C
:104580000400000002100000000000005A44403FF8
:10459000000A0000040000000210000000000000FB
:1045A0006344403F001400000000000006000000CB
:1045B000000000006A44403F00800000041000003A
:1045C0000208000000000000240000002500000098
:1045D000260000002700000020000000210000004D
:1045E0002200000023000000FFFFFFFFFFFFFFFF8E
:1045F0000400000000000000020000000F000000A6
:104600000D0000000C0000000E0000001B00000068
:10461000190000001A0000004490F43F8890F43F15
:104620004090F43F8490F43F4890F43F6C90F43F06
:104630006090F43F6490F43F6890F43F5490F43FEE
:104640005890F43F5C90F43F3490F43F3890F43F3E
:104650003090F43F3C90F43F4C90F43F5090F43F46
:104660007090F43F7490F43F7890F43F7C90F43F66
:104670008090F43F8C90F43F000000002490F43FC1
:104680002890F43F2C90F43F000000000000000050
:1046900000000000000000001C90F43F2090F43F58
:1046A0001490F43F1890F43F0490F43F0890F43FC6
:1046B0000C90F43F1090F43F7C84F43F000000081D
:1046C00016000000000008000000000000000000CC
:1046D000000020000000100000000000000000802A
:1046E0001000000000000000000000002400000096
:1046F0007C84F43F00000004110000000040000032
:104700000000000000000000000001000080000028
:104710000000000000000040200000000000000039
:1047200000000000250000007C84F43F000000022F
:104730000C0000000002000000000000000000006B
:10474000000800000004000000000000000000203D
:1047500040000000000000000000000026000000F3
:104760007C84F43F000000010700000010000000FE
:1047700000000000000000004000000020000000D9
:104780000000000000000010800000000000000099
:1047900000000000270000008084F43F000000209B
:1047A0001A0000000000800000000000000000006F
:1047B0000000000200000001000000000000008076
:1047C00001000000000000000000000022000000C6
:1047D0008084F43F00000010150000000000040079
:1047E00000000000000000000000100000000800B1
:1047F0000000000000000040020000000000000077
:1048000000000000230000008484F43F0000020048
:104810000F00000000080000000000080000001069
:104820000040000000200000000000000000002008
:1048300004000000030000001E000000190000003A
:104840008884F43F000002000F0000000008000010
:1048500000000008000000100040000000200000E0
:10486000000000000000002008000000030000001D
:104870001E0000001A0000008C84F43F00000400B9
:104880000F000000000800000000000800000010F9
:104890000040000000200000000000000000002098
:1048A00000000200030000001E00000021000000C4
:1048B0008C84F43F0000020009000000200000008A
:1048C00000004000000080000001000080000000A7
:1048D00000000000000000010000010003000000D3
:1048E00019000000200000009484F43F000008003C
:1048F000110000000020000000000008000000106F
:1049000000000100008000000000000000000080A6
:1049100000010000030000001D0000000400000072
:104920009884F43F000008001100000000200000FF
:1049300000000008000000100000010000800000DE
:1049400000000000000000800002000003000000E2
:104950001D000000000000009C84F43F00000800DF
:1049600011000000002000000000000800000010FE
:104970000000010000800000000000000000008036
:1049800000040000030000001D0000000200000001
:10499000A084F43F00000800110000000020000087
:1049A000000000080000001000000100008000006E
:1049B000000000000000008000080000030000006C
:1049C0001D0000000F000000A484F43F0000080058
:1049D000110000000020000000000008000000108E
:1049E00000000100008000000000000000000080C6
:1049F00000100000030000001D0000000D0000007A
:104A0000A884F43F0000080011000000002000000E
:104A100000000008000000100000010000800000FD
:104A200000000000000000800020000003000000E3
:104A30001D0000000C000000AC84F43F00000800E2
:104A4000110000000020000000000008000000101D
:104A50000000010000800000000000000000008055
:104A600000400000030000001D0000000E000000D8
:104A7000B084F43F00000800110000000020000096
:104A8000000000080000001000000100008000008D
:104A90000000000000000080008000000300000013
:104AA0001D0000001B0000000B000000FFFFFFFFC7
:104AB0000C000000FFFFFFFF0A000000FFFFFFFFE8
:104AC000FFFFFFFFFFFFFFFFFFFFFFFFFFFFFFFFF6
:104AD000FFFFFFFFFFFFFFFF0F0000000E000000C1
:104AE000100000000D000000FFFFFFFFFFFFFFFFB1
:104AF000FFFFFFFFFFFFFFFFFFFFFFFFFFFFFFFFC6
:104B0000FFFFFFFFFFFFFFFFFFFFFFFF06000000AB
:104B10000700000011000000FFFFFFFFFFFFFFFF85
:104B2000FFFFFFFFFFFFFFFF09000000080000007C
:104B3000040000000500000000000000010000006B
:104B4000020000000300000004000000000000005C
:104B5000020000000F0000000D0000000C0000002B
:104B60000E0000001B0000002100000020000000DB
:104B7000726573756C74203D3D20636F72655F696B
:104B800064207C7C20726573756C74203D3D2053DD
:104B900050494E4C4F434B5F46524545002F4944C8
:104BA000462F636F6D706F6E656E74732F657370D3
:104BB0005F68775F737570706F72742F696E636C66
:104BC0007564652F736F632F7370696E6C6F636BA1
:104BD0002E680028726573756C74203D3D2053501B
:104BE000494E4C4F434B5F4652454529203D3D20A1
:104BF000286C6F636B2D3E636F756E74203D3D2096
:104C00003029006C6F636B2D3E636F756E74203CB2
:104C1000203078464600636F72655F6964203D3DD1
:104C2000206C6F636B2D3E6F776E6572006C6F63E7
:104C30006B2D3E636F756E74203C203078313030C0
:104C4000007370696E6C6F636B5F72656C65617326
:104C500065007370696E6C6F636B5F61637175691A
:104C60007265000000000000040000000500000064
:104C7000060000000700000021282876642D3E660B
:104C80006C61677326564543444553435F464C5F0A
:104C90005348415245442926262876642D3E666CA9
:104CA00061677326564543444553435F464C5F4E08
:104CB0004F4E5348415245442929002F4944462F1D
:104CC000636F6D706F6E656E74732F6573705F6860
:104CD000775F737570706F72742F696E74725F6135
:104CE0006C6C6F632E630073766420213D204E55FB
:104CF0004C4C006573705F696E74725F64697361B8
:104D0000626C650069735F766563745F6465736385
:104D10005F757361626C650066696E645F6465737C
:104D2000635F666F725F736F7572636500222843FD
:104D3000616E6E6F7420757365205245475F434CFA
:104D4000525F42495420666F722044504F525420A3
:104D5000726567697374657273207573652044505A
:104D60004F52545F5245475F434C525F424954296A
:104D700022202626202821282828287274635F698B
:104D80006F5F646573635B727463696F5F6E756D8B
:104D90005D2E7265672929203E3D20307833666696
:104DA0003030303030292026262028287274635F66
:104DB000696F5F646573635B727463696F5F6E755F
:104DC0006D5D2E7265672929203C3D203078336661
:104DD000663133464643292900727463696F5F6CFC
:104DE0006C5F666F7263655F686F6C645F64697344
:104DF00061626C6500736C6F77636C6B5F63796382
:104E00006C6573203C203332373637002F494446D7
:104E10002F636F6D706F6E656E74732F6573705F47
:104E200068775F737570706F72742F706F72742F04
:104E300065737033322F7274635F74696D652E63AE
:104E4000007274635F74696D6500452028257529BB
:104E50002025733A20736C6F77636C6B5F637963A3
:104E60006C65732076616C756520746F6F206C6162
:104E70007267652C20706F737369626C65206F7642
:104E80006572666C6F770A0033324B487A2078740B
:104E9000616C20686173206265656E2073746F7049
:104EA0007065640A004520282575292025733A205D
:104EB00033326B487A207874616C206861732062A9
:104EC00065656E2073746F707065640A0072746338
:104ED0005F636C6B5F63616C5F696E7465726E615A
:104EE0006C007361725F7065726970685F63747281
:104EF0006C004520282575292025733A202573202C
:104F000063616C6C65642C2062757420735F7361DF
:104F1000725F706F7765725F6F6E5F636E74203D56
:104F20003D20300A00735F7361725F706F77657246
:104F30005F72656C6561736500556E68616E646C67
:104F4000656420696E7465727275707420256420C2
:104F50006F6E20637075202564210A004552524F00
:104F600052004553505F4641494C004553505F4500
:104F700052525F4E4F5F4D454D004553505F455275
:104F8000525F494E56414C49445F41524700455398
:104F9000505F4552525F494E56414C49445F53540D
:104FA000415445004553505F4552525F494E56416A
:104FB0004C49445F53495A45004553505F4552524E
:104FC0005F4E4F545F464F554E44004553505F452A
:104FD00052525F4E4F545F535550504F52544544B8
:104FE000004553505F4552525F54494D454F55540B
:104FF000004553505F4552525F494E56414C49441B
:105000005F524553504F4E5345004553505F4552F4
:10501000525F494E56414C49445F43524300455309
:10502000505F4552525F494E56414C49445F564588
:105030005253494F4E004553505F4552525F494EBF
:1050400056414C49445F4D4143004553505F4552E2
:10505000525F4E4F545F46494E49534845440045C0
:1050600053505F4552525F4E56535F424153450085
:105070004553505F4552525F4E56535F4E4F545FFB
:10508000494E495449414C495A4544004553505FA3
:105090004552525F4E56535F4E4F545F464F554EEA
:1050A00044004553505F4552525F4E56535F54592A
:1050B00050455F4D49534D41544348004553505F5F
:1050C0004552525F4E56535F524541445F4F4E4CDE
:1050D00059004553505F4552525F4E56535F4E4FF5
:1050E000545F454E4F5547485F5350414345004537
:1050F00053505F4552525F4E56535F494E56414C96
:1051000049445F4E414D45004553505F4552525F03
:105110004E56535F494E56414C49445F48414E44B8
:105120004C45004553505F4552525F4E56535F52B7
:10513000454D4F56455F4641494C45440045535007
:105140005F4552525F4E56535F4B45595F544F4F28
:105150005F4C4F4E47004553505F4552525F4E568D
:10516000535F504147455F46554C4C004553505F97
:105170004552525F4E56535F494E56414C49445F2B
:105180005354415445004553505F4552525F4E566B
:10519000535F494E56414C49445F4C454E47544835
:1051A000004553505F4552525F4E56535F4E4F5F1E
:1051B000465245455F5041474553004553505F4572
:1051C00052525F4E56535F56414C55455F544F4FB8
:1051D0005F4C4F4E47004553505F4552525F4E560D
:1051E000535F504152545F4E4F545F464F554E44AB
:1051F000004553505F4552525F4E56535F4E4557E0
:105200005F56455253494F4E5F464F554E440045F9
:1052100053505F4552525F4E56535F5854535F454B
:105220004E43525F4641494C4544004553505F450B
:1052300052525F4E56535F5854535F444543525F3A
:105240004641494C4544004553505F4552525F4EDC
:1052500056535F5854535F4346475F4641494C4558
:1052600044004553505F4552525F4E56535F585469
:10527000535F4346475F4E4F545F464F554E440081
:105280004553505F4552525F4E56535F454E435211
:105290005F4E4F545F535550504F52544544004554
:1052A00053505F4552525F4E56535F4B4559535FC3
:1052B0004E4F545F494E495449414C495A45440068
:1052C0004553505F4552525F4E56535F434F5252C3
:1052D0005550545F4B45595F50415254004553500F
:1052E0005F4552525F4E56535F434F4E54454E54A6
:1052F0005F44494646455253004553505F4552521C
:105300005F4E56535F57524F4E475F454E4352597B
:105310005054494F4E004553505F4552525F554CD3
:10532000505F42415345004553505F4552525F55CF
:105330004C505F53495A455F544F4F5F42494700B5
:105340004553505F4552525F554C505F494E564150
:105350004C49445F4C4F41445F41444452004553E3
:10536000505F4552525F554C505F4455504C494335
:105370004154455F4C4142454C004553505F4552B6
:10538000525F554C505F554E444546494E45445F2B
:105390004C4142454C004553505F4552525F554C7D
:1053A000505F4252414E43485F4F55545F4F465FF6
:1053B00052414E4745004553505F4552525F4F544E
:1053C000415F42415345004553505F4552525F4F44
:1053D00054415F504152544954494F4E5F434F4EE0
:1053E000464C494354004553505F4552525F4F5419
:1053F000415F53454C4543545F494E464F5F494ECC
:1054000056414C4944004553505F4552525F4F54FA
:10541000415F56414C49444154455F4641494C45E2
:1054200044004553505F4552525F4F54415F534DC6
:10543000414C4C5F5345435F564552004553505FC6
:105440004552525F4F54415F524F4C4C4241434B87
:105450005F4641494C4544004553505F4552525FB9
:105460004F54415F524F4C4C4241434B5F494E5663
:10547000414C49445F5354415445004553505F45A6
:1054800052525F4546555345004553505F4F4B5F61
:1054900045465553455F434E54004553505F455272
:1054A000525F45465553455F434E545F49535F46EF
:1054B000554C4C004553505F4552525F454655533D
:1054C000455F52455045415445445F50524F470057
:1054D0004553505F4552525F434F44494E47004544
:1054E00053505F4552525F4E4F545F454E4F5547A4
:1054F000485F554E555345445F4B45595F424C4FAD
:10550000434B53004553505F4552525F44414D4118
:105510004745445F52454144494E47004553505F1B
:105520004552525F494D4147455F42415345004511
:1055300053505F4552525F494D4147455F464C418C
:1055400053485F4641494C004553505F4552525FB6
:10555000494D4147455F494E56414C4944004553EA
:10556000505F4552525F574946495F42415345009B
:105570004553505F4552525F574946495F4E4F541D
:105580005F494E4954004553505F4552525F574959
:1055900046495F4E4F545F53544152544544004571
:1055A00053505F4552525F574946495F4E4F545FD3
:1055B00053544F50504544004553505F4552525F3D
:1055C000574946495F4946004553505F4552525F2F
:1055D000574946495F4D4F4445004553505F45523A
:1055E000525F574946495F53544154450045535013
:1055F0005F4552525F574946495F434F4E4E004503
:1056000053505F4552525F574946495F4E565300CB
:105610004553505F4552525F574946495F4D41439C
:10562000004553505F4552525F574946495F5353B7
:105630004944004553505F4552525F574946495FC0
:1056400050415353574F5244004553505F455252B7
:105650005F574946495F54494D454F55540045539E
:10566000505F4552525F574946495F57414B455F2E
:105670004641494C004553505F4552525F57494699
:10568000495F574F554C445F424C4F434B00455385
:10569000505F4552525F574946495F4E4F545F43F2
:1056A0004F4E4E454354004553505F4552525F574D
:1056B0004946495F504F5354004553505F4552523D
:1056C0005F574946495F494E49545F5354415445D9
:1056D000004553505F4552525F574946495F535406
:1056E0004F505F5354415445004553505F4552520B
:1056F0005F574946495F4E4F545F4153534F4300F4
:105700004553505F4552525F574946495F54585F71
:10571000444953414C4C4F57004553505F455252FA
:105720005F574946495F44495343415244004553FA
:10573000505F4552525F574946495F524F435F4958
:105740004E5F50524F4752455353004553505F45AB
:1057500052525F574946495F524547495354524157
:1057600052004553505F4552525F574946495F5773
:1057700050535F54595045004553505F4552525F56
:10578000574946495F5750535F534D004553505F4B
:105790004552525F4553504E4F575F42415345006B
:1057A0004553505F4552525F4553504E4F575F4EE1
:1057B0004F545F494E4954004553505F4552525F24
:1057C0004553504E4F575F415247004553505F4538
:1057D00052525F4553504E4F575F4E4F5F4D454DB0
:1057E000004553505F4552525F4553504E4F575FEF
:1057F00046554C4C004553505F4552525F455350FF
:105800004E4F575F4E4F545F464F554E44004553E1
:10581000505F4552525F4553504E4F575F494E546B
:1058200045524E414C004553505F4552525F4553DF
:10583000504E4F575F4558495354004553505F45AC
:1058400052525F4553504E4F575F494600455350A3
:105850005F4552525F4450505F4641494C55524556
:10586000004553505F4552525F4450505F54585F5B
:105870004641494C555245004553505F4552525F91
:105880004450505F494E56414C49445F4154545234
:10589000004553505F4552525F4D4553485F42416A
:1058A0005345004553505F4552525F4D4553485F45
:1058B000574946495F4E4F545F5354415254004537
:1058C00053505F4552525F4D4553485F4E4F545FB2
:1058D000494E4954004553505F4552525F4D455320
:1058E000485F4E4F545F434F4E4649470045535023
:1058F0005F4552525F4D4553485F4E4F545F53547E
:10590000415254004553505F4552525F4D455348F4
:105910005F4E4F545F535550504F525400455350B3
:105920005F4552525F4D4553485F4E4F545F414C67
:105930004C4F574544004553505F4552525F4D45CB
:1059400053485F4E4F5F4D454D4F525900455350A0
:105950005F4552525F4D4553485F415247554D4553
:105960004E54004553505F4552525F4D4553485F7A
:105970004558434545445F4D5455004553505F4598
:1059800052525F4D4553485F54494D454F55540061
:105990004553505F4552525F4D4553485F4449530C
:1059A000434F4E4E4543544544004553505F455286
:1059B000525F4D4553485F51554555455F464149F6
:1059C0004C004553505F4552525F4D4553485F511F
:1059D000554555455F46554C4C004553505F455223
:1059E000525F4D4553485F4E4F5F504152454E54B4
:1059F0005F464F554E44004553505F4552525F4DF0
:105A00004553485F4E4F5F524F5554455F464F5583
:105A10004E44004553505F4552525F4D4553485FD9
:105A20004F5054494F4E5F4E554C4C004553505FBC
:105A30004552525F4D4553485F4F5054494F4E5F5A
:105A4000554E4B4E4F574E004553505F4552525F97
:105A50004D4553485F584F4E5F4E4F5F57494E4438
:105A60004F57004553505F4552525F4D4553485F75
:105A7000494E54455246414345004553505F4552B7
:105A8000525F4D4553485F444953434152445F443C
:105A900055504C4943415445004553505F4552527F
:105AA0005F4D4553485F4449534341524400455379
:105AB000505F4552525F4D4553485F564F54494ED3
:105AC00047004553505F4552525F4D4553485F581C
:105AD0004D4954004553505F4552525F4D45534820
:105AE0005F51554555455F52454144004553505F10
:105AF0004552525F4D4553485F5053004553505FE8
:105B00004552525F4D4553485F524543565F52459B
:105B10004C45415345004553505F4552525F4553F4
:105B2000505F4E455449465F4241534500455350EE
:105B30005F4552525F4553505F4E455449465F4959
:105B40004E56414C49445F504152414D53004553DC
:105B5000505F4552525F4553505F4E455449465F32
:105B600049465F4E4F545F5245414459004553509A
:105B70005F4552525F4553505F4E455449465F441E
:105B8000484350435F53544152545F4641494C454A
:105B900044004553505F4552525F4553505F4E4558
:105BA0005449465F444843505F414C524541445933
:105BB0005F53544152544544004553505F4552523F
:105BC0005F4553505F4E455449465F444843505FDC
:105BD000414C52454144595F53544F505045440045
:105BE0004553505F4552525F4553505F4E455449AF
:105BF000465F4E4F5F4D454D004553505F455252F5
:105C00005F4553505F4E455449465F444843505F9B
:105C10004E4F545F53544F50504544004553505FCE
:105C20004552525F4553505F4E455449465F44527A
:105C3000495645525F4154544143485F4641494C9F
:105C40004544004553505F4552525F4553505F4EA7
:105C5000455449465F494E49545F4641494C454485
:105C6000004553505F4552525F4553505F4E455477
:105C700049465F444E535F4E4F545F434F4E464933
:105C80004755524544004553505F4552525F455376
:105C9000505F4E455449465F4D4C44365F4641493E
:105CA0004C4544004553505F4552525F4553505F49
:105CB0004E455449465F4950365F414444525F4621
:105CC00041494C4544004553505F4552525F45534E
:105CD000505F4E455449465F44484350535F5354C8
:105CE0004152545F4641494C4544004553505F453D
:105CF00052525F464C4153485F4241534500455321
:105D0000505F4552525F464C4153485F4F505F468B
:105D100041494C004553505F4552525F464C4153F8
:105D2000485F4F505F54494D454F555400455350BF
:105D30005F4552525F464C4153485F4E4F545F4956
:105D40004E495449414C49534544004553505F45E1
:105D500052525F464C4153485F554E535550504F39
:105D6000525445445F484F5354004553505F455289
:105D7000525F464C4153485F554E535550504F5219
:105D80005445445F43484950004553505F45525283
:105D90005F464C4153485F50524F5445435445442D
:105DA000004553505F4552525F485454505F424142
:105DB0005345004553505F4552525F485454505F1D
:105DC0004D41585F52454449524543540045535054
:105DD0005F4552525F485454505F434F4E4E4543C7
:105DE00054004553505F4552525F485454505F57DA
:105DF000524954455F44415441004553505F455218
:105E0000525F485454505F46455443485F484541AB
:105E1000444552004553505F4552525F48545450D8
:105E20005F494E56414C49445F5452414E53504F86
:105E30005254004553505F4552525F485454505F8E
:105E4000434F4E4E454354494E47004553505F45DE
:105E500052525F485454505F45414741494E0045B6
:105E600053505F4552525F485454505F434F4E4E1B
:105E7000454354494F4E5F434C4F534544004553AF
:105E8000505F4552525F4553505F544C535F4241FF
:105E90005345004553505F4552525F4553505F5440
:105EA0004C535F43414E4E4F545F5245534F4C56F7
:105EB000455F484F53544E414D45004553505F4553
:105EC00052525F4553505F544C535F43414E4E4FC7
:105ED000545F4352454154455F534F434B45540033
:105EE0004553505F4552525F4553505F544C535F8A
:105EF000554E535550504F525445445F50524F5495
:105F00004F434F4C5F46414D494C59004553505FFC
:105F10004552525F4553505F544C535F4641494C84
:105F200045445F434F4E4E4543545F544F5F484F87
:105F30005354004553505F4552525F4553505F5490
:105F40004C535F534F434B45545F5345544F50544C
:105F50005F4641494C4544004553505F4552525FAE
:105F60004553505F544C535F434F4E4E4543544945
:105F70004F4E5F54494D454F5554004553505F4572
:105F800052525F4553505F544C535F53455F4641F7
:105F9000494C4544004553505F4552525F4553506C
:105FA0005F544C535F5443505F434C4F5345445FE1
:105FB00046494E004553505F4552525F4D4245445D
:105FC000544C535F434552545F504152544C595FB7
:105FD0004F4B004553505F4552525F4D424544542C
:105FE0004C535F4354525F445242475F53454544CC
:105FF0005F4641494C4544004553505F4552525F0E
:106000004D424544544C535F53534C5F5345545F8A
:10601000484F53544E414D455F4641494C4544001D
:106020004553505F4552525F4D424544544C535F77
:1060300053534C5F434F4E4649475F444546415595
:106040004C54535F4641494C4544004553505F45CD
:1060500052525F4D424544544C535F53534C5F433F
:106060004F4E465F414C504E5F50524F544F434F3E
:106070004C535F4641494C4544004553505F45529F
:10608000525F4D424544544C535F583530395F435D
:1060900052545F50415253455F4641494C4544007C
:1060A0004553505F4552525F4D424544544C535FF7
:1060B00053534C5F434F4E465F4F574E5F434552DD
:1060C000545F4641494C4544004553505F45525248
:1060D0005F4D424544544C535F53534C5F534554BA
:1060E00055505F4641494C4544004553505F455229
:1060F000525F4D424544544C535F53534C5F57528B
:106100004954455F4641494C4544004553505F451D
:1061100052525F4D424544544C535F504B5F504187
:106120005253455F4B45595F4641494C45440045F4
:1061300053505F4552525F4D424544544C535F5358
:10614000534C5F48414E445348414B455F4641499B
:106150004C4544004553505F4552525F4D424544C3
:10616000544C535F53534C5F434F4E465F50534B19
:106170005F4641494C4544004553505F4552525F8C
:106180004D424544544C535F53534C5F5449434B29
:1061900045545F53455455505F4641494C45440072
:1061A0004553505F4552525F574F4C4653534C5FD7
:1061B00053534C5F5345545F484F53544E414D45E4
:1061C0005F4641494C4544004553505F4552525F3C
:1061D000574F4C4653534C5F53534C5F434F4E46BF
:1061E0005F414C504E5F50524F544F434F4C535FA2
:1061F0004641494C4544004553505F4552525F5714
:106200004F4C4653534C5F434552545F5645524999
:1062100046595F53455455505F4641494C454400EB
:106220004553505F4552525F574F4C4653534C5F56
:106230004B45595F5645524946595F534554555051
:106240005F4641494C4544004553505F4552525FBB
:10625000574F4C4653534C5F53534C5F48414E4449
:106260005348414B455F4641494C454400455350D6
:106270005F4552525F574F4C4653534C5F435458FF
:106280005F53455455505F4641494C454400455382
:10629000505F4552525F574F4C4653534C5F5353D8
:1062A0004C5F53455455505F4641494C4544004569
:1062B00053505F4552525F574F4C4653534C5F53B8
:1062C000534C5F57524954455F4641494C45440041
:1062D0004553505F4552525F48545450535F4F549A
:1062E000415F42415345004553505F4552525F481C
:1062F000545450535F4F54415F494E5F50524F4783
:1063000052455353004553505F4552525F50494EDA
:10631000475F42415345004553505F4552525F50DD
:10632000494E475F494E56414C49445F50415241A6
:106330004D53004553505F4552525F50494E475FA1
:106340004E4F5F4D454D004553505F4552525F489B
:10635000545450445F42415345004553505F4552A9
:10636000525F48545450445F48414E444C45525348
:106370005F46554C4C004553505F4552525F485460
:106380005450445F48414E444C45525F4558495330
:106390005453004553505F4552525F485454504443
:1063A0005F494E56414C49445F5245510045535058
:1063B0005F4552525F48545450445F524553554CC8
:1063C000545F5452554E43004553505F4552525FFF
:1063D00048545450445F524553505F48445200451E
:1063E00053505F4552525F48545450445F52455396
:1063F000505F53454E44004553505F4552525F48ED
:10640000545450445F414C4C4F435F4D454D004503
:1064100053505F4552525F48545450445F54415367
:106420004B004553505F4552525F48575F435259A6
:1064300050544F5F42415345004553505F455252BF
:106440005F48575F43525950544F5F44535F484D24
:1064500041435F4641494C004553505F4552525FAE
:1064600048575F43525950544F5F44535F494E560B
:10647000414C49445F4B4559004553505F4552528A
:106480005F48575F43525950544F5F44535F494EE2
:1064900056414C49445F4449474553540045535085
:1064A0005F4552525F48575F43525950544F5F44C3
:1064B000535F494E56414C49445F50414444494E14
:1064C00047004553505F4552525F4D454D50524F26
:1064D000545F42415345004553505F4552525F4D12
:1064E000454D50524F545F4D454D4F52595F545991
:1064F00050455F494E56414C4944004553505F4515
:1065000052525F4D454D50524F545F53504C495479
:106510005F414444525F494E56414C494400455303
:10652000505F4552525F4D454D50524F545F53504E
:106530004C49545F414444525F4F55545F4F465F4E
:1065400052414E4745004553505F4552525F4D45BD
:106550004D50524F545F53504C49545F4144445244
:106560005F554E414C49474E4544004553505F45A9
:1065700052525F4D454D50524F545F554E494D4715
:106580004D545F424C4F434B5F494E56414C49443A
:10659000004553505F4552525F4D454D50524F5448
:1065A0005F574F524C445F494E56414C4944004559
:1065B00053505F4552525F4D454D50524F545F41CD
:1065C0005245415F494E56414C494400FFFFFFFF91
:1065D000624F403F00000000942B403F010100004B
:1065E0006B4F403F020100007A4F403F0301000023
:1065F0008E4F403F04010000A44F403F05010000C2
:10660000B94F403F06010000CB4F403F070100005B
:10661000E14F403F08010000F14F403F09010000F9
:106620000A50403F0A0100001E50403F0B0100008D
:106630003650403F0C0100004A50403F001100001E
:106640005F50403F011100007050403F02110000B8
:106650008C50403F03110000A250403F0411000045
:10666000BC50403F05110000D250403F06110000D1
:10667000EF50403F071100000851403F0811000053
:106680002351403F091100003D51403F0A110000D5
:106690005651403F0B1100006C51403F0C1100005F
:1066A0008651403F0D110000A151403F0E110000E6
:1066B000BB51403F0F110000D651403F1011000068
:1066C000F151403F111100000F52403F12110000E4
:1066D0002B52403F131100004752403F141100005D
:1066E0006252403F151100008052403F16110000D9
:1066F0009F52403F17110000C052403F1811000048
:10670000DD52403F19110000F952403F00120000D5
:106710001653403F011200002753403F0212000071
:106720004053403F031200005E53403F04120000FC
:106730007A53403F051200009653403F0015000079
:10674000B653403F01150000C753403F02150000FB
:10675000E653403F031500000654403F0415000077
:106760002254403F051500003C54403F06150000F0
:106770005854403F001600007B54403F0116000073
:106780008954403F021600009A54403F031600000F
:10679000B454403F04160000D054403F051600009A
:1067A000DF54403F061600000455403F0020000023
:1067B0001C55403F012000002F55403F02200000A3
:1067C0004855403F003000005E55403F013000001A
:1067D0007055403F023000008655403F03300000B6
:1067E0009F55403F04300000B855403F0530000041
:1067F000C855403F06300000DA55403F07300000E2
:10680000ED55403F08300000FF55403F0930000083
:106810001056403F0A3000002156403F0B30000028
:106820003356403F0C3000004956403F0D300000C9
:106830005E56403F0E3000007556403F0F3000005E
:106840008E56403F12300000A756403F13300000E4
:10685000B956403F14300000D156403F153000007B
:10686000E956403F163000000057403F1730000007
:106870001957403F1C3000002E57403F3330000076
:106880004B57403F343000006257403F35300000E6
:106890007857403F643000008C57403F653000001F
:1068A000A057403F66300000B857403F67300000B7
:1068B000CB57403F68300000E157403F693000004F
:1068C000F557403F6A3000000E58403F6B300000E3
:1068D0002658403F6C3000003B58403F9730000046
:1068E0004D58403F983000006158403F99300000BB
:1068F0007858403F004000009158403F0140000060
:10690000A358403F02400000BF58403F03400000F2
:10691000D558403F04400000ED58403F054000007E
:106920000459403F064000001D59403F0740000009
:106930003659403F084000004D59403F0940000093
:106940006359403F0A4000007B59403F0B40000024
:106950009059403F0C400000AA59403F0D400000B4
:10696000C259403F0E400000DA59403F0F4000003E
:10697000F759403F10400000135A403F11400000BB
:106980002C5A403F12400000485A403F134000003C
:10699000635A403F144000007A5A403F15400000BF
:1069A000995A403F16400000AE5A403F1740000041
:1069B000C25A403F18400000D45A403F19400000DE
:1069C000EC5A403F1A400000FC5A403F0050000083
:1069D000165B403F015000002D5B403F025000001D
:1069E0004E5B403F035000006D5B403F0450000091
:1069F000925B403F05500000B95B403F06500000ED
:106A0000E05B403F07500000F95B403F085000004A
:106A10001C5C403F09500000435C403F0A500000AE
:106A2000615C403F0B500000865C403F0C50000012
:106A3000A45C403F0D500000C65C403F0060000079
:106A4000EB5C403F01600000FE5C403F02600000E4
:106A5000145D403F036000002D5D403F0460000076
:106A60004B5D403F056000006A5D403F06600000EE
:106A7000895D403F00700000A15D403F0170000053
:106A8000B35D403F02700000CD5D403F03700000E9
:106A9000E25D403F04700000FA5D403F0570000079
:106AA000145E403F06700000335E403F07700000F8
:106AB0004B5E403F087000005F5E403F008000007A
:106AC0007E5E403F01800000935E403F02800000F8
:106AD000BB5E403F03800000E05E403F048000005A
:106AE0000C5F403F05800000335F403F06800000A0
:106AF000585F403F078000007B5F403F08800000F8
:106B0000955F403F10800000B45F403F118000005F
:106B1000D35F403F12800000F85F403F13800000C9
:106B20002060403F148000004B60403F1580000013
:106B30007A60403F16800000A060403F1780000050
:106B4000C960403F18800000EA60403F19800000A3
:106B50000B61403F1A8000002F61403F1B80000006
:106B60005461403F1C8000007861403F318000004C
:106B7000A061403F32800000C861403F3380000088
:106B8000F761403F348000002062403F35800000C4
:106B90004862403F368000006D62403F3780000011
:106BA0008E62403F38800000AF62403F009000009E
:106BB000D062403F01900000E762403F00A000002B
:106BC0000563403F01A000001763403F02A00000A2
:106BD0003363403F00B000004763403F01B0000016
:106BE0005A63403F02B000007663403F03B00000AC
:106BF0009363403F04B00000AD63403F05B0000028
:106C0000C863403F06B00000DF63403F07B00000AC
:106C1000F763403F08B000000F64403F00C0000031
:106C20002264403F01C000003964403F02C00000C0
:106C30005864403F04C000007964403F05C0000034
:106C40009D64403F00D00000C264403F01D000007E
:106C5000D764403F02D00000FB64403F03D00000F7
:106C60001E65403F04D000004665403F05D000004F
:106C70006B65403F06D000009165403F07D00000A3
:106C8000AF65403F6573705F74696D657200455410
:106C90005354696D6572006573705F74696D6572D8
:106CA0005F63726561746528266372656174655FF0
:106CB000617267732C20286573705F74696D6572EB
:106CC0005F68616E646C655F742A29262870746938
:106CD0006D65722D3E74696D65725F6172672929F9
:106CE0000074696D65725F696E697469616C697A57
:106CF0006564287074696D657229002F4944462FB8
:106D0000636F6D706F6E656E74732F6573705F74F3
:106D1000696D65722F7372632F6574735F74696D2B
:106D200065725F6C65676163792E63006573705F80
:106D300074696D65725F73746172745F6F6E6365A1
:106D4000284553505F54494D4552287074696D650C
:106D500072292C2074696D655F75732900657370E5
:106D60005F74696D65725F73746172745F70657270
:106D7000696F646963284553505F54494D455228F3
:106D80007074696D6572292C2074696D655F757307
:106D900029006574735F74696D65725F61726D5F00
:106DA0007573006574735F74696D65725F73657484
:106DB000666E006170625F7469636B735F706572A9
:106DC0005F7573203E3D203320262620226469769D
:106DD000696465722076616C756520746F6F206CD4
:106DE0006F7722002F4944462F636F6D706F6E6579
:106DF0006E74732F6573705F74696D65722F737233
:106E0000632F6573705F74696D65725F696D706C17
:106E10005F6C61632E63006170625F7469636B73A2
:106E20005F7065725F75732025205449434B535F33
:106E30005045525F5553203D3D20302026262022CC
:106E4000415042206672657175656E6379202869CC
:106E50006E204D487A292073686F756C64206265D6
:106E600020646976697369626C652062792054498F
:106E7000434B5F5045525F555322006573705F74FA
:106E8000696D65725F696D706C00452028257529F4
:106E90002025733A206573705F696E74725F616C50
:106EA0006C6F63206661696C6564202830782530DA
:106EB00078290A006573705F696E74725F656E6130
:106EC000626C6528735F74696D65725F696E746565
:106ED00072727570745F68616E646C6529006573A9
:106EE000705F74696D65725F696D706C5F696E6902
:106EF00074006573705F74696D65725F696D706C45
:106F00005F7570646174655F6170625F6672657100
:106F100000282075696E7433325F74202920702038
:106F20003E3D206672616D652D3E6131002F494402
:106F3000462F636F6D706F6E656E74732F6672652A
:106F40006572746F732F706F72742F7874656E73BF
:106F5000612F706F72742E63000000006C6F636BA2
:106F6000000000002F4944462F636F6D706F6E65FF
:106F70006E74732F6573705F68775F737570706F71
:106F800072742F696E636C7564652F736F632F73F2
:106F900070696E6C6F636B2E6800000072657375AC
:106FA0006C74203D3D20636F72655F6964207C7C5A
:106FB00020726573756C74203D3D205350494E4CD2
:106FC0004F434B5F465245450000000028726573F1
:106FD000756C74203D3D205350494E4C4F434B5FE0
:106FE0004652454529203D3D20286C6F636B2D3E60
:106FF000636F756E74203D3D203029006C6F636BAC
:107000002D3E636F756E74203C203078464600003C
:10701000636F72655F6964203D3D206C6F636B2D0B
:107020003E6F776E657200006C6F636B2D3E636F11
:10703000756E74203C203078313030002A2A2A4581
:1070400052524F522A2A2A204120737461636B20C6
:107050006F766572666C6F7720696E207461736BF2
:10706000200020686173206265656E206465746528
:10707000637465642E007370696E6C6F636B5F720E
:10708000656C65617365007370696E6C6F636B5FCF
:1070900061637175697265007078506F7274496EC2
:1070A000697469616C697365537461636B00000096
:1070B00000000000480000004800000048000000F8
:1070C00048000000480000004800000048000000A0
:1070D000010000006573705F7461736B5F776474A7
:1070E0005F696E697428434F4E4649475F45535068
:1070F0005F5441534B5F5744545F54494D454F557E
:10710000545F532C207472756529006573705F7429
:1071100061736B5F7764745F6164642869646C6534
:107120005F3029006D61696E00726573203D3D20FE
:10713000706454525545002F4944462F636F6D705B
:107140006F6E656E74732F6672656572746F732FE0
:10715000706F72742F706F72745F636F6D6D6F6E8E
:107160002E630070785443424275666665725465BA
:107170006D7020213D204E554C4C00707853746149
:10718000636B42756666657254656D7020213D20A3
:107190004E554C4C00764170706C69636174696F38
:1071A0006E47657449646C655461736B4D656D6FB2
:1071B0007279006D61696E5F7461736B00657370E5
:1071C0005F737461727475705F73746172745F6100
:1071D00070705F636F6D6D6F6E007078517565755F
:1071E00065536574436F6E7461696E6572002F49F3
:1071F00044462F636F6D706F6E656E74732F667289
:10720000656572746F732F71756575652E63007097
:10721000785175657565536574436F6E7461696EF9
:1072200065722D3E75784D6573736167657357613F
:107230006974696E67203C20707851756575655377
:107240006574436F6E7461696E65722D3E75784C1E
:10725000656E67746800707851756575650075783E
:1072600051756575654C656E677468203E202820F1
:107270005542617365547970655F74202920300030
:107280007078537461746963517565756520213D2B
:10729000202828766F6964202A2930290021282097
:1072A0002820707563517565756553746F726167D9
:1072B0006520213D202828766F6964202A293029FD
:1072C000202920262620282075784974656D536969
:1072D0007A65203D3D2030202920290021282028C2
:1072E00020707563517565756553746F726167655C
:1072F000203D3D202828766F6964202A29302920E6
:107300002920262620282075784974656D53697ACE
:107310006520213D203020292029007853697A6595
:10732000203D3D2073697A656F662820517565752B
:10733000655F74202900282075784974656D53694C
:107340007A65203D3D20302029207C7C2028207536
:107350007851756575654C656E677468203D3D2094
:10736000282078517565756553697A65496E42794B
:10737000746573202F2075784974656D53697A653B
:107380002029202900282073697A656F66282051FA
:10739000756575655F742029202B2078517565759A
:1073A0006553697A65496E42797465732029203E78
:1073B0002078517565756553697A65496E427974AF
:1073C00065730075784D6178436F756E7420213D4B
:1073D0002030007578496E697469616C436F756E11
:1073E00074203C3D2075784D6178436F756E740054
:1073F000212820282070764974656D546F51756579
:107400007565203D3D202828766F6964202A293043
:107410002920292026262028207078517565756539
:107420002D3E75784974656D53697A6520213D203C
:1074300028205542617365547970655F7420292056
:1074400030552029202900212820282078436F70DA
:1074500079506F736974696F6E203D3D2028202834
:107460002042617365547970655F74202920322051
:1074700029202920262620282070785175657565D9
:107480002D3E75784C656E67746820213D20312053
:10749000292029002128202820785461736B476512
:1074A000745363686564756C6572537461746528A0
:1074B00029203D3D202820282042617365547970A1
:1074C000655F7420292030202920292026262028A5
:1074D00020785469636B73546F5761697420213D40
:1074E00020302029202900707851756575652D3E62
:1074F00070634865616420213D202828766F6964A7
:10750000202A293029207C7C20707851756575658A
:107510002D3E752E7853656D6170686F72652E789B
:107520004D75746578486F6C646572203D3D202808
:1075300028766F6964202A293029207C7C20707885
:1075400051756575652D3E752E7853656D61706852
:107550006F72652E784D75746578486F6C646572CE
:10756000203D3D20785461736B476574437572729A
:10757000656E745461736B48616E646C6528290094
:1075800070784D7574657800707851756575652DE6
:107590003E75784974656D53697A65203D3D2030AC
:1075A000002128202820707851756575652D3E7062
:1075B0006348656164203D3D202828766F6964201A
:1075C0002A29302920292026262028207078517544
:1075D0006575652D3E752E7853656D6170686F72A7
:1075E000652E784D75746578486F6C6465722021DE
:1075F0003D202828766F6964202A293029202920F7
:10760000290028207078517565756520290021288A
:107610002028202820707642756666657220292011
:107620003D3D202828766F6964202A2930292029A9
:107630002026262028202820707851756575652021
:10764000292D3E75784974656D53697A6520213D11
:107650002028205542617365547970655F74202934
:10766000203055202920290021282028207076420A
:107670007566666572203D3D202828766F69642016
:107680002A29302920292026262028207078517583
:107690006575652D3E75784974656D53697A652009
:1076A000213D2028205542617365547970655F74CF
:1076B00020292030552029202900765175657565CF
:1076C00044656C65746500757851756575654D65C3
:1076D00073736167657357616974696E6700785188
:1076E000756575655265636569766546726F6D4946
:1076F00053520078517565756553656D6170686F9B
:10770000726554616B65007851756575654769767A
:107710006546726F6D495352007072764E6F746990
:1077200066795175657565536574436F6E746169EB
:107730006E65720078517565756547656E6572692D
:107740006353656E64007851756575654372656154
:107750007465436F756E74696E6753656D617068AB
:107760006F726553746174696300785175657565EE
:1077700054616B654D757465785265637572736994
:10778000766500785175657565476976654D7574E0
:1077900065785265637572736976650078517565B1
:1077A000756547656E6572696343726561746500EE
:1077B00078517565756547656E6572696343726575
:1077C000617465537461746963007851756575659A
:1077D00047656E65726963526573657400707854AD
:1077E0004342002F4944462F636F6D706F6E656E84
:1077F00074732F6672656572746F732F7461736B27
:10780000732E630070785443422D3E756353746148
:10781000746963616C6C79416C6C6F6361746564ED
:10782000203D3D202820282075696E74385F742023
:1078300029203220290078506F7274436865636B89
:1078400056616C69645443424D656D28707854618B
:10785000736B427566666572290078506F72746347
:107860006865636B56616C6964537461636B4D65E5
:107870006D287078537461636B4275666665722912
:10788000002878436F726549443E3D30202626200B
:1078900078436F726549443C3229207C7C202878EB
:1078A000436F726549443D3D28203078374646464F
:1078B00046464646202929007853697A65203D3D91
:1078C0002073697A656F6628205443425F742029CB
:1078D000006370756964203C203200282078496478
:1078E0006C655461736B48616E646C655B63707545
:1078F00069645D20213D202828766F6964202A294B
:107900003029202900282028202820282070784489
:10791000656C617965645461736B4C69737420297B
:107920002D3E75784E756D6265724F664974656D52
:1079300073203D3D20282055426173655479706560
:107940005F74202920302029203F20282028204231
:10795000617365547970655F742029203120292076
:107960003A202820282042617365547970655F743D
:107970002029203020292029202900785461736B88
:107980005363686564756C6564203D3D2070645484
:107990005255450070784576656E744C6973740075
:1079A0007078556E626C6F636B656454434200700F
:1079B0007854696D654F75740070785469636B73A2
:1079C000546F5761697400282075784E657750723E
:1079D000696F72697479203C202820323520292073
:1079E0002900785461736B476574536368656475E7
:1079F0006C65725374617465282920213D2028200C
:107A0000282042617365547970655F7420292030A5
:107A1000202900785461736B47657453636865640B
:107A2000756C65725374617465282920213D202886
:107A300020282042617365547970655F7420292085
:107A400032202900784E6578745461736B556E62EC
:107A50006C6F636B54696D65203E3D20785469639B
:107A60006B436F756E74007078544342203D3D2027
:107A7000707843757272656E745443425B78506FD0
:107A80007274476574436F7265494428295D0070BC
:107A9000785443422D3E75784D757465786573480A
:107AA000656C6400707854434220213D2070784317
:107AB000757272656E745443425B78506F7274478E
:107AC0006574436F7265494428295D007578496E75
:107AD000646578546F57616974203C203100757873
:107AE000496E646578546F4E6F74696679203C20E6
:107AF0003100785461736B546F4E6F74696679000E
:107B000070785443422D3E756C4E6F74696669659A
:107B10006456616C75655B207578496E6465785450
:107B20006F4E6F74696679205D203D3D207E305533
:107B30004C002820282026282070785443422D3ECF
:107B4000784576656E744C6973744974656D202947
:107B500020292D3E7076436F6E7461696E657220C8
:107B600029203D3D202828766F6964202A29302964
:107B7000002F4944462F636F6D706F6E656E74738E
:107B80002F6672656572746F732F6573705F6164C1
:107B9000646974696F6E732F707269766174655F62
:107BA000696E636C7564652F6672656572746F7358
:107BB0005F7461736B735F635F6164646974696F41
:107BC0006E732E68007852657475726E20213D20A8
:107BD00028202D312029007072765461736B507209
:107BE000696F726974795261697365007654617363
:107BF0006B47656E657269634E6F74696679476934
:107C0000766546726F6D49535200756C5461736BA3
:107C100047656E657269634E6F7469667954616B0E
:107C20006500765461736B5072696F726974794440
:107C30006973696E686572697441667465725469C6
:107C40006D656F757400785461736B5072696F72F3
:107C5000697479446973696E6865726974007854EF
:107C600061736B436865636B466F7254696D654FF2
:107C7000757400785461736B52656D6F76654672EA
:107C80006F6D4576656E744C6973740076546173DC
:107C90006B506C6163654F6E4576656E744C6973AD
:107CA00074007461736B53656C65637448696768CD
:107CB0006573745072696F726974795461736B5330
:107CC0004D5000A5A5A5A5A5A5A5A5A5A5A5A5A5B6
:107CD000A5A5A5A5A5A5A5785461736B496E63728A
:107CE000656D656E745469636B00785461736B479E
:107CF000657449646C655461736B48616E646C654E
:107D0000466F724350550070635461736B476574DE
:107D10004E616D6500785461736B526573756D6566
:107D2000416C6C00765461736B537461727453636D
:107D3000686564756C657200765461736B50726926
:107D40006F7269747953657400765461736B44651E
:107D50006C61790070727644656C65746554434259
:107D60000070727644656C657465544C53007654AB
:107D700061736B44656C65746500785461736B4323
:107D8000726561746553746174696350696E6E6580
:107D900064546F436F7265006820213D2028287667
:107DA0006F6964202A293029002F4944462F636FC8
:107DB0006D706F6E656E74732F6E65776C69622F70
:107DC0006C6F636B732E63006C6F636B20213D20BF
:107DD0004E554C4C2026262022556E696E697469DA
:107DE000616C697A6564206C6F636B207573656480
:107DF00022007851756575654765744D75746578B1
:107E0000486F6C646572282028206820292029206A
:107E10003D3D202828766F6964202A293029006892
:107E2000616E646C65203D3D202853656D6170680E
:107E30006F726548616E646C655F74292026735F9C
:107E4000636F6D6D6F6E5F6D757465780068616EE0
:107E5000646C65203D3D202853656D6170686F72CC
:107E60006548616E646C655F74292026735F636F7B
:107E70006D6D6F6E5F7265637572736976655F6D48
:107E800075746578006573705F6E65776C69625FA5
:107E90006C6F636B735F696E697400636865636BB5
:107EA0005F6C6F636B5F6E6F6E7A65726F006C6F85
:107EB000636B5F72656C656173655F67656E657244
:107EC0006963006C6F636B5F616371756972655F95
:107ED00067656E65726963005F6C6F636B5F636C8F
:107EE0006F7365007472795F686561705F6361705C
:107EF000735F6164645F726567696F6E286D656D3D
:107F00005F73746172742C206D656D5F656E64299A
:107F1000004944462F636F6D706F6E656E74732FEA
:107F200062742F636F6E74726F6C6C65722F657301
:107F30007033322F62742E63006573705F62745FFA
:107F4000636F6E74726F6C6C65725F6D656D5F727E
:107F5000656C6561736500286164635F6E756D2093
:107F60003D3D204144435F554E49545F3129207CBB
:107F70007C20286164635F6E756D203D3D20414427
:107F8000435F554E49545F3229002F4944462F63C1
:107F90006F6D706F6E656E74732F6573705F616463
:107FA000635F63616C2F65737033322F6573705F2D
:107FB0006164635F63616C2E630063686172732048
:107FC000213D204E554C4C006269745F77696474A2
:107FD00068203C204144435F57494454485F4D4129
:107FE00058006573705F6164635F63616C5F7261A9
:107FF000775F746F5F766F6C74616765006573702F
:108000005F6164635F63616C5F6368617261637425
:108010006572697A65000000610A00008A0A000042
:10802000B20A0000D60A0000F70A0000160B000092
:10803000330B00004E0B0000690B0000820B0000A8
:108040009B0B0000B40B0000CC0B0000E30B000006
:10805000FB0B0000140C00002C0C0000430C000073
:108060005A0C0000710C0000BE080000F50800006A
:108070002B0900005F09000093090000CB090000F4
:10808000010A0000350A0000660A0000960A000096
:10809000C20A0000E80A00000F0B0000350B0000C8
:1080A000580B0000790B0000980B0000B70B000084
:1080B000D50B0000F30B00006B0A0000920A0000D1
:1080C000B90A0000DC0A0000FD0A00001C0B0000D9
:1080D000390B0000550B0000700B00008C0B0000EA
:1080E000A60B0000BE0B0000D80B0000F30B000035
:1080F0000C0C0000260C00003F0C0000580C000087
:10810000700C0000890C0000C0080000F908000095
:10811000300900006509000099090000D00900003D
:10812000040A0000380A0000680A0000950A0000EE
:10813000C20A0000EB0A0000100B0000340B000024
:10814000570B0000790B0000990B0000B80B0000E2
:10815000D60B0000F40B00003F00000042000000BE
:1081600059000000800000004B0000004E0000009D
:108170006B0000008E00000094DF00008F290100DA
:10818000CE9C01003202030057E00000CC29010020
:10819000099C0100FAFF0200000000000900000035
:1081A0001A00000042000000000000000100000072
:1081B0001B00000036000000BBFF00004D53010013
:1081C00060D60100C46D0300E0FF0000BF53010052
:1081D00045D60100366C030061726475696E6F2DBF
:1081E00065737033320077696669000000690300C7
:1081F0000062010000A0F53F18A0F53F38A0F53F50
:1082000054A0F53F58A0F53F74A0F53F78A0F53F86
:1082100094A0F53F626C6B203E3D20302026262046
:10822000626C6B203C2045465553455F424C4B5F8A
:108230004D4158002F4944462F636F6D706F6E6536
:108240006E74732F65667573652F7372632F657314
:10825000705F65667573655F7574696C6974792E96
:1082600063006E756D5F726567203C3D202872610A
:108270006E67655F726561645F616464725F626CA2
:108280006F636B735B626C6B5D2E656E64202D207B
:1082900072616E67655F726561645F616464725F7D
:1082A000626C6F636B735B626C6B5D2E7374617277
:1082B0007429202F2073697A656F662875696E743A
:1082C00033325F742900222843616E6E6F7420750B
:1082D0007365205245475F5245414420666F7220C6
:1082E00044504F52542072656769737465727320ED
:1082F0007573652044504F52545F5245475F524555
:108300004144292220262620282128282828616463
:1083100064725F77725F7265672929203E3D203065
:1083200078336666303030303029202626202828E1
:10833000616464725F77725F7265672929203C3DD2
:108340002030783366663133464643292900656616
:10835000757365004520282575292025733A20521C
:10836000616E6765206F66206461746120646F656B
:1083700073206E6F74206D6174636820746865206B
:10838000636F64696E6720736368656D650A006278
:108390006974735F636F756E746572203C3D207203
:1083A00065715F73697A6500222843616E6E6F7430
:1083B00020757365205245475F5245414420666FE2
:1083C000722044504F52542072656769737465720D
:1083D00073207573652044504F52545F5245475F78
:1083E00052454144292220262620282128282828B1
:1083F00072616E67655F726561645F616464725F1C
:10840000626C6F636B735B626C6B5D2E7374617215
:1084100074202B206E756D5F726567202A203429C9
:1084200029203E3D203078336666303030303029A8
:1084300020262620282872616E67655F7265616458
:108440005F616464725F626C6F636B735B626C6BC1
:108450005D2E7374617274202B206E756D5F726572
:1084600067202A20342929203C3D20307833666655
:1084700031334646432929006573705F656675731D
:10848000655F7574696C6974795F726561645F7248
:108490006567006573705F65667573655F757469A0
:1084A0006C6974795F70726F636573730063707564
:1084B0006964203D3D2078506F7274476574436F46
:1084C000726549442829002F4944462F636F6D7017
:1084D0006F6E656E74732F6573705F6970632F7351
:1084E00072632F6573705F6970632E6300697063D8
:1084F0002564006970635F7461736B006573705FFE
:108500006970635F696E6974002F4944462F636F19
:108510006D706F6E656E74732F6573705F697063D5
:108520002F7372632F6573705F6970635F69737215
:108530002F6573705F6970635F6973722E63006586
:1085400073705F6970635F6973725F72656C656198
:1085500073655F6F746865725F63707500706572D4
:10856000697068203C205045524950485F4D4F4447
:10857000554C455F4D4158002F4944462F636F6D60
:10858000706F6E656E74732F6472697665722F708A
:1085900065726970685F6374726C2E6300706572D7
:1085A0006970685F6D6F64756C655F646973616243
:1085B0006C65007065726970685F6D6F64756C657D
:1085C0005F656E61626C6500000000004520282533
:1085D00075292025733A202573282564293A2075AA
:1085E0006172745F6E756D206572726F720A0045FC
:1085F00020282575292025733A20257328256429EC
:108600003A206461746120626974206572726F72CD
:108610000A004520282575292025733A202573282E
:108620002564293A2073746F702062697420657222
:10863000726F720A004520282575292025733A207B
:108640002573282564293A20756172742064726943
:10865000766572206572726F720A00212869735FF5
:1086600072733438355F6D6F646520262620646927
:108670007361626C656420262620756172745F6880
:10868000616C5F6765745F696E747261775F6D615D
:10869000736B282628756172745F636F6E746578DA
:1086A000745B756172745F6E756D5D2E68616C29A7
:1086B00029202620554152545F494E54525F545848
:1086C0005F444F4E4529002F4944462F636F6D701C
:1086D0006F6E656E74732F6472697665722F756143
:1086E00072742E63004520282575292025733A20B1
:1086F00072785F62756666657265645F6C656E2030
:108700006572726F720A00756172745F666C757360
:10871000685F696E70757400756172745F67657407
:108720005F62756666657265645F646174615F6CE3
:10873000656E00756172745F7265656E61626C650D
:108740005F696E74725F6D61736B00756172745FE7
:10875000776169745F74785F646F6E6500756172CC
:10876000745F776169745F74785F646F6E650075BC
:108770006172745F6765745F62617564726174656C
:1087800000756172745F7365745F626175647261B4
:10879000746500756172745F6765745F706172699A
:1087A000747900756172745F7365745F706172696A
:1087B000747900756172745F6765745F73746F704C
:1087C0005F6269747300756172745F7365745F735F
:1087D000746F705F6269747300756172745F67654E
:1087E000745F776F72645F6C656E67746800756143
:1087F00072745F7365745F776F72645F6C656E67C8
:10880000746800737461727420213D202828766F8B
:108810006964202A293029002F4944462F636F6D4F
:10882000706F6E656E74732F657370636F726564BD
:10883000756D702F7372632F636F72655F64756DF2
:10884000705F636F6D6D6F6E2E63006573705F6335
:108850006F72655F64756D705F6765745F75736572
:10886000725F72616D5F696E666F00636865636BEE
:1088700073756D5F73697A65203C3D203332002F3C
:108880004944462F636F6D706F6E656E74732F650C
:108890007370636F726564756D702F7372632F638D
:1088A0006F72655F64756D705F666C6173682E636F
:1088B0000043616C63756C61746564206368656313
:1088C0006B73756D00496D61676520636865636BE7
:1088D00073756D006573705F636F72655F64756D4E
:1088E000705F696D6167655F636865636B00434FC7
:1088F0005245004553505F434F52455F44554D50DC
:108900005F494E464F0045585452415F494E464FCD
:1089100000656C665F77726974655F636F72655F2F
:1089200064756D705F696E666F00656C665F777207
:108930006974655F636F72655F64756D705F757391
:1089400065725F6461746100656C665F6164645F39
:108950007365676D656E7400656C665F73617665DF
:108960005F7461736B00656C665F77726974655FD5
:108970007365676D656E745F6865616465720065D7
:108980006C665F70726F636573735F6E6F74655F43
:108990007365676D656E7400656C665F7772697488
:1089A000655F6E6F746500656C665F6164645F6EC1
:1089B0006F746500656C665F70726F636573735F7B
:1089C0007461736B735F7265677300656C665F7764
:1089D000726974655F7461736B735F646174610065
:1089E000656C665F77726974655F66696C655F6800
:1089F0006561646572006573705F636F72655F6463
:108A0000756D705F646F5F77726974655F656C66C2
:108A10005F70617373006573705F636F72655F642D
:108A2000756D705F77726974655F656C66007374ED
:108A30006B5F706164647220213D202828766F6925
:108A400064202A2930292026262073746B5F7661E2
:108A500064647220213D202828766F6964202A29C9
:108A60003029002F4944462F636F6D706F6E656E1D
:108A700074732F657370636F726564756D702F7397
:108A800072632F706F72742F7874656E73612F63C9
:108A90006F72655F64756D705F706F72742E6300C6
:108AA0007461736B20213D202828766F6964202A29
:108AB000293029202626207265675F64756D702035
:108AC000213D202828766F6964202A2930290065F5
:108AD00073705F636F72655F64756D705F676574F7
:108AE0005F7461736B5F726567735F64756D70004F
:108AF0006573705F636F72655F64756D705F6765E6
:108B0000745F737461636B00636B735F637478008D
:108B10002F4944462F636F6D706F6E656E74732FAF
:108B2000657370636F726564756D702F7372632FF8
:108B3000636F72655F64756D705F636865636B73A7
:108B4000756D2E6300636B735F63747820213D2025
:108B50002828766F6964202A293029207C7C2063AC
:108B600068735F707472203D3D202828766F6964B9
:108B7000202A29302900636865636B73756D202195
:108B80003D202828766F6964202A293029006573E2
:108B9000705F636F72655F64756D705F7072696E30
:108BA000745F636865636B73756D006573705F6395
:108BB0006F72655F64756D705F636865636B737515
:108BC0006D5F66696E697368006573705F636F726D
:108BD000655F64756D705F636865636B73756D5F0A
:108BE0007570646174650000010000000000000001
:108BF0000100000001000000010000000000000072
:108C00000100000001000000010000000000000061
:108C10000000000000000000010000000000000053
:108C20000000000000000000010000000000000043
:108C30000100000000000000010000000000000032
:108C4000010000000100000001000000020000001F
:108C5000010000000100000001000000020000000F
:108C600002000000020000000100000000000000FF
:108C700001000000010000000100000000000000F1
:108C800000000000000000000100000001000000E2
:108C900000000000000000000300000002000000CF
:108CA00002000000020000000100000000000000BF
:108CB00000000000000000000100000000000000B3
:108CC000000000000000000007000000000000009D
:108CD000010000000100000003000000020000008D
:108CE0000200000002000000050000000200000079
:108CF000020000000200000001000000000000006F
:108D00000000000000000000010000000000000062
:108D10000000000000000000020000000000000051
:108D20000000000000000000020000000000000041
:108D30000000000000000000020000000000000031
:108D4000000000000000000003000000010000001F
:108D5000010000000000000003000000000000000F
:108D600000000000000000000400000000000000FF
:108D700001000000000000000400000000000000EE
:108D800001000000010000000500000000000000DC
:108D900000000000010000000300000000000000CF
:108DA00001000000010000000400000001000000BC
:108DB00000000000000000000300000002000000AE
:108DC000020000000200000004000000010000009A
:108DD000010000000100000005000000000000008C
:108DE00001000000010000006D65736800736D6193
:108DF0007274636F6E666967004553504E4F57003B
:108E000080000000000000000000000000000000E2
:108E10000000000000000000000000000000000052
:108E20000000000000000000000000000000000042
:108E30000000000000000000000000000000000032
:108E4000982F8A4291443771CFFBC0B5A5DBB5E9B5
:108E50005BC25639F111F159A4823F92D55E1CAB29
:108E600098AA07D8015B8312BE853124C37D0C55B7
:108E7000745DBE72FEB1DE80A706DC9B74F19BC1FF
:108E8000C1699BE48647BEEFC69DC10FCCA10C24EF
:108E90006F2CE92DAA84744ADCA9B05CDA88F976D3
:108EA00052513E986DC631A8C82703B0C77F59BF3D
:108EB000F30BE0C64791A7D55163CA066729291469
:108EC000850AB72738211B2EFC6D2C4D130D385306
:108ED00054730A65BB0A6A762EC9C281852C7292C8
:108EE000A1E8BFA24B661AA8708B4BC2A3516CC7F6
:108EF00019E892D1240699D685350EF470A06A102F
:108F000016C1A419086C371E4C774827B5BCB0347D
:108F1000B30C1C394AAAD84E4FCA9C5BF36F2E681B
:108F2000EE828F746F63A5781478C8840802C78CAA
:108F3000FAFFBE90EB6C50A4F7A3F9BEF27871C6AD
:108F40006E65775F656E67696E6520213D204E55C1
:108F50004C4C002F4944462F636F6D706F6E656EE9
:108F600074732F6D626564746C732F706F72742FDD
:108F70007368612F706172616C6C656C5F656E67A0
:108F8000696E652F7368612E6300656E67696E6533
:108F9000735F696E5F757365203C3D2033007578A3
:108FA00053656D6170686F7265476574436F756E68
:108FB0007428656E67696E655F73746174652920D6
:108FC0003D3D2030202626202253484120656E67F3
:108FD000696E652073686F756C64206265206C6FC4
:108FE000636B656422006573705F7368615F626CB8
:108FF0006F636B006573705F7368615F7265616456
:109000005F6469676573745F737461746500736826
:10901000615F6765745F656E67696E655F737461D4
:109020007465006573705F7368615F6C6F636B5F1D
:10903000656E67696E655F636F6D6D6F6E00496E1B
:1090400076616C696420636F65786973742061640C
:1090500061707465722066756E6374696F6E206DE1
:1090600064352C20696E7465726E616C3A202573CC
:109070002C206964663A2025730A00636F6578695D
:10908000737420616461707465722066756E6374B8
:10909000696F6E206973204E554C4C00636F657884
:1090A00069737420616461707465722066756E63A3
:1090B00074696F6E2076657273696F6E2065727267
:1090C0006F72212056657273696F6E202578206952
:1090D000732065787065637465642C2062757420F4
:1090E00069742069732025780A00636F6578697355
:1090F0007420616461707465722066756E63746952
:109100006F6E206D61676963206572726F722120D6
:109110004D616769632025782069732065787065E3
:10912000637465642C2062757420697420697320EF
:1091300025780A0039646133363935003166643286
:109140003066340028707852696E676275666665AD
:10915000722D3E784974656D7357616974696E67E5
:10916000203E203029202626202828707852696E3B
:10917000676275666665722D3E70756352656164DF
:1091800020213D20707852696E676275666665724F
:109190002D3E707563577269746529207C7C202888
:1091A000707852696E676275666665722D3E757875
:1091B00052696E67627566666572466C6167732098
:1091C0002620282028205542617365547970655FF8
:1091D000742029203420292929002F4944462F634F
:1091E0006F6D706F6E656E74732F6573705F7269EB
:1091F0006E676275662F72696E676275662E6300B0
:10920000707852696E676275666665722D3E70751C
:109210006352656164203E3D20707852696E6762DA
:1092200075666665722D3E707563486561642026BB
:109230002620707852696E676275666665722D3E8B
:1092400070756352656164203C20707852696E6766
:109250006275666665722D3E7075635461696C0057
:10926000707852696E676275666665722D3E7075BC
:109270006352656164203D3D20707852696E67627B
:1092800075666665722D3E70756346726565002A67
:1092900070764974656D32203C202A707649746579
:1092A0006D310078497353706C6974203D3D2028FE
:1092B00020282042617365547970655F74202920ED
:1092C000302029007852657475726E203C3D207004
:1092D0007852696E676275666665722D3E7853696D
:1092E0007A6500707852696E6762756666657200AD
:1092F0007070764974656D20213D202828766F694D
:1093000064202A293029207C7C20784974656D539B
:10931000697A65203D3D20300028707852696E677B
:109320006275666665722D3E757852696E67627504
:1093300066666572466C616773202620282820289F
:10934000205542617365547970655F74202920321D
:109350002029207C202820282055426173655479DB
:1093600070655F742029203120292929203D3D2066
:10937000300070764974656D20213D202828766F75
:109380006964202A293029007652696E6762756601
:1093900066657252657475726E4974656D0070729F
:1093A000765265636569766547656E6572696300C7
:1093B0007852696E67627566666572526563656943
:1093C0007665007852696E67627566666572536588
:1093D0006E64007072764765744672656553697A8B
:1093E000650000000101010101010101010101030A
:1093F000010107030501010202020303040405033E
:1094000004030405537439657863657074696F6E7D
:1094100000000000A494403F0494403F537439621C
:1094200061645F616C6C6F63000000007494403F86
:109430001C94403F1494403F1D0B0E40DE0A0E402A
:10944000FA0A0E401D0B0E40400B0E40630B0E40FF
:10945000630B0E40630B0E40630B0E40EB0A0E4095
:10946000090B0E401D0B0E40400B0E40000000008B
:109470000000000078100E408C100E40B4060F4023
:10948000B4060F4044140E40BC060F4080110E403D
:10949000F4100E40C8100E40000000000000000054
:1094A000000000009C130E40B0130E40B4060F40A5
:1094B000B4060F4044140E40BC060F4024140E4066
:1094C000EC130E40F0060F403E160E4005160E40FF
:1094D0001B160E403E160E4061160E4084160E40BE
:1094E00084160E4084160E4084160E400F160E4051
:1094F0002A160E403E160E4061160E4016200E40F3
:10950000DD1F0E40F31F0E4016200E4039200E4086
:109510005C200E405C200E405C200E405C200E4023
:10952000E71F0E4002200E4016200E4039200E404C
:109530000000000000000000257300002A360E40E5
:1095400058330E405D330E40B8330E40F9350E40AF
:10955000F7350E40A0350E40C4350E4081370E4021
:10956000ED330E4060370E4049370E4081370E40D4
:1095700081370E4081370E40ED330E40ED330E4003
:10958000ED330E40ED330E40ED330E40ED330E4023
:10959000ED330E4049370E40ED330E40ED330E40B3
:1095A000ED330E4076370E40ED330E4049370E4016
:1095B000ED330E40ED330E40D3330E40ED330E400D
:1095C000ED330E40ED330E40ED330E40ED330E40E3
:1095D000ED330E40ED330E40ED330E4081370E403B
:1095E000ED330E40E4330E40D3330E4081370E404E
:1095F00081370E4081370E40ED330E40D3330E409D
:10960000ED330E40ED330E40ED330E40ED330E40A2
:1096100076370E40D3330E4076370E40ED330E4092
:10962000ED330E4076370E40ED330E40D3330E400F
:10963000ED330E40ED330E40D3330E400F340E4069
:1096400046340E40F0340E4026350E4066350E404E
:1096500086340E40FC360E40A3360E40FC360E40DB
:10966000CF360E40CF360E40FC360E4043390E400A
:10967000F0590E40F0590E4051390E40F0590E404D
:10968000F0590E40F0590E4011390E40F0590E407D
:10969000F0590E4056390E40583A0E40F0590E40DF
:1096A000533A0E40633A0E40F0590E40963B0E403E
:1096B0009C3B0E409C3B0E409C3B0E409C3B0E4016
:1096C0009C3B0E409C3B0E409C3B0E409C3B0E4006
:1096D0009C3B0E40F0590E40F0590E40F0590E40A0
:1096E000F0590E40F0590E40F0590E40F0590E401E
:1096F00099400E40F0590E40303C0E40163D0E4051
:1097000099400E4099400E4099400E40F0590E404D
:10971000F0590E40F0590E40F0590E40DC3B0E401F
:10972000F0590E40F0590E40984B0E40F0590E4043
:10973000F0590E40F0590E40EC4F0E40F0590E40DB
:1097400005510E40F0590E40F0590E4061540E4044
:10975000F0590E40F0590E40F0590E40F0590E40AD
:10976000F0590E40F0590E40F0590E40F0590E409D
:1097700099400E40F0590E40303C0E40213D0E40C5
:1097800099400E4099400E4099400E40E13B0E40FA
:10979000213D0E40223C0E40F0590E40FD3B0E4054
:1097A000F0590E40E6470E40A34B0E40044F0E40CA
:1097B000223C0E40F0590E40EC4F0E40DA380E407D
:1097C00010510E40F0590E40F0590E406A540E40B0
:1097D000F0590E40DA380E40303030303030303012
:1097E00030303030303030302020202020202020F9
:1097F0002020202020202020494E46004E414E00AF
:1098000030313233343536373839616263646566F6
:1098100000303132333435363738394142434445EC
:1098200046000000AE690E40DC660E40E1660E4068
:109830003C670E407D690E407B690E4024690E40F6
:1098400048690E40056B0E4071670E40E46A0E4099
:10985000CD6A0E40056B0E40056B0E40056B0E4049
:1098600071670E4071670E4071670E4071670E4060
:1098700071670E4071670E4071670E40CD6A0E40F1
:1098800071670E4071670E4071670E40FA6A0E40B4
:1098900071670E40CD6A0E4071670E4071670E40D1
:1098A00057670E4071670E4071670E4071670E403A
:1098B00071670E4071670E4071670E4071670E4010
:1098C00071670E40056B0E4071670E4068670E4071
:1098D00057670E40056B0E40056B0E40056B0E4042
:1098E00071670E4057670E4071670E4071670E40FA
:1098F00071670E4071670E40FA6A0E4057670E405E
:10990000FA6A0E4071670E4071670E40FA6A0E40A7
:1099100071670E4057670E4071670E4071670E40C9
:1099200057670E4093670E40CA670E4074680E403A
:10993000AA680E40EA680E400A680E40806A0E402F
:10994000276A0E40806A0E40536A0E40536A0E40EA
:10995000806A0E408F6D0E40448E0E40448E0E4045
:109960009D6D0E40448E0E40448E0E40448E0E403F
:109970005D6D0E40448E0E40448E0E40A26D0E4032
:10998000A46E0E40448E0E409F6E0E40AF6E0E4091
:10999000448E0E40E26F0E40E86F0E40E86F0E40BE
:1099A000E86F0E40E86F0E40E86F0E40E86F0E4023
:1099B000E86F0E40E86F0E40E86F0E40448E0E4098
:1099C000448E0E40448E0E40448E0E40448E0E4017
:1099D000448E0E40448E0E40E9740E40448E0E407C
:1099E0007E700E4062710E40E9740E40E9740E40C4
:1099F000E9740E40448E0E40448E0E40448E0E405C
:109A0000448E0E4028700E40448E0E40448E0E4010
:109A1000EC7F0E40448E0E40448E0E40448E0E402D
:109A20003E840E40448E0E4059850E40448E0E40BA
:109A3000448E0E40B5880E40448E0E40448E0E403B
:109A4000448E0E40448E0E40448E0E40448E0E4096
:109A5000448E0E40448E0E40E9740E40448E0E40FB
:109A60007E700E406D710E40E9740E40E9740E4038
:109A7000E9740E402D700E406D710E4070700E40F6
:109A8000448E0E4049700E40448E0E40377C0E408E
:109A9000F77F0E4058830E4070700E40448E0E408B
:109AA0003E840E40266D0E4064850E40448E0E406E
:109AB000448E0E40BE880E40448E0E40266D0E40F1
:109AC0003030303030303030303030303030303096
:109AD0002020202020202020202020202020202086
:109AE000496E66696E697479004E614E0052454553
:109AF0004E54206D616C6C6F632073756363656594
:109B0000646564002F6275696C64732F6964662FE5
:109B100063726F7373746F6F6C2D4E472F2E627567
:109B2000696C642F484F53542D7838365F36342D86
:109B30007736342D6D696E677733322F7874656EA2
:109B400073612D65737033322D656C662F7372638C
:109B50002F6E65776C69622F6E65776C69622F6C0A
:109B60006962632F7374646C69622F64746F612E11
:109B7000630042616C6C6F63207375636365656439
:109B8000656400504F534958000000004300000036
:109B900000000000000000000000000000000000C5
:109BA0000000000000000000000000004300000072
:109BB00000000000000000000000000000000000A5
:109BC0000000000000000000000000004300000052
:109BD0000000000000000000000000000000000085
:109BE0000000000000000000000000004300000032
:109BF0000000000000000000000000000000000065
:109C00000000000000000000000000004300000011
:109C10000000000000000000000000000000000044
:109C200000000000000000000000000043000000F1
:109C30000000000000000000000000000000000024
:109C400000000000000000000000000043000000D1
:109C50000000000000000000000000000000000004
:109C600000000000000000000000000050650840F7
:109C7000A8AA0E40000000005463F93F6C04403F66
:109C80000014403F0014403F0014403F0014403F88
:109C90000014403F0014403F0014403F0014403F78
:109CA0000014403FFFFFFFFFFFFFFFFFFFFFFFFF2D
:109CB000FFFF00000100415343494900000000003C
:109CC0000000000000000000000000000000000094
:109CD000000000000000415343494900000000001B
:109CE0000000000000000000000000000000000074
:109CF00000000000000000002F6275696C64732F83
:109D00006964662F63726F7373746F6F6C2D4E4747
:109D10002F2E6275696C642F484F53542D78383656
:109D20005F36342D7736342D6D696E677733322F79
:109D30007874656E73612D65737033322D656C6652
:109D40002F7372632F6E65776C69622F6E65776C07
:109D500069622F6C6962632F7374646C69622F6D22
:109D6000707265632E63000005000000190000009A
:109D70007D00000000000000BC89D897B2D29C3C56
:109D800033A7A8D523F649393DA7F444FD0FA532E2
:109D90009D978CCF08BA5B25436FAC642806C80A30
:109DA0000080E03779C34143176E05B5B5B89346D7
:109DB000F5F93FE9034F384D321D30F94877825AA3
:109DC0003CBF737FDD4F1575000000000000F03FC1
:109DD0000000000000002440000000000000594086
:109DE0000000000000408F40000000000088C340D9
:109DF00000000000006AF8400000000080842E414E
:109E000000000000D01263410000000084D7974199
:109E10000000000065CDCD41000000205FA002429F
:109E2000000000E876483742000000A2941A6D4214
:109E3000000040E59C30A2420000901EC4BCD64207
:109E400000003426F56B0C430080E03779C34143B2
:109E500000A0D8855734764300C84E676DC1AB4328
:109E6000003D9160E458E143408CB5781DAF154446
:109E700050EFE2D6E41A4B4492D54D06CFF0804421
:109E8000F64AE1C7022DB544B49DD9794378EA4436
:109E90007AB70E40A8B40E40ADB40E4008B50E40DF
:109EA00049B70E4047B70E40F0B60E4014B70E400B
:109EB000D1B80E403DB50E40B0B80E4099B80E4036
:109EC000D1B80E40D1B80E40D1B80E403DB50E40CD
:109ED0003DB50E403DB50E403DB50E403DB50E4082
:109EE0003DB50E403DB50E4099B80E403DB50E4013
:109EF0003DB50E403DB50E40C6B80E403DB50E40D6
:109F000099B80E403DB50E403DB50E4023B50E400C
:109F10003DB50E403DB50E403DB50E403DB50E4041
:109F20003DB50E403DB50E403DB50E403DB50E4031
:109F3000D1B80E403DB50E4034B50E4023B50E40AD
:109F4000D1B80E40D1B80E40D1B80E403DB50E404C
:109F500023B50E403DB50E403DB50E403DB50E401B
:109F60003DB50E40C6B80E4023B50E40C6B80E40F3
:109F70003DB50E403DB50E40C6B80E403DB50E4055
:109F800023B50E403DB50E403DB50E4023B50E4005
:109F90005FB50E4096B50E4040B60E4076B60E4008
:109FA000B6B60E40D6B50E404CB80E40F3B70E40D4
:109FB0004CB80E401FB80E401FB80E404CB80E40B3
:109FC00083BB0E4054D50E4054D50E4094BB0E407A
:109FD00054D50E4054D50E4054D50E4051BB0E40C2
:109FE00054D50E4054D50E4099BB0E40A0BC0E4037
:109FF00054D50E409BBC0E40AFBC0E4054D50E4015
:10A00000E1BD0E40E7BD0E40E7BD0E40E7BD0E408E
:10A01000E7BD0E40E7BD0E40E7BD0E40E7BD0E4078
:10A02000E7BD0E40E7BD0E4054D50E4054D50E405E
:10A0300054D50E4054D50E4054D50E4054D50E4044
:10A0400054D50E4054D50E4054D50E406EBE0E4031
:10A050003BBF0E4054D50E4054D50E4054D50E4053
:10A0600054D50E4054D50E4054D50E4054D50E4014
:10A0700054D50E4054D50E4054D50E40AFC60E40B8
:10A0800054D50E4054D50E4054D50E403CCB0E4016
:10A0900054D50E4030CC0E4054D50E4054D50E4011
:10A0A000D6CF0E4054D50E4054D50E4054D50E4058
:10A0B00054D50E4054D50E4054D50E4054D50E40C4
:10A0C00054D50E4054D50E4054D50E406EBE0E40B1
:10A0D00046BF0E4054D50E4054D50E4054D50E40C8
:10A0E00022BE0E4046BF0E4060BE0E4054D50E400C
:10A0F0003EBE0E4054D50E4002C30E40BAC60E40BE
:10A1000060CA0E4060BE0E4054D50E403CCB0E409F
:10A1100016BB0E403BCC0E4054D50E4054D50E40DD
:10A1200048BB0E4054D50E4016BB0E403030303088
:10A13000303030303030303030303030202020205F
:10A14000202020202020202020202020000100038B
:10A1500004000000000001000304000000000000F3
:10A1600007030400000000000000030400000000DA
:10A1700000000000040000000000020003040000D2
:10A1800000000001000506050000000001000506B2
:10A1900000000000000000030400000000000008B0
:10A1A00000000000000000000800000000000000A7
:10A1B000000000000000000001020B040B05060176
:10A1C0000B01020B040B0506010B0B0B03040B0523
:10A1D0000B0B0B0B0B0B040B050B0B0B0B0B0B0BDC
:10A1E0000B0B0B0B0B05080B040B0B070B0B0B09D5
:10A1F0000B040B050B0B0B0B0A0B040B0B0B0B0BC4
:10A200000B0B0B040B0B0B0B0B0B0B030B0B0B0BAD
:10A210000B0B0B0B080B0B0B0B0B0B0000000000C8
:10A2200000000000080808080808080808080808CE
:10A23000080808080808080808080808080808089E
:10A24000080808080708080702080807080806079A
:10A2500008070508000101010101010101010808C9
:10A260000808080808040804040404040808080886
:10A270000308080408080804080408080408080873
:10A280000808080808040804040404040304030874
:10A29000030804040403080403040808040803086A
:10A2A000080808080808080808080808080808082E
:10A2B000080808080808080808080808080808081E
:10A2C000080808080808080808080808080808080E
:10A2D00008080808080808080808080808080808FE
:10A2E00008080808080808080808080808080808EE
:10A2F00008080808080808080808080808080808DE
:10A3000008080808080808080808080808080808CD
:10A3100008080808080808080808080808080808BD
:10A3200008080808FEDC0E402CDA0E4031DA0E4038
:10A330008CDA0E40CDDC0E40CBDC0E4074DC0E40DF
:10A3400098DC0E4055DE0E40C1DA0E4034DE0E4081
:10A350001DDE0E4055DE0E4055DE0E4055DE0E4031
:10A36000C1DA0E40C1DA0E40C1DA0E40C1DA0E4049
:10A37000C1DA0E40C1DA0E40C1DA0E401DDE0E40D9
:10A38000C1DA0E40C1DA0E40C1DA0E404ADE0E409C
:10A39000C1DA0E401DDE0E40C1DA0E40C1DA0E40B9
:10A3A000A7DA0E40C1DA0E40C1DA0E40C1DA0E4023
:10A3B000C1DA0E40C1DA0E40C1DA0E40C1DA0E40F9
:10A3C000C1DA0E4055DE0E40C1DA0E40B8DA0E405A
:10A3D000A7DA0E4055DE0E4055DE0E4055DE0E402B
:10A3E000C1DA0E40A7DA0E40C1DA0E40C1DA0E40E3
:10A3F000C1DA0E40C1DA0E404ADE0E40A7DA0E4046
:10A400004ADE0E40C1DA0E40C1DA0E404ADE0E408E
:10A41000C1DA0E40A7DA0E40C1DA0E40C1DA0E40B2
:10A42000A7DA0E40E3DA0E401ADB0E40C4DB0E4022
:10A43000FADB0E403ADC0E405ADB0E40D0DD0E4017
:10A4400077DD0E40D0DD0E40A3DD0E40A3DD0E40D3
:10A45000D0DD0E40EBE00E40A0FA0E40A0FA0E4018
:10A46000FCE00E40A0FA0E40A0FA0E40A0FA0E400A
:10A47000B9E00E40A0FA0E40A0FA0E4001E10E40F5
:10A4800008E20E40A0FA0E4003E20E4016E20E4033
:10A49000A0FA0E4049E30E404FE30E404FE30E405A
:10A4A0004FE30E404FE30E404FE30E404FE30E40AC
:10A4B0004FE30E404FE30E404FE30E40A0FA0E4034
:10A4C000A0FA0E40A0FA0E40A0FA0E40A0FA0E40EC
:10A4D000A0FA0E40A0FA0E40A0FA0E40A0FA0E40DC
:10A4E000D6E30E40A3E40E40A0FA0E40A0FA0E40C0
:10A4F000A0FA0E40A0FA0E40A0FA0E40A0FA0E40BC
:10A50000A0FA0E40A0FA0E40A0FA0E40A0FA0E40AB
:10A5100013EC0E40A0FA0E40A0FA0E40A0FA0E4036
:10A52000A0F00E40A0FA0E4094F10E40A0FA0E40AA
:10A53000A0FA0E4036F50E40A0FA0E40A0FA0E40EA
:10A54000A0FA0E40A0FA0E40A0FA0E40A0FA0E406B
:10A55000A0FA0E40A0FA0E40A0FA0E40A0FA0E405B
:10A56000D6E30E40AEE40E40A0FA0E40A0FA0E4034
:10A57000A0FA0E408AE30E40AEE40E40C8E30E405F
:10A58000A0FA0E40A6E30E40A0FA0E4069E80E4085
:10A590001EEC0E40C4EF0E40C8E30E40A0FA0E4081
:10A5A000A0F00E407EE00E409FF10E40A0FA0E405B
:10A5B000A0FA0E40B0E00E40A0FA0E407EE00E4041
:10A5C000303030303030303030303030303030308B
:10A5D000202020202020202020202020202020207B
:10A5E000FFFF0100FFFF010C030E0000110F3200FE
:10A5F0003A060000FFFF010B7206F70500FB01BDE4
:10A6000004000000FF001901105EB0020000A70462
:10A6100006A40501C3044F00000100000000000073
:10A62000FF0015010C1B062101421F69007706007F
:10A630000001000000000000FF001101041D0323C1
:10A64000030000017D0000002C94403FFF00190131
:10A650000C03090C0115061B05260C000001007FE8
:10A6600000007D000000000000FFFF010C0A060052
:10A6700000140640004A060000FFFF0100FFFF0132
:10A6800000FFFF0100FFFF01000000000C000000C0
:10A69000000000000300017C000C01001400000019
:10A6A0001400000024160D403100000004030000D7
:10A6B000000E2000140000002C00000058160D4071
:10A6C0001900000004030000000E20001400000028
:10A6D0004400000074160D4019000000040300003F
:10A6E000000E2000140000005C00000090160D40D9
:10A6F0001900000004030000000E200014000000F8
:10A7000074000000AC160D40290000000403000096
:10A71000000E2000140000008C000000D8160D4030
:10A720000C00000004030000000E200014000000D4
:10A73000A4000000E4160D400C000000040300001B
:10A74000000E200014000000BC000000F0160D40B8
:10A750001400000004030000000E2000140000009C
:10A76000D400000004170D406E0000000403000038
:10A77000000E300014000000EC00000074170D40C3
:10A780004600000004030000000E2000140000003A
:10A7900004010000BC170D400B0000000403000082
:10A7A000000E2000140000001C010000FC170D40EA
:10A7B0008500000004030000000E200014000000CB
:10A7C0003401000084180D4017000000040300004D
:10A7D000000E2000140000004C0100009C180D40E9
:10A7E0007200000004030000000E200014000000AE
:10A7F0006401000010190D40660000000403000011
:10A80000000E2000140000007C01000078190D40AB
:10A810001E00000004030000000E200014000000D1
:10A820009401000098190D40580100000403000035
:10A83000000E200014000000AC010000F01A0D40D2
:10A840003600000004030000000E20001400000089
:10A85000C40100005C1B0D40E60000000403000082
:10A86000000E200014000000DC010000441C0D401C
:10A870005F00000004030000000E20001400000030
:10A88000F4010000A41C0D40FA00000004030000C5
:10A89000000E2000140000000C020000A01D0D405E
:10A8A0006600000004030000000E200014000000F9
:10A8B00024020000081E0D40830000000403000075
:10A8C000000E2000140000003C0200008C1E0D4011
:10A8D0007A00000004030000000E300014000000A5
:10A8E00054020000081F0D40850000000403000012
:10A8F000000E2000140000006C020000901F0D40AC
:10A90000A600000004030000000E20001400000058
:10A910008402000038200D40720000000403000093
:10A92000000E2000140000009C02000034210D40A5
:10A930008600000004030000000E20001400000048
:10A94000B4020000BC210D407600000004030000AA
:10A95000000E200014000000CC02000034220D4044
:10A960005200000004030000000E2000140000004C
:10A97000E402000088220D408F0000000403000064
:10A98000000E200014000000FC02000018230D40FF
:10A990003100000004030000000E2000140000003D
:10A9A000140300004C230D40750000000403000058
:10A9B000000E2000140000002C030000C4230D40F2
:10A9C0003805000004030000000E30000C000000F9
:10A9D000000000000300017C000C010014000000D6
:10A9E0001400000024290D402F0000000403000083
:10A9F000000E2000140000002C00000054290D401F
:10AA00002700000004030000000E200014000000D6
:10AA1000440000007C290D402700000004030000D2
:10AA2000000E2000140000005C000000A4290D406E
:10AA30004300000004030000000E2000140000008A
:10AA400074000000E8290D4012000000040300001B
:10AA5000000E2000140000008C000000FC290D40B6
:10AA60001400000004030000000E20001400000089
:10AA7000A40000000000000000000000040000002E
:10AA8000000E200014000000BC000000102A0D4041
:10AA90003400000004030000000E20001400000039
:10AAA000D4000000000000000000000004000000CE
:10AAB000000E200014000000EC000000442A0D40AD
:10AAC0001A00000004030000000E20001400000023
:10AAD00004010000602A0D40490100000403000049
:10AAE000000E2000140000001C0100000000000007
:10AAF0000000000004000000000E20001400000010
:10AB0000340100000000000000000000040000000C
:10AB1000000E2000140000004C01000000000000A6
:10AB20000000000004000000000E200014000000DF
:10AB300064010000000000000000000004000000AC
:10AB4000000E2000140000007C010000AC2B0D4022
:10AB50003600000004030000000E20001400000076
:10AB6000940100000000000000000000040000004C
:10AB7000000E200014000000AC01000000000000E6
:10AB80000000000004000000000E2000140000007F
:10AB9000C4010000000000000000000004000000EC
:10ABA000000E200014000000DC0100000000000086
:10ABB0000000000004000000000E2000140000004F
:10ABC000F40100000000000000000000040000008C
:10ABD000000E2000140000000C0200000000000025
:10ABE0000000000004000000000E2000140000001F
:10ABF000240200000000000000000000040000002B
:10AC0000000E2000140000003C02000000000000C4
:10AC10000000000004000000000E200014000000EE
:10AC200054020000000000000000000004000000CA
:10AC3000000E2000140000006C0200000000000064
:10AC40000000000004000000000E200014000000BE
:10AC5000840200000000000000000000040000006A
:10AC6000000E2000140000009C020000E42B0D40A8
:10AC70001400000004030000000E20000C0000007F
:10AC8000000000000300017C000C01001400000023
:10AC900014000000E4FF0E40220000000403000046
:10ACA000000E2000140000002C000000F82B0D40C6
:10ACB0001E00000004030000000E2000140000002D
:10ACC000440000000000000000000000040000003C
:10ACD000000EA001140000005C0000000000000055
:10ACE0000000000004000000000E2000140000001E
:10ACF00074000000182C0D40110000000403000037
:10AD0000000E2000140000008C00000008000F401E
:10AD10001400000004030000000E200014000000D6
:10AD2000A40000000000000000000000040000007B
:10AD3000000E200014000000BC0000000000000015
:10AD40000000000004000000000E7000140000006D
:10AD5000D40000000000000000000000040000001B
:10AD6000000E200014000000EC00000000000000B5
:10AD70000000000004000000000E2000140000008D
:10AD800004010000000000000000000004000000BA
:10AD9000000E2000140000001C0100000000000054
:10ADA0000000000004000000000E2000140000005D
:10ADB000340100000000000000000000040000005A
:10ADC000000E2000140000004C01000000000000F4
:10ADD0000000000004000000000E2000140000002D
:10ADE000640100002C2C0D406400000004030000EE
:10ADF000000E5000140000007C010000902C0D405B
:10AE00002B00000004030000000E200014000000CE
:10AE10009401000000000000000000000400000099
:10AE2000000E200014000000AC0100000000000033
:10AE30000000000004000000000E200014000000CC
:10AE4000C401000000000000000000000400000039
:10AE5000000E200014000000DC01000000000000D3
:10AE60000000000004000000000E2000140000009C
:10AE7000F4010000000000000000000004000000D9
:10AE8000000E2000140000000C0200000000000072
:10AE90000000000004000000000E2000140000006C
:10AEA0002402000000000000000000000400000078
:10AEB000000E2000140000003C0200000000000012
:10AEC0000000000004000000000E2000140000003C
:10AED0005402000000000000000000000400000018
:10AEE000000E2000140000006C02000000000000B2
:10AEF0000000000004000000000E800114000000AB
:10AF000084020000000000000000000004000000B7
:10AF1000000E2000140000009C0200000000000051
:10AF20000000000004000000000E200014000000DB
:10AF3000B402000000000000000000000400000057
:10AF4000000E200014000000CC02000000000000F1
:10AF50000000000004000000000E200014000000AB
:10AF6000E4020000BC2C0D40690100000403000055
:10AF7000000E300014000000FC020000282E0D40DE
:10AF80001600000004030000000E20001400000062
:10AF90001403000000000000000000000400000096
:10AFA000000E20000C000000000000000300017CE7
:10AFB000000C0100140000001400000000360D40D9
:10AFC0002700000004030000000E20001400000011
:10AFD0002C00000030360D40280000000403000063
:10AFE000000E30001800000000000000037A504CF2
:10AFF00000017C000600EC0C0E40000C010000007B
:10B000001800000020000000000000000000000008
:10B01000040000000004000000000E2018000000E2
:10B020003C000000000000000000000004000000E0
:10B030000004000000000E2018000000580000006E
:10B0400000000000000000000400000000040000F8
:10B0500000000E201800000000000000037A504C91
:10B0600000017C000600EC0C0E40000C010000000A
:10B070001800000020000000000000000000000098
:10B08000040000000004000000000E201800000072
:10B090003C0000004C630D401800000004E0A54097
:10B0A0003F04030000000E201800000058000000BC
:10B0B00064630D401400000004000000000403005D
:10B0C00000000E20180000007400000000000000C6
:10B0D00000000000040000000004000000000E401A
:10B0E000180000009000000078630D40210000006F
:10B0F000040000000004030000000E2018000000FF
:10B10000AC0000000000000000000000040000008F
:10B110000004000000000E2018000000C80000001D
:10B120000000000000000000040000000004000017
:10B1300000000E2018000000E40000009C630D4099
:10B140004000000004E4A5403F04030000000E306E
:10B150001800000000010000DC630D400D0000003D
:10B16000040000000004030000000E20180000008E
:10B170001C010000000000000000000004000000AE
:10B180000004000000000E3018000000380100002C
:10B1900000000000000000000400000000040000A7
:10B1A00000000E2018000000540100000000000004
:10B1B00000000000040000000004000000000E3049
:10B1C00018000000700100000000000000000000F6
:10B1D000040000000004000000000E301800000011
:10B1E0008C010000000000000000000004000000CE
:10B1F0000004000000000E3018000000A80100004C
:10B200000000000000000000040000000004000036
:10B2100000000E3018000000C40100000000000013
:10B2200000000000040000000004000000000E30D8
:10B2300018000000E0010000000000000000000015
:10B24000040000000004000000000E3018000000A0
:10B25000FC010000000000000000000004000000ED
:10B260000004000000000E3018000000180200006A
:10B2700000000000000000000400000000040000C6
:10B2800000000E3018000000340200000000000032
:10B2900000000000040000000004000000000E3068
:10B2A0001800000050020000000000000000000034
:10B2B000040000000004000000000E301800000030
:10B2C0006C0200000000000000000000040000000C
:10B2D0000004000000000E3018000000880200008A
:10B2E0000000000000000000040000000004000056
:10B2F00000000E3018000000A40200000000000052
:10B3000000000000040000000004000000000E30F7
:10B3100018000000C0020000000000000000000053
:10B32000040000000004000000000E3018000000BF
:10B33000DC0200000000000000000000040000002B
:10B340000004000000000E3018000000F8020000A9
:10B3500000000000000000000400000000040000E5
:10B3600000000E3018000000140300000000000070
:10B3700000000000040000000004000000000E3087
:10B380001800000030030000000000000000000072
:10B39000040000000004000000000E30180000004F
:10B3A0004C0300000000000000000000040000004A
:10B3B0000004000000000E301800000068030000C8
:10B3C0000000000000000000040000000004000075
:10B3D00000000E3018000000840300000000000090
:10B3E00000000000040000000004000000000E3017
:10B3F00018000000A0030000000000000000000092
:10B40000040000000004000000000E2018000000EE
:10B41000BC03000000000000000000000400000069
:10B420000004000000000E2018000000D8030000F7
:10B430000000000000000000040000000004000004
:10B4400000000E2018000000F403000000000000BF
:10B4500000000000040000000004000000000E30A6
:10B4600018000000100400000000000000000000B0
:10B47000040000000004000000000E20180000007E
:10B480002C04000000000000000000000400000088
:10B490000004000000000E20180000004804000016
:10B4A0000000000000000000040000000004000094
:10B4B00000000E20180000006404000000000000DE
:10B4C00000000000040000000004000000000E3036
:10B4D00018000000800400000000000000000000D0
:10B4E000040000000004000000000E20180000000E
:10B4F0009C040000000000000000000004000000A8
:10B500000004000000000E3018000000B804000025
:10B510000000000000000000040000000004000023
:10B5200000000E3018000000D404000000000000ED
:10B5300000000000040000000004000000000E20D5
:10B5400018000000F00400000000000000000000EF
:10B55000040000000004000000000E200C000000A9
:10B56000000000000300017C000C0100140000003A
:10B5700014000000EC630D40BA000000040300005A
:10B58000000E6000140000002C000000A8640D40B4
:10B590002301000004030000000E900214000000CC
:10B5A0004400000000000000000000000400000053
:10B5B000000E5000140000005C00000000000000BD
:10B5C0000000000004000000000E900114000000C4
:10B5D00074000000000000000000000004000000F3
:10B5E000000E8001140000008C000000000000002C
:10B5F0000000000004000000000E700014000000B5
:10B60000A400000000000000000000000400000092
:10B61000000E800114000000BC00000000000000CB
:10B620000000000004000000000E70001400000084
:10B63000D400000000000000000000000400000032
:10B64000000E700014000000EC000000000000007C
:10B650000000000004000000000E60001400000064
:10B6600004010000000000000000000004000000D1
:10B67000000E2000140000001C010000000000006B
:10B680000000000004000000000E60001400000034
:10B690003401000000000000000000000400000071
:10B6A000000E2000140000004C010000000000000B
:10B6B0000000000004000000000E20001400000044
:10B6C0006401000000000000000000000400000011
:10B6D000000E6000140000007C010000000000006B
:10B6E0000000000004000000000E600014000000D4
:10B6F00094010000000000000000000004000000B1
:10B70000000E400014000000AC010000000000002A
:10B710000000000004000000000E200014000000E3
:10B72000C401000060660D407F01000004030000BA
:10B73000000E60001800000000000000037A504C6A
:10B7400000017C000600EC0C0E40000C0100000023
:10B7500018000000200000000000000000000000B1
:10B76000040000000004000000000E20180000008B
:10B770003C00000000000000000000000400000089
:10B780000004000000000E20180000005800000017
:10B7900000000000000000000400000000040000A1
:10B7A00000000E20180000007400000000000000DF
:10B7B00000000000040000000004000000000E2053
:10B7C00018000000900000000000000000000000D1
:10B7D000040000000004000000000E20180000001B
:10B7E000AC000000000000000000000004000000A9
:10B7F0000004000000000E2018000000C800000037
:10B800000000000000000000040000000004000030
:10B8100000000E2018000000E400000000000000FE
:10B8200000000000040000000004000000000E20E2
:10B8300018000000000100000000000000000000EF
:10B84000040000000004000000000E2018000000AA
:10B850001C010000000000000000000004000000C7
:10B860000004000000000E30180000003801000045
:10B8700000000000000000000400000000040000C0
:10B8800000000E201800000054010000000000001D
:10B8900000000000040000000004000000000E2072
:10B8A000180000007001000000000000000000000F
:10B8B000040000000004000000000E20180000003A
:10B8C0008C010000000000000000000004000000E7
:10B8D0000004000000000E2018000000A801000075
:10B8E0000000000000000000040000000004000050
:10B8F00000000E2018000000C4010000000000003D
:10B9000000000000040000000004000000000E2001
:10B9100018000000E001000000000000000000002E
:10B92000040000000004000000000E200C000000D5
:10B93000000000000300017C000C01001400000066
:10B9400014000000E0670D40150000000403000033
:10B95000000E2000140000002C000000F8670D40CD
:10B960001500000004030000000E20001400000079
:10B970004400000010680D401000000004030000A7
:10B98000000E2000140000005C0000002C680D4038
:10B990001D00000004030000000E20001400000041
:10B9A000740000004C680D401D00000004030000FE
:10B9B000000E2000140000008C0000006C680D4098
:10B9C0001E00000004030000000E20000C00000018
:10B9D000000000000300017C000C010014000000C6
:10B9E00014000000CC680D40220000000403000099
:10B9F000000E2000140000002C00000000000000D9
:10BA00000000000004000000000E400014000000D0
:10BA100044000000F0680D40BB000000040300007B
:10BA2000000E3000140000005C000000AC690D4006
:10BA30007800000004030000000E30001400000035
:10BA4000740000000000000000000000040000007E
:10BA5000000E20000C000000000000000300017C2C
:10BA6000000C01001400000014000000246A0D40C6
:10BA70008500000004030000000E200014000000F8
:10BA80002C000000AC6A0D404200000004030000DE
:10BA9000000E20000C000000000000000300017CEC
:10BAA000000C01001400000014000000CC6B0D40DD
:10BAB0003400000004030000000E20001400000009
:10BAC0002C000000006C0D40140000000403000076
:10BAD000000E20001400000044000000146C0D4013
:10BAE0009000000004030000000E5000140000004D
:10BAF0005C00000008020F405D000000040300002D
:10BB0000000E30001400000074000000A46C0D4012
:10BB10006100000004030000000E2000140000007B
:10BB20008C00000068020F40810000000403000048
:10BB3000000E300014000000A4000000000000000F
:10BB40000000000004000000000E200014000000AF
:10BB5000BC00000000000000000000000400000025
:10BB6000000E800114000000D4000000000000005E
:10BB70000000000004000000000E3000140000006F
:10BB8000EC000000EC020F4028000000040300005D
:10BB9000000E20001400000004010000446D0D4060
:10BBA0003B00000004030000000E20001400000011
:10BBB0001C01000000000000000000000400000064
:10BBC000000E2000140000003401000000000000FE
:10BBD0000000000004000000000E2000140000001F
:10BBE0004C01000000000000000000000400000004
:10BBF000000E20001400000064010000000000009E
:10BC00000000000004000000000E200014000000EE
:10BC10007C010000000000000000000004000000A3
:10BC2000000E60001400000094010000C46D0D407F
:10BC30004401000004030000000E60001400000036
:10BC4000AC010000086F0D40C401000004030000B7
:10BC5000000E700014000000C4010000000000008D
:10BC60000000000004000000000E9001140000001D
:10BC7000DC010000000000000000000004000000E3
:10BC8000000E900114000000F4010000CC700D4083
:10BC90005700000004030000000E600014000000C4
:10BCA0000C02000000000000000000000400000082
:10BCB000000E6000140000002402000024710D40FA
:10BCC0005603000004030000000E90011400000061
:10BCD0003C0200007C740D40700100000403000071
:10BCE000000E50001400000054020000EC750D40DE
:10BCF000C200000004030000000E50001800000005
:10BD000000000000037A504C00017C000600EC0C9F
:10BD10000E40000C01000000180000002000000090
:10BD2000000000000000000004000000000400000B
:10BD300000000E20180000003C000000C4760D40FA
:10BD400044000000040000000004030000000E2076
:10BD50001800000058000000000000000000000073
:10BD6000040000000004000000000E201800000085
:10BD70007400000008770D406303000004F4A54040
:10BD80003F04030000000E700C00000000000000E3
:10BD90000300017C000C01001400000014000000EE
:10BDA0006C7A0D403500000004030000000E2000F6
:10BDB0000C000000000000000300017C000C0100EA
:10BDC0001400000014000000A47A0D402C000000B4
:10BDD00004030000000E2000140000002C000000EE
:10BDE000D07A0D402800000004030000000E20005F
:10BDF00014000000440000000000000000000000EB
:10BE000004000000000E20000C00000000000000F4
:10BE10000300017C000C010014000000140000006D
:10BE2000000000000000000004000000000E2000E0
:10BE3000140000002C0000000000000000000000C2
:10BE400004000000000E2000140000004400000068
:10BE5000000000000000000004000000000E2000B0
:10BE6000140000005C000000000000000000000062
:10BE700004000000000E20000C0000000000000084
:10BE80000300017C000C01001400000014000000FD
:10BE9000000000000000000004000000000E200070
:10BEA0001800000000000000037A504C00017C00E4
:10BEB0000600EC0C0E40000C010000001800000011
:10BEC0002000000078060F4034000000040000004D
:10BED0000004030000000E30180000003C000000C9
:10BEE000AC0A0E40DB000000040000000004030068
:10BEF00000000E301800000058000000880B0E40B3
:10BF00004E000000040000000004030000000E309A
:10BF10001800000074000000D80B0E40380000002C
:10BF2000040000000004030000000E4018000000A0
:10BF300090000000100C0E405800000004000000AB
:10BF40000004030000000E2018000000AC000000F8
:10BF5000680C0E401C0000000400000000040300F8
:10BF600000000E2018000000C8000000840C0E40E5
:10BF700068000000040000000004030000000E3010
:10BF800018000000E4000000EC0C0E40C7020000A6
:10BF90000404A6403F04030000000E7018000000D7
:10BFA00000010000B40F0E407D0000000420A640F8
:10BFB0003F04030000000E401800000000000000D5
:10BFC000037A504C00017C000600EC0C0E40000C83
:10BFD00001000000180000002000000034100E4096
:10BFE000360000000438A6403F04030000000E2085
:10BFF0000C000000000000000300017C000C0100A8
:10C000001400000014000000C8100E402C000000B6
:10C0100004030000000E2000140000002C000000AB
:10C02000F4100E408C00000004030000000E4000DD
:10C03000140000004400000080110E4026000000A3
:10C0400004030000000E20000C00000000000000AF
:10C050000300017C000C010014000000140000002B
:10C0600038120E406200000004030000000E2000A1
:10C070000C000000000000000300017C000C010027
:10C080001400000014000000000000000000000088
:10C0900004000000000E2000140000002C0000002E
:10C0A000000000000000000004000000000E20005E
:10C0B00014000000440000009C120E4050000000DC
:10C0C00004030000000E2000180000000000000023
:10C0D000037A504C00017C000600EC0C0E40000C72
:10C0E000010000001800000020000000EC120E40CB
:10C0F00032000000044CA6403F04030000000E2064
:10C10000180000003C0000003C130E400900000035
:10C11000040000000004030000000E2018000000CE
:10C120005800000058130E400900000004000000F1
:10C130000004030000000E200C00000000000000BE
:10C140000300017C000C010014000000140000003A
:10C15000BC060F403200000004030000000E300057
:10C16000140000002C00000044140E4020000000C9
:10C1700004030000000E2000180000000000000072
:10C18000037A504C00017C000600EC0C0E40000CC1
:10C190000100000018000000200000000000000066
:10C1A00000000000040000000004000000000E2059
:10C1B000180000003C00000000000000000000002B
:10C1C000040000000004000000000E201800000021
:10C1D0005800000000000000000000000400000003
:10C1E0000004000000000E30180000007400000081
:10C1F0000000000000000000040000000004000037
:10C2000000000E3018000000900000000000000048
:10C2100000000000040000000004000000000E20E8
:10C2200018000000AC00000000000000000000004A
:10C23000040000000004000000000E2018000000B0
:10C24000C800000000000000000000000400000022
:10C250000004000000000E2018000000E4000000B0
:10C2600000000000000000000400000000040000C6
:10C2700000000E20180000000001000064140E40B1
:10C28000520000000469A6403F04030000000E2095
:10C29000180000001C010000B8140E400B00000044
:10C2A0000479A6403F04030000000E20180000009F
:10C2B00000000000037A504C00017C000600EC0CEA
:10C2C0000E40000C010000001800000020000000DB
:10C2D000C4140E402000000004000000000403000D
:10C2E00000000E20180000003C000000E4140E4086
:10C2F0001A000000047DA6403F04030000000E2049
:10C30000180000005800000000150E403600000024
:10C310000481A6403F04030000000E201800000026
:10C32000740000005C150E40120000000485A64059
:10C330003F04030000000E200C000000000000007D
:10C340000300017C000C0100140000001400000038
:10C35000000000000000000004000000000E2000AB
:10C360000C000000000000000300017C000C010034
:10C370001400000014000000000000000000000095
:10C3800004000000000E20000C000000000000006F
:10C390000300017C000C01001400000014000000E8
:10C3A000000000000000000004000000000E20005B
:10C3B0000C000000000000000300017C000C0100E4
:10C3C0001400000014000000000000000000000045
:10C3D00004000000000E20000C000000000000001F
:10C3E0000300017C000C0100140000001400000098
:10C3F000CC170E40BA01000004030000000E4000FC
:10C40000140000002C000000C8190E406400000059
:10C4100004030000000E400014000000440000006F
:10C420002C1A0E407400000004030000000E60008F
:10C43000140000005C000000F41A0E40150000001B
:10C4400004030000000E300018000000740000001B
:10C450001C1B0E40E600000004060000000C07B0A4
:10C46000010000001800000090000000041C0E40B5
:10C470008E00000004050000000C07A00100000071
:10C4800018000000AC000000941C0E409400000056
:10C4900004050000000C07A00100000018000000C7
:10C4A000C8000000281D0E40960000000407000090
:10C4B000000C07A00100000014000000E4000000D0
:10C4C000C01D0E401000000004030000000E2000FC
:10C4D00014000000FC000000D01D0E4050000000C1
:10C4E00004050000000C07700C00000000000000B4
:10C4F0000300017C000C0100140000001400000087
:10C50000841E0E405A00000004030000000E30009C
:10C51000140000002C000000E01E0E40500000003F
:10C5200004030000000E300014000000440000006E
:10C5300028240E408E03000004030000000E50006B
:10C54000140000005C000000C4270E403A00000008
:10C5500004030000000E200014000000740000001E
:10C5600000280E401000000004030000000E200010
:10C57000140000008C00000010280E40160000007F
:10C5800004030000000E200014000000A4000000BE
:10C5900028280E403200000004030000000E200096
:10C5A00014000000BC0000005C280E4010000000D9
:10C5B00004030000000E200014000000D40000005E
:10C5C0006C280E401200000004030000000E200042
:10C5D00014000000EC00000080280E4093000000D2
:10C5E00004030000000E20001400000004010000FD
:10C5F00014290E400C00000004030000000E20006F
:10C60000140000001C01000020290E40140000004E
:10C6100004030000000E200014000000340100009C
:10C6200034290E40CA00000004030000000E300050
:10C630000000000000000000FC280D40A0540D4048
:10C64000EC7D0D4084840D40D8D40D4010FA0D408F
:10C6500064140E4038150E40FFFFFFFFB8140E4063
:10C660005C150E4000000000F01FF83F0020F83F6E
:10C6700000000840DCD3084060DBFB3F782FFC3F24
:10C680000000803F0000C03F00E0FA3FE0E6FA3FD4
:10C69000203FFE3F5043FE3F0000FE3F4004FE3F70
:10C6A000008007400000084000000740008007406D
:10C6B000E0E6FA3F10FFFA3F28DBFB3F5CDBFB3F85
:10C6C0000080FB3F209AFB3F0000FB3F8863FB3F5D
:020000043FFBC0
:10DB60006C3308400100000001000000000070421A
:10DB700000001041000080410000F041000096428A
:10DB80000000A8410000C0400000A8410AD7233D82
:10DB9000000020400000803F0AD7233C0101010122
:10DBA0000000A04000004041B304403F666666416B
:10DBB0009A9959410000A041BB04403F9A996141A4
:10DBC000CDCC5C4100007041BF04403F33336B411A
:10DBD000000058410000C84101010C03030000008F
:10DBE000F8DBFB3FFFFF3FB3000000000300000035
:10DBF00000000000000000000040F43F00000000B2
:10DC0000FFFF3FB300000000FFFF3FB30000000034
:10DC10000100000018DCFB3F7C1AFC3F2018FC3F91
:10DC2000001BFC3F841BFC3FE819FC3F0000000088
:10DC3000FFFFFFFFFFFF3FB300000000FFFF3FB308
:10DC400000000000FFFF3FB30000000000000000E4
:10DC500000000000000000000000000000000000C4
:10DC600000000000000000000000000000000000B4
:10DC700000000000000000000000000000000000A4
:10DC80000000000000000000FFFF3FB300000000A4
:10DC9000FFFF3FB3000000000000F43F0000000061
:10DCA0000080F43F0100000000F0F53F00FFFF009E
:10DCB000FFFF00FFFF00FFFF00FFFF00FFFF00FF6F
:10DCC000FF00FFFF00FFFF00FFFF00FFFF00FFFF5F
:10DCD00000FFFF00FFFF00FFFF00FFFF00FFFF004E
:10DCE000FFFF00FFFF00FFFF00FFFF00FFFF00FF3F
:10DCF000FF00FFFF00FFFF00FFFF00FFFF00FFFF2F
:10DD000000FFFF00FFFF00FFFF00FFFF00FFFF001D
:10DD1000FFFF00FFFF00FFFF00FFFF00FFFF00FF0E
:10DD2000FF00FFFF00FFFF00FFFF00FFFF00FFFFFE
:10DD300000FFFF00FFFF00FFFF00FFFF00FFFF00ED
:10DD4000FFFF00FFFF00FFFF00FFFF00FFFF00FFDE
:10DD5000FF00FFFF00FFFF00FFFF00FFFF00FFFFCE
:10DD600000FFFF00FFFF00FFFF00FFFFFFFF3FB3CB
:10DD7000000000000000F43FFFFFFFFF0000000074
:10DD80000000000000000000000000000100000092
:10DD9000D49F0D4024A00D400000F53FFFFFFFFF82
:10DDA0000000000000000000000000000000000073
:10DDB00001000000D49F0D4024A00D4000E0F63F7C
:10DDC000FFFFFFFF00000000000000000000000057
:10DDD0000000000001000000D49F0D4024A00D4071
:10DDE0000200000078AC0D402CC20840903508407D
:10DDF0008035084074350840A0AC0D40F8AC0D40AB
:10DE0000B8350840A435084018AD0D4060AC0D4051
:10DE1000E0520840403508402CC2084068350840B0
:10DE200054AC0D4044AC0D40543508405C410840B2
:10DE3000AFBEADDE789B0E4001000000FFFFFFFF8C
:10DE4000FFFF3FB300000000FFFF3FB300000000F2
:10DE5000FFFF3FB300000000FFFF3FB300000000E2
:10DE6000FFFF3FB300000000F03D0840000000004D
:10DE7000F03D084001000000F03D084002000000B5
:10DE8000F03D084003000000F03D084004000000A1
:10DE9000F03D084005000000F03D0840060000008D
:10DEA000F03D084007000000F03D08400800000079
:10DEB000F03D084009000000F03D08400A00000065
:10DEC000F03D08400B000000F03D08400C00000051
:10DED000F03D08400D000000F03D08400E0000003D
:10DEE000F03D08400F000000F03D08401000000029
:10DEF000F03D084011000000F03D08401200000015
:10DF0000F03D084013000000F03D08401400000000
:10DF1000F03D084015000000F03D084016000000EC
:10DF2000F03D084017000000F03D084018000000D8
:10DF3000F03D084019000000F03D08401A000000C4
:10DF4000F03D08401B000000F03D08401C000000B0
:10DF5000F03D08401D000000F03D08401E0000009C
:10DF6000F03D08401F000000F03D08402000000088
:10DF7000F03D084021000000F03D08402200000074
:10DF8000F03D084023000000F03D08402400000060
:10DF9000F03D084025000000F03D0840260000004C
:10DFA000F03D084027000000F03D08402800000038
:10DFB000F03D084029000000F03D08402A00000024
:10DFC000F03D08402B000000F03D08402C00000010
:10DFD000F03D08402D000000F03D08402E000000FC
:10DFE000F03D08402F000000F03D084030000000E8
:10DFF000F03D084031000000F03D084032000000D4
:10E00000F03D084033000000F03D084034000000BF
:10E01000F03D084035000000F03D084036000000AB
:10E02000F03D084037000000F03D08403800000097
:10E03000F03D084039000000F03D08403A00000083
:10E04000F03D08403B000000F03D08403C0000006F
:10E05000F03D08403D000000F03D08403E0000005B
:10E06000F03D08403F000000E8330840E833084036
:10E07000E8330840E8330840E8330840E833084014
:10E08000E8330840E8330840E8330840E833084004
:10E09000E8330840E8330840E8330840E8330840F4
:10E0A000E8330840E8330840E8330840E8330840E4
:10E0B000E8330840E8330840E8330840E8330840D4
:10E0C000E8330840E8330840E8330840E8330840C4
:10E0D000E8330840E8330840E8330840E8330840B4
:10E0E000E8330840E8330840E8330840E8330840A4
:10E0F000E8330840E8330840E8330840E833084094
:10E10000E8330840E8330840E8330840E833084083
:10E11000E8330840E8330840E8330840E833084073
:10E12000E8330840E8330840E8330840E833084063
:10E13000E8330840E8330840E8330840E833084053
:10E14000E8330840E8330840E8330840E833084043
:10E15000E8330840E8330840E8330840E833084033
:10E16000E8330840E8330840E8330840E833084023
:10E17000E8330840E8330840E8330840E833084013
:10E18000E8330840E8330840E8330840E833084003
:10E19000E8330840E8330840E8330840E8330840F3
:10E1A000E8330840E8330840E8330840E8330840E3
:10E1B000E8330840E8330840E8330840E8330840D3
:10E1C000E8330840E8330840E8330840E8330840C3
:10E1D000E8330840E8330840E8330840E8330840B3
:10E1E000E8330840E8330840E8330840E8330840A3
:10E1F000E8330840E8330840E8330840E833084093
:10E20000E8330840E8330840E8330840E833084082
:10E21000E8330840E8330840E8330840E833084072
:10E22000E8330840E8330840E8330840E833084062
:10E23000E8330840E8330840E8330840E833084052
:10E24000E8330840E8330840E8330840E833084042
:10E25000E8330840E8330840E8330840E833084032
:10E26000E8330840E8330840FFFF3FB300000000F8
:10E27000FFFFFFFFFFFFFFFFFFFFFFFFFFFFFFFFAE
:10E28000FFFF3FB30000000000000000000000009E
:10E29000000000000000000000000000000000007E
:10E2A000000000000000000000000000000000006E
:10E2B000000000000000000000000000000000005E
:10E2C000000000000000000000000000000000004E
:10E2D000000000000000000000000000000000003E
:10E2E000000000000000000000000000000000002E
:10E2F000000000000000000000000000000000001E
:10E30000000000000000000000000000000000000D
:10E3100000000000000000000000000000000000FD
:10E3200000000000000000000000000000000000ED
:10E3300000000000000000000000000000000000DD
:10E3400000000000000000000000000000000000CD
:10E3500000000000000000000000000000000000BD
:10E3600000000000000000000000000000000000AD
:10E37000000000000000000000000000000000009D
:10E38000000000000000000000000000000000008D
:10E39000000000000000000000000000000000007D
:10E3A000000000000000000000000000000000006D
:10E3B000000000000000000000000000000000005D
:10E3C000000000000000000000000000000000004D
:10E3D000000000000000000000000000000000003D
:10E3E000000000000000000000000000000000002D
:10E3F000000000000000000000000000000000001D
:10E40000000000000000000000000000000000000C
:10E4100000000000000000000000000000000000FC
:10E4200000000000000000000000000000000000EC
:10E4300000000000000000000000000000000000DC
:10E4400000000000000000000000000000000000CC
:10E4500000000000000000000000000000000000BC
:10E4600000000000000000000000000000000000AC
:10E47000000000000000000000000000000000009C
:10E48000000000000000000000000000000000008C
:10E49000000000000000000000000000000000007C
:10E4A000000000000000000000000000000000006C
:10E4B000000000000000000000000000000000005C
:10E4C000000000000000000000000000000000004C
:10E4D000000000000000000000000000000000003C
:10E4E000000000000000000000000000000000002C
:10E4F000000000000000000000000000000000001C
:10E50000000000000000000000000000000000000B
:10E5100000000000000000000000000000000000FB
:10E5200000000000000000000000000000000000EB
:10E5300000000000000000000000000000000000DB
:10E5400000000000000000000000000000000000CB
:10E5500000000000000000000000000000000000BB
:10E5600000000000000000000000000000000000AB
:10E57000000000000000000000000000000000009B
:10E58000000000000000000000000000000000008B
:10E59000000000000000000000000000000000007B
:10E5A000000000000000000000000000000000006B
:10E5B000000000000000000000000000000000005B
:10E5C000000000000000000000000000000000004B
:10E5D000000000000000000000000000000000003B
:10E5E000000000000000000000000000000000002B
:10E5F000000000000000000000000000000000001B
:10E60000000000000000000000000000000000000A
:10E6100000000000000000000000000000000000FA
:10E6200000000000000000000000000000000000EA
:10E6300000000000000000000000000000000000DA
:10E6400000000000000000000000000000000000CA
:10E6500000000000000000000000000000000000BA
:10E6600000000000000000000000000000000000AA
:10E67000000000000000000000000000000000009A
:10E68000000000000000000000000000000000008A
:10E69000000000000000000000000000000000007A
:10E6A000000000000000000000000000000000006A
:10E6B000000000000000000000000000000000005A
:10E6C000000000000000000000000000000000004A
:10E6D000000000000000000000000000000000003A
:10E6E000000000000000000000000000000000002A
:10E6F000000000000000000000000000000000001A
:10E700000000000000000000000000000000000009
:10E7100000000000000000000000000000000000F9
:10E7200000000000000000000000000000000000E9
:10E7300000000000000000000000000000000000D9
:10E7400000000000000000000000000000000000C9
:10E7500000000000000000000000000000000000B9
:10E7600000000000000000000000000000000000A9
:10E770000000000000000000000000000000000099
:10E780000000000000000000000000000000000089
:10E790000000000000000000000000000000000079
:10E7A0000000000000000000000000000000000069
:10E7B0000000000000000000000000000000000059
:10E7C0000000000000000000000000000000000049
:10E7D0000000000000000000000000000000000039
:10E7E0000000000000000000000000000000000029
:10E7F0000000000000000000000000000000000019
:10E800000000000000000000000000000000000008
:10E8100000000000000000000000000000000000F8
:10E8200000000000000000000000000000000000E8
:10E8300000000000000000000000000000000000D8
:10E8400000000000000000000000000000000000C8
:10E8500000000000000000000000000000000000B8
:10E8600000000000000000000000000000000000A8
:10E870000000000000000000000000000000000098
:10E880000000000000000000000000000000000088
:10E890000000000000000000000000000000000078
:10E8A0000000000000000000000000000000000068
:10E8B0000000000000000000000000000000000058
:10E8C0000000000000000000000000000000000048
:10E8D0000000000000000000000000000000000038
:10E8E0000000000000000000000000000000000028
:10E8F0000000000000000000000000000000000018
:10E900000000000000000000000000000000000007
:10E9100000000000000000000000000000000000F7
:10E9200000000000000000000000000000000000E7
:10E9300000000000000000000000000000000000D7
:10E9400000000000000000000000000000000000C7
:10E9500000000000000000000000000000000000B7
:10E9600000000000000000000000000000000000A7
:10E970000000000000000000000000000000000097
:10E980000000000000000000000000000000000087
:10E990000000000000000000000000000000000077
:10E9A0000000000000000000000000000000000067
:10E9B0000000000000000000000000000000000057
:10E9C0000000000000000000000000000000000047
:10E9D0000000000000000000000000000000000037
:10E9E0000000000000000000000000000000000027
:10E9F0000000000000000000000000000000000017
:10EA00000000000000000000000000000000000006
:10EA100000000000000000000000000000000000F6
:10EA200000000000000000000000000000000000E6
:10EA300000000000000000000000000000000000D6
:10EA400000000000000000000000000000000000C6
:10EA500000000000000000000000000000000000B6
:10EA600000000000000000000000000000000000A6
:10EA70000000000000000000000000000000000096
:10EA80000000000000000000000000000000000086
:10EA90000000000000000000000000000000000076
:10EAA0000000000000000000000000000000000066
:10EAB0000000000000000000000000000000000056
:10EAC0000000000000000000000000000000000046
:10EAD0000000000000000000000000000000000036
:10EAE0000000000000000000000000000000000026
:10EAF0000000000000000000000000000000000016
:10EB00000000000000000000000000000000000005
:10EB100000000000000000000000000000000000F5
:10EB200000000000000000000000000000000000E5
:10EB300000000000000000000000000000000000D5
:10EB400000000000000000000000000000000000C5
:10EB500000000000000000000000000000000000B5
:10EB600000000000000000000000000000000000A5
:10EB70000000000000000000000000000000000095
:10EB80000000000000000000000000000000000085
:10EB90000000000000000000000000000000000075
:10EBA0000000000000000000000000000000000065
:10EBB0000000000000000000000000000000000055
:10EBC0000000000000000000000000000000000045
:10EBD0000000000000000000000000000000000035
:10EBE0000000000000000000000000000000000025
:10EBF0000000000000000000000000000000000015
:10EC00000000000000000000000000000000000004
:10EC100000000000000000000000000000000000F4
:10EC200000000000000000000000000000000000E4
:10EC300000000000000000000000000000000000D4
:10EC400000000000000000000000000000000000C4
:10EC500000000000000000000000000000000000B4
:10EC600000000000000000000000000000000000A4
:10EC70000000000000000000000000000000000094
:10EC80000000000000000000000000000000000084
:10EC90000000000000000000000000000000000074
:10ECA0000000000000000000000000000000000064
:10ECB0000000000000000000000000000000000054
:10ECC0000000000000000000000000000000000044
:10ECD0000000000000000000000000000000000034
:10ECE0000000000000000000000000000000000024
:10ECF0000000000000000000000000000000000014
:10ED00000000000000000000000000000000000003
:10ED100000000000000000000000000000000000F3
:10ED200000000000000000000000000000000000E3
:10ED300000000000000000000000000000000000D3
:10ED400000000000000000000000000000000000C3
:10ED500000000000000000000000000000000000B3
:10ED600000000000000000000000000000000000A3
:10ED70000000000000000000000000000000000093
:10ED80000000000000000000000000000000000083
:10ED90000000000000000000000000000000000073
:10EDA0000000000000000000000000000000000063
:10EDB0000000000000000000000000000000000053
:10EDC0000000000000000000000000000000000043
:10EDD0000000000000000000000000000000000033
:10EDE0000000000000000000000000000000000023
:10EDF0000000000000000000000000000000000013
:10EE00000000000000000000000000000000000002
:10EE100000000000000000000000000000000000F2
:10EE200000000000000000000000000000000000E2
:10EE300000000000000000000000000000000000D2
:10EE400000000000000000000000000000000000C2
:10EE500000000000000000000000000000000000B2
:10EE600000000000000000000000000000000000A2
:10EE70000000000000000000000000000000000092
:10EE80000000000000000000000000000000000082
:10EE90000000000000000000000000000000000072
:10EEA0000000000000000000000000000000000062
:10EEB0000000000000000000000000000000000052
:10EEC0000000000000000000000000000000000042
:10EED0000000000000000000000000000000000032
:10EEE0000000000000000000000000000000000022
:10EEF0000000000000000000000000000000000012
:10EF00000000000000000000000000000000000001
:10EF100000000000000000000000000000000000F1
:10EF200000000000000000000000000000000000E1
:10EF300000000000000000000000000000000000D1
:10EF400000000000000000000000000000000000C1
:10EF500000000000000000000000000000000000B1
:10EF600000000000000000000000000000000000A1
:10EF70000000000000000000000000000000000091
:10EF80000000000000000000000000000000000081
:10EF90000000000000000000000000000000000071
:10EFA0000000000000000000000000000000000061
:10EFB0000000000000000000000000000000000051
:10EFC0000000000000000000000000000000000041
:10EFD0000000000000000000000000000000000031
:10EFE0000000000000000000000000000000000021
:10EFF0000000000000000000000000000000000011
:10F000000000000000000000000000000000000000
:10F0100000000000000000000000000000000000F0
:10F0200000000000000000000000000000000000E0
:10F0300000000000000000000000000000000000D0
:10F0400000000000000000000000000000000000C0
:10F0500000000000000000000000000000000000B0
:10F0600000000000000000000000000000000000A0
:10F070000000000000000000000000000000000090
:10F080000000000000000000000000000000000080
:10F090000000000000000000000000000000000070
:10F0A0000000000000000000000000000000000060
:10F0B0000000000000000000000000000000000050
:10F0C0000000000000000000000000000000000040
:10F0D0000000000000000000000000000000000030
:10F0E0000000000000000000000000000000000020
:10F0F0000000000000000000000000000000000010
:10F1000000000000000000000000000000000000FF
:10F1100000000000000000000000000000000000EF
:10F1200000000000000000000000000000000000DF
:10F1300000000000000000000000000000000000CF
:10F1400000000000000000000000000000000000BF
:10F1500000000000000000000000000000000000AF
:10F16000000000000000000000000000000000009F
:10F17000000000000000000000000000000000008F
:10F18000000000000000000000000000000000007F
:10F19000000000000000000000000000000000006F
:10F1A000000000000000000000000000000000005F
:10F1B000000000000000000000000000000000004F
:10F1C000000000000000000000000000000000003F
:10F1D000000000000000000000000000000000002F
:10F1E000000000000000000000000000000000001F
:10F1F000000000000000000000000000000000000F
:10F2000000000000000000000000000000000000FE
:10F2100000000000000000000000000000000000EE
:10F2200000000000000000000000000000000000DE
:10F2300000000000000000000000000000000000CE
:10F2400000000000000000000000000000000000BE
:10F2500000000000000000000000000000000000AE
:10F26000000000000000000000000000000000009E
:10F27000000000000000000000000000000000008E
:10F28000000000000000000000000000000000007E
:10F29000000000000000000000000000000000006E
:10F2A000000000000000000000000000000000005E
:10F2B000000000000000000000000000000000004E
:10F2C000000000000000000000000000000000003E
:10F2D000000000000000000000000000000000002E
:10F2E000000000000000000000000000000000001E
:10F2F000000000000000000000000000000000000E
:10F300000000000000000000FFFF3FB3000000000D
:10F31000FFFF3FB3000000003091084038C20840B2
:10F3200044C2084050C2084064C2084074C008404B
:10F3300038040F40DC9C0D40204B0840104B084027
:10F340005CC10D40989C0D40389C0D40F49B0D40D5
:10F35000AC9B0D40A0C10D4038040F4038040F4055
:10F36000000000001C9B0D4070990D40389A0D4024
:10F37000849A0D40D09A0D40544908406C49084089
:10F380008449084084490840C0490840D0490840A1
:10F39000E0490840F0490840004A0840104A084047
:10F3A0000000000000000000EC81403FF081403F81
:10F3B0000000000001000000FFFF3FB3000000005C
:10F3C000000000000000000000000000000000003D
:10F3D000FFFF3FB30000000001000000FFFF3FB34C
:10F3E000000000000000F43FFFFF3FB300000000FA
:10F3F000000000000000F53FFFFF3FB300000000E9
:10F400000000000000E0F63FFFFF3FB300000000F7
:10F41000000000000000000000000020300000009C
:10F42000000000007000002000000000000000004C
:10F4300000000000000000000000000000000000CC
:10F4400000000000000000000000000000000000BC
:10F4500000000000000000000000000000000000AC
:10F4600000000000FFFF000000000000000000009E
:10F47000000000000000000000000000000000008C
:10F4800000000000FFFF3FB300000000FFFF3FB39C
:10F49000000000000201280300003C008000000082
:10F4A00074C0084030130E4001000000FFFFFFFF52
:10F4B0008C9B403F7C240840E82508400000000069
:10F4C0000000000000000000000000009823084039
:10F4D0005025084028630D403C630D40E4610D4019
:10F4E00070180840E8F4FB3F94520840C0520840AE
:10F4F00004620D40D818084018F5FB3F00000000DA
:10F5000074F5FB3F00000000030000000000000055
:10F5100000000000000000000000000000000000EB
:10F5200000000000000000000000000000000000DB
:10F5300000000000000000000000000000000000CB
:10F540009C220840C4220840602208400C22084047
:10F55000C8210840BC2108401C220840A8220840BD
:10F56000000000000000000000000000000000009B
:10F57000000000000C230840E822084000000000C2
:10F58000D822084000000000000000000000000039
:10F590000000000000000000400D030000093D00D5
:10F5A000A08F3E00C027090020A10700CCF5FB3F3B
:10F5B000D2F5FB3FD8A40840F8A4084018A508409D
:10F5C00048A5084058A5084060A50840080A080852
:10F5D00008000406080808002CAC084028A80840C9
:10F5E00000C3084058AA08407CAA0840D8AA08408E
:10F5F000A0C20840A8AB084030AB084034950D408D
:10F60000A8C3084094A9084058950D40E8C3084095
:10F61000D8AB084014A608401CAC0840E4C208401F
:10F62000000000000CAC084014AC084010AD0840CD
:10F63000537461636B20736D617368696E672070CA
:10F64000726F74656374206661696C757265210000
:10F650005461736B732063757272656E746C79207C
:10F6600072756E6E696E673A0043505520302F31C7
:10F67000004350552031004350552030004488400D
:10F6800084486C60646854585C3438303C4C50702A
:10F6900074787C808CFF24282CFFFFFFFF1C201433
:10F6A0001804080C10000000180000000000000002
:10F6B000000000000000000000000000000000004A
:10F6C000000000000000000000000000000000003A
:10F6D000000000000000000000000000000000002A
:10F6E000000000000000000000000000000000001A
:10F6F0004520282575292025733A20436F726520FF
:10F7000064756D702077726974652062696E6172CC
:10F7100079206661696C6564207769746820657218
:10F72000726F723D25640A006573705F636F726566
:10F730005F64756D705F636F6D6D6F6E004520283F
:10F740002575292025733A20496E636F72726563AF
:10F75000742073697A65206F6620636F7265206418
:10F76000756D7020696D6167653A2025640A0045F2
:10F7700020282575292025733A204661696C656427
:10F7800020746F207265616420636F7265206475F8
:10F790006D7020646174612073697A652028256426
:10F7A00029210A004520282575292025733A20544F
:10F7B0006F6F20736D616C6C20636F726520647570
:10F7C0006D7020706172746974696F6E210A0045F2
:10F7D00020282575292025733A204E6F20636F72EB
:10F7E000652064756D7020706172746974696F6EE4
:10F7F00020666F756E64210A004520282575292032
:10F8000025733A20436F72652064756D70206461C2
:10F81000746120636865636B206661696C65643A36
:10F820000A004520282575292025733A204661695C
:10F830006C656420746F2072656164206368656321
:10F840006B73756D2066726F6D20636F72652064D7
:10F85000756D702028256429210A0045202825750A
:10F86000292025733A204661696C656420746F20F5
:10F870007265616420646174612066726F6D2063DB
:10F880006F72652064756D702028256429210A0037
:10F890004520282575292025733A20496E76616C0C
:10F8A000696420666C617368207061727469746940
:10F8B0006F6E20636F6E666967210A0045202825F8
:10F8C00075292025733A20436F72652064756D7029
:10F8D00020666C61736820636F6E66696720697368
:10F8E00020636F7272757074656421204352433DCA
:10F8F0003078257820696E7374656164206F6620A6
:10F90000307825780A004520282575292025733A66
:10F91000204661696C656420746F20666C7573683D
:10F9200020636163686564206461746120746F2082
:10F93000666C6173682028256429210A0045202807
:10F940002575292025733A204661696C6564207409
:10F950006F20666C757368206361636865642064FA
:10F9600061746120746F20666C617368202825645F
:10F9700029210A004520282575292025733A20468B
:10F9800061696C656420746F2065726173652066BF
:10F990006C6173682028256429210A0045202825E8
:10F9A00075292025733A204E6F7420656E6F756738
:10F9B0006820737061636520746F207361766520C1
:10F9C000636F72652064756D70210A0045202825DB
:10F9D00075292025733A204661696C656420746F2F
:10F9E000207772697465206461746120746F206689
:10F9F0006C6173682028256429210A004520282588
:10FA000075292025733A204661696C656420746FFE
:10FA1000207772697465206361636865642064613E
:10FA2000746120746F20666C6173682028256429D6
:10FA3000210A004520282575292025733A204E6F7C
:10FA400020636F72652064756D70207061727469D7
:10FA500074696F6E20666F756E64210A006573703D
:10FA60005F636F72655F64756D705F666C6173680C
:10FA7000004520282575292025733A204661696CA8
:10FA8000656420746F20656E6420636F7265206406
:10FA9000756D702028256429210A004520282575C8
:10FAA000292025733A204661696C656420746F20B3
:10FAB000777269746520636F72652064756D70205C
:10FAC0006865616465722028256429210A00452043
:10FAD000282575292025733A204661696C656420C4
:10FAE000746F20737461727420636F726520647523
:10FAF0006D702028256429210A00452028257529B4
:10FB00002025733A204661696C656420746F20700B
:10FB100072657061726520636F72652064756D70C7
:10FB20002073746F726167652028256429210A009B
:10FB30004520282575292025733A20257328257509
:10FB4000293A20496E76616C696420696E7075741B
:10FB500020646174612E0A0045202825752920251E
:10FB6000733A202573282575293A205665727369E2
:10FB70006F6E20696E666F2077726974696E672098
:10FB80006661696C65642E2052657475726E656479
:10FB900020282564292E0A0045202825752920259E
:10FBA000733A202573282575293A206D656D6F728B
:10FBB0007920726567696F6E732077726974696EF8
:10FBC00067206572726F722C2072657475726E6533
:10FBD0006420282564292E0A00452028257529201F
:10FBE00025733A202573282575293A20454C46204F
:10FBF00053697A652077726974696E6720657272DD
:10FC00006F722C2072657475726E6564202825648D
:10FC1000292E0A004520282575292025733A2025FC
:10FC200073282575293A20454C462068656164652E
:10FC3000722077726974696E67206572726F722CB8
:10FC40002072657475726E656420282564292E0AF9
:10FC5000004520282575292025733A20257328255D
:10FC600075293A20454C46206865616465722077A5
:10FC7000726974696E67206572726F722C2072658A
:10FC80007475726E656420282564292E0A0045204B
:10FC9000282575292025733A202573282575293AAA
:10FCA0002045585452415F494E464F206E6F74654F
:10FCB000207365676D656E742070726F6365737312
:10FCC000696E67206661696C7572652C2072657457
:10FCD00075726E6564282564292E0A004520282542
:10FCE00075292025733A202573282575293A204542
:10FCF0007874726120696E666F206E6F746520770C
:10FD000072697465206661696C65642E2052657441
:10FD100075726E656420282564292E0A0045202806
:10FD20002575292025733A205A65726F2073697AE8
:10FD30006520657874726120696E666F210A0045DE
:10FD400020282575292025733A2025732825752913
:10FD50003A2056657273696F6E20696E666F206E09
:10FD60006F7465207772697465206661696C65647B
:10FD70002E2052657475726E656420282564292EC4
:10FD80000A004520282575292025733A2025732847
:10FD90002575293A206D656D6F72792072656769E6
:10FDA0006F6E207772697465206661696C65642E78
:10FDB0002052657475726E656420282564292E0AA8
:10FDC000004520282575292025733A2025732825EC
:10FDD00075293A20696E76616C6964206D656D6F76
:10FDE000727920726567696F6E0A00452028257553
:10FDF000292025733A202573282575293A20496E34
:10FE0000746572727570746564207461736B2073AD
:10FE10007461636B207772697465206661696C65D3
:10FE2000642C2072657475726E20282564292E0A50
:10FE3000004520282575292025733A20257328257B
:10FE400075293A205461736B2025782C2054434245
:10FE5000207772697465206661696C65642C207214
:10FE6000657475726E20282564292E0A00452028A5
:10FE70002575292025733A202573282575293A20D0
:10FE80005461736B73207265677320616464697475
:10FE9000696F6E206661696C65642C20726574758B
:10FEA000726E20282564292E0A00452028257529F0
:10FEB0002025733A202573282575293A205461732B
:10FEC0006B2025782C20737461636B2077726974C2
:10FED00065206661696C65642C2072657475726E4C
:10FEE00020282564292E0A0045202825752920254B
:10FEF000733A202573282575293A205461736B20A5
:10FF000025782C20544342207772697465206661FD
:10FF1000696C65642C2072657475726E2028256486
:10FF2000292E0A004520282575292025733A2025E9
:10FF300073282575293A2050525F53544154555324
:10FF4000206E6F7465207365676D656E74207072C6
:10FF50006F63657373696E67206661696C7572653E
:10FF60002C2072657475726E6564282564292E0ACA
:10FF7000004520282575292025733A20257328253A
:10FF800075293A205461736B2025782C2050525FDC
:10FF900053544154555320777269746520666169E2
:10FFA0006C65642C2072657475726E202825642936
:10FFB0002E0A004520282575292025733A2025730F
:10FFC000282575293A205461736B2025782C205000
:10FFD000525F5354415455532077726974652066BB
:10FFE00061696C65642C2072657475726E202825B9
:10FFF00064292E0A004520282575292025733A20DA
:020000043FFCBF
:100000002573282575293A205461736B2025782C97
:100010002050525F53544154555320777269746590
:10002000206661696C65642C2072657475726E203F
:10003000282564292E0A00452028257529202573A6
:100040003A202573282575293A205461736B2025A1
:10005000782C2050525F5354415455532077726985
:100060007465206661696C65642C207265747572B4
:100070006E20282564292E0A004520282575292070
:1000800025733A202573282575293A204E4F54456B
:10009000207365676D656E742068656164657220A4
:1000A0007772697465206661696C7572652C20725F
:1000B000657475726E656420282564292E0A0045D2
:1000C00020282575292025733A205461736B202838
:1000D0005443423A2578292C2028537461636B3AA3
:1000E0002578292C20737461636B2070726F6365AF
:1000F0007373696E67206661696C757265203D2057
:1001000025642E0A004520282575292025733A20CC
:100110005461736B20285443423A25782920707229
:100120006F63657373696E67206661696C7572656C
:10013000203D2025640A00452028257529202573A7
:100140003A205A65726F2073697A65207265676913
:10015000737465722064756D7020666F72207461AF
:10016000736B2030782578210A00452028257529D1
:100170002025733A202573282575293A205772695E
:10018000746520454C46206E6F746520646174610F
:10019000206661696C7572652C2072657475726E6B
:1001A000656420282564290A004520282575292012
:1001B00025733A202573282575293A20496E7661E2
:1001C0006C6964206461746120706F696E7465721B
:1001D00020666F72207365676D656E740A00452036
:1001E000282575292025733A202573282575293A55
:1001F00020577269746520454C46206E6F746520E7
:1002000064617461206661696C757265202825647B
:10021000290A004520282575292025733A202573B1
:10022000282575293A20577269746520454C462067
:100230006E6F7465206E616D65206661696C7572A4
:100240006520282564290A004520282575292025B0
:10025000733A202573282575293A205772697465E9
:1002600020454C46206E6F74652068656164657238
:10027000206661696C75726520282564290A00452D
:1002800020282575292025733A20257328257529CE
:100290003A205365676D656E74206E6F7465206ECD
:1002A000616D6520697320746F6F206C6F6E6720BD
:1002B00025642E0A004520282575292025733A201B
:1002C0002573282575293A20577269746520454C95
:1002D00046207365676D656E742064617461206685
:1002E00061696C75726520282564290A00452028FB
:1002F0002575292025733A202573282575293A204C
:10030000577269746520454C46207365676D656E4C
:10031000742064617461206661696C75726520285F
:100320002564290A004520282575292025733A20AF
:100330002573282575293A20496E76616C696420F9
:100340006461746120666F72207365676D656E7499
:100350002E0A004520282575292025733A2025736B
:10036000282575293A20577269746520454C462026
:100370007365676D656E742068656164657220667B
:1003800061696C75726520282564290A004520285A
:100390002575292025733A202573282575293A20AB
:1003A000577269746520454C4620686561646572C2
:1003B000206661696C75726520282564290A0065CC
:1003C00073705F636F72655F64756D705F656C6697
:1003D000004520282575292025733A204572726F23
:1003E00072207768696C65207265676973746572DD
:1003F000732070726F63657373696E672E0A0045B0
:1004000020282575292025733A20546F6F20736D9D
:10041000616C6C20737461636B20746F206B656515
:1004200070206672616D653A20256420627974657A
:1004300073210A006573705F636F72655F64756D29
:10044000705F706F727400270D0A002530387800D5
:1004500025733D27004520282575292025733A203E
:10046000456D707479206461746120746F206164DB
:100470006420746F20636865636B73756D206361BE
:100480006C63756C6174696F6E210A006573705FCF
:10049000636F72655F64756D705F636865636B73CE
:1004A000756D0000000000005B25755D20434F3A2C
:1004B00020696E697420636F6578207363686D20AE
:1004C0006572726F72210A005B25755D20434F3A99
:1004D0002063726561746520626220726573657461
:1004E000206D75746578206572726F72210A005BE9
:1004F00025755D20434F3A206372656174652073F2
:10050000656D6170686F7265206572726F72210A25
:1005100000000000000000000000000000000000DB
:1005200000000000000000000000000000000000CB
:10053000000001005B25755D20434F3A2063726522
:10054000617465207363686D2073656D6170686F99
:100550007265206572726F72210A0000030000004C
:10056000E0E6FA3F10FFFA3F030000000000FB3F07
:10057000A809FB3F01000000A809FB3FDC1DFB3F71
:1005800003000000DC1DFB3F3027FB3F02000000A2
:100590003027FB3F8863FB3F030000000080FB3FE8
:1005A000209AFB3F0300000028DBFB3F5CDBFB3FA6
:1005B000000000000000000000000000000000003B
:1005C000000000000000000000000000000000002B
:1005D000000000000000000000000000000000001B
:1005E000000000000000000000000000000000000B
:1005F00000000000000000000000000000000000FB
:1006000000000000000000000000000000000000EA
:1006100000000000000000000000000000000000DA
:1006200000000000000000000000000000000000CA
:1006300000000000000000000000000000000000BA
:1006400000000000000000000000000000000000AA
:10065000000000000000000000000000000000009A
:10066000000000000000000000000000000000008A
:10067000000000000000000000000000000000007A
:10068000000000000000000000000000000000006A
:10069000000000000000000000000000000000005A
:1006A000000000000000000000000000000000004A
:1006B000000000000000000000000000000000003A
:1006C000000000000000000000000000000000002A
:1006D000000000000000000000000000000000001A
:1006E000000000000000000000000000000000000A
:1006F00000000000000000000000000000000000FA
:1007000000000000000000000000000000000000E9
:1007100000000000000000000000000000000000D9
:1007200000000000000000000000000000000000C9
:1007300000000000000000000000000000000000B9
:1007400000000000000000000000000000000000A9
:100750000000000000000000000000000000000099
:100760000000000000000000000000000000000089
:100770000000000000000000000000000000000079
:100780000000000000000000000000000000000069
:100790000000000000000000000000000000000059
:1007A0000000000000000000000000000000000049
:1007B0000000000000000000000000000000000039
:1007C0000000000000000000000000000000000029
:1007D0000000000000000000000000000000000019
:1007E0000000000000000000000000000000000009
:1007F00000000000000000000000000000000000F9
:1008000000000000000000000000000000000000E8
:1008100000000000000000000000000000000000D8
:1008200000000000000000000000000000000000C8
:1008300000000000000000000000000000000000B8
:1008400000000000000000000000000000000000A8
:100850000000000000000000000000000000000098
:100860000000000000000000000000000000000088
:100870000000000000000000000000000000000078
:100880000000000000000000000000000000000068
:100890000000000000000000000000000000000058
:1008A0000000000000000000000000000000000048
:1008B0000000000000000000000000000000000038
:1008C0000000000000000000000000000000000028
:1008D0000000000000000000000000000000000018
:1008E0000000000000000000000000000000000008
:1008F00000000000000000000000000000000000F8
:1009000000000000000000000000000000000000E7
:1009100000000000000000000000000000000000D7
:1009200000000000000000000000000000000000C7
:1009300000000000000000000000000000000000B7
:1009400000000000000000000000000000000000A7
:100950000000000000000000000000000000000097
:100960000000000000000000000000000000000087
:100970000000000000000000000000000000000077
:100980000000000000000000000000000000000067
:100990000000000000000000000000000000000057
:1009A0000000000000000000000000000000000047
:1009B0000000000000000000000000000000000037
:1009C0000000000000000000000000000000000027
:1009D0000000000000000000000000000000000017
:1009E0000000000000000000000000000000000007
:1009F00000000000000000000000000000000000F7
:100A000000000000000000000000000000000000E6
:100A100000000000000000000000000000000000D6
:100A200000000000000000000000000000000000C6
:100A300000000000000000000000000000000000B6
:100A400000000000000000000000000000000000A6
:100A50000000000000000000000000000000000096
:100A60000000000000000000000000000000000086
:100A70000000000000000000000000000000000076
:100A80000000000000000000000000000000000066
:100A90000000000000000000000000000000000056
:100AA0000000000000000000000000000000000046
:100AB0000000000000000000000000000000000036
:100AC0000000000000000000000000000000000026
:100AD0000000000000000000000000000000000016
:100AE0000000000000000000000000000000000006
:100AF00000000000000000000000000000000000F6
:100B000000000000000000000000000000000000E5
:100B100000000000000000000000000000000000D5
:100B200000000000000000000000000000000000C5
:100B300000000000000000000000000000000000B5
:100B400000000000000000000000000000000000A5
:100B50000000000000000000000000000000000095
:100B60000000000000000000000000000000000085
:100B70000000000000000000000000000000000075
:100B80000000000000000000000000000000000065
:100B90000000000000000000000000000000000055
:100BA0000000000000000000000000000000000045
:100BB0000000000000000000000000000000000035
:100BC0000000000000000000000000000000000025
:100BD0000000000000000000000000000000000015
:100BE0000000000000000000000000000000000005
:100BF00000000000000000000000000000000000F5
:100C000000000000000000000000000000000000E4
:100C100000000000000000000000000000000000D4
:100C200000000000000000000000000000000000C4
:100C300000000000000000000000000000000000B4
:100C400000000000000000000000000000000000A4
:100C50000000000000000000000000000000000094
:100C60000000000000000000000000000000000084
:100C70000000000000000000000000000000000074
:100C80000000000000000000000000000000000064
:100C90000000000000000000000000000000000054
:100CA0000000000000000000000000000000000044
:100CB0000000000000000000000000000000000034
:100CC0000000000000000000000000000000000024
:100CD0000000000000000000000000000000000014
:100CE0000000000000000000000000000000000004
:100CF00000000000000000000000000000000000F4
:100D000000000000000000000000000000000000E3
:100D100000000000000000000000000000000000D3
:100D200000000000000000000000000000000000C3
:100D300000000000000000000000000000000000B3
:100D400000000000000000000000000000000000A3
:100D50000000000000000000000000000000000093
:100D60000000000000000000000000000000000083
:100D70000000000000000000000000000000000073
:100D80000000000000000000000000000000000063
:100D90000000000000000000000000000000000053
:100DA0000000000000000000000000000000000043
:100DB0000000000000000000000000000000000033
:100DC0000000000000000000000000000000000023
:100DD0000000000000000000000000000000000013
:100DE0000000000000000000000000000000000003
:100DF00000000000000000000000000000000000F3
:100E000000000000000000000000000000000000E2
:100E100000000000000000000000000000000000D2
:100E200000000000000000000000000000000000C2
:100E300000000000000000000000000000000000B2
:100E400000000000000000000000000000000000A2
:100E50000000000000000000000000000000000092
:100E60000000000000000000000000000000000082
:100E70000000000000000000000000000000000072
:100E80000000000000000000000000000000000062
:100E90000000000000000000000000000000000052
:100EA0000000000000000000000000000000000042
:100EB0000000000000000000000000000000000032
:100EC0000000000000000000000000000000000022
:100ED0000000000000000000000000000000000012
:100EE0000000000000000000000000000000000002
:100EF00000000000000000000000000000000000F2
:100F000000000000000000000000000000000000E1
:100F100000000000000000000000000000000000D1
:100F200000000000000000000000000000000000C1
:100F300000000000000000000000000000000000B1
:100F400000000000000000000000000000000000A1
:100F50000000000000000000000000000000000091
:100F60000000000000000000000000000000000081
:100F70000000000000000000000000000000000071
:100F80000000000000000000000000000000000061
:100F90000000000000000000000000000000000051
:100FA0000000000000000000000000000000000041
:100FB0000000000000000000000000000000000031
:100FC0000000000000000000000000000000000021
:100FD0000000000000000000000000000000000011
:100FE0000000000000000000000000000000000001
:100FF00000000000000000000000000000000000F1
:1010000000000000000000000000000000000000E0
:1010100000000000000000000000000000000000D0
:1010200000000000000000000000000000000000C0
:1010300000000000000000000000000000000000B0
:1010400000000000000000000000000000000000A0
:101050000000000000000000000000000000000090
:101060000000000000000000000000000000000080
:101070000000000000000000000000000000000070
:101080000000000000000000000000000000000060
:101090000000000000000000000000000000000050
:1010A0000000000000000000000000000000000040
:1010B0000000000000000000000000000000000030
:1010C0000000000000000000000000000000000020
:1010D0000000000000000000000000000000000010
:1010E0000000000000000000000000000000000000
:1010F00000000000000000000000000000000000F0
:1011000000000000000000000000000000000000DF
:1011100000000000000000000000000000000000CF
:1011200000000000000000000000000000000000BF
:1011300000000000000000000000000000000000AF
:10114000000000000000000000000000000000009F
:10115000000000000000000000000000000000008F
:10116000000000000000000000000000000000007F
:10117000000000000000000000000000000000006F
:10118000000000000000000000000000000000005F
:10119000000000000000000000000000000000004F
:1011A000000000000000000000000000000000003F
:1011B000000000000000000000000000000000002F
:1011C000000000000000000000000000000000001F
:1011D000000000000000000000000000000000000F
:1011E00000000000000000000000000000000000FF
:1011F00000000000000000000000000000000000EF
:1012000000000000000000000000000000000000DE
:1012100000000000000000000000000000000000CE
:1012200000000000000000000000000000000000BE
:1012300000000000000000000000000000000000AE
:10124000000000000000000000000000000000009E
:10125000000000000000000000000000000000008E
:10126000000000000000000000000000000000007E
:10127000000000000000000000000000000000006E
:10128000000000000000000000000000000000005E
:10129000000000000000000000000000000000004E
:1012A000000000000000000000000000000000003E
:1012B000000000000000000000000000000000002E
:1012C000000000000000000000000000000000001E
:1012D000000000000000000000000000000000000E
:1012E00000000000000000000000000000000000FE
:1012F00000000000000000000000000000000000EE
:1013000000000000000000000000000000000000DD
:1013100000000000000000000000000000000000CD
:1013200000000000000000000000000000000000BD
:1013300000000000000000000000000000000000AD
:10134000000000000000000000000000000000009D
:10135000000000000000000000000000000000008D
:10136000000000000000000000000000000000007D
:10137000000000000000000000000000000000006D
:10138000000000000000000000000000000000005D
:10139000000000000000000000000000000000004D
:1013A000000000000000000000000000000000003D
:1013B000000000000000000000000000000000002D
:1013C000000000000000000000000000000000001D
:1013D000000000000000000000000000000000000D
:1013E00000000000000000000000000000000000FD
:1013F00000000000000000000000000000000000ED
:1014000000000000000000000000000000000000DC
:1014100000000000000000000000000000000000CC
:1014200000000000000000000000000000000000BC
:1014300000000000000000000000000000000000AC
:10144000000000000000000000000000000000009C
:10145000000000000000000000000000000000008C
:10146000000000000000000000000000000000007C
:10147000000000000000000000000000000000006C
:10148000000000000000000000000000000000005C
:10149000000000000000000000000000000000004C
:1014A000000000000000000000000000000000003C
:1014B000000000000000000000000000000000002C
:1014C000000000000000000000000000000000001C
:1014D000000000000000000000000000000000000C
:1014E00000000000000000000000000000000000FC
:1014F00000000000000000000000000000000000EC
:1015000000000000000000000000000000000000DB
:1015100000000000000000000000000000000000CB
:1015200000000000000000000000000000000000BB
:1015300000000000000000000000000000000000AB
:10154000000000000000000000000000000000009B
:10155000000000000000000000000000000000008B
:10156000000000000000000000000000000000007B
:10157000000000000000000000000000000000006B
:10158000000000000000000000000000000000005B
:10159000000000000000000000000000000000004B
:1015A000000000000000000000000000000000003B
:1015B000000000000000000000000000000000002B
:1015C000000000000000000000000000000000001B
:1015D000000000000000000000000000000000000B
:1015E00000000000000000000000000000000000FB
:1015F00000000000000000000000000000000000EB
:1016000000000000000000000000000000000000DA
:1016100000000000000000000000000000000000CA
:1016200000000000000000000000000000000000BA
:1016300000000000000000000000000000000000AA
:10164000000000000000000000000000000000009A
:10165000000000000000000000000000000000008A
:10166000000000000000000000000000000000007A
:10167000000000000000000000000000000000006A
:10168000000000000000000000000000000000005A
:10169000000000000000000000000000000000004A
:1016A000000000000000000000000000000000003A
:1016B000000000000000000000000000000000002A
:1016C0000000000000000000000000003031323354
:1016D0003435363738396162636465666768696ACC
:1016E0006B6C6D6E6F707172737475767778797AD2
:1016F000007274635F636C6B004520282575292098
:1017000025733A20696E76616C6964206672657132
:1017100075656E63790A0045202825752920257393
:101720003A20756E737570706F727465642066729E
:10173000657175656E637920636F6E666967757232
:101740006174696F6E0A002573206661696C656457
:101750003A206573705F6572725F74203078257807
:101760000020282573290020617420307825303826
:10177000780A0066696C653A2022257322206C691C
:101780006E652025640A66756E633A2025730A65C6
:10179000787072657373696F6E3A2025730A00451D
:1017A00053505F4552524F525F434845434B00618F
:1017B000626F72742829207761732063616C6C6595
:1017C0006420617420504320307800206F6E2063C5
:1017D0006F726520003C63616368656420646973AF
:1017E00061626C65643E0008006173736572742009
:1017F0006661696C65643A20003A002028000000A8
:101800004520282575292025733A206E6F207265A2
:1018100073706F6E73650A0A006D656D7370690091
:101820009C18FC3F98F5FB3F74C40840ECC8084086
:1018300018C408408CCB0840A0D008402CD10840E8
:101840000010000000000100ECC908404CCD084029
:101850000000000000000000000000000000000088
:1018600064CF08404CC7084034D008400001000055
:1018700048C90840B4CD084094C4084054C4084046
:1018800000000000A0CD08400CC808402CCA084049
:1018900054C80840CCC4084030C5084067640045BF
:1018A00020282575292025733A20636F6E666967A5
:1018B00075726520686F737420696F206D6F646541
:1018C000206661696C6564202D20756E737570707B
:1018D0006F727465640A00452028257529202573D8
:1018E0003A204E6F20726573706F6E73652066725A
:1018F0006F6D20646576696365207768656E207416
:101900007279696E6720746F20726574726965768A
:101910006520556E697175652049440A0A006F7526
:10192000745F77726974655F70726F746563742138
:101930003D4E554C4C002F4944462F636F6D706FE0
:101940006E656E74732F7370695F666C6173682F58
:101950007370695F666C6173685F636869705F6705
:10196000656E657269632E63004520282575292000
:1019700025733A2054686520666C61736820796F1E
:10198000752075736520646F65736E277420737599
:1019900070706F7274206175746F207375737065E9
:1019A0006E642C206F6E6C792027584D4327206978
:1019B0007320737570706F727465640A0073706958
:1019C0005F666C6173685F636869705F67656E65A9
:1019D0007269635F6765745F77726974655F70725F
:1019E0006F74656374000000641AFC3F98F5FB3F58
:1019F00084CB0840ECC80840E4C408408CCB0840C5
:101A0000FCCB084070CC0840001000000000010032
:101A1000ECC908404CCD0840000000000000000068
:101A2000000000000000000088C608404CC70840C5
:101A3000E4CC08400001000048C90840B4CD08408B
:101A40006CCB08400CCB084000000000A0CD084043
:101A50000CC808402CCA084054C8084038CE08407A
:101A600030C5084067656E657269630063686970B8
:101A70005F67656E6572696300000000F81AFC3FDD
:101A800098F5FB3FE4CE0840ECC80840E4C40840A9
:101A90008CCB0840FCCB084070CC08400010000004
:101AA00000000100ECC908404CCD084000000000D7
:101AB00000000000000000000000000088C6084090
:101AC0004CC70840E4CC08400001000048C9084069
:101AD000B4CD084004CF084018CF084000000000F3
:101AE000A0CD08400CC808402CCA084054C8084083
:101AF00038CF084030C508406973736900000000A2
:101B00007C1BFC3F98F5FB3F40CF0840ECC80840E9
:101B1000E4C408408CCB0840FCCB084070CC0840A3
:101B20000010000000000100ECC908404CCD084046
:101B300000000000000000000000000000000000A5
:101B400088C608404CC70840E4CC084000010000AB
:101B500048C90840B4CD084004CF084018CF084019
:101B600000000000A0CD08400CC808402CCA084066
:101B700054CE08405CCF084030C508406D7869639A
:101B800000000000001CFC3F98F5FB3FB8D1084066
:101B9000ECC80840E4C408408CCB0840A0D0084002
:101BA0002CD108400010000000000100ECC90840E2
:101BB0004CCD0840000000000000000000000000C4
:101BC0000000000064CF08404CC7084034D00840F3
:101BD0000001000048C90840B4CD08406CCB084063
:101BE0000CCB084000000000A0CD08400CC8084005
:101BF0002CCA084054C80840D0D1084030C508401D
:101C000077696E626F6E6400636869705F77620007
:020000044008B2
:1000000000C54910D54920E54930F54900340000C4
:1000100000000000000000000000000000000000E0
:1000200000000000000000000000000000000000D0
:1000300000000000000000000000000000000000C0
:1000400000C50910D50920E50930F5090035000083
:10005000004803F0804020E603203834403330402D
:10006000D10380331130223020E613102000F774C2
:10007000CEF08040E77848F08040863000000000F5
:1000800000C94900D10910D94920E94930F949404E
:10009000804950904960A04970B049003400000088
:1000A0000000000000000000000000000000000050
:1000B0000000000000000000000000000000000040
:1000C00000C90910D90920E90970D10930F909409E
:1000D000870950970960A70970B70900350000002B
:1000E0000000000000000000000000000000000010
:1000F0000000000000000000000000000000000000
:1001000000CD4900D10910DD4920ED4930FD4940BD
:1001100040495050496060497070498080499090D2
:1001200049A0A049B0B04900340000000000000020
:1001300000000000000000000000000000000000BF
:1001400000CD0910DD0920ED09B0D10930FD0940CD
:100150004B09505B09606B09707B09808B09909B90
:1001600009A0AB09B0BB0900350000000000000089
:10017000000000000000000000000000000000007F
:1001800000D213054E040000000000000000000033
:10019000000000000000000000000000000000005F
:1001A000000000000000000000000000000000004F
:1001B000000000000000000000000000000000003F
:1001C00000D31305550400000000000000000000EB
:1001D000000000000000000000000000000000001F
:1001E000000000000000000000000000000000000F
:1001F00000000000000000000000000000000000FF
:1002000000D4130597040000000000000000000067
:1002100000000000000000000000000000000000DE
:1002200000000000000000000000000000000000CE
:1002300000000000000000000000000000000000BE
:1002400000D51385890200000000000000000000B6
:10025000000000000000000000000000000000009E
:10026000000000000000000000000000000000008E
:10027000000000000000000000000000000000007E
:1002800000D6130554040000000000000000000028
:10029000000000000000000000000000000000005E
:1002A000000000000000000000000000000000004E
:1002B000000000000000000000000000000000003E
:1002C00000D71305550400000000000000000000E6
:1002D000000000000000000000000000000000001E
:1002E000000000000000000000000000000000000E
:1002F00000000000000000000000000000000000FE
:1003000000D113C50204000000000000000000003E
:1003100000000000000000000000000000000000DD
:1003200000000000000000000000000000000000CD
:1003300000000000000000000000000000000000BD
:1003400000D113C500040000000000000000000000
:10035000000000000000000000000000000000009D
:10036000000000000000000000000000000000008D
:10037000000000000000000000000000000000007D
:10038000000000000000000000000000000000006D
:10039000000000000000000000000000000000005D
:1003A000000000000000000000000000000000004D
:1003B000000000000000000000000000000000003D
:1003C0004041000C2000E81345E704003200000023
:1003D000000000000000000000000000000000001D
:1003E000000000000000000000000000000000000D
:1003F00000000000000000000000000000000000FD
:0304000036810042
:1004040010DCFB3F2000403F601DFC3F2318403FB1
:100414008E18403F5918403F6C18403F0020F43F6D
:100424000000200000000080FFFFFF0F00000070AC
:100434000000FFFFFFFFFFBFFFFFFF0390E2FA3F53
:10044400FFFFFFDFFFFFFFF7FFFFFF00000000FFDC
:10045400FFFFFFEF000004000000FF0000FF0000AA
:100464000000403F00000D400000F13F781DFC3FBC
:10047400DCBF0040149A0040000007C0FF1F1300B7
:10048400000000B0FF1F000070E2FA3F0408000003
:10049400351D403FE71E403FD71D403FE41D403F10
:1004A4003B1E403F781EFC3F741DFC3FFFFF0000D5
:1004B400000800008A1E403FD61E403F0020F13F46
:1004C400A41E403F000001007C1EFC3FE4F4FB3FFF
:1004D4000560000004600000036000000660000086
:1004E40038DEFB3F7220403FFC1E403F547D0040FD
:1004F40014DCFB3F2E1F403F000000010000000001
:10050400521F403F5B20403F7D1F403F4CC800408E
:1005140000400000001000008D1F403F4B20403F72
:10052400BC1EFC3F801EFC3FA11F403FE41F403F18
:100534002420403F3120403F34850040EA20403FA2
:100544002D21403F1521403F0F270000CCF4FB3FF5
:10055400849A0040B89A004074F5FB3F4400F03F91
:10056400F003F03F4000F03F5C00F03F1804F03F20
:100574005800F03F002005C0FF1F05008821403FC0
:10058400CA22403F7A21403F30DCFB3FB021403F4C
:10059400C521403F851EFC3F04250840D621403F2D
:1005A4006121403F2022403F8C1EFC3F841EFC3FC3
:1005B4003A22403F9922403F5222403F0325403F88
:1005C4002625403FB624403F0080F43FA81EFC3F50
:1005D40030F6FB3F000008406804F03FCF1EFC3FAC
:1005E400CD1EFC3FCC1EFC3FA82B403F9C68004026
:1005F400287D0040289000400CA0F53F002000001A
:10060400FFDFFFFF782FFC3F101CFC3F000200506F
:1006140000020050BD27403FC727403F2728403FE6
:100624003000F03F3400F03F2C00F03F64270840D6
:10063400A81FFC3F00C20100D4810040944E084032
:100644007800F43FEC00F03FF800F03F70DCFB3F33
:1006540074DCFB3FFFFFFFFB0000F63FA13AD850DC
:10066400601FFC3F25000400003F10000C20100018
:100674000000020150DCFB3F80DCFB3F78DCFB3FE9
:1006840084DCFB3F1802F03F0080FFFFE528403F79
:100694003F29403F3029403FB880F43FE803000041
:1006A4005C29403F6429403F3041F43F3441F43FEA
:1006B4003841F43F3C41F43F4041F43F4441F43F6E
:1006C400D000F03FC400F03F6700C1013800F03FA4
:1006D400F8CF0040FC03F03F007E00002404F03F0C
:1006E4000000F3BFFFFF32000000F8BFFFFF01006E
:1006F400000000C0FFFF06000000F4BFF01F05C0AB
:10070400E01F0500FFFFFF3F000000406C29403F51
:10071400C52C403F7B29403F7F29403F8E29403FE5
:100724009C29403FD92B403FDC00F03FE000F03FE4
:1007340088DCFB3FAA29403FF029403FE029403FA5
:10074400D81EFC3FE01EFC3F641FFC3F741FFC3FAF
:10075400701FFC3FE0DDFB3FA01FFC3F0000F43FA7
:100764000000F53F00E0F63F00B4C40440420F002F
:100774000000F0FFFFFF0FFF00A0F53F14A0F53FBE
:100784007C60F63F0C0800000421FC3F682FFC3F0E
:10079400FFFF3F00000002C01B35403FA936403F29
:1007A4005635403FFCFF01C06235403F8635403F2F
:1007B4009835403FFCFF0940C136403F3CDEFB3FDB
:1007C40000180000001400009036403F0000F6BFFF
:1007D400A835403F5036403F00004000E635403FDA
:1007E4005F36403F2036403F3E36403F7636403FFE
:1007F4002D36403FE001FE3FF040FE3F0821FC3F24
:100804004451036058DEFB3F1821FC3F0C21FC3FA0
:100814001021FC3F1C680040E74C403FF34C403F34
:10082400DA4C403F60DEFB3FA44100400000803FC3
:100834002821FC3F394F403F68E2FB3F3421FC3F15
:100844003021FC3FFFFFFFFF12121212E16C403F08
:10085400926D403F196D403F2C6D403FFC6C403F12
:100864005D6D403F3821FC3FA4F0F53F4021FC3F43
:1008740078F0F53F70F0F53F80F0F53F7CF0F53F00
:1008840080E2FB3F70E2FB3F84F0F53F88F0F53FE8
:10089400A0F0F53FB36D403FF26E403F026E403F23
:1008A400176E403F00E0FF1FFF1F00E03200000012
:1008B4005821FC3F2400040068E0FB3FEC4308405F
:1008C4002824FC3FD070403F00F3FB3FB070403F12
:1008D40021000400FF37060068DEFB3F00470840A4
:1008E4002200040000003800B04708402300040040
:1008F4000088C02810F3FB3F987D403FC37E403FF3
:10090400C07D403FC87D403F9B7E403FD14B403F30
:10091400AE7E403FF27D403FD87E403FB0E0FA3F9C
:100924004C560840C825FC3F80D20040B0F6FB3F3F
:10093400F0F6FB3FB015FC3FFFFFFEFFC015FC3F88
:10094400A015FC3F224C0840B016FC3FAD84403F4C
:10095400F384403FE384403F2426FC3F1426FC3FBD
:100964000C26FC3F0426FC3F1C26FC3FB4F3FB3F53
:10097400702FFC3F742FFC3F6C2FFC3FE800F03FCE
:10098400E400F03F4C26FC3F4426FC3FB8F3FB3F19
:100994004026FC3F3C26FC3FF45208407E72403F18
:1009A4003F85403F3185403FC0F3FB3F1C30F43F5F
:1009B4001430F43F1C20F43F1420F43FC82B0640AD
:1009C4006090F43FFF8FFFFFFFF3FFFF6490F43F5D
:1009D4006890F43F5490F43F5890F43F5C90F43F97
:1009E4001660C800000C0000588600400C9F0040B0
:1009F400DC9E00400830F43F000080002030F43FCB
:100A04000000006C004010009864F93F7864F93FDE
:100A14005864F93F01004020FFF7FFFF6455084088
:100A2400346008406C600840A0600840D46008400E
:100A3400105308403024FC3F0100FFFF5C5608407F
:100A440078560840FFFFFF7F80FFFF7FFEFFFF7F98
:100A540000F0000000800000005F0840FFEFFFFF8F
:100A6400FF00000040404040CC16FC3FB0F4FB3F88
:100A7400644C403F2421FC3F3080F43FF116FC3F9E
:100A8400F916FC3F3C00F03F7C80F43FFFC7FFFFBA
:100A94007080F43FFFFFFFE700000008B480F43FDC
:100AA4004B4C4B4C8C84F43FDFF73FE700000600CF
:100AB400FFFFCFFF00000800FFFFF7FFFFFFF9FF74
:100AC4001C80F43F3FC0FFFFF0490200B3810000E7
:100AD40000000020B080F43FFEFF00000060F63FFD
:100AE4001717FC3F0460F63FBFFAFBFF000000103D
:100AF4001B081B0800F0FF0F20A1070083DE1B4327
:100B0400FE7F0000F54D403FCD4E403F364E403F06
:100B140068F0F53F00600000FF9FFFFFFFFF0080CB
:100B2400FFFFFF01414E403F4A4E403F6CF0F53F0E
:100B3400D00700000C80F43F884E403F4880F43FCB
:100B44001080F43F1480F43FFFEFFF7FFF7FFFFF2F
:100B5400A54E403F8F92403F9E93403FF691403FC9
:100B6400A392403FC492403FD393403FE392403F1F
:100B7400C393403FF192403FB093403F8893403F3E
:100B84007293403F4717FC3F6117FC3F887408404D
:100B94006717FC3F7317FC3F9F17FC3FF4F2FB3FC2
:100BA4006821FC3FC0EAFB3F300800006021FC3FA5
:100BB400A8D30840F0FFFBFF20000400D34D6210CF
:100BC400DA71403F1977403F0F0C00000772403F35
:100BD4000F72403F140C00005672403FCA77403FEA
:100BE400FFFF3FB35E72403FB077403F8072403FAB
:100BF4009D72403FDC72403F1B73403F9C77403FF7
:100C04003673403F8573403FC373403F4677403F50
:100C1400D373403F3477403FF073403F4774403FC5
:100C24009474403FE774403F8075403F8377403F72
:100C34000777403F8875403FA175403F0276403FAB
:100C4400F376403F6A77403FDE76403F6876403F28
:100C54005772403FC776403F26080000BA76403FAF
:100C6400530800000822FC3F8821FC3FDD77403F09
:100C7400617D403F71120000FC77403F0478403FA3
:100C8400547D403F6312000008F3FB3FC821FC3F42
:100C940001000080D021FC3FC421FC3FAC21FC3F7B
:100CA400A821FC3FB021FC3F0422FC3F3422FC3F3E
:100CB4002022FC3F0C22FC3FDC21FC3FF021FC3FC6
:100CC400A021FC3F8C21FC3FA421FC3F3678403F0F
:100CD4007A7D403F5A78403F8178403FB878403F22
:100CE4007821FC3FD178403FEA7C403FE40B000090
:100CF4008021FC3FDB78403FE50B00000579403F55
:100D0400D77C403FA50C00009021FC3F9C21FC3F78
:100D14009421FC3F7021FC3FC37C403F7B79403FE2
:100D2400A27C403FE60D00009479403F8C7C403F1C
:100D3400540E0000A079403F737C403FB80E000081
:100D4400AF79403F5E7C403F540F0000B979403F8B
:100D5400550F0000C779403F387D403F077D403F35
:100D6400F30A0000E279403F6E7D403F497D403FF9
:100D7400137A403F157D403F3F0A0000447A403FCC
:100D84007C0A0000677A403F467C403F3D130000E8
:100D94008F7A403F3E130000227C403F8F130000B7
:100DA400A47A403FAA130000CC7A403F0A7C403F1B
:100DB4006A150000F27A403FEC7B403F1E170000AA
:100DC400DE7A403F1F170000327B403F451700008A
:100DD400D77B403FA87B403F5901403F6C8408408B
:100DE400C57B403F247D403FC8090000D0C6403F3A
:100DF400D0C6403F30000500100000002001403FF5
:100E0400116F403F9870403F526F403F5C6F403FCE
:100E14008770403F8F6F403F66660000000080C0CF
:100E24000100C04C9C6F403FCC6F403FFC6F403F83
:100E34005021FC3F4821FC3F7670403F1070403FFA
:100E44002870403F3C70403F6270403F6421FC3F4B
:100E5400001200002471403FD40E0F402971403F1E
:100E6400BD71403F5571403F6371403F9571403FB4
:100E74007B71403F000000FC0000F003AC80F43FB5
:100E8400C800F03F00B0F53F24B0F53F00500AC061
:100E940028B0F53F000000F0FFBF6FFE0000100017
:100EA4000000005C000000020030F43F00F0F53F59
:100EB4000080F43FFFFFFF8FFFFFFFF1FFFF3FFEC6
:100EC400FFFFC7FFFFFFFBFFFFFFFDFF00C00100A7
:100ED40000380000FFFFFF9FFFFFFFF9FFFF7FFEC9
:100EE400FFFFBFFFFFFFDFFF00001C0000800300C7
:100EF400FFBFFFFFF23C403FB13E403F0139403F5E
:100F04002A3D403FA03E403F563D403F2A3A403FA5
:100F1400113F403F543A403F9C3D403F933E403F49
:100F2400D33D403F823E403FFF3D403FBC38403FC1
:100F3400233F403F0D39403F733B403FD73E403F46
:100F4400AC3B403FED3E403FC63B403FC73E403F89
:100F5400F33B403FBB3E403F673C403FA73C403FE4
:100F6400753E403F373E403F653E403F8F37403FF0
:100F7400ED37403FFA37403FE037403FA93F403F1D
:100F84001340403FCB3F403FE23F403F0040403FA3
:100F94003412BAAB7856ADBA353F403F6F3F403F4D
:100FA4000021FC3FFC20FC3F74C00840AF17FC3F0D
:100FB400CB17FC3FD517FC3FE717FC3F0000C0C030
:100FC40048C10840E917FC3FF717FC3FF917FC3FFD
:100FD400FB17FC3F6517FC3F010000FF1918FC3F9D
:100FE4000018FC3FD8F5FB3F00DF0000C8CA0840EA
:100FF40070C60840FCCA084054CB0840ACF5FB3F1F
:10100400B0F5FB3F6C1AFC3F9F18FC3FD718FC3F20
:10101400084B0640B4F5FB3F1E19FC3FBD19FC3FCD
:101024005019FC3F6919FC3F35757A0000CF000068
:101034002CCB08403CCB0840081CFC3F9F18FC3FCD
:1010440036410081EFFC920800ACB90C09A2A090D3
:10105400924800C020000C0891EBFC9AAA92A008C8
:10106400D1EAFC7689118ABAC02000C20B00DAB832
:101074001B88C24B00C020000C190C0820898380F7
:10108400807456080630898356A8050B330CF98200
:10109400A008373902308141F0881131DBFC8AB273
:1010A4000C9C279B0F0C02224B00C020001B28C065
:1010B40020001DF00092030090A441D2CA57A73C1F
:1010C40002D2CA30909034D24200C02000A2C95744
:1010D400973C02A2C9301B33A24201C020002B223C
:1010E400C02000C6EEFF0C02C6F0FF0036410060CF
:1010F40060742C09202074505074A2012067B90E2A
:10110400B2A269D1C2FCC1C2FCA1C2FCE5FE0AA71D
:10111400B90ED1C1FCB2A26AC1BEFC86FAFF0000BE
:101124000081BEFCE1BFFCC02000D828C02000C85C
:1011340078C02000B888C02000E928C02000E878E2
:10114400F1B9FCF0EE20C02000E978C02000E89856
:10115400F1B6FCF0EE10F1B5FCF0EE20C02000E991
:1011640098C02000E898F1B2FCF0EE10202E200C7C
:101174001FC0200029980C0E30FE8320FF01C020E0
:1011840000E87821ACFC20EE10F0EE200BF3C02038
:1011940000E97860FF01C02000E88821A7FC20EE68
:1011A40010F0EE20C02000E9881683003039C0001A
:1011B40013400034A1C020003918168A00219FFC76
:1011C4002202012055800C090C1EC0200038782D05
:1011D40009502E933022010B554199FC5050744014
:1011E400331020332022AF00C02000397860E98317
:1011F40050EE01C020003888203310505320C02006
:10120400005988C020003878218FFC203310E0E397
:1012140020C02000E978518CFC9716040B96509955
:1012240010509910C0200038A80C162188FC2033D7
:1012340010909320C0200099A80C09A069834066EF
:1012440001C02000726820C020003228072180FCE1
:10125400203310603320C020003978971A0592CAD1
:10126400FF5099102179FC209910C0200038B82132
:1012740077FC203310909320C0200099B8C0200040
:1012840028083174FC302220C020002908C0200026
:10129400280827F2F7C02000D928C02000C978C048
:1012A4002000B988C0200022282026CA0E32AFFFB1
:1012B400001A400083A1808330802210C020001DCA
:1012C400F00000003661000C0D5050745901FD030C
:1012D40040E074CD0DBD0D20A074C02000E5E0FFFA
:1012E4002D0A1DF03641000C0C1C8DC0BC20A2A0A0
:1012F4009F25FDFF8159FC002A11802210A08075D2
:101304008022208156FC80AA10A022201DF000001B
:10131400364100CCE229034C0229042151FC290561
:10132400C020001DF04CD2290322A0B32904214D72
:10133400FCC0200086F9FF00364100314CFC22033A
:101344000056F20660650052A1003147FCAD03E58A
:10135400960272D3204D0AAD07259602471A14C08F
:1013640020005903C020005903C020005907C020A1
:1013740000460B0050CA10569CFE0C198D0CB2C2CC
:10138400B3208983B0C983C08820808074CC48A0EE
:10139400899316E8FC4135FC0C172A84724800C076
:1013A40020001B224B3366F2A3AD06C0200081301F
:1013B400FCE008001DF00000364100E59E0320A279
:1013C40020812CFCE0080065A403900000000000CC
:1013D40036410025FC00A124FCE02211A0A2806576
:1013E4008C02A02A206516011DF00000366100421F
:1013F400A00042630032A04039214CD3391132A1FC
:1014040000490139314065003801882187A315E07E
:10141400A3115115FC5AAAC02000258A02A712263E
:101424001B3306F9FF3811883187230CAD04811072
:10143400FCE008000C02C60500510BFCE0A3115AA5
:10144400AAA58702279A0CAD048109FCE008000CC8
:10145400121DF0001B3346F3FF00000036C1005993
:10146400810C05888159086991590657131951024D
:10147400FC5A526102FC22610657B6145101FC5019
:1014840052806100FC57B60822A102C02000865297
:101494000051FDFB0C08306320922501E058115ADD
:1014A4005258059615FE00551197B5DB1B880B663F
:1014B4005686FEB1F6FBA2A014E523025D0A9CAA9F
:1014C40025ED0065E7FFAD04D2C13CC2C138B2C10D
:1014D40034E5E3FF48E137B40825070122A10146BA
:1014E4003E0078D17A441B443044C0E097114951FE
:1014F4009062C07A43885187271187975A0C043D1C
:101504000422A101C02000C62F000000D065007095
:10151400272047B22C81D4FBE0B21180AB80B261AA
:1015240003D941C02000657902E1D0FBEAE2E20E72
:1015340000B831D841168E0ABAB6B80BA79B0286FA
:101544002700AD0D7022C081CAFBE0080062C6FC12
:101554001B4437120246230020650029B1E06711BD
:1015640021C3FB2A972A237A2241BFFB4A460C0651
:1015740029A1697168A1679973A8B1C0200081BCD1
:10158400FBE0080021C8FB480249358C24CB65697F
:101594004452620022650421C4FB4222001B4439E8
:1015A4002538D13037C0003311490288F18A3328F5
:1015B4007179154905161201C020002574020C0A20
:1015C40065DFFF0C1A25DFFF0C0225F800CC33ADD4
:1015D4000565C50A8881390838914903C020001D72
:1015E400F01B22C6CAFF1B7746C2FF0000AD049958
:1015F4004162D420C02000656C022D0AAD066951F9
:10160400C02000A56B026D0A9841B209009CAB880A
:1016140061A808679A05279A02062100B2A0F2D1B0
:101624009CFBC19CFBA19CFB25AD0A40A4209261BC
:1016340004B931C0200065680282A1009841B83124
:10164400878A0DB2A0F4D195FBC192FB46F5FF0049
:1016540000A22105926104B26103C02000E5650285
:1016640082A1009841B831878A0BB2A0F6D18CFBD5
:10167400C189FB86EBFF88610C1CA8088D0B202A0E
:10168400C0606AC0208C9360BC93B028209C028800
:1016940061C02000A904680888512971C02000692C
:1016A400084B442209001B22224900C020001B9938
:1016B40028614B222961C02000C6ADFF366100209D
:1016C40070F450D52040C42052A102561703816EF5
:1016D400FB3A4288184738272020F552A10141736C
:1016E400FB4A333030F5E0A311B171FBC931D92184
:1016F400C020006500024D0A8D07C831D821CCEA0C
:101704002D051DF000E058118A725A5479051B8882
:101714003728F160E62030B320AD04C02000E5D3C3
:10172400FF5D0AAD0425B00A06F5FF0036410065E9
:10173400C600315CFB322300168302822300279803
:10174400769813A2A1002149FBC147FBD15CFB8819
:1017540013B823BA8887292088338C28284329483A
:1017640028438902C0200065DE0056F304D154FBEF
:10177400B2A148C151FB46040020B980820B005637
:10178400E800B2A13AD14BFBC14CFBA143FBE59667
:101794000A82C8FF808074824B00C02000CCF8E02D
:1017A4008911CAB8DA88C02000A90BC02000A90892
:1017B4001B99C0200086E5FF383386DEFFAD03A504
:1017C400A60A1DF0366100E5BC00E5B6FFCBD18B5F
:1017D400C14BB1AD02A5B3FF40650038110C0288BE
:1017E4001198219A8887230CAD048121FBE008001D
:1017F400A5D5001DF0511DFB5083808208005608BA
:1018040001E0A3118119FB80AA80254B0266FA012D
:101814001B221B33C6F1FF003661008124FB8A338F
:101824002A335103FB5042104033C050331030343C
:10183400803734040C028609002103FB40A0F547DD
:1018440032F10C05CBB15931C0200025BAFF2D0A65
:10185400571A10A54A02AD05E5B5FF0C1AA5B5FF48
:101864001DF000002118FB2A4406F1FF3641001048
:101874001120E59607662A05101120A5A9071DF079
:101884003641008111FB2908C020001DF000000032
:1018940036610020B2204A5221FCFA881222A104A7
:1018A40057382C0C02271427A1E2FACD02A0AB1062
:1018B400A05BC0CBE18BD14AB525E0FF2D0ACCEA71
:1018C400B821CD045ABBAD03654804A831E5E5FF52
:1018D4001DF0000036410040407471FCFADC04AD98
:1018E4000288078808E008008C5A30A3932D0A1D4B
:1018F400F0A802880A8228118C88CD0650B520E011
:1019040008008C03AD033807BD0AAD023813E003A9
:101914000006F6FF36410082A105871262272837A8
:1019240082A10227282882A10187A22816520281B7
:10193400ECFA822800163801E56E0AA0BA20C1E943
:10194400FADD02A1E9FA81E9FAE0080025720A82C7
:10195400A1048792D91DF00081DEFA27281981DDC0
:10196400FA87A21B82A1088712EA81DBFA8792BE5A
:1019740022A10386F7FF000081D9FA86FBFF00004D
:1019840022A10686F3FF00003641003D02622206D2
:1019940021D8FA51CEFA480230A320222400E5745B
:1019A4006E16F2038C4A0C02860D00002913AD0357
:1019B40028052802C02000E002002D0AEC2A881322
:1019C400BD06AD038828E008008C0A29130C0BAD72
:1019D400034B4428052812C02000E002002D0A16FB
:1019E4005AFB1DF032A105A0238306FDFF00000071
:1019F400366100AD02656F6E61B5FA5D0AAD0278BD
:101A0400067807E00700FCEA8CA552220120722028
:101A14005225185675007802522700522502BD033C
:101A240070A720E00500DC3A9C14CBB1AD07E005BB
:101A340000CC8A48033831371402A1A7FABD0AAD95
:101A44000238063813E003002D0A1DF03681002900
:101A540031CBA1219EFA88028828C02000E008002A
:101A6400562A04883198189849A199FABC69A2A108
:101A740002BC13AD0898029809E00900EC6AB2C1EF
:101A84001CA831881A8848E00800CCAA9831B859B3
:101A94008871CC0B89598903BD0A2802A831281200
:101AA400C02000E002002D0A1DF00000366100484D
:101AB400023D0222A10216B4065804166506481413
:101AC4001614060C02584329210CF257B23D216E1C
:101AD400FA280222610230A320222102226306C0D6
:101AE4002000A5606E165A04B2C10CAD03E5F5FFE3
:101AF4002D0A168A0425530AB17BFADD0AED0BA2DE
:101B0400A001C17CFAA54D5B460600000CB4B2C12D
:101B14000830A320E570546170FAA02A20679A0760
:101B24000B445684FE1DF00016AAFA86FDFFAD0391
:101B340065E5FF2D0A16FAFA46FAFF00000028139D
:101B440022221D16220130A320E0020017EA0921F7
:101B54006AFA483147B2012931AD03415CFA2804DD
:101B64002802C02000E002002D0A567AFB0CF85728
:101B740038175813AD03522516E0050052A1085733
:101B84009A09884382C8FCB62801AD022804BD0A1C
:101B9400AD03222201E002002D0AC6E1FF0000008D
:101BA40036A100614AFAA2C11C297128062822C064
:101BB4002000E002002D0A566A0F587178158867D4
:101BC40016081D787716B71C782578278CD7CD048E
:101BD400BD03A22503E007008C1A65490AA8710C0D
:101BE40007881A587877150178985888596116A586
:101BF4001A5057E256451A985A37B9020669004AEC
:101C04005357B902066700B22106B093E256391958
:101C1400B094E256D91816740922280EEC526D04B9
:101C24005D03A871222A0122221A56E20C2127FA06
:101C34008802A8718808C02000E0080016AA0C0CCD
:101C44000BC64D00002208301622FD28062802E0AB
:101C540002002D0A569A05A871B2C128281A8127B4
:101C6400FA9126FA28E289A192610BC02000E002D1
:101C7400002D0AEC5A98A1D8B1D069209CC6BD0A9F
:101C840068710C1F88166D0AE20830E7A60BA2A043
:101C940000B0AF83A0A07456AA012D0B510CFABD5D
:101CA400025805A22107522501E005002D0A16CA93
:101CB400F61DF00000AD09BD0DCD0689519911D96D
:101CC40031E941F921C020008111FAE00800BD0288
:101CD40088519811D831E841F821076A18D0A61123
:101CE400B8D8AAABC80AA22A01AAACA7B305B1FB0B
:101CF400F9573C01BD021B66C6E3FF000C0BE00272
:101D0400002D0A166AF2C6E9FF000C189871708A51
:101D140083808074B819AC687736247085E2DCE877
:101D2400887BAD09BD05E008007A557066C047366A
:101D340021D1F3F9B2A281C1F3F9A1F3F9E53B0A88
:101D4400886BAD09BD05E0080088618A558066C0CE
:101D540086F6FF0C080C19BD08A0B993608983802E
:101D6400BB20C8718802DC2BAD0C8818926101C0BD
:101D74002000E008009811167AEABD092802CD0B6C
:101D8400BD0AED04DD032832A871E002002D0A86A5
:101D9400C7FF000021CFF986C5FF000021CFF986D7
:101DA400C3FF000022A10286C1FF00003681002982
:101DB40031CBA121C6F9680268264911C02000E090
:101DC40006004D0A564A046831781672271016A781
:101DD4000D16F30D7856881187B7024635005A98C8
:101DE40097B702463300AC25A806BD03680A6226ED
:101DF4000CE0060071C7F97065636921564A0788CB
:101E04003168286846A971CC9642A1012D04C020EE
:101E1400001DF000A838C2C11CB821E006006D0AFC
:101E24008871826102160AFE8802A831822800C0E5
:101E34002000E008004D0AEC5AA831BD0360B693B7
:101E44004821407563DD07881AC811822810E0080C
:101E5400004D0AAC2A2802BD0A2812A831E002006B
:101E64003831282328521622FABD06A833E002008E
:101E740006E6FF006D0486EBFFA2220040B420C2F8
:101E84002A01A831E00C004D0A8C76CD07BD06ADC1
:101E940003E5EB0388117055C07A887A33891156AB
:101EA400D4FB5625F8C0200006EDFF004189F94611
:101EB400D6FF000042A10246D4FF000036A100294B
:101EC40031CBA12182F928022822C02000E002009F
:101ED4008D0A56EA102831681262261116D6106847
:101EE4002268269C66CD05BD04A22203826100C03F
:101EF4002000E006008801162A0065170A16330F31
:101F04002831685247B602463A005A7477B60246F8
:101F1400380016E50CA802BD037D05280A2892E0C6
:101F24000200A921491128211652052D036179F9CE
:101F3400606763A831881A82281A16E800B2A000E4
:101F4400C02000E00800A08A20567A099160F98830
:101F540009A8318808E00800562A07DD06A831BD23
:101F6400026077C0881AC22101822811E008005754
:101F74003723B2A3A1D168F9C169F9A163F9E517BF
:101F84000A2C09906763CD06BD03A2C11025DC03AA
:101F940022C11006E7FF0C020C18CD02914CF97017
:101FA4002883A0C89320CC2028099831EC0CBD0CC0
:101FB400AD0928128901C02000E002008801EC6A02
:101FC4006A3328116A222911C02000C6D5FF0C0CDF
:101FD400213FF9BD0AED05DD042802A8312832E0CD
:101FE40002008D0A2D081DF0CD0886F8FF8138F90E
:101FF40006FCFF0082A10246FAFF00003661008160
:1020040033F9A2C10C8228008228022931C02000A1
:10201400E00800CC7ACD05BD04AD036587FF2D0A29
:102024001DF000003601012931CBA1213DF96127C2
:10203400F9C020002802C0200022611728062822A7
:102044004911C02000E002002D0A4136F9783148D8
:1020540004471702064E00ECEA48111694135A433B
:10206400785747B702C64B00304034BC14211CF9E2
:10207400380222A102160301E5FA09BD0AC119F9C1
:10208400A12AF9811AF9E008003125F9C02000429B
:102094002117C020003803379402064000656B0006
:1020A4001655FE50203416C201210DF932220022A9
:1020B400A1041633FD25F709A0BA20C10AF9A11B12
:1020C400F986EFFF000088313A42892156C2054063
:1020D40080441668051C0CB811A2C12CC020002530
:1020E400C70342C4F01C0DA821C2C11CBD04E5F005
:1020F400FF1C078806A831822800E008008D0A56D4
:102104005A07A8312C0DCD04B2C11C981A92291477
:102114008901C02000E009008801163A04D104F9BD
:10212400B2A422C104F9A1F8F825FD0982210120F5
:1021340075C020B88066B718CD07A2C11C25C1039D
:10214400A821DD07C2C12CB2C41025EBFF86E8FF2D
:10215400002C0CA2C11CA5BF032C0706E5FF000040
:10216400004806BD084814A831E004008D0ACC6A72
:102174007A2257B20246D3FF2806ED05DD030C0C84
:10218400BD082832A831E002002D0A86BEFF0000F7
:1021940022A10686BCFF000022A10286BAFF1DF020
:1021A40036410020C22040D420BD030C0AE5BFFF05
:1021B4002576FF2D0A1DF000364100AD03A5060A61
:1021C4001DF0000036410021B1F80C650B55CC75AB
:1021D4003D05AD05C60900000020A22065BB58A737
:1021E400330720A220E5BA583D0A32C30382AFFC6C
:1021F400803310B1A6F830A320E54F0116CAFC398C
:10220400042D0AC020001DF036410030A32081CAED
:10221400F8E008000C021DF036410016E300D1C7B7
:10222400F8B2A08BC1C7F8A1C7F825ED0925EA01CA
:10223400883292A7CF808AC087B90DA92222A1072C
:102244008C043904C020001DF0282220AAC021BE1D
:10225400F8A7B2E80C130C0206F9FF00364100227D
:102264000204AD0340B42056720065EF5322A10668
:102274008C0A0C021DF0000036410081B4F882285B
:1022840001E008001DF0000036410081B0F882280A
:1022940000E008001DF00000364100E5FEFF0C02DE
:1022A4001DF00000364100A5F306662A0265060704
:1022B400E5E101A262020C02C020001DF000000052
:1022C40036410065FBFFA5E001A2620322A000C025
:1022D40020001DF036410030A3208197F8E008006B
:1022E4000C021DF036410025AC020C0A8199F8E07D
:1022F4000800A5B10225AB020C1A8195F8E008008C
:10230400A5B0020C021DF000364100E5A9020C0A3A
:102314008191F8E0080065AF02E5A8020C1A818DEE
:10232400F8E0080065AE020C021DF00036410081A1
:102334008AF889220C02C020001DF000364100FCFE
:1023440012A186F8E59501A020544185F8AD0465F5
:102354009501A0A7B4661AF44183F840A4206594BB
:10236400017C7880AA10C02000A9042903C02000A1
:102374001DF00000A17DF8E59201A02054417BF8F6
:10238400AD04259201A0A7B4661AF44179F846F287
:10239400FF0000003661002D013176F830228031D3
:1023A40076F827B30EB2A086D175F8C175F8A17579
:1023B400F8A5D409E5F65330EB03303D044172F837
:1023C40052A00022A001302593C0200082240026C0
:1023D400080DB2A08ED16DF8C16AF8C6F3FF0000F3
:1023E400C020003904C0200065DF06661A0F16738A
:1023F40006B2A098D167F8C162F806ECFF00B2A05B
:10240400188BA1E56407B164F8CD02AD024161F80F
:10241400C02000524400C0200025165B8CDAE15F26
:10242400F8C2A0A2D157F8B15EF8250B05C0200070
:102434008204008080741638FF6549068BA1256AE2
:102444000740EB03404D0447130ED156F8B2A0AE3B
:10245400C14CF8C6D5FF000000A563014153F8E064
:10246400B311B0B48030A32025EDFFE0B211BAB4AB
:10247400AD02A5ECFF1DF00036410020EB03202D3A
:10248400040C030C1A20A3933148F8E0BA11BAB330
:10249400A5EAFF256001E0B211BAB3AD02E5E9FF98
:1024A4001DF00000364100303054561203212DF83F
:1024B40020A220257F0182A00880AA20C02000A994
:1024C400022126F8AD02C02000A57D0182AFC080A4
:1024D400AA1030AA20C02000A902C020001DF021AB
:1024E40024F820A220E57B0182A00880AA20C02035
:1024F40000A26200211DF8C0200086F1FF00000048
:10250400364100E53C06E558019128F882A000A276
:10251400A001C02000824900811FF8C02000A24809
:1025240000C020008209008080741638FFE09211F8
:10253400811EF820A220908880B22800C020006567
:10254400F6FFE55A0125E1061DF000003641004082
:10255400EB03404D0432A00122A000402383310A42
:10256400F8C0200052230047150EB2A0C0D110F8C5
:10257400C111F8A104F865B80965C6069C05661A78
:102584000ED10DF8B2A0C2C10BF846F9FF0000004D
:1025940052AFFFC020005903E08411AD04E04211A2
:1025A4003102F88A834A33B22800C0200065EFFF65
:1025B400AD02B803E5EEFFA5C206261A0A21FBF711
:1025C4000C13C02000324200C020006552011011DB
:1025D40020E5C006261A05101120E5D706A5D55317
:1025E4001DF00000364100A0EB03A0AD0481EEF71E
:1025F400E09A11908880B22800A5EAFF254F011DBA
:10260400F0000000364100A1D7F722A0006569015F
:10261400376A08A1D7F7E56801A0230490000000F9
:10262400364100B2A02620A220A5E7FF90000000BA
:102634003641001C68ACF2422201262418A2220072
:1026440022220166122530B32065B4051C08661ADF
:10265400160C08460400A22200256205A04A20E5C3
:10266400920682A02DA794D42D081DF0BD03659970
:1026740005C6F5FF364100A2A01616C2008222004C
:1026840026080A7CFBA802A5FAFF2D0A1DF0AD025C
:10269400E55055563AFF46FAFF0000003641001651
:1026A4009204380216430428130B22B6221D281361
:1026B400A8036612296580050C02261A1FD1BFF7EC
:1026C400B2A2C8C1BFF7A1BFF725A309A223002264
:1026D400A001A55A054D0A658B06A714D01DF00C60
:1026E4000DCD0DBD0D25600506F3FF001C62C6FA75
:1026F400FF0000003641000C0AE5CF00655B0420B2
:10270400EB03202D045602020C1AE5230191AEF7C7
:102714002145F7C020008809208820C020008909AD
:10272400C0200046FEFF0000000C0AE5210126122D
:10273400DBC6F4FF36410031A5F722A00488438CA0
:1027440018E008000B2232C3FC6602F025180625A7
:102754006D000000364100A19EF7A5D904000000D9
:10276400364100A19CF765C7070C0A81A0F7E00871
:102774000065945B819FF7E008000C0A819EF7E0F6
:1027840008002195F7AD02E5510182A10180AA203C
:10279400C02000A902AD02C02000A550017CE88041
:1027A400AA10818EF7C02000A9020C12C0200022BA
:1027B4004801C0200025A45525D6558189F7C0209D
:1027C400002248013188F7C0200022030020207431
:1027D4009C8220EB03202D04E082112183F78A22BE
:1027E4002802C02000E002001DF00000A2A06481C5
:1027F40052F7E00800C6F2FF364100217FF7C020FF
:1028040000280207E244255A020C1A8152F7E00814
:1028140000A55F022559020C1A8116F7E00800E5AD
:102824005E022151F7AD02E547013174F730AA2069
:10283400C02000A2620020A220C020006546013111
:1028440070F730AA10C02000A262007CF30C24A10F
:1028540043F7C02000E54401A083300C0980200424
:10286400408A108049932084200C44402A10204937
:10287400931C0CC02A100C8B4088204D09204B83DC
:10288400B0AA10408820A09C8390A820A04024F0E7
:102894002A11A0A141C02210B0AA10A0A220402A4F
:1028A400204131F7202330AD04A53F01A02210C000
:1028B40020002904C020001DF0000000368100A182
:1028C40045F7A5B107A2A000815CF7E00800A04A83
:1028D40020A2A0018159F7E00800A14BF70C0BC11D
:1028E40049F7A0CCC0A55C0326540DA149F70C0BF5
:1028F400C147F7A0CCC0A55B03E5EFFFE5815A16FD
:102904002A0025E3FFA59702E57B5BE59702A57AFC
:102914005B3132F70C128BA1C02000224300C0208F
:1029240000251C59220112F6223131EDF62803ACA0
:1029340062656F09BD0A2137F720C220A137F781EC
:10294400EBF6E0080038038CE3E56D09BD0AA1331A
:10295400F7CD0281E6F6E00800657109A544020C92
:102964001A81C4F6E00800654A02E543020C1A81A4
:10297400F8F6E008006549020C1AE5FC002128F786
:10298400AD0225320107EA48AD02A531010C1660FB
:10299400AA20C02000A9027CE52122F7AD02C020B4
:1029A4000025300150AA10C02000A902211FF7AD54
:1029B40002C02000E52E0160AA20C02000A9022048
:1029C400A220C02000E52D0150AA10C02000A26260
:1029D4000052A064A116F7C020008104F7E00800AB
:1029E40050A520C02000620300C020002203012063
:1029F400207460221081D0F6E008001612FEE587EC
:102A040055659655659E58210AF7B26201A902C020
:102A14002000657E55253F042D0A0C0AA59D00C1A2
:102A240005F7BD020C0A65A100665402650059E56C
:102A3400AE551C8C0C0B8BA1654703B189F61C8C1D
:102A44008BA1E530038BA1A551028BA12555028BE7
:102A5400A1A5720265490241E2F60C120C03C020E2
:102A640000224400C02000324107C0200032010788
:102A74003030749C9320EB03202D04E0321121DAD2
:102A8400F63A22222200C02000E002001DF00000DD
:102A9400C02000224107A2A064C02000320400C06C
:102AA4002000820107808074308810C02000824199
:102AB40007C02000320401C0200082010780807416
:102AC400308810C02000824107C02000819BF6E0BE
:102AD400080006E5FF00000000E203000F058C601B
:102AE40001D7F6A00000000000E4030000058C708C
:102AF40000E20300000556201100E203000A05ACC1
:102B04003000EB03000D04CCE001CDF6080001CD4C
:102B1400F6080000040506030001C9F6080001CA0E
:102B2400F608000004059C4050C01301C8F60800D4
:102B340051C8F6580557B00206480050C0030D01AD
:102B440012D1FF12C140094100D14900E603092115
:102B540000B503091100C149C9F1D2611045B90496
:102B640000EE0302611500E203000A05AC5000EB1D
:102B740003000D04DC0001B2F6080001B2F60800FF
:102B8400000405860300000001AEF6080001AEF65D
:102B94000800000405CCF000E40341AEF600041084
:102BA40000E4130C70C60C0021ACF631ACF63262B2
:102BB40019C02000422229C020000C4330342032A6
:102BC4006229C020000C03326219C0200001A4F65F
:102BD4000800CC300C6086000002A00502611400DD
:102BE400D503026103019FF600E6136D01157E0013
:102BF40045BA04082100E613081100B5130831187A
:102C04004110200000D503103500000020C013201F
:102C1400EA0322D21F22C24020F2132193F600625B
:102C2400401B000072402191F60062402191F600A1
:102C34000220218EF60072403DF03DF03DF03DF063
:102C4400218AF60062407CE20002102187F60072BD
:102C54004020C00300D503103500000050EB0350A2
:102C64005D040CC00055820183F65A002900391016
:102C7400492050EB03505D040065008C75217EF6FD
:102C840038021B3339020C14217DF62035A0490388
:102C9400217BF60C132033A02802380330221016AF
:102CA400D2FE8CF52175F628026622082168F638D2
:102CB400021B33390220EA0332A1E040EA03204434
:102CC400C03734F68CC5216CF628026622028621B0
:102CD40000860800216BF648021B4449022167F66E
:102CE4000C132033A0280238033022108C12C6F0B3
:102CF400FFE6241646EFFF1C42E022113162F62A59
:102D0400331C022903C02000C621001C42E022110A
:102D1400315DF62A331CA22903C020002158F60C89
:102D2400142034A02802380330221016D2FE214A7F
:102D3400F6314AF6326219C02000422229C020002E
:102D44000C43303420326229C020000C0332621953
:102D5400C02000060F0000002140F63140F6326228
:102D640019C02000413BF64804C020001B4432A295
:102D7400584033C2326214C0200032A4B03262150B
:102D8400C020000C13326218C020000C03326219F8
:102D9400C0200000E6130C008C952137F63802663B
:102DA4002302026200CC352136F609022134F620D2
:102DB40025A009020CC0005582012EF65A002800F5
:102DC4003810482010200050C00300D503103500EF
:102DD400364100812DF687020EB2A064D12CF6C1D3
:102DE4002CF6A12CF6653109008211208820218D52
:102DF400F52088202129F6C020008902C020001D6A
:102E0400F00000003641002124F6C0200082220098
:102E14008020E48090E52799029618000C021DF0AA
:102E24003681007CFA65590A0C0DCD0DBD0D8BA1C0
:102E340025EE07E5AF0322A3E820BAA2C118F620C5
:102E4400AA82D1AEF58122F6E008002D0A8BA1E515
:102E54002608CD028BA10C3D0C0BA510080C4DCD02
:102E6400028BA10C1BE50F080C1B8BA1A537084096
:102E7400EB03404D040C020C135D02405383AD057B
:102E840025AD00AD0565AB0025FF015105F6A2C1D6
:102E9400108805581589415951C02000E52108A220
:102EA400C110E52808A2C11065380851FEF5A2C179
:102EB400188805581589615971C02000E51F08A2BA
:102EC400C118E52608A2C118653608AD02A552004E
:102ED400AD036552000C2A255200E5EC01AD0281D8
:102EE4009DF5E0080065F201E5EB01AD038199F57C
:102EF400E00800A5F10151ECF53C08C0200089056B
:102F040051EBF5C02000890551EAF5C02000890580
:102F140051E9F5C02000890551E8F5C02000890574
:102F240051E7F5C02000890551E6F5AD05C0200044
:102F340025D70082A7FF80AA20C02000A905C020B1
:102F440000290551E0F5AD05C02000A5D50081DEBE
:102F5400F580AA20C02000A905C020002905C020B2
:102F64000025D50351DAF5C020002905279410ADBA
:102F740003C02000E59D00AD04A59D0006FFFF00F1
:102F840020A220259D00AD02E59B00AD03659C00B9
:102F940006FAFF00364100A1CFF522A00065D0005B
:102FA40031CEF5378A1122AFFFA1CCF565CF0030C1
:102FB400AA1032A001A023931DF000003641008125
:102FC400C8F58A8291C8F587B92A81C7F58A8291A2
:102FD400C7F587B91F0C1891C6F59A92A1C6F59743
:102FE400BA0D91C5F59A229127F527B90282A0005E
:102FF4008020041DF00C1846FDFF0000364100201F
:10300400A220166300E58055900000008138F5E0A9
:10301400080086FCFF000000364100922201A2C98C
:10302400F092C9F4822202826200A80AA9220C0A40
:103034009809B1B2F5BAB9991221B1F5B7321D9018
:103044009034A79917A7A80BA1AFF5A08810A1AE3B
:10305400F5A08820A2C8FDC0200025F6FFA020040A
:103064001DF0000036610020522040407422A1026D
:10307400E61502C62700C2A010BD03AD0125CD028E
:10308400A1A3F5BD0465F7FFB801D6BB00219DF5EA
:1030940020BB10219DF520BB2022CBFD38111664E6
:1030A40007A19BF5E57655AD02257955A19AF565FD
:1030B4007655AD0365785528110C136190F56A6255
:1030C4007190F567372F202034EC92A801D6BA000E
:1030D400218DF520AA10218CF520AA20A2CAFDE595
:1030E400EDFF0C03379A0E28310C138C7222221434
:1030F40022C2EC203A832D050C165821164509AC42
:1031040073A186F5BD0410112025EFFF7CF2BD04E8
:10311400A185F5A5EEFF1DF0A180F5CD03BD0281CB
:10312400F3F4E0080086E3FF0000AD01101120A5D0
:10313400EEFFB80160AA30A03074D6BB005171F51F
:1031440050BB105171F550BB2052CBFD72210116BA
:103154001403A16FF5E56B5550A520256E55A16D9F
:10316400F5256B55AD07656D550B2256B2F856F330
:10317400F858212D031655F9BD04A169F5E5E7FFBB
:1031840086E2FF00A165F5CD07BD0581D8F4E0080E
:103194000006F5FF2D031643F706D9FF366100C27A
:1031A400A0100C0B10A120A5D0028BC14BB1AD0116
:1031B400E500000C0CBD01AD02A5EAFF2D0A1DF0CF
:1031C40036410065130A50C10952620060D10950AA
:1031D400D60952630050C6095264001DF000000075
:1031E40036410030EB03303D0456F303414FF5C044
:1031F400200039047CFB0C04514EF5AD05C02000C1
:1032040065D906AD05C02000322200C0200042620C
:1032140000C0200025ED06475304AD04E50D012749
:103224006305A2A06465F7FF1DF000003140F50CB2
:1032340004C020004903C02000C6EDFF364100A6AB
:10324400220ED13CF5B2A075C13CF5A13CF5E5EAEE
:10325400084137F5B2AFFFAD04E5D306E092118122
:1032640038F5AD049A88C020009808309920C02011
:10327400009908C0200025E7060C18CCD2212AF5B5
:10328400C020008902C020001DF000002128F5465E
:10329400FBFF0000364100B2A00120A220E5F9FFA7
:1032A40090000000364100B2A00420A220E5F8FFFF
:1032B4009000000036410020EB03202D043121F55D
:1032C400B0221130228032A00088028C18E008005D
:1032D4001B334B226683F11DF000000036410030A1
:1032E400EB03303D0441DEF416D30022A001224456
:1032F40000C02000C020001DF02204001642FF215F
:1033040012F5AD0265DB07C2A25881D0F40C1DBDD5
:1033140003AD02390881CEF4880882C80180CCC28A
:10332400C0200025C4070C3DC2A4B00C1BAD02652F
:10333400C307AD0225E807AD0265EF07324400C0BC
:103344002000C02000C6EAFF3641008100F50C19B8
:10335400924800C0200081FEF429080C08C0200017
:103364008908F04100000000364100A5B658E54C3C
:103374005BA1F8F425445DA5485DA2A00165F501B3
:10338400A2A00025435F1DF0364100101120A57056
:103394005521F1F4C020008202008080748C481012
:1033A400112025B06DA2A0648164F4E00800C6F782
:1033B400FF00000036410020EB03202D046524FFAC
:1033C400568A00A5AB0120A2206525FF1DF0000050
:1033D40036410025FEFFB2A00120A220258555908C
:1033E40000000000364100E5FCFFB2A00020A2204E
:1033F400E58355900000000036610091D8F4202048
:1034040074A1D7F4B1D8F48D098C72A08A20C2C2F9
:10341400FFC08B93C020008878C020008931C02071
:1034240000883180807556D8FDC02000883180889E
:10343400355628FDC020001DF00000003641002054
:10344400207491C6F48C7291C6F426120291C5F4CC
:10345400C02000288981C4F4B7F20281C4F4C08872
:10346400114048C280A411A0AC41C020008859403A
:103474004034C0440121BEF4208810A08820C0201C
:10348400008959C02000885921BBF4208810404885
:1034940020C020004959C020001DF00036410065BD
:1034A4000400A03A20E02311302280E032113022BF
:1034B40080A50700E02211AA221DF0003641002158
:1034C400AEF40C19C0200088020C02808465CC285C
:1034D4001DF000000768059022302020748081418F
:1034E40086FAFF003641002144F481A5F4C020008F
:1034F4009802909F0421A1F4C020002802202405F2
:10350400F02211C020008808808F05E0881190887F
:10351400202088200C2226380E0C322678090B88AD
:103524000C1292A0008029931DF000003641002166
:1035340093F4C0200028022028151DF0364100B164
:1035440091F420A220251B00A02A20900000000056
:1035540036410040C07430B32020A220A5B00090B2
:1035640000000000364100AD0225B5001DF000004A
:103574003641000C0A65D8001DF0000036410025D4
:103584009F0620A22025B6069000000036410025A3
:103594009E06B2AFFF20A220E59F0622A0001DF0E8
:1035A400364100A2220030B320E59704A02A201D52
:1035B400F0000000364100A802CD030C0BA5C104A5
:1035C4002D0A1DF03641008170F4AD02BD03CD0417
:1035D4008808162800E008001DF00000364100812C
:1035E4006BF48808CC282D081DF098788C899838BD
:1035F40097220498489722ED888886F9FF000000F6
:103604003661005163F40B4247352C0763150CC433
:103614004783240C244033203B227CC440221006E0
:103624000100000017E3F00C075158F4E06711485B
:1036340005CC841B776637F00C0A462900A874CCA5
:103644003A488486FAFF6054805225005703F18873
:1036540014580480552088248055203055103795FF
:10366400DF07E3028620005834814AF48A55911F0B
:10367400F45739754B52BD059931C02000257C089B
:10368400983116BAFB2143F4AA552A7A77B90D4C1E
:103694009BD141F4C142F4A142F425A6082141F48E
:1036A4002A2527B90A4CABD140F4C13CF486F9FF72
:1036B400A020148C92D13DF44CBBC138F486F5FFA4
:1036C40052C5FC5020148CA2D13AF44CCBC133F433
:1036D400C6F0FF00210DF45022C03136F43A22A97D
:1036E400024BA22D0AC020001DF0BD02257508164C
:1036F400EAF446FBFF00000036410030B32020A26C
:1037040020E5EFFF4D0ACCAA8C82C12BF4BD03AD9A
:103714000225EBFF2D041DF03641003128F432233D
:103724000066030F20A220B126F4E5FCFFA03A2096
:103734002D031DF0B123F427B302B122F420A220FB
:10374400E5EBFF3D0A567AFE1642FE4172F3AD02E6
:10375400BD04E5EAFF3D0A565AFDC11BF4BD04ADA4
:103764000225E6FF06F2FF0036410016D202811759
:10377400F48A8291DEF387390522C2FC222200AD4D
:1037840002A5E5FFCCDAB2A17DD111F4C112F4A1F6
:1037940004F4A59608A87ABD02E563081DF00000AC
:1037A400366100CCB2BD04AD0365E5FF5D0A2D05AD
:1037B4001DF0CCB3AD0225FBFF0C05C6FBFF0000DA
:1037C400005105F43735F15101F450528061C7F3CB
:1037D40057362052C2FC72250070A720E5DFFF6D2A
:1037E4000A0C18ECBAD1FDF3B2A19FC1FDF3A1EC10
:1037F400F3A5900820A22065DEFF72A000A06A2035
:103804008D07779A0CD1F5F3B2A1A8C1F5F306F7A9
:10381400FF00A8765D0A8CBA981658069055209237
:10382400260290552050541092A001479502979873
:103834002FBD04AD03826103C0200065DCFF5D0A77
:103844008831163AF7BD07A876CC08BD02E55B08B7
:10385400EC8AD1E4F3B2A1C6C1E2F3C6E3FF0000EF
:103864000030C32020B220826103C02000256008FC
:103874005D0A8831566AF386EDFF0000A0C3632019
:10388400B22050A520A54C02AD02E5EDFF46C7FFCE
:10389400364100AD02CD04BD0365F0FF2D0ACCAA6C
:1038A4008C83C1D1F3BD04AD03A5D1FF1DF000008D
:1038B40036410020422021C1F32222006602113049
:1038C400B320AD04C1BFF3A5FCFF2D0A1DF0000019
:1038D40000C1BBF337B202C1BBF3BD03AD0425EC99
:1038E400FF2D0A565AFE1623FE510AF3BD03CD05D9
:1038F400AD04E5EAFF2D0A561AFDC1BCF3BD05ADC2
:103904000325CCFF06F1FF003641003052A230629D
:103914008222A000DC1540B420AD0665CEFF2D0A3E
:103924008C5ACD06BD05A55802CCB28C93C1B0F318
:10393400BD0430A320E5C8FF1DF00000364100ADF2
:103944000225AA061DF00000364100AD0225B3068B
:103954001DF00000364100A11CF32C091C0B20B9FA
:10396400832D0BC02000880AB08820C02000890A5B
:10397400C020001DF0000000364100AD02BD03CDA3
:103984000422A102F62A360B843CF987392F408899
:10399400104063E2602820DC228155F387151681EC
:1039A4005AF387151A0C1D819FF287150A22A1026A
:1039B4008602000000000C2D101120259A061DF02F
:1039C400DD0286FCFF0000003641002128F320625E
:1039D400402020041DF000003641002186F381635D
:1039E400F328028022821DF03641002182F34CF933
:1039F4008802215DF3872905215DF32028821DF0CB
:103A0400364100817CF32908817CF32908C0200019
:103A14001DF0000036410025FCFFA02A20A5FCFF74
:103A24009177F3A0A2D2C0AA1122A000D809817470
:103A3400F3B0EA03C02000C808C02230D0CBC0A72E
:103A44003CEEB909C020008808802230C020001D47
:103A5400F0000000364100316BF3B2AFFF30A32019
:103A64002812655306CC72AD03E567061DF000000D
:103A740082120007E81588128C98C02000980882EA
:103A840022028709068832A842E008002852C6F4B8
:103A9400FF000000364100A54D06315AF37CFBAD12
:103AA40003654F0690EB03909D048158F3E04911A0
:103AB4009A882155F34A2252080028021625002527
:103AC4005B0852A001524800C0200050E40320A229
:103AD40020C02000658E09502210814DF34A8829A8
:103AE40008C02000A54806AD03E55F061DF00000F0
:103AF400364100E547062143F3B2AFFF20A220A5DB
:103B04004906B0EB03B0BD049142F3E08B118099F8
:103B140080813EF3BA88A809920800CC192555087B
:103B240092A000924800C02000C0200065870925AB
:103B3400440620A220255B061DF00000364100CC7F
:103B44006222A1021DF0000000654206312EF37CC2
:103B5400FBAD036544068812BC887CEA921800A079
:103B64009910925800C02000B80890BB01B0B83139
:103B7400280296BB02A802A0C145A0A005C020004F
:103B84008125F3E00800A53E06AD03E555060C02C9
:103B940006ECFF008802B808E0BB1186F3FF0000C2
:103BA4000080EB03808D04A802A02005879291A0D9
:103BB400A14565A65746F3FF36410016B20A253BD8
:103BC400063110F3B2AFFF30A320E53C068812168D
:103BD40038060C1A921800A09920925800C02000B0
:103BE400B808B0B17400BB2388028818DC08B2A2FC
:103BF400F1D109F3C10AF3A10AF3C02000E54F088B
:103C04009808909901909831B7990592180007691E
:103C14003B88585698FE966B0328020C6CA802A0A9
:103C2400A00581FCF2E0080065340630A320A54B12
:103C34000622A0001DF08802B808E0BB11B0B8311C
:103C440086F4FFA0A145259E57C6F6FF00D67BFD4E
:103C540082220020EB03202D04A22800A080052747
:103C640018E0E53006AD0325480622A102C6F0FFA0
:103C7400364100E52F0661EBF27CFBAD06A531066B
:103C8400202074303074404074505074DD05CD04ED
:103C9400BD03AD0281E5F2E00800652D06AD06A581
:103CA40044061DF03641009065008165F2880828BD
:103CB4000290E6131020001DF00000003641008140
:103CC40060F2880828021DF0364100606500E04477
:103CD400113A445D03479509AD0681E5F1E008001A
:103CE4001DF050A52065FDFF3085C0808280A2684C
:103CF400004B55C02000C6F6FF00000036610031BD
:103D0400CCF20C02320300C0200029312793024672
:103D140034000C834114F2AD04C0200065F8FF3771
:103D24008A0EAD04E5F7FF30AA20C02000A9040CD8
:103D3400120C843D02510EF2AD05C0200065F6FF61
:103D4400478A11AD05E5F5FF0C2340AA2030322047
:103D5400C02000A90591B5F2A1B2F141D5F1C0206E
:103D640000820900808074C0200058315A88AA5902
:103D740092C920C020008931C020008205008080C3
:103D840074C0200058315A88C0200082610342C4A4
:103D9400FF5694FC16420221F2F120A220C020001A
:103DA40025F0FFA0A7B4661AF041EEF122AFF7ADFB
:103DB4000425EFFF20AA10C02000A90417632421C2
:103DC400EBF120A220C02000A5EDFFA0A7B4661A45
:103DD400F031E7F122AFF7AD03A5ECFF20AA10C044
:103DE4002000A903C020001DF0000000364100BDE2
:103DF40002C0EB03C0CD04A18FF281BCF1E0080046
:103E04001DF00000364100A51606A18BF2D0221148
:103E1400B2AFFF20AA802518061DF000364100C26B
:103E2400020FC0C004E0BC119185F2B0A980822ABF
:103E3400005658018962290AA972CC83A802B812D3
:103E4400C02000A532000C021DF0E802D812A81808
:103E5400A73D08D79A27A22800A7BE21A87889627F
:103E6400A972290AA2C218A9785693FDBA993809E9
:103E74002793D2C0200086F0FF8D0AC6F3FFA868FE
:103E8400565AFFA96282C81829088972C020008680
:103E9400F5FF0000364100A50D06A167F2D02211FE
:103EA4002AAA6524061DF0003661008165F222A06D
:103EB40000C2C10CBD02A8082931C02000E5A0053C
:103EC4008831661804AD026543001DF03661009D1B
:103ED4000532A10216D205315AF2580332A1031653
:103EE40025059931C020002527005D0A7D0B62025B
:103EF4000F606004AD06E5F0FF88023812308820B8
:103F040032A1039831EC784A450C135734013D082B
:103F14009A777A3349020C0BAD023912414CF138CD
:103F2400324033103932B922C0200025EFFF3D0A58
:103F3400AD0625F6FF2D031DF0000000366100627A
:103F4400A102160208313EF262A103380316530798
:103F5400E53700573B0CB79502473A062537004D25
:103F64000A5D0B651F0032020FCD0A303004AD0329
:103F74007D0BC931C02000E5E8FF88026812608823
:103F84002062A103C831FC484A9C0C16C739028040
:103F940068204262025077807066800C0BAD02414B
:103FA4002AF140551088324129F140881050582098
:103FB400691299025932C0200025E6FF6D0AAD034B
:103FC40010112025EDFF2D061DF0000036410032B2
:103FD400A10216C208311AF242230032A1031604C8
:103FE4000842020F40400440A420A5E1FF880238A3
:103FF4001230882032A10316F80532020F30300443
:10400400AD0325E0FF810DF2E0A311AA98B8099849
:10401400628C39C22207C979C872990C0C09C1375C
:10402400F19922C9029832C109F1C09910D133F132
:104034009932D912B7921AAA882808A102F2B101BA
:10404400F28C42A22200B2220130C320C02000E53B
:10405400110030A320E5E3FF0C03AD04101120652B
:10406400E3FF2D031DF0000036410081F7F14040CD
:1040740074981287190D4CCBD1F5F1C1F5F1A1F566
:10408400F1A50708A84265F4FFCD03DC64A842DD6E
:1040940004A5E3FFAC1AE1F0F1C2A04FD1EDF1B1F8
:1040A400EFF1A54303A8420C0D25E9FF8C9AE1EC3E
:1040B400F15C1CD1E7F146F9FF1DF00036410081A7
:1040C400E2F19812879904A84225F0FF1DF0000040
:1040D40036410065080031E3F1222300202A808262
:1040E40023010C13A732010C038ABBBA331DF00061
:1040F40036410081DDF10C89AD02C02000990881B0
:10410400DBF18808C02000E008001DF036410021E2
:10411400D9F10C1A91D7F1C020003809C0200088C9
:1041240002808DF4AA8821D4F1C02000A9027688E7
:1041340007C0200028092793FFA1D0F191CDF1C039
:104144002000380AC020008809879204C020001D7E
:10415400F02D0806FAFF000036410025FBFF102B66
:1041640001A0A141A02220B031411DF0364100251B
:10417400E005A1C3F1B2AFFFE5E105D0441181C16F
:10418400F140488029043914581828386808482808
:1041940027350557920847B6056046205025206606
:1041A4000405660202062F00C0200025F6FF92CA0D
:1041B400040C18A739010C08405F05F022112025D2
:1041C40020BAB8F04411AD09273B05B7920647B9A8
:1041D40003AD04BD0261A7F17D0A2D0B0C440C054F
:1041E400C02000880692ABFF90881092A400C020E3
:1041F40000890681A5F1C02000790881A4F1C020BE
:10420400002908C020008806908820C02000890664
:10421400C02000A5EFFFA087C00C198737010C0947
:10422400B022C09022C0E6123BCC02FC682198F177
:104234000C87C020002802702210EC728081604B31
:1042440088807F318A840C194738019D027A25AA17
:10425400A82A594D080C12873A010C02BAB57D0AF6
:10426400BA2286DEFFA5D005A186F1E5E7051DF09B
:104274003641003183F1B2AFFF30A320A5D105F65A
:10428400320ED184F1B2A0C0C184F1A184F1E5E67B
:104294000707620BD183F1B2A0C1C17FF186FAFF97
:1042A4009175F1202141302211A17EF1A02210C08C
:1042B4002000822900A17CF1A0881080222030A354
:1042C40020C02000226900C02000E5E1051DF000A7
:1042D4003641002176F13189F01DF000364100208D
:1042E400EB03202D04E082112172F10C198A220CB7
:1042F4000828022089932D081DF0000036A10082B1
:10430400C13039113D0189910C4849215931694124
:10431400795139A189B18C720C8889B188116618D8
:1043240008C02000101120E51D031DF00041000C01
:104334003000E81345F0000030000000101120C5E3
:10434400D0FB0000450B0000850F000000E8036669
:104354004002869A00F6C0EF2650E02610E51001D0
:104364002012D1FF12C14002610400D14900E603CA
:10437400092100B103091100C149C2610FD26110C2
:1043840005370300E80302611400EE03026115001F
:10439400D10309310148F100E613383130C14938FD
:1043A4004130D14900B10351D2F010200050002017
:1043B40000059020E80320E803313FF140EB03407F
:1043C4004D044022903042A048046D01D004008581
:1043D4003C03082100E613081100B1130831184109
:1043E4001020000030000000082100E6130811002E
:1043F400B1130831184110200000300012D1FF120F
:10440400C140C2610FD26110852E0320B10332C2B4
:104414000300010307930D0002031670000B003024
:10442400000300021330B113C5360312D10112C1C7
:10443400C07CF020209300D103003000465D0000D2
:10444400465000000D0112D1FF12C140094100D1B4
:104454004900E603092100B103091100D103093120
:1044640000C1490116F1090100E803598152C0E075
:1044740029513261064971F26112C524039C3F211E
:1044840010F130EB03303D042023A022220022C28D
:1044940048326200010CF140E0030005A00800006E
:1044A40020F420442040E0130C423022823106F1F3
:1044B4002A333035A02803F903102000165206428F
:1044C400120007045F5101F10044304252000040E1
:1044D400455054A04212015805004420425201287C
:1044E400220030455A22FCB3803EE33902903EE379
:1044F4003912034202134203234204334205434266
:104504000653420763420873420983420A93420BEB
:10451400A3420CB3420DC3420ED3420FE34210F345
:104524004211C6FFFF16CF05321F0141E8F0070311
:1045340062003330325F010030454043A0480458E4
:104544002F5A24FCE3380230E8F3381230E9F3033D
:104554000202130203230204330205430206530238
:104564000763020873020983020A93020BA3020C75
:10457400B3020DC3020ED3020FE30210F30211863D
:104584000000000000F22112588148713861222194
:104594000545E5FF221F020702EA002210202074CD
:1045A400D26110E26111852903D22110E221118622
:1045B400F4FF0000000C4000E813101120C5C700F0
:1045C4000D0112D1FF12C140094100E60309210087
:1045D400B103091100D103093101B8F009010D013A
:1045E40000D11385F30201BAF000E6131020002075
:1045F400E40330E20341B7F0302210402210166287
:104604000500D103383030C149384030D14900B1B8
:10461400034137F04000200004900B424022105622
:1046240072FF1B444C0340E3134713221CF340F472
:10463400404033C0C0EB03C0CD04C0339041A6F06A
:104644004033B048032D066813D00400C6E7FF2D9D
:104654000615F702C6E5FF0010112045F10200001F
:104664000D0112D1FF12C140094100C2030921000A
:10467400B203091100D20309310198F009010D01B7
:1046840000D21385E9020196F000E6131020002001
:10469400E40330E2034193F030221040221016224A
:1046A4000500D203383030C149384030D14900B216
:1046B40003410FF04000200004900B4240221056AA
:1046C40072FF1B444C0340E3134713231CF340F4D1
:1046D400404033C0C0EB03C0CD04C03390417EF0F2
:1046E4004033B048032D066813D00400C6E7FF002A
:1046F400C6E6FF0010112085E7020000082100C271
:1047040013081100B21308311841102000103200B0
:104714000D0112D1FF12C140094100C30309210058
:10472400B303091100D3030931016FF009010D012D
:1047340000D31385DE02016DF000E6131020002083
:10474400E40330E203416AF03022104022101622C2
:104754000500D303383030C149384030D14900B363
:104764000341E3EF4000200004900B424022105626
:1047740072FF1B444C0340E3134713231CF340F420
:10478400404033C0C0EB03C0CD04C033904152F06D
:104794004033B048032D066813D00400C6E7FF0079
:1047A400C6E6FF0010112085DC020000082100C3CA
:1047B40013081100B31308311841102000103300FE
:1047C40000EB03000D048C7000E90300050456603F
:1047D400010C1000E81300B60300B11300D6030067
:1047E400D11385A5001036003C600B003DF03DF070
:1047F4003DF03DF05620FF00D603103600000000C7
:1048040000D403103400000000D50310350000006C
:1048140000D70310370000003641004136F0B2AF34
:10482400FFAD046577058802CCB8AD03A56C03CC55
:104834001AE58307A2620040A420C02000A58A05CF
:10484400900000003661005802EC75659904661A00
:10485400060C021DF000000040B42020A220A5FB9D
:10486400FF5802CCD5B2A081D124F0C124F0A124F8
:10487400F0A58807101120A59604261AD320E60374
:10488400202034BC92664405101120657E070C0B71
:10489400CBC1AD05B26103C02000E593032D0ACC62
:1048A4001A5633FE322103165300A2A000E5A4FFDA
:1048B4000B220C140C03203493302060C6E4FF0058
:1048C40030B32050A52066440A658C03A02A2046F4
:1048D400F7FF0000E5720346FCFF00003641005676
:1048E400E200D108F0B2A135C108F0A105F0E580DD
:1048F400071DF000366100A58E04261A3BA2220093
:1049040056EA00B2A0BAD101F0C101F0A1FDEFE571
:104914007E07B0E603B0B034160B02664302257579
:104924000732A000B2C10C3931C02000A55F038852
:1049340031371804AD03659CFF1DF000664306E59E
:104944005703C6FCFF00DD0BCD0BE5390306FAFF68
:1049540036410082A00020A2208262000C1BC020ED
:104964000065EBFF1DF0000036410082A00020A28C
:10497400208262000C4BC02000E5E9FF1DF000001E
:1049840036410041DCEF7CFBAD04E5600538029C58
:10499400D3AD03A52E035D0A8CDAD1DEEFB2A06B92
:1049A400C1DEEFA1D7EF657507AD03E591035902A9
:1049B400AD04C020002573051DF000003641000C35
:1049C4001C7CFBAD02E5E7FF1DF000003641000C46
:1049D4004C7CFBAD02E5E6FF1DF000003641000C07
:1049E4001C0C0BAD02E5E5FF2D0A1DF03641000C51
:1049F4004C0C0BAD02E5E4FF2D0A1DF0364100B26C
:104A0400A00120A220E5EEFF90000000364100B294
:104A1400A00420A220E5EDFF9000000036410082B2
:104A2400A00020A2208262000C4BC02000A5DEFF63
:104A34001DF00000366100A2C10C226103C02000F9
:104A4400E5F3FF900000000036610020A2202261FF
:104A540003C0200065E8FFCBA125F7FF1DF000008F
:104A640036610020A220226103C02000E5E6FFCBCE
:104A7400A1A5F9FF1DF00000364100C2A0F0B2A0CC
:104A84000020A220A5420181A5EF82280098289940
:104A94002298388818891281A2EF89A20C18896299
:104AA4000C089932826236826237826238C02000F2
:104AB4001DF00000364100519BEF0C13AD05E5EFEE
:104AC400FF256E57A04A2050A5206D0BE5F2FFE5A7
:104AD40086574A4AA734010C036ABBBA33C123EF91
:104AE400AD04BD03D186EE81FAEEE00800BD03C13A
:104AF4001FEFD182EEA902AD04C02000818BEFE04C
:104B04000800A912C020001DF0000000364100ADCD
:104B1400038C1325FAFF0C021DF00000366100E53A
:104B2400DD0382A000A263018BA189338923890359
:104B340089218931C02000E5F7FF28211DF00000FC
:104B4400364100217AEF88029C18A822DC8AA0E270
:104B5400038832870A068802A812E0080022C210DD
:104B64003174EF3792DF1DF0A513FF86F8FF0000C4
:104B740000EA0302D01F02C04000F21300E4030065
:104B84000005DC200C0000E46102D04002D04002A9
:104B9400D04002D04000E4130167EF1910292039F6
:104BA4003020D403290002D00120480329002049E1
:104BB40003291020030329202000032930200103A6
:104BC4002940200203295020B10329600C0000E48D
:104BD400612159EF00021000E4131C5000E6131089
:104BE40020000C513156EF49035913692379338955
:104BF400439953A963B973C983D993E9A3F9B30B4F
:104C0400D1F2C3308C4D30804086F6FF4080402086
:104C1400480332A0010012400033A130491302A01E
:104C2400001147EF00D14900C1490146EF6121EF6E
:104C340060E61310200010612055F0FF10D1091C0C
:104C44005220E6131020000140EF282020031328EF
:104C5400302000132840200113285020021328601C
:104C640020B113C08040F138EF0C5D0B1D32CFD062
:104C7400480358136823783388439853A863B87358
:104C8400C883D893E8A3F8B38C41D0804086F6FF5C
:104C94000129EF2220412049131810282038300020
:104CA400D40310340000000036410030EB03303DE3
:104CB40004371210D126EF2CEBC125EFA126EF10FB
:104CC4001120A54307E58D585124EFE022112A5500
:104CD4003123EF203380B2AFFFA2250065320326D3
:104CE4001A02E53807C020004223001674FE42A0D1
:104CF40000C02000622300C0200049034119EF2AAC
:104D040044C0200078044117EF2A44C0200048041E
:104D1400DC14DD04CD048114EFBD042A88A808C086
:104D2400200065FC0270A720E006006614A7410E6F
:104D3400EFD2A000204480CD0DBD0DA804A5FA0239
:104D440086E4FF00364100B0EB03B0BD048107EFF9
:104D5400C0200098081679FF0C0A9105EFC02000C6
:104D640029099104EFC0200039099103EFC0200004
:104D7400A909C02000A9080C1ADC7BB100EFC020EF
:104D840000A90BDC54C0200088091678FFC020005D
:104D94001DF00000B1FBEEC6F8FF0000C020009833
:104DA400081679FF46F9FF0036410021F6EEC020CF
:104DB4000022220066124430630080EB03808D04DD
:104DC400E0281181F1EE2A88C0200028081B92C037
:104DD40020009908EC62C020006519057CFBA1EB5A
:104DE400EE651B05CD0281EAEEB1EAEEA1EBEE39E8
:104DF40008C02000290BC02000A5F4FF1DF0AD035E
:104E0400819CEDE0080086FCFF0000003641008133
:104E1400DDEEC02000A808661A4780EB03808D04ED
:104E2400E0981181D9EE9A88C0200098080B99C0A7
:104E340020009908ECC981D7EE91CCEEC02000A9DE
:104E440008C020008229001668FFC0200025120532
:104E5400A1CFEE65290581CEEEA228008185EDE083
:104E640008001DF0C020008808D658FFD1CCEEB24F
:104E7400A08AC1CBEEA1CBEE2528070036410081E4
:104E8400C1EE0C09C020009908C020001DF00000EC
:104E940001C6EE29103920493020D50329002C50B1
:104EA40000E61310200030EB03303D048C8331B353
:104EB400EE0C04490386010031B2EE0C04490301EF
:104EC400AEEEC02000090001AAEE080021AAEE28D7
:104ED40002C0000001B5EE28103820483001A3EECE
:104EE400C02000090000D5031035000036410091B0
:104EF400AFEE3C0FE2AF0F1C0D7C0CC02000880904
:104F0400F08820A1ABEEC020008909C02000980AD7
:104F1400E09910D09920C02000990AC02000B80A56
:104F2400C0BB1081A4EEC02000B90AC020009808BC
:104F3400F09920C02000990891A0EEC020008809B3
:104F4400E08810D08820C020008909C0200088098A
:104F5400C08810C020008909C020001DF000000096
:104F64003641008202030C3280803480907426190A
:104F7400160088230C228CE80C4226290A92C9F1D7
:104F840022A0010C089028930C0BAD02818CEEE05A
:104F940008000C1BAD028189EEE008001DF0000042
:104FA4003641003202030C3430303432C3F10C2564
:104FB4002D043025936526003D0222CAFC47B20227
:104FC4004660000C16579A02465E008187EEE008A0
:104FD400002D0A56DA19DD0ACD0A0C5B0CBA81835E
:104FE400EEE00800DD02CD02BD060C7A8180EEE021
:104FF4000800CD02BD060C7A817EEEE00800DD02D9
:10500400CD02BD050C8A8179EEE00800CD02BD0514
:105014000C8A8177EEE00800DD02CD020C4B0CAA6D
:105024008173EEE00800CD020C4B0CAA8171EEE016
:105034000800DD02CD02BD040C9A816CEEE008008C
:10504400CD02BD040C9A816AEEE00800D160EE60E6
:105054003311C02000280D815BEE802210E167ED42
:10506400E02220C15BEEC02000290DC02000280CE6
:10507400802210E02220B157EEC02000290CC0206D
:1050840000280B802210E02220A153EEC02000292A
:105094000BC02000280A802210E022209150EEC08C
:1050A4002000290AC020002809802210E02220C004
:1050B400200029092143EEC02000E802808E10411F
:1050C40015ED408820C020008902C02000880241DC
:1050D4003EEE40881030382041ECECC0200039020C
:1050E4004804313FEE371402062200C02000880D28
:1050F400313DEE308820C02000890DC02000880C8E
:10510400308820C02000890CC02000880B30882003
:10511400C02000890BC02000880A308820C02000ED
:10512400890AC020008809308820C020008909C06D
:1051340020008802303820C020003902C0200046F8
:105144000C00000000811EEE603311C0200028080E
:10515400411DEE40221041EFEC402220C0200029E6
:1051640008C0200028084118EE402210303220C028
:1051740020003908C020001DF000000036410081E5
:105184001DEEC0200098080C08D769270C3887F951
:10519400228119EE808910BC689118EEA1A7ECC099
:1051A40020008809A08810A116EEA08820C0200045
:1051B40089090C18A20203A0A034A0B074919FEC3A
:1051C400F63B1C00AA2316AA040C0AC020004605BC
:1051D40000A10CEEA099100C7A908A9306F5FF00BA
:1051E4000CFAA79B0A0C2AA24900A24901C020007C
:1051F400B103EE9209008A8992AF00808074C020C6
:1052040000A80B909A10908820C02000890BC02021
:10521400001DF0000C1A46F3FF0000003641008127
:10522400F6EC0C89C020002808202924C02000881E
:1052340008F088119088102028201DF010012012F9
:10524400D1FF12C14002610400D14900E6030921E3
:1052540000B103091100C149C9F1D26110454902E5
:1052640000E80302611400EE0302611500D1030992
:10527400310190ED00E6136D015515FE0DF00000AF
:105284003641001DF00000003641000C021DF00004
:105294003641008822561801A802280A2802E00292
:1052A400000C0A2D0A1DF000000088081688FEA8CC
:1052B40032E00800160AFE06FAFF000036410088B4
:1052C400228C9888188C58A832E008008C03AD030F
:1052D4002D0A1DF03641001DF0000000364100206B
:1052E400E6030C192020340C082089932D081DF0A6
:1052F400C0200038021673FF0DF00000364100CDC7
:10530400030C0BAD02A5BA001DF000003661004D80
:105314000316B30D8C824862564400AD02653E000C
:1053240041BAED47930538128605000041B8ED47B0
:1053340093063822860200000041B5ED47930232FD
:10534400220310B120A2A001A50D6B42231907E48A
:105354000B42130697E405A22316E56EFF4293065B
:1053640056E40122231907E208A22316101120256E
:105374006FFFA2210010B120A50A6B42A000861B7A
:10538400000030B32020A220E5070088C34D0A8C1A
:10539400A8B883AD02E008007CF8A048A3821306F5
:1053A400776806B843AD02A5E906B8D38CDB82C39F
:1053B40044871B04AD02A5E8060C0889D3B2231266
:1053C4008C8BAD020C02A5E7062263120C02653039
:1053D4000022530622231907E205A223162568FF9B
:1053E400A223162565FFA52F00A801BD0165036B47
:1053F4002D041DF036410065D30320B220E5F0FFF3
:10540400A02A209000000000364100521306804577
:10541400235050F4376502463E005125EC50442099
:105424008044235813425306E61508522310E61508
:105434000246110068B31606040C0858028902815A
:1054440035EC8044104040F48C54A22315C60F0060
:1054540000B8830C1DCD04AD02E00600660A308856
:1054640002ACB862C8E30C19604983404074CC6450
:1054740082C8EA8049838C6459020C0AC63600004B
:105484002213064C04402220225306063300000057
:1054940042130627640E481340AAC048D38C4442E2
:1054A400231040AAC048B3B883A0CA20D2A00020C9
:1054B400A220E00400621306660A0C48021CD847C6
:1054C40038458154ED47583F4154ED6044100C0673
:1054D40069136843804423425306626300C7640B24
:1054E400660A05422200562400A26315B2230D5217
:1054F4006200164BF842C344471B0520A22025D462
:10550400060C0AA9D38614004C04404620425306D4
:10551400C611000068431606F64803505014690388
:105524000C086044C087950188538923460900000C
:1055340058A3B883DD04CD06AD02E00500E61A0FDA
:105544002213064C044022202253067CFA860200D1
:10555400AA66A044C0E614D786C7FF2D0A1DF00032
:10556400366100822304CC380C02C61C008C72887D
:1055740062CC38AD02E518008124ED87930538121A
:10558400860500008122ED879306382286020000FA
:1055940000811FED8793023222038293061678FC62
:1055A40010B1200C1AE5E76A82231907E80B82136D
:1055B4000697E805A223162549FF20A22030B32030
:1055C40065E4FF822319A02A2007E80B82130697BB
:1055D400E805A22316A548FFA2210010B12065E426
:1055E4006A900000364100CCE221CCECB10CEDA86D
:1055F40002E55100860200000025B30320B22025F5
:10560400F6FFA02A20900000364100B2A000B2624A
:1056140000B26201B922325206B26219425207B98B
:1056240042B952B9620C8CA2C25C65880081FCEC60
:105634002982899281FCEC89A281FBEC89B281FBED
:10564400EC89C21DF0000000364100B1F9ECAD0256
:10565400E54B001DF000000036410082221907E8E6
:105664000B82120697E805A22216E53DFF0C021DE7
:10567400F000000036410082221907E80B8212066E
:1056840097E805A22216A53DFF0C021DF0000000BC
:10569400364100C2C3FFF04C11C04480E04411CA3B
:1056A40044D04411AD02B2C474A5B8062D0A8CEAE4
:1056B4000C0BB90A391ACBAAA922C2C468257F00E7
:1056C4001DF000003641008195ECA22800A5F7FFEB
:1056D4001DF00000364100A1D7ECE536FF1DF000B7
:1056E400364100A1D4ECA537FF1DF000364100A1DE
:1056F400D1EC6535FF1DF000364100A1CEEC253616
:10570400FF1DF00036410065FEFF38628C13061160
:10571400004183EC32623649A20C1449623262378A
:10572400326238AD02650300A912AD02E50200A998
:1057340022AD02A50200A932A812CD030C4BA5ECA0
:10574400FFA822CD040C8B25ECFFA8320C2CB2A0B0
:105754001265EBFF496225FAFF1DF0003661001067
:10576400B120A2A001E5CB6AA5F6FF205220216B4F
:10577400ECA802386ACC13E5F8FF480222A0D82A24
:10578400440C462824881446120000000032920675
:1057940056D30341A9ECA2C258426203326219E50E
:1057A40027FFE5F3FFA22100BD01A5C76A0C8C39D0
:1057B400023922391239423952396230B320A2C235
:1057C4005CE56E0039D239E2326212326213060BA2
:1057D4000022C2680B88D638FB28048C32480406A1
:1057E400E8FFBD06AD05A5EAFFA9042D0A56CAFEC9
:1057F400E5EEFFA801BD010CC3A5C26A39051DF081
:1058040036410025EDFF659203B18CECA52C001DFB
:10581400F0000000364100659103B189ECA52B002E
:10582400E5EBFF1DF00000003661006D033824CC69
:10583400530C0386A600000032160637631538465B
:105844009C0338045216060C293901909510EC3942
:105854004614000060B62020A220A5D10032AFFF7C
:1058640016EAFD869A008801780838188B88890121
:1058740006020000000C075174EC3D071663FE9805
:10588400A6B88650D363CD07AD02E00900E61A023C
:10589400068C009824AA77A033C0A0A9C0A92456D6
:1058A4009AFDC6E2FF5050049CA5AD093D095D096F
:1058B40006590000880138018B8858038901381380
:1058C4000601000000003D051683FEC2160682A2F2
:1058D40000E22602A22600878C02063000E7B3020B
:1058E40006260072A480778C02C62300B22604D850
:1058F40056B0AAC0A911F0AD11DAAA8811A0DF052B
:10590400AADD1BA8D071213AAAA07773A76C30BD79
:1059140007AD02259206CC2A06110000B22604C265
:105924002101A26102A54200A21606B2AB7FB0AA71
:1059340010B2A080B0AA20A25606E821060A0000F0
:1059440070C72020A220659006ED0ADC9AB846AD07
:1059540002E58E0632160642AF7F403310325606F9
:105964000CC3390206570000822101E26604726604
:10597400058AEE8077C0E9067926ED0330EE63A848
:1059840006CD0EBD05E921254C00A826E8217D039E
:10599400E0AAC0A926A806EAEAE906861500784620
:1059A400A73704D856D7B328307E6350B52070C7C4
:1059B40020654900A826B80670AAC07ABBA926B9F2
:1059C40006FC0ABD06AD02A5B9FFAC7A063D00008F
:1059D40000A11EEC7D0337BA02711AECD077D2D045
:1059E400D782E8A6B886CD05AD02E00E007D0AE6B2
:1059F4001A02863300A8247A557033C0707AC079AD
:105A0400245637EC468AFF00000058018801380507
:105A14008B88581589010C0A16E5FE563A0150C5C3
:105A240020B2A00AAD03A527001B958C3A1BAA300F
:105A34009AC0D22605E22602A806B84650F963EABF
:105A44007DA7BB1FF7A71CCD07BD039931A53F0058
:105A5400A806BD067AAAA906AD0265B0FF9831BCB6
:105A64009AC61700D72F16E8A6B8869931CD03AD8C
:105A740002E00E007D0A9831E61A20461100CD0F8F
:105A8400BD039931F921253C00F821A8269831F06D
:105A9400AAC0A926A8067D0FFAAAA9067099C00C67
:105AA4001ACCB9BD06AD02993165ABFF9831DC2A39
:105AB400B8247A3370EBC0E9247055C0568EF5864D
:105AC4005BFF00002216064C033022202256067C7F
:105AD400F32D031DF000000036410042A0D84A42D5
:105AE4000C0206090058246814860500821506B6BF
:105AF400280D829507260807AD05E00300A02220A3
:105B040052C5680B66D636FE48045674FD1DF00077
:105B140036410042A0D87D024A420C02860A0000A7
:105B240058246814C606000000821506B6281082A0
:105B3400950726080ABD0570A720E00300A02220CF
:105B440052C5680B66D606FE48045624FD1DF000B7
:105B540036410092C4FE2C2BAD02CD042D030C085B
:105B640097BB088243002D0846070000669410D6B0
:105B7400DA002CD8824300A0A0600C1BC6000000F1
:105B8400B2A000B0B280659300900000364100CD11
:105B940004BD03AD02A5FBFF2D0A1DF036C100B202
:105BA4009307D64B018213060C0922A08099052085
:105BB4002810979214C606000000CD01AD02A5FE80
:105BC40053D67A0146F7FF0000004C0229042D0940
:105BD400060F000032A0803904C60C00219DEB881A
:105BE400110C1A20881022D8E00C09209A8328B1BD
:105BF4009905A7221229042263143196EB22A400EA
:105C040037180C860100000022A08029042128EA0C
:105C14001DF000003661004213060C2557040206ED
:105C24000B0010D120C2C10430B320AD02E5F6FF51
:105C3400B8114D0AAD02E55F06821306DCDA80482E
:105C44002397E8587CC22044105044204253062233
:105C5400C347290329430C122953C60F005130EBC3
:105C640052620A52A0805088205221018253065267
:105C740063055801A903A9439C85B29307AD026546
:105C84007B6A8CEA8213067CC22088100C1220885E
:105C9400208253062213062044204253061DF0009E
:105CA4003641003030744A42060200008202003756
:105CB40018061B224792F40C021DF000364100B670
:105CC4004412308220808014CC9882C4FC808241AB
:105CD4001B880601000C08060B00A8029803979A7B
:105CE400F34B224B3342C4FC0B8856C8FE06F9FF23
:105CF4008A921BA88A83920900820800871905806A
:105D040029C08601008D0A8794E50C021DF000006D
:105D1400007694096203001B336245001B551DF095
:105D2400B674ED6203001B3342C4FF62450052C5E2
:105D340001176527B664D96203007203012B33424D
:105D4400C4FE6245007245012B5586030000000025
:105D540036210020522007E2C617E2D740744120C2
:105D6400830156A805769715680378136905682397
:105D740079157833692532C310793552C5103764E3
:105D84000B680378138B33690579158B5527E40762
:105D940017E41407E4211DF068034B3369054B55E0
:105DA40017E40407E4111DF06213002B336255005D
:105DB4002B5507E4021DF0006203006245001DF04C
:105DC40016A4FF00234080BE15B033C06803769745
:105DD4002178138823606781690598337078817905
:105DE400156843808981892532C31090968199353D
:105DF40052C5103764157813882360678169058B51
:105E040033707881791552C50880682027640C782E
:105E1400134B3360678169054B556D07BA3317E43B
:105E24000607E4181DF000006203007203012B331F
:105E34006245007245012B5507E4011DF062030021
:105E44006245001DF000000036410027B3314AA32B
:105E5400A7B22C7CF34033300C08C602008A9AB2F5
:105E640009004A989A92B249000B888793EEC604B7
:105E7400008A93A209008A92A249001B8846000066
:105E84000C088794EB1DF000007694043245001B47
:105E9400551DF000B684F13245001B550B441765BF
:105EA40028B684E43255002B5542C4FE8606000011
:105EB40036210030307480731170332000731170F8
:105EC40033205D0207E2CC17E2D640744176970A8C
:105ED400390539153925393552C510376406390560
:105EE400391552C50827640339054B551764043224
:105EF40055002B550764023245001DF036410082DF
:105F0400120692A00990881020A22022A00097983F
:105F140004256DFF2D0A1DF036410016A200422211
:105F240006564400AD02E57DFF41B7EA47930438C5
:105F340012C6040041B6EA4793053822060200005F
:105F440041B4EA47930138328213060C04491380A2
:105F540048238080F45768030634000027E83E474E
:105F6400E80E0C9559024C02204420425306862E1A
:105F74000037681BBD0320A220655EFF56CA0A4293
:105F840013067C75504410425306A26302A26306B2
:105F94004213060C45504420425306C60900B2235E
:105FA4000D161B0242C344471B0520A220252906C7
:105FB4004223100C0889D3491387140928F32903B1
:105FC4002D08061A00004843CC54BD03AD0265C435
:105FD400FF5213065040F4408014AC280C1882532E
:105FE40006814EEAB19DEAA808E5AEFF5253060CBD
:105FF400955044100C95579406BD03AD02A540FF7F
:10600400C8434893D853B883AD02C26300E0040088
:10601400A9130C02E61A16829306279A042C02C6C8
:10602400000029134C022088208253067CF21DF0C4
:10603400364100B29307DD05CD0420A220E5A85324
:1060440096CA00822315AA888263154603000000BD
:106054008213069182EA9088108253062D0A1DF05D
:106064003641000C021DF000364100821306876899
:106074000BB293070C2D0C0CAD0265A053821306D2
:106084009177EAB2930790881082530650D5204046
:10609400C42020A220E599532D0A1DF0364100B2F8
:1060A4009307DD05CD0420A220659D539213066657
:1060B4000A0D816AEA9088108253064603000000A4
:1060C4008115E9A263159088208253062D0A1DF0DC
:1060D400364100B2930720A220E5A353A02A2090C2
:1060E400000000003641009D024600009D0A82091E
:1060F400001BA95658FF8AA3A20A008AB9A24B0022
:106104001B88560AFF1DF00036210082020092030C
:10611400000C3A97985230B220A70B5330B230A7F4
:106124008B311B2216280B1B33A7024382020092D9
:1061340003001B2297983116F8091B33A7023082FB
:1061440002009203001B2297981E16C8081B3346B0
:10615400070000000C0876880F8202009203001BDF
:10616400229798041B3316F8FF9028C01DF00000F6
:10617400413CEA713CEA76802388029803F0581186
:1061840097985C50982077C91A88129813F0581180
:1061940097984C50982077C9068B228B3346F5FF8D
:1061A4004B224B3347083251ADE861ABE85708291D
:1061B40071A7E86708237708204B224B33768019B0
:1061C400880298034B2297981647080D57080A67C8
:1061D40008077708044B3386F8FF0C021DF0000013
:1061E400902830478221519DE84708ED5782246169
:1061F4009AE85708E46782276708DE80A87590B894
:1062040075B02AC01DF0000080A07490B074B02A4C
:10621400C01DF00080A87490B874B02AC01DF000AE
:1062240080A07590B075B02AC01DF0003621002002
:10623400A22042A0FF5189E86188E87184E807E35D
:106244000B17E3170C38870A2AC6160000820300CE
:106254001B33824A009C881BAA1763E782030082CF
:106264004A008CB88203012B33824A012BAA562898
:10627400FD1DF0000C0876881388034B3347080F84
:10628400570811670815890A7708014BAA1DF00001
:10629400824A001DF0825A001DF00000825A000C50
:1062A40008824A021DF000000C0876880C82030064
:1062B4001B33824A001BAA16F8FF1DF03641009CCE
:1062C400E40B44BC14AD029D031B899209001B22FC
:1062D400924A009CA9AD029D080B4456A4FE0606F2
:1062E400008D032D081B220B424204008D025634FC
:1062F400FF3028C00B221DF08D030C04424200061F
:10630400F8FF000036210032C2FC42A0FF5153E8DE
:106314006152E8714EE807E20617E20D0607000035
:106324008203041B33AC881763112B33880367087B
:106334002E7788073B332023C01DF0000C08768895
:106344000F88134B3347080A57080C67081177085E
:10635400FF3B332023C01DF01B332023C01DF0005E
:106364002B332023C01DF000364100CD020C022740
:1063740014319D020C1D0B449A8CB208009A83823E
:106384000800AD02808BC05D0280AD93B05D835088
:10639400BA2090A4C05D02A05D83B0A5201B99160D
:1063A4005AFD2D081DF000008203001B33824A00B1
:1063B4000B44AC741BAA16880417633D8203000BBC
:1063C40044824A009C541BAABC688203012B33827A
:1063D4004A000B448C541BAADCE80609001DF0009B
:1063E400362100AD021644FFB2A0FF511CE8611A29
:1063F400E87116E807E3B017E3C10C38870A54467E
:1064040027000C0907EA2817EA32A6441340822120
:106414003DF0768803990A4BAAE088118044C08C29
:1064240094924A000B44A2CA015644FF1DF0000096
:10643400924A000B441634FF1BAA176ACC924A00F6
:106444000B441664FE924A010B4416E4FD2BAAC6C3
:10645400EDFF00000C08768819A6544388034B33DB
:10646400B7081457081D670826890A42C4FC4BAABA
:1064740077088EC6E2FF0000824A000B441BAAC6BE
:10648400DFFF0000825A0042C4FE2BAA86DCFF0014
:10649400825A000C08824A0242C4FD3BAA46D8FF35
:1064A4000C087688108203001B33824A000B448C4C
:1064B400641BAA16F8FF06D2FF1DF00036A100B136
:1064C4006AE9C2A02510A1206588FF92C4FEA2A09B
:1064D400220C0897BA0B8243003D08060F008D0B6F
:1064E4002D094092E21BB89A91920900BAA30BCAF3
:1064F400924C004092C247B2E40C02224A000C09BA
:10650400060500008A239A43B20200A20400B244A2
:1065140000A242001B990B888729E82D031DF00077
:10652400364100CD04BD03AD0225F9FF2D0A1DF04F
:10653400364100814EE9DD05880840C0F4822838E0
:10654400BD0320A220E008002D0A1DF036410040C2
:1065540040F48D039C5382A0FF47B80B32A08A39C4
:10656400027CF886010000004243000C182D081D2F
:10657400F000000036410065BB02A04A20167A00F4
:10658400886A562800E517FF8120E98793053814A7
:1065940006050000811EE9879305382406020000E1
:1065A400811CE98793013834821306804823808054
:1065B400F437E84347E8080C9889020621000000F4
:1065C400276829B2230D16FB0042C344471B05204C
:1065D400A220E5C6050C0449D342130682AFDB8032
:1065E40044104253060C044913484349034213061A
:1065F4000C8880442042530642230456640142130B
:106604000682A28080441082A20087140730B3203F
:10661400AD022560FF2213062040048CD40C02290D
:106624002328532020602963C601000017E2014893
:1066340053492348430C02279412821306804823AB
:106644007768094C022044204253067CF21DF00076
:10665400368100B107E9C2A014A2C10C32A0002502
:106664006FFFCB214D03A2220040B4201B3365E40D
:10667400694B226653EF0C1BAD0BA5E3691DF000BB
:1066840036410081D1E7A2A540C020009808A09916
:10669400200C0AC02000990891F7E8A90991F6E8AE
:1066A400C02000980977790FC020009808A169E7F5
:1066B400A09920C020009908C020001DF00000000F
:1066C400364100B12EE892A007C2A050AD02C0200E
:1066D40000880B8086158089C0C79202C62200C23A
:1066E400A0A0C79202C6210082A0F087925EC020BB
:1066F40000880B8086158089C00C29B1E2E8508897
:1067040011C02000990BB1E0E8C1E0E8C020009876
:106714000BC0991080892091DEE8C02000890BC04D
:1067240020008809B1DCE8B08810B1DBE8B088202B
:10673400C0200082690081D9E891D9E8C02000997D
:1067440008C02000A52BFDA59C001DF0008164E776
:10675400822800161801258D05A0BA20C1C8E8A119
:10676400C8E88162E7E008006590050C0986E2FF4D
:106774000C1946E1FF00000036410081CAE8C0223E
:1067840001F03311C020009808A1C7E8A09910C0F7
:1067940020009908C020009808A1C4E8A09920C04E
:1067A40020009908C020009808A1C1E8A0991020F1
:1067B40099201C8AC020009908C020009808A0993C
:1067C400207C9AC020009908C020009808A0991045
:1067D400309920C020009908C020009808A1B5E88D
:1067E400A09920C020009908C020001DF0000000DE
:1067F40036410020207416A200B2A000A2A001A578
:10680400F7FF1DF081A8E8A1ACE8C020009808A01B
:106814009910C020009908C020009808A1A8E8A0F9
:106824009910C020009908C0200006F5FF00000060
:106834003641008197E8202074303074C0200098DD
:1068440008A19FE8168204B2AFBFB09910C020001F
:106854009908C02000980AB19BE8B09910B2A140F1
:10686400B09920C02000990AC0200098089C63A217
:10687400AF7FA099103C2AC020009908C020008155
:106884002EE7E008001DF0A2A080A0992006F9FFE1
:106894004C0BB09920C020009908C02000880A91B0
:1068A40089E890881092A500908820C02000890A69
:1068B400C0200086F3FF00003641002175E8C020A7
:1068C4000088020C128086042028301DF00000008D
:1068D400364100216FE8C0200088020C1280870432
:1068E4002028301DF00000003641009169E8B2A173
:1068F40000C020008809A183E7A0881020A201A07D
:106904008820C020008909A2AEFF0B22C020008885
:1069140009A088100C0A20AB83A02820C0200029DD
:1069240009A2A12CC020008104E7E008001DF000AA
:106934003641002157E8C020008802808E15214589
:10694400E826180F2161E88C9882C8FE0C09215FA3
:10695400E88029931DF00000364100914DE8302273
:1069640001A15BE8A02210C020008809A1B5E6A01F
:1069740088108022200C3AC020002909C020008100
:10698400EEE6E008001DF00036610062A140513ED1
:10699400E8417AE7671302863800C020006805C022
:1069A400200048044076150C747044C07138E850D7
:1069B4004411706610604420C0200049051CA4479F
:1069C40092028624002C84479202C623001C84472A
:1069D40092028625000C020C064D020C4572A0E0C2
:1069E4000CC84C3D0CBC0C4BA2A0668931C02000E5
:1069F400E527FDD2A0840C9C0C4BA2A0662527FDA4
:106A04008831904411C0D511D0D42080DD200C2CC5
:106A14000C4BA2A066A525FDDD070C3C0C4BA2A0E7
:106A240066E524FDA0D21160DD200C5C0C4BA2A015
:106A340066E523FD2117E85C0A42A0A0C0200028D7
:106A440002202E1520A49381BCE6E008002109E869
:106A54003902C020001DF0000C1246DEFF0C040CAD
:106A6400320C665D042C078D0446DDFF0C120C0607
:106A74004D020C4572A0E00CB846D9FF00C02000BE
:106A8400622500A2A003C020004224004076150C19
:106A9400747044C071FEE750441170661060442065
:106AA400C0200049051CA4C0200081A3E6E0080022
:106AB40047122E2C844712371C844712420C026D55
:106AC400024D020C4572A0E00CC8D2A0C30CBC0C51
:106AD4004BA2A0668931C020006519FDD2A074C6FE
:106AE400C4FF0C120C064D020C4572A090C6F5FFB3
:106AF4000C040C320C665D041CC78D0486F2FF0086
:106B04000C120C064D020C4572A0900CB846EEFF18
:106B140036410021F0E7C0200088020C0280A0F476
:106B24008090F5979A0D0B98A2AFFD973A0521EA4C
:106B3400E72028101DF0000036410065FDFF273ACC
:106B440023209AC290B141A0BB8090BBC282A00016
:106B5400B7920A8263000C18A913992329332D08CC
:106B6400C020001DF05C0887121782A0A087121BAA
:106B740092A0F00C089792E50C290C18A2A1E0064B
:106B8400F4FF0C490C18A2A14086F1FF0C2986FCE5
:106B9400FF00000036410031BEE7C0200042230060
:106BA400404B1526144A16540282A0080C13AD0853
:106BB400262430214BE62802160201E54605BD0ACB
:106BC400C1AFE7A1C7E78149E6E00800254A0531DE
:106BD400C3E7C0200032230065F3FF30309432C392
:106BE40001308AC24902A91239228932C020001D0B
:106BF400F0A1A4E7E50AFDA030149C032613188233
:106C0400A0F0A2A1E02623DBC6E9FF0000005C0897
:106C14000C43A2A140C6F2FF4D0382A0A00C23C6E0
:106C2400FBFF0000364100202C412080F40022119B
:106C3400202820819AE7C020002908C020001DF0E8
:106C4400364100AD02A5DBFC91A5E7A2AC000B33F5
:106C5400303094C020008809A088108033200B8233
:106C6400C020003909319FE7C0200089038188E7EB
:106C74009189E7C020003808903310A1BCE6A0A297
:106C840082C020003908C02000A5F9FF817FE79168
:106C94007FE7C020003808903310E6320F211DE64C
:106CA400203320C020003908C020001DF02153E605
:106CB40006FBFF00364100A5E5FF0C1B25F8FF2568
:106CC4004500E59BFF1DF00036410065E4FF31708F
:106CD400E7C02000322300303B1516E300B2A001C8
:106CE400E5F5FFE542006613026599FF322200567E
:106CF400E300B22202B62B04A83265F4FF1DF000B3
:106D040000261302061A009130E61C8D0C0C0C4B65
:106D1400C020008809A174E7A08810A2A066C02042
:106D240000826900C02000A5F4FCCD032C0DB2A0A4
:106D340004A2A066A5F3FC0C4CBD0CD2A09AA2A0A0
:106D440066E5F2FC0C0D0CAC0C4BA2A06625F2FC23
:106D54000C0D0CCC0C4BA2A06665F1FC253B002568
:106D6400DBFFB81225C2FFA8326595FF46E3FF009A
:106D740026230286E1FFA2A00865C8FC2143E7316F
:106D840043E7C02000822200308810311CE630889E
:106D9400203152E7C0200082620082AC00C0200093
:106DA4002803802210C0200029032139E73139E764
:106DB400C020008802308810314DE7308820C02080
:106DC400008902314BE72135E7C020003902C02099
:106DD4000006CAFF3641008802AD02CC98B822A84A
:106DE40032E5E5FF1DF000006618148122E79222C7
:106DF40001822800879908A22203658CFFC6F8FF48
:106E040065ECFF46F7FF00003641002124E7C0206F
:106E14000088024088112137E72088102137E72AAB
:106E2400882136E72088A28082D52150E620288256
:106E34001DF000003661004132E737B40D2C6BD1F0
:106E440031E7C131E7A131E7252B054111E70C16E4
:106E5400C02000580450580466221267150FC02041
:106E640000680472A100706620C020006904C0207C
:106E74000065A4FF6D0AA5A5FF7D0A661219BD026F
:106E8400AD02E59AFF8102E792A200C02000480803
:106E9400904420C020004908308211411DE7A11D03
:106EA400E7A08810C020009804A11BE7A0991090C7
:106EB4008820C020008904C02000880491E8E6905E
:106EC4008810C020008904C0200088049114E79031
:106ED4008810009311908820C02000890441ECE6BA
:106EE400C02000822400C1DBE626222342A00192B6
:106EF400A000204993808E15404074661802979430
:106F04000EC1F2E6261208662802562400C1EEE6F7
:106F14000C0DA116E6A0B3A2A0A382C0200081ECB0
:106F2400E5E008003D0AA931C0200065BEFF8831B4
:106F3400CC0A2C8A41FBE6A044C247381E2168E5EE
:106F44002802CC220C021DF0E50D05BD0AC1F5E6B0
:106F5400A1F6E68166E5E00800C6F9FF41EDE6AD7D
:106F640003C02000880491B7E6908810C0200089EF
:106F740004C02000822400912BE5908820C02000CA
:106F8400826400C02000816CE5E00800C020008815
:106F940004F7E80256630481BEE692AEFF80551101
:106FA400C020004808904410505420C020005908C4
:106FB40066121942ADFFBD07AD06C0200028084087
:106FC4002210C020002908C020006586FF1633F770
:106FD40021D7E6C020002802202741C6D9FF0B3361
:106FE4000C1A46E7FF00000036410065B2FF5D0A57
:106FF400BD03AD02E5E3FF3045826D0A0C07303571
:10700400A266225481DAE58023828054828084A29D
:10701400505F418A82F02801505220C1C5E6802F7A
:1070240041AD05BD02D135E581AAE5E00800A085A2
:10703400C00C198735019D07B0C2C090CCC0562C36
:107044000587364FAA850C195738019D0CBA222A98
:10705400292797040C02673838D0A6010B5A602DF3
:10706400410C16A735010C060B222A2640A141101B
:107074006301A0A620AAA53061410C1B573A02B2B5
:10708400A0006A222ABBCD04DD038191E5E008005B
:107094002D0A1DF00C0206FEFF000000364100819F
:1070A400A5E631E0E4C02000280830222032A3E81D
:1070B400C020002908802820C020008802E7782703
:1070C4001C08319EE6C020002803802220C0200036
:1070D4002903219BE6319BE6C020002802C0200042
:1070E4003803C020001DF0000C1A8113E5E00800ED
:1070F4001643FC0B3356F3FB8166E6C02000880878
:107104008768B4A18DE681F9E4E0080006EAFF008F
:10711400364100217FE60C1AC020003802818AE63D
:10712400803310C020003902C0200038028187E675
:10713400803310C020003902C0200038028176E676
:10714400803310C020003902C0200038028173E669
:10715400803310C020003902C02000380281B1E41D
:10716400803320C020003902C0200081F3E4E0080D
:107174000032A3E8C020008802F768011DF00C1A51
:1071840081EEE4E0080016A3FE0B335653FE814063
:10719400E6C020008228008768D981D1E4822800D3
:1071A4001608FD65E804BD0AC15FE6A169E681CF62
:1071B400E4E0080006EFFF0036A10059416951627E
:1071C400A0906A627971C020002573015221145A7B
:1071D400AA593152A0E45A52A961AD06B831C0206F
:1071E4000025E200261A060C072D071DF000B2AF99
:1071F400FF50A52025DA02AD02E525007D0A261AF6
:107204000206230098220C2C90CC10B2C12C885278
:10721400D8418C2C0C0BC87120A220E008008222DB
:1072240002A263000768480C0CC714438851C718AE
:107234003E88B1661837B2C12CAD028852D851C00D
:107244002000E00800A9043803373A11B2A31DD185
:1072540041E6C141E6A141E6C0200025EA0438B177
:107264008CC3B2A31ED13EE6C13CE686F9FFC90435
:1072740050A52022220EC02000E5E602E612028676
:10728400D9FF0C0DCD0DBD0DAD06E5A50006D6FF4D
:10729400009221142609096566018861A0A8C0A985
:1072A40031AD05C0200025E40292211488318739CC
:1072B4000246C9FFC6CBFF00364100882227E821D9
:1072C400988288B29088C09802E618019A882D089E
:1072D40087B910D124E6B2A124C123E6A120E6E5B2
:1072E400E1040C021DF000003661003921DC02B219
:1072F400A403D11EE6C11EE6A119E6C02000E5DF05
:10730400040C060C134036936821303074CCF6CC50
:10731400D3B2A404D118E6C116E686F6FF00000035
:10732400681247B602462000682217660562A0016B
:10733400568307A55C0132C23C5AAA391132A0E433
:107344007D053A32A931BD07A811C0200065CB00E4
:10735400661A567CFBAD0325C4026832BD04AD0237
:10736400E006006D0A661A2BB821CD04AD0258421E
:10737400E00500AD0225F4FF4D0A30A320A5D60296
:10738400ECE40C0DA2A090CD0DBD0DAAA2A5950014
:107394000606000026050A1011202556016831A0B2
:1073A40076C0AD0325D40277B59B0C062D061DF0DF
:1073B4000000D2A000A22101D0CD20BD0DA59200D5
:1073C40086EFFF00368100561201D1E8E5B2A467CA
:1073D400C1EAE5A1E2E510112025D2040C0FAD02AB
:1073E4004901ED0FD2C11CCD0FB2C118C02000A5B8
:1073F400DCFF0C02661A082713032871290328618D
:10740400C020001DF000000036410056E200D1D734
:10741400E5B2A50BC1DAE5A1D1E525CE04CCC3D1F3
:10742400D8E5B2A50CC1D5E5C6FAFF000042A0E438
:107434004042807CFBAD0425B6028862BD03AD02E8
:10744400E00800AD0425CA020C0DCD0DBD0DA2C28D
:107454003C6589001DF0000036410098228D02171A
:107464006909B8A2A8B222A000A79B130C02A8E83D
:10747400A61A0C0C12A8A8822809879A0290220442
:107484001DF00000364100A1BFE5CD03BD02811708
:10749400E4E00800AD03E58154BD0AA1BBE5811316
:1074A400E4E00800E0B011B0B24181B8E5808E1587
:1074B40020880180BB20A1B6E5B2CBFD810CE4E0BD
:1074C40008002514FB8CFAA1B3E5ED07DD06CD0514
:1074D400BD048106E4E008001DF00000364100A16F
:1074E400AEE5FD06ED05DD04CD03BD0265F9FF251E
:1074F400B8040000364100AD02E5E4FB3641001D4E
:10750400F000000036210030EB03303D0421A3E5F8
:107514002023A00C1339021DF0000000C9F1D26130
:1075240010CD00051D0040EB03404D04219DE520D6
:1075340024A031DFE43034A02802AC6228031B22EB
:10754400290366121E21DEE42024A028029C32199D
:10755400021194E52195E52024822A1130E00312DA
:10756400C1FC39010C0330E0131020000D0C0DF0A8
:1075740040EB03404D04218AE52024A031CDE430C2
:1075840034A00063002802BC0228030B222903EC68
:107594008238014B1130E01310200021C9E420246B
:1075A400A028028CE21802217DE52024A038028C58
:1075B400830C033902150F00C50400C51D00080122
:1075C4000DF000003621003179E522230030F0036C
:1075D40020438040F013202000552B002020004041
:1075E400EA033044C04722DE900000003621002127
:1075F4006FE5380220EA033A2220F0134C06316C7E
:10760400E5D003001DF00000554F0121ADE430EB3F
:1076140003303D042023A0322200122300326200F2
:107624002801CCF2283120E7F3382108111020007A
:1076340030E6131DF031A2E420EB03202D04303298
:10764400A032230022230132120030E013851400FB
:107654001020000221000DF036410020E60309113C
:107664002921702EE329316153E560221022C203DF
:1076740020E613102000C5B605282120E613206358
:1076840000851900218FE430EB03303D042023A052
:1076940028020C033901190228120C0330E01316D6
:1076A400220032520005F6FF3621003185E420EB3A
:1076B40003202D043032A03803281330E003325263
:1076C400000C0330E0131DF030EB03303D04F134C3
:1076D400E5F0F3A0F80F9C6FF176E4F0F3A0F80F57
:1076E400CCCFF177E4F0F3A0F80F8C4FF81F0DF036
:1076F4000C0F0DF02951396149715981699179A1B2
:1077040089B199C1A9D1B9E1E26111F261123003E1
:107714000332611330000332611630010332611702
:107724003002033261189D00C26119D2611A92615C
:107734001BC8F1D2211098C122C17085C20520E670
:10774400030CF0003210F6330232A003011BE500F3
:10775400332030E61300B10312D10112C1C0C0CCF2
:1077640010308040C0CC10308040C0CC10308040FD
:10777400C0CC10308040C0CC1040804012D1FF12E9
:10778400C14020E61310200000B113C22119D221F8
:107794001A92211B0D090DF0DD0022C17045B805B8
:1077A4000D0D222116322117200013222118300139
:1077B4001320021332211328513003133861487106
:1077C4005881689178A188B198C1A8D1B8E1C8F16D
:1077D400D22110E22111F221120DF00036210021F4
:1077E4003AE48B320C0449024B223732F81DF00084
:1077F40036210050EB03505D040C43305582313286
:10780400E45A334B430C05606300780377920159C3
:10781400034B334733F360E6131DF00020E00316F7
:10782400920100E02005EAFFE00E208CDF225F02D7
:10783400D127E4F82F076203E80DFA3E0DF00000AB
:1078440000E02045E8FFE00E20163F01321F022031
:107854003330391FD11EE4F82F076203E80DFA3ED6
:107864000DF000003641002517FC81D4E4808AB273
:10787400A0AF3180862191CDE4A088C08909C020C1
:10788400001DF000364100E5FDFF25D6FF1DF00088
:10789400364100650C01A02A20164A000C0AE5A511
:1078A400FC1DF00036410042C24CB2AFFF40A420A0
:1078B400656E0240A420C0200038E20C14A58202A8
:1078C4000C023024831DF000364100C2221030B374
:1078D40020C0200052220E56DC014D0C3802CC731D
:1078E400A822A5D4014D0A39221B55C0200059E213
:1078F4002D04C020001DF00056E401A222012545FC
:10790400FE8222013222103A88382289123738D86E
:1079140038023912C0200086F3FFA222032543FE59
:1079240082221080806092220380998038029932EA
:1079340037B90598228A89893266240C0C044715C4
:10794400A70B55C02000C6E7FF0C0486E6FF000025
:107954003661004222122931561401D199E4C199A9
:10796400E4B199E4A19AE4C0200025790462C44CEE
:107974007CFB60A620256202C0200022240E58F45D
:1079840057320CD193E4C18FE4B192E406F5FF00C1
:10799400C0200082240E0C0257B82CCD03CBB1C0FA
:1079A400200052044540A420E5F1FF5050740085A6
:1079B400232D0A660819C0200058948C95A2C4246B
:1079C400653A010C14A02493AD06E571021DF00084
:1079D4001B55505074C02000524445C0200086F905
:1079E400FF000000364100C22210AD039C5C8832C7
:1079F400CA889822893297380388028932B832C0FB
:107A04002000E534FE1DF00036410042C24C7CFBF0
:107A1400AD04101120255802C0200032024562C274
:107A240024303074005323E6154232AFFFC02000E7
:107A340032424540A420C02000E56A02B2AFFFAD47
:107A440004655502C0200032024452C21030307422
:107A5400008323E6184132AFFFC020003242444085
:107A6400A420C020002568029000000000522212C9
:107A7400164501B2A000AD0265EDFF8C1AE54E017A
:107A84000B33303074C6E6FFC0200058921695F9C7
:107A9400AD06652D0186F8FFC02000822204164839
:107AA400FB50A520252C018C1A254C010B333030BA
:107AB40074C6E6FF364100561201D147E4B2A11F55
:107AC400C147E4A142E410112025630466130A416E
:107AD40044E44262130C0442621442C24C7CFBAD87
:107AE40004C02000254B02B2221098F2908B82A889
:107AF400028A9AB088C08A8A99220C09C020009907
:107B0400E289327CF8C02000824244A912C02000DD
:107B1400824245979329C020003842971313A2C28A
:107B240010C020002524018C7AA0EB03A0AD0465CD
:107B340076FB40A420255B0222A0019000000000F7
:107B4400A2C210652802A2C224E5270286F8FF001B
:107B540036610056E200D123E4B2A161C123E4A15D
:107B64001BE4A55904CCD5D121E4B2A165C11EE41E
:107B7400C6FAFF0000000C1A0C09409A8390907416
:107B8400BD0ACCF9309A93CCA9D119E4B2A169C148
:107B940016E446F2FF0C08408B93808074CCF830D6
:107BA4008B83CCA8D114E4B2A16AC10FE486EBFFA5
:107BB4005C48C020008931C020009831871910B278
:107BC400A174D10DE4C108E4C0200006E4FF000064
:107BD400C0200088310C183045830C1BAD0529F5F5
:107BE4000C02824546C02000426500326510C02068
:107BF4000025ECFF2265122D05C020001DF00000B9
:107C04003641004D02DC02D1F7E3B2A1A1C1FBE38E
:107C1400A1EFE3101120654E0430A282AC23302A78
:107C2400C247120BD1F7E3B2A1B1C1F4E3C6F7FF27
:107C340022AFABA7B20BD1F3E3B2A1B4C1F0E346D8
:107C4400F3FFA2CA54255C04A02A20165A0282A07B
:107C540000824A46C020008D0A8C1382CA540C1B31
:107C6400326210AD020C03890249F2C0200065E4BF
:107C7400FF326212C020001DF000000036410042B5
:107C8400C24CB2AFFF40A420E530028222000C03B4
:107C9400379801382240A420E54402302320900084
:107CA40000000000364100AD02DD0456E200D1D6EA
:107CB400E3B2A2F8C1D6E3A1C5E325440437B20C6C
:107CC400D1D4E3B2A2F9C1D1E386FAFF00C2A00085
:107CD400E2A002C0BC20A5E7FF8C3AC0200039EA2C
:107CE4002D0AC020001DF0003681004931DC02B2AB
:107CF400A334D1B9E3C1C7E3A1B5E3C02000E53F94
:107D040004CCF34222108CA4B2A335D1C3E3C1C185
:107D1400E3C6F8FF66251048F226140BB2A336D149
:107D2400BFE3C1BCE3C6F3FF654B01561A01422110
:107D34000316B400B2A339D1BAE3C1B6E3C6EDFF6A
:107D440048021664060C0842C5FE0C179D084097AD
:107D54008362C24C9040747CFBAD06826102C020F9
:107D640000652302C02000A8E298F28821973A0215
:107D7400169406BD03CD05AD02C0200078E2A5B47B
:107D8400FF322212161304161700DC44BD05AD029F
:107D9400101120E5BBFF168A00A0EB03A0AD04651B
:107DA4004FFB60A6202534020C121DF04822163425
:107DB400F9A51D01A7940286E2FFD19AE3B2A3407C
:107DC400C195E346CCFF000000C020003892164362
:107DD400FCA2C22425F900C6EEFF00000092210394
:107DE40056D90060A6202530020C02C6EEFF000022
:107DF40000CC48A2C118650901AD06E52E027CFB42
:107E0400AD066519027CFB60A620E51802C02000BF
:107E14008202440088236608070C08C020008242BE
:107E240044C0200082024500882366080882A0001E
:107E3400C02000824245AD06C02000E52A02CBB135
:107E4400A2C118650601566A03C0200098E288F2B0
:107E540087190EAD0225BBFFAD06E528028D070686
:107E6400BDFFB831A2C21065EB00AD02A5B9FFADEC
:107E740006652702A0EB03A0AD04A541FB06F7FFAE
:107E8400AD0265B8FF86D6FF364100C2A00020E0EF
:107E94007430D320BD0C0C1A65CBFF2D0A9C9A813B
:107EA40050E30C0BDD0BCD0BB92AB90AB93A826A3F
:107EB40013B26A14C0200025E3FF1DF036410056BA
:107EC400E200D159E3B2A295C159E3A140E3E5220E
:107ED400044822A50B0132A000A794150C13B83254
:107EE4000BBBB932CCABDD0BCD0BAD02C02000A572
:107EF400DFFF2D031DF0000036410020C074B2A046
:107F040000A2A001A5CFFF2D0A9C9A8135E30C0B9A
:107F1400DD0BCD0BB92AB90AB93A826A13B26A14D5
:107F2400C0200065DCFF1DF03641004D02DC02D1AB
:107F34002AE3B2A4C1C13EE3A125E3101120E51B4D
:107F4400042222108CA2B2A4C5D13AE3C139E3467B
:107F5400F9FF2804DC0228248CC2B2A4CAD136E377
:107F6400C134E346F4FF000060630052C44CB2AF76
:107F7400FF50A520250202C0200098E40C0278F4EA
:107F840077B95B1B99C02000820445808074007817
:107F940023C0200099E4660758722412271715BDE0
:107FA40002AD04C02000A59AFF271302279A290CCA
:107FB40012860A0000C0200028941612FFA2C424CE
:107FC4002D070C14302493202074E5D90016E2FD0B
:107FD400A0478340A074165AFD22A00122630050DA
:107FE400A520C02000251002AD068121E1E0080093
:107FF4001DF01B88808074C02000824445C020008E
:10800400C6EAFF0036810039314D02561201B2A68C
:1080140009D10AE3C10BE3A1EDE2C02000E50D04A0
:108024002222108CA2B2A60DD103E3C105E346F9C6
:10803400FFE51A01A05A20563A013221032D0A8C79
:10804400D3B2A612D1F7E2C1FEE246F2FF005D020E
:1080540032C44CC6290062210356C60030A320A5B1
:1080640008020C024637000000CC45A2C118E5E125
:1080740000AD036507027CFBAD03E5F1017CFB3039
:10808400A32065F101C02000520444005523660575
:10809400070C05C02000524444C02000520445008F
:1080A400552366050852A000C02000524445AD0384
:1080B400C02000650302CBB1A2C118E5DE00567AE8
:1080C40009AD04257EFF160A085804DC257CFBADA7
:1080D4000365EC01A8246546012D0A30A320A50000
:1080E40002B831A2C42465C300AD04E591FFAD0319
:1080F40065FF01A0EB03A0AD04A519FB0C157CFBE7
:10810400AD0365E901C0200088E41688F40B8828D3
:1081140004C0200089E4567200C02000A56601A9AD
:1081240024C02000222404163201A2C410C020005E
:1081340065C3008C7AA0EB03A0AD04A515FBAD03C9
:1081440065FA010C121DF000000040A420A58BFF6D
:1081540030A32065F90186E8FF40A420A58AFF30FA
:10816400A32065F80140A420A573FF16DAF816329F
:10817400FD7CFBAD0325E201C02000B8948C7B1C80
:108184009B28C4280220BBC0A824E55401C6B2FF22
:1081940036410056E200D1A4E2B2A2CDC1AAE2A1C6
:1081A4008BE2A5F503482265DE00A794100C1A881B
:1081B400321B8889322D0AC020001DF0000030B324
:1081C4002020A220E5E3FF16AAFE8222031B888951
:1081D40032C0200046F7FF003661009D03CCD2D1A7
:1081E4007EE2B2A790C198E2A179E225F103DC23F3
:1081F4003222108CD3B2A791D195E2C193E286F9D1
:10820400FF00000070630062C24CB2AFFF60A620A2
:108214009931C0200025D8010C03C0200088E298C1
:108224003137182EBD09AD02C0200052024450500F
:10823400748931C02000E57AFF88310B88C02000A2
:1082440089E2008523660841C0200058423795180A
:1082540032A00160A620C02000E5E80170A72081BB
:1082640084E0E008002D031DF0A2C21052A00130EA
:10827400232040259325AF001642FDA0359316E335
:10828400FC526400C0200046F1FF1B55505074C0DE
:108294002000524244C0200006EDFF003641005643
:1082A400E200D16BE2C16BE2B16CE2A148E2E5E429
:1082B4000332C24C7CFB30A320E5CD01AD03C020CA
:1082C4000028E265E2011DF0364100AD02DC02D176
:1082D40042E2C162E2B162E2A13DE2101120E5E1B5
:1082E40003820246CC1825F4031DF0003661008D8C
:1082F4000338C1CD04B2A0A5A8D389314921C02037
:1083040000E5BAFDD8210B9D48D39A447C099044DA
:1083140010883142631316E80A0C091C0A768A1085
:108324009AB8B20B009AC3B24C38C020008C0B1B15
:10833400990C08824347C020001C888086638BA365
:1083440068E16263120C0689C3826314626315894F
:1083540031D921C02000E5A801A2C31C65A8011CD5
:108364009988314BA38089C0D821C8D3B8D18973E7
:10837400395339A3C02000A5E701A2A1500C4CBD7C
:1083840006626316AAA3626317C0200025B2FD82A9
:10839400A1548A83A2C360624800C02000C02000A8
:1083A400656DFC82D301DD06CD05624856C0200010
:1083B400BD02AD04C0200025B101A903671701392E
:1083C40007C020001DF00000824338C02000C020F8
:1083D4000006D9FF3641009123E2C020008809C07D
:1083E4002000A8088121E2CCAA7CF9C020009908C9
:1083F400C020001DF0C020009809983998399829A8
:10840400C6F9FF0036410056E200D118E2C118E275
:10841400B119E2A119E265CE03822217168800B2CF
:108424002216A2A000E0080090000000364100A23D
:10843400C26065CE5AA2C204A5DA0182D2018208C2
:1084440055CCB8A8D225DE03AD02E5DD031DF0004E
:108454002618F42628F6D109E2C109E2B10AE2A1FC
:1084640006E2A5C9030000003641000C0240EB03FC
:10847400404D040C156D02406583E066113106E23F
:10848400C020007803BC077CFB7D02A1FFE1A5B0FE
:108494000191FEE1C02000A8099C4AE0C411B10882
:1084A400E1CACB6ABBA22903D1FBE1D79A1220729D
:1084B40020A1F5E125C301FC7765105046EBFF00D0
:1084C40000783AC02000980C971721C02000980B20
:1084D4009717198D0292271290E4C0E0858380E0FB
:1084E40074DCCEF1EBE1FA9990E583DC2EA81A0650
:1084F400EEFF70A720E5F0FF70A72025F3FFC6DE8E
:10850400FFA59401A1E6E1C02000922A0092C9FFD0
:10851400C02000926A00C0200098030B99C020007C
:108524009903C0200006E2FF36410081E5E0E02225
:108534001120288041DBE1C02000422400C020003B
:10854400980281D2E1986987192D0C09C02000880E
:108554000282D801C02000A802A2CA08924856C0CC
:108564002000C02000658E01660310C02000B80200
:108574008BBBA1CCE1A587011DF00000C0200082C7
:10858400220030348032680247B31831C7E1C0207A
:1085940000A803C02000B8028BBBC020006587017F
:1085A40006F5FF0041B0E1C02000A22400C0200075
:1085B400B22200B2CB08E5850121ABE1C02000481E
:1085C4000247B3B3C020003902C0200006EAFF000E
:1085D400364100811CE1AD02871218E0921181B886
:1085E400E09A88C02000880888C837B833A5B80145
:1085F400460B000080EB03808D048CB881B1E0C091
:108604002000880888C837381A80EB03808D042638
:10861400180E81ABE00C1AC02000881888C83738BF
:10862400CB1DF0000C0AC6F0FF00000036610051BB
:1086340096E17CFBAD05259601A198E1C020004898
:108644000A1B446100E1C02000490A419DE0679390
:108654002B0C03C020006804C02000781437161CBB
:108664000C139C7788C668C278C767B8040C037774
:10867400380A0C1367370530EB03303D04E063110F
:108684006A94C02000880956980DC020002909C0AA
:108694002000980A66195972A0199184E190A920C2
:1086A40089319921C0200025720188311B889821C5
:1086B40092C9147798E6A17EE1E57001A17EE1A557
:1086C4007001A17DE1257001A17DE1E56F01A16F3C
:1086D400E1656F01A174E1256F018162E19174E1AB
:1086E400C0200099088170E19173E1C02000926874
:1086F400009174E188091B8889099173E188C2C0DB
:108704002000A80987BA04C020008909E0A8118ABA
:10871400AAE0AA118BB28165E1AAA8C02000256D48
:1087240001AD05659C017166E1C020007807BC07B6
:10873400B2AFFF50A5206A44E58501C0200048047B
:1087440016740068C442220C47B61140EB03404D36
:108754000447933DA0EB03A0AD04A5B3FAAD05A572
:1087640098011DF08157E1C0200088085618F8C010
:10877400200088098CD8C02000880998C288C8873E
:10878400B902C6DAFF6A84C020002908C020008626
:10879400D7FFB8C2AD03A5E3FF06F0FF36A1002260
:1087A400610722211420A220C02000E5AA0156EA74
:1087B40000D146E1B2A2A9C146E1A12FE1E59303AC
:1087C400AD07E5AD01CCDAD143E1B2A2AAC140E1E3
:1087D40086F9FF000000822115B62813912DE19A35
:1087E400988CB9B2A2ABD13CE1C139E186F2FF0069
:1087F40092A158C0200099B1C02000A8B1971A10C6
:10880400B2A2B3D136E1C132E1C0200086EAFF0052
:1088140000C0200092210B169203BC6782D2010C87
:108824002979D2BD03F2C128ED06DD05924855C071
:108834002000CD04822115A87189210C08891122F8
:108844006100C0200065AAFFAD02B22115E5DDFF7D
:1088540028A11DF00C0229A1C0200046FCFF000045
:1088640036810079717D04AD074108DFBD042261C2
:1088740006C0200025E8FA8D0A7CF2166A04BD04BD
:10888400A2A1588951C02000E5E6FA4D0A8851BCDE
:108894005A22DA01ED06DD0589DA0C08CD07BD039D
:1088A400824255C02000222110A90129210C02F87E
:1088B40071A8612911C0200025A3FFAD040C12B2D8
:1088C4002110A5D6FF1DF000AD08E5950306FDFFB8
:1088D400364100A0630080EB03808D04E098118191
:1088E40000E19A88C0200098081B99C020009908CC
:1088F400C0200081DFDEE008001DF00036410021C9
:10890400E8E0C0200028021DF0000000364100A06D
:10891400630021E3E0C02000280281D5DEE00800E6
:108924001DF00000364100B6220ED1EEE0C1EEE0AB
:10893400B1EFE0A1D1E0657C0381EDE0E022112AF2
:10894400282802CCD2D1EBE0C1E8E0B1EBE046F854
:10895400FF0000001DF00000364100656101562A49
:108964000520EB03202D04E0321121DDE03A22C082
:10897400200028025602177CFBA1C3E0A561012157
:10898400C8E0C0200038021B33C02000390256233F
:108994000621B4E0C020004802C020004224001692
:1089A4002402D1D6E0C1D6E0B1D7E0A1B3E0C02023
:1089B40000A57403E58FFA20EB03202D041602FAB8
:1089C4000C1246210041B8E0C02000522200C02011
:1089D40000722400C02000726200C02000590441CB
:1089E400CAE0C0200028041B22C020002904C020A3
:1089F40000259EFF519DE0C02000280541B1DF27DE
:108A0400B34B0C0230EB03303D04E033113A44C065
:108A14002000380448C3E034114A33E0331141A341
:108A2400E03A34C020003803B623010C12A196E0CA
:108A3400656B0130EB03303D04E0431131B5E04098
:108A44003380C020003223005643F79000000C020C
:108A54006185E0C020008806C020008808CCB87C6E
:108A6400F3C020003905C02000C6E5FF617EE0C0E8
:108A74002000880688386838982697B30AC02000F2
:108A84009905C02000C6DEFF72C60870A720E53B2A
:108A94000192260B8C49A2C61C253B01A18BE098B0
:108AA400C6C02000C22A0097BC05C02000926A00FC
:108AB400E0A91190AA80E0AA1170B720817CE0A0FF
:108AC400A880C02000A5320190EB03909D04E0999A
:108AD400119A94C02000A80998C688CA87B902468A
:108AE400DBFF0C1206DAFF003189E0C02000280306
:108AF4001B22C0200029030C02C02000C6CCFF00AA
:108B0400366100A161E0B2AFFFE5480120EB03202C
:108B14002D04E032112172E0302280C0200048028E
:108B2400217CE09CE430EB03303D04E033113A2235
:108B34000C13C020003902A154E0C02000A55A0142
:108B44001DF000000030EB03303D04E0331130220F
:108B540080C02000490220EB03202D04E0221131C3
:108B64006DE02A230C13C02000390220EB03202DD2
:108B740004E022113153DF2A23C02000780220EBC5
:108B840003202D04E022112A23C0200068022807B4
:108B940068D627362820EB03202D04E022112A234F
:108BA400C02000A80220EB03202D04E022112A2378
:108BB400C02000B802B2CB38C02000A55C0120EB75
:108BC40003202D04E022112A23C0200028021C4C7B
:108BD400B152E0A8D2650EFDAC4A20EB03202D046F
:108BE400E022112A23C02000A80220EB03202D0438
:108BF400E022112A23C02000B802B2CB3865580104
:108C040060EB03606D045130E00C0AE0D611DA43E6
:108C1400C0200078050C15E027117A22E02211818A
:108C240023E08A228D0A9627005798146618024674
:108C34002D00D13AE0C13AE0B13BE0A10FE0E54BB1
:108C440003E08711B11AE0708880E08811808B807E
:108C5400C02000B228000C08871B64879A07811A79
:108C6400E0C0200079088B82A832A26201879A05AD
:108C7400A22801A26201A812E83AE0BE20F104E0B1
:108C84008C96C02000A803B71A3D261607C0200002
:108C9400A813A71B32A22B12A71604F0AA80EC6A11
:108CA400C02000B26400B2CB08AD0B8912B931C048
:108CB4002000A51901AD02B831651301AD050C18EA
:108CC4000B7722C2EC46D7FFA812A81AA912879ADA
:108CD40003A818A912A812B83AB79EA3AD050C08A8
:108CE400C0200046F6FF000020EB03202D045109AC
:108CF400E0E0221120458022A000C0200022640070
:108D040020EB03202D04E022112A33C02000280385
:108D1400A8D2C02000254B01C686FF00364100566C
:108D2400E200D101E0C101E0B102E0A1D3DFE53C02
:108D34000341D5DF7CFBAD04E5250180EB03808D89
:108D440004E0981181DFDEAD029A88C02000B808E3
:108D5400B2CB1C250C01A0EB03A0AD04BD03A57C84
:108D6400FFAD046538011DF036410041C7DFB2AFE5
:108D7400FF40A420252201C0200032220016F30C5B
:108D840028323832CCD3D1EBDFC1EBDFB1ECDFA139
:108D9400BADFA5360352C31CAD05250B01A223126D
:108DA4008129DF21CFDF871A02C62B00A0EB03A0A5
:108DB400AD04C0200088028C78C020002222015615
:108DC400620A8B53AD0565080121BFDFA8C3C0202B
:108DD400008802A7B805C02000A26200E02A11AAF8
:108DE40022E02211BD05A1B1DFAAA2C02000250006
:108DF40001A2231220EB03202D040C19A022C00C85
:108E040005205983502074CCA281A1DF808A808000
:108E1400298316320620EB03202D04E0821121A8B9
:108E2400DE8A22C02000280258C328C227354930D0
:108E3400EB03303D04E0231131B6DF2A330C12C0BA
:108E44002000226300AD04C02000E52901060200D1
:108E540040A420652901302320900000E08A118A73
:108E640022C02000280246D5FFE02A11AAA2E0AAC7
:108E740011BD052191DFC6DBFF50EB03505D040CEF
:108E840002571AC0B8C3A574FF06EEFF364100812D
:108E94009EDFC02000880889028181DFC02000880D
:108EA400088912C020001DF03641005D02CCD2D1E9
:108EB400A4DFC1A4DFB1A4DFA170DF252403CCA308
:108EC400D1A3DFC1A0DFB1A2DFC6FAFF416FDFB2D9
:108ED400AFFF40A420250C012172DFC02000A22294
:108EE4000080EB03808D04E088112175DE8A82C046
:108EF4002000880882D801820856AC1830EB033071
:108F04003D04E033113A22C0200028020C0322D28F
:108F140001324256C020000C12C02000C60E009838
:108F2400032D082609348178DFC02000C80888058D
:108F3400C088C00C1C802C93B8158C322D0CB7BA89
:108F440019B02AC097B21AA099C0B0998092630050
:108F540050A520C0200065F3FF0C02AD04A5180144
:108F64001DF00C022903C0200086EAFF3641008070
:108F7400EB03808D04E098118166DF9A880C19C098
:108F840020009908C020001DF0000000364100A018
:108F9400630080EB03808D04E098118149DE9A8898
:108FA400C020002228008132DDE008001DF000000E
:108FB4003641003135DFB2AFFF30A320A5FD00CC30
:108FC40032A5FCFF2D0A30A32022220CA51101900A
:108FD400000000003641001C8437B40ED15EDFB2BD
:108FE400A6F3C15DDFA124DF2511035127DFB2AF52
:108FF400FFAD0565FA00CC3225F9FF2D0A42221493
:10900400479302863300912EDE3734020633004044
:10901400EB03404D04E044114A49C0200068040CAD
:1090240004271647A2221260EB03606D040C1B8117
:1090340018DF8A8A804B83404074CC64A066C06089
:109044004B839C6440EB03404D04E044114A99C0B7
:109054002000480968C442A00167B30F60EB0360B5
:109064006D040C04671A04BD036556FF68C28222AE
:109074001467980139C288723262149668001C9889
:109084003038C03972E036116A33E033116107DFDA
:109094006A3388623798328B32AD03C02000E5DA38
:1090A400008109DF28C2C0200092280027B905C02A
:1090B4002000226800E0A21120AA80E0AA1130B3A7
:1090C40020A0A680C02000A5D2008C74A0EB03A031
:1090D400AD04251CFAAD052501011DF040EB03404C
:1090E4004D04E044114A49C0200068040C1427963A
:1090F40002C6DDFF40EB03404D04E044114A49C081
:10910400200068040C04279602C6D7FF40EB0340F6
:109114004D04E044114A99C02000480968C40C1465
:1091240067330246D1FFA22212C6CBFF364100E5C7
:10913400E5FF22CA60CC3A21F9DD28021DF00000C7
:1091440036410056620165E4FF2D0A56EA00D1C794
:10915400DEC102DFB103DFA1C8DE25FA0222C23874
:109164001DF00000364100E6132561C7DEB2AFFFF3
:1091740060A62065E200CC3225E1FF2D0AE0331120
:109184003A22426216AD06526217C02000A5F500CD
:109194001DF00000364100AD020C02E6130F279AC1
:1091A40002A5DEFF32C314E033113A3A28231DF03E
:1091B400364100AD02CC4210112025DDFF222A12D7
:1091C4001DF000003641008D020C02E6280D21BC82
:1091D400DDE088118A82C020002228001DF00000F2
:1091E400364100A0630021B6DEC0200088020C12C4
:1091F4009CC820EB03202D04E0821121B9DE0C2948
:109204008A220C08C0200022220020898380282082
:109214008198DCE008001DF0364100A19BDEB2AF6E
:10922400FF65D70070EB03707D04E0371141A4DDC6
:10923400303480C02000580356420025D5FF2D0A43
:1092440042C20840A42065C00038B2165300A2C22E
:109254001CA5BF00819CDE38081B3339080C130C95
:1092640008708383807820E068115712148194DD9C
:10927400609880C020009229002719059222127755
:10928400996A40B420A181DEC0200065B6009182B5
:10929400DEC020003229001B33C020003909318888
:1092A400DD6A430C03C020004804279407AD07C0BF
:1092B400200065EC00A174DEE5E20066130A20A23A
:1092C400202514FFAD026516FF317DDEC02000327B
:1092D400230057923B16830365F0FF569A02D1A1EF
:1092E400DEB2A59FC1A1DEA164DE25E102716BDEC1
:1092F400C0200042270042C4FFC02000426700C0D3
:109304002000250DFF06EBFFA0EB03A0AD0465F8DC
:10931400F91DF00036410016020365ECFF56EA0021
:10932400D191DEB2A622C191DEA153DEE5DC023189
:1093340056DEB2AFFFAD0325C600A0EB03A0AD041B
:1093440020B220651EFFAD03E5D900A0EB03A0AD5C
:109354000425F4F91DF0000036410065E8FF662A93
:109364000ED183DEC184DEB184DEA143DEE5D80202
:109374003146DEB2AFFF30A320E5C10020EB03206D
:109384002D044157DEE022112A24C0200058020B8C
:1093940055C02000590220EB03202D04E022112A9D
:1093A40044C0200028048CE222A00030A320C02066
:1093B4000065D300900000004139DEC0200048045D
:1093C4001644FE413DDE86260050EB03505D04E06A
:1093D40025115A22E022112A2428322832A2C21C42
:1093E400A5A6008B62AD0665A6005137DEA8C2C0F3
:1093F40020008805A7B804C02000A905E05A11AAD6
:1094040055E05511BD06A129DE5AAAC02000259EAB
:109414000092221280EB03808D040C159088C00CFE
:10942400068065836080745698006119DE6A99909D
:109434008583ACE850EB03505D04E065115120DDF9
:109444006A55C02000580568C258C557361550EBF8
:1094540003505D04E06511512EDE6A550C16C020E0
:109464000062650050EB03505D04E085115A88E00A
:1094740088118A84C02000580856C5F48C42C02044
:109484000025F5FE5122DEC0200028056121DEEC16
:109494001240EB03404D04E044114A46C02000282A
:1094A400041632F0A0EB03A0AD0422A00165DEF99E
:1094B400C6BDFF0021EDDD81FADDC020009802C0A9
:1094C4002000480847B90CD12DDEC12ADEB12CDEBC
:1094D40086A5FF00C020004802C0200028082024E0
:1094E400C0C0200042250027B405C020002225006A
:1094F400B62240C0200048080B442A44C020004241
:109504006800C020002545FF40EB03404D04E044C3
:10951400114A46C020006804A06620C020006904E7
:10952400C0200048052024C0C020002905C0200018
:10953400C6D4FF000C1206F2FF00000036410041C1
:10954400D2DD7CFBAD0452A000E5A40057920206D4
:109554002400A8C290EB03909D04E0991131D8DC5B
:109564009A93C02000680968C6673A020626005824
:109574007296850150EB03505D04E055115A53C0B7
:109584002000580568C51C956055C05972E08A11C1
:10959400AA88E0881151C5DD5A88686287964C8B89
:1095A40062AD06C02000658A0080EB03808D04E074
:1095B40088118A33C02000380338C339C221C2DD80
:1095C400C02000880237B804C020003902E0A3118B
:1095D40030AA80E0AA1160B620AAA5C02000258187
:1095E400000C15AD0425B0002D051DF050EB035003
:1095F4005D04E055115A33C02000380338C339C222
:10960400C0200086F6FF000080EB03808D04E08814
:10961400118A33C0200088030C1362221428C8273F
:1096240036013D055D0346EEFF0000003641004172
:1096340096DDB2AFFF40A420E5950056B20022A00B
:109644000040A42025AA0090000030EB03303D0424
:10965400E08311319BDC8A33C020003223002713BE
:109664000ED1C8DDC1C9DDB1C9DDA183DDE5A80224
:10967400822315CCA8D1C6DDC1C4DDB1C6DD06FA8E
:10968400FF0B8898C32223148263152719AF56C889
:10969400FA8B2320A220C02000257B00A223141CC7
:1096A40098A088C08973A9C33188DDC020008803CD
:1096B400A7B804C02000A903E03A1120B220A0A357
:1096C40080E0AA11217ADDA0A280C02000257200CA
:1096D4000C12C6DAFF000000364100416BDDB2AF68
:1096E400FF40A420258B00166209522215CCD5D147
:1096F400A8DDC1A9DDB1A9DDA160DD25A00282221A
:109704001480337398C266157737197480EB03801D
:109714008D04E0A811816ADCAA88C02000580827BB
:10972400950BD19FDDC19CDDB19FDD46F2FF5872E0
:1097340039C29675001C983038C0326207E089112E
:109744009A88E088113159DD3A8858628795318BBF
:1097540052AD05C02000656F00815BDD28C2C020CA
:1097640000980827B905C02000226800E0A2112053
:10977400AA80E0AA1150B520A0A380C020002567CC
:1097840000AD046596001DF0364100313FDDB2AFF7
:10979400FF30A32025800090EB03909D048148DCDA
:1097A400E099119A98C0200028099C6290EB0390DC
:1097B4009D04E099119A98C02000A809922A151BCB
:1097C40099926A1590EB03909D04E099119A88ADE3
:1097D40003C020002808C02000E590001DF0000010
:1097E40036410016E200D170DDC170DDB171DDA13A
:1097F40022DDA590026124DD7CFBAD06A579008005
:10980400EB03808D04512EDCE088118A85C0200092
:109814002808C02000222254FC4280EB03808D04DF
:10982400E088118A85C0200028080C1822D201C0C3
:109834002000824254167401A0EB03A0AD0440B48E
:1098440020C0200025CEFEA0EB03A0AD0465A4F942
:10985400AD066589007CFBAD06E5730080EB0380F3
:109864008D04E088118A85C020002808C0200022C9
:1098740022549C9216C30380EB03808D04E088116C
:109884008A85C0200038080C04C02000426354308C
:10989400EB03303D04E033113A550C04C02000388A
:1098A40005AD0632D301C02000424354C02000A5B8
:1098B40083001DF080EB03808D04E088118A85C04D
:1098C400200038080B42C6EFFF0000003641005666
:1098D400E200D138DDC138DDB139DDA1E7DCE58155
:1098E400028CB3D137DDC134DDB136DDC6FAFF00F9
:1098F40031E6DCB2AFFF30A320E5690052D2019219
:10990400A002C02000820554808074C020009245CB
:1099140054C020009222541B99C020009262542605
:109924001802C6260058B28CE5D127DDC123DDB16B
:1099340027DDC0200086E8FF0080EB03808D04E073
:10994400981181E7DC9A88C02000580856C5078B17
:1099540052AD05A54F0081DCDCA8C2C020009808E8
:10996400A7B904C02000A908E08A11AA88E08811D8
:10997400BD05A1CEDC8AAAC02000654700A2221240
:1099840090EB03909D040C1B0C0581C1DC8A8A803A
:109994005B83508074568800A099C0908B831628EE
:1099A4000480EB03808D04E0981181C5DB9A88C0A4
:1099B4002000880858C288C857B8288C240C12295B
:1099C40004AD03C020002572001DF000A0EB03A02D
:1099D400AD04E08A11AA88E08811B2C21CA1B6DCE9
:1099E40046E4FF0040EB03404D04471AD3B8C225B8
:1099F400BEFEC6F2FF000000364100E082112A28B4
:109A040081ABDCE022112A281DF00000364100E081
:109A140082112A2881A9DCE022112A281DF00000E5
:109A24003641002190DCC0200028021DF000000017
:109A3400364100219DDCC0200028021DF0000000FA
:109A44003641002192DC1DF03641002196DC1DF0E8
:109A54003641001C8437B40DD1BFDC5CBBC1DCDCF7
:109A6400A1DDDCA569025188DC7CFBAD05A55200B3
:109A7400A551FF98CA4D0A822A149902891237B84F
:109A840057326A1437B951287A39CA9662001C9839
:109A94003038C0397AE089119A88E088113183DC42
:109AA4003A8828648792318B24AD02C02000E539BE
:109AB400008185DC48C4C02000980847B905C0204F
:109AC40000426800E0A41140AA80E0AA1120B2205C
:109AD400A0A380C02000A53100AD05E560001DF005
:109AE4003641004169DC7CFBAD04E54A00E549FFF1
:109AF400722A143D0A581277156E68CA526A14679E
:109B04009766722A151617005802287359C396725D
:109B1400001C925022C0226307E086116A88E08804
:109B2400112162DC2A8878638797318B73AD07C073
:109B34002000A531008164DC38C3C02000980837B8
:109B4400B905C02000326800E0A31130AA80E0AA61
:109B54001170B720A0A280C0200065290067B50855
:109B6400A0EB03A0AD04E572F9AD04E557001DF0C8
:109B740036A100416BDA0C038D03C020002804C019
:109B8400200029B11B985194DC8A252202009CF202
:109B940062C11C8A86224800C020005D03C02000E8
:109BA40046010000169A089D023D058D09C6F4FF82
:109BB4000062C11C8A86A2C330A248009A96C2C120
:109BC40018B2C114A2C110224900C020001B53299D
:109BD400412951C02000656D00ED02DD02B2C11CB7
:109BE4008841F851C861A17DDC3911E03311890144
:109BF400C02000A5BAFE813EDC3A38A9036625A33D
:109C0400ACDAC02000E52800661A3530630031164E
:109C1400DC7CF5C020005263003129DCC02000A2A6
:109C24006300311FDCC02000226300C02000E52651
:109C340000C0200038B1C02000280427131765B1E4
:109C4400F8660AECD167DCC167DCB167DCA10ADC29
:109C5400101120A54A021DF036410020A220A55F64
:109C64000042A001AC4340AA30A0A074DCCA29037E
:109C7400AD02C02000E52000A913AD02C02000E51C
:109C840020002D04A923C020001DF0000C0206FDB5
:109C9400FF000000368100A5D8FFA941C02000259F
:109CA400D9FF4D02A951C0200065D9FFA961C02088
:109CB4000065D9FFA97116E207AD02C02000A559BD
:109CC40000567A050C020603002833162206AD025C
:109CD40065580016DAFE1DF0283A8BAAA792028670
:109CE40021002832161208C6F8FF000040AAC03D21
:109CF40006A0328346230000283A8BAAA792028644
:109D040026002832165209C6F0FF283A8BAAA792D9
:109D140002C62900283216220A46ECFF20A220E5BA
:109D24001500284AAD046515008B22322A012793B9
:109D340097AD04A51400484A0C030C175D03405763
:109D44009362A0193083205050740B66AD0689319C
:109D5400C0200065CAFF883177930246DEFF16658E
:109D6400F740AAC03D08A0378356D6FDAD060C12B5
:109D7400A5C9FF2713025625F7283A8BAAA7120470
:109D840028325682F40C1A0C1225C8FF2793024677
:109D9400D9FF1625F640AAC00C03A0328382C11055
:109DA4000C170C090C46A808779302C6D6FF168533
:109DB400F5403AC02D093027832032204B880B66AA
:109DC4005626FE46BFFF00003641008B8289127C76
:109DD400F9893289420C089922C020008902C020E6
:109DE400001DF0003641000C088942C020001DF01F
:109DF40036410088129828992398288913391939EB
:109E0400282943C0200038021B33C020003902C077
:109E140020001DF036410098038B82660921884298
:109E2400981899133929892339182943C0200038EF
:109E3400021B33C020003902C020001DF0008D0A2F
:109E4400A818B80AB7B9F646F5FF0000364100A8CD
:109E54001298228842992AA919A818279A019918B0
:109E64000C099942C0200028080B22C020002908B0
:109E7400C020002808C020001DF000003641008BDF
:109E8400221DF00036410028021DF0003641002258
:109E940022131DF03641000C121DF0003641002043
:109EA4006300A593FDE59DFD80EB03808D04E098A0
:109EB40011813BDB22A0019A88C020002908857407
:109EC400FDC020001DF0000036410061C9DB7C08A4
:109ED40052AEE00C09C1C5DB60CCC0FBCC80CC1019
:109EE400C0A2C05A5A8055108D0587B26282A0C0A4
:109EF4008A854995A2CAA0BD0622C2A041BEDB89BB
:109F040045816EDA49257C0440221039150C0389F9
:109F140005408A10AD083935C0200065E3FB8D0A81
:109F240091B6DBA1B6DB60AAC07B69909060909685
:109F34001090AAC08AAA4845A2651C47B21FB2A0C5
:109F4400F9D1AFDBC1B0DBA1B0DBC02000E51A0260
:109F5400924800C020001B88C02000C6E2FF3902DE
:109F64003912CB3239222D05C020001DF00000002B
:109F7400364100A0630020EB03202D04E082112170
:109F84004CDA0C198A220C0828022089932D0881A6
:109F940038D9E008001DF0003681009D036063009D
:109FA400CCC2D19ADB4CBBC19ADBA19ADBE514028B
:109FB400506300260302D0EA0370EB034197DB40B1
:109FC4004730E196DBEAE2F1F2D93105DBE7BF285D
:109FD4006609128D07300C1382E20089718714F22E
:109FE400C02000861C008D07300C1382E2008971AA
:109FF400871449C02000C6170066091BC2C11C3063
:10A00400B32020A220726107C02000652D51887101
:10A014008714E88610000000C2C11CBD03AD02997C
:10A0240011D931E921F9017971C02000252B51881A
:10A03400719811D831E821F2210087941B80EA033A
:10A04400D088C087B98650E613102000AD06810879
:10A05400D9E008000C028622003171DB0C193A3871
:10A0640042A00030499340307487171116E300D1A1
:10A074006DDBB2A07AC166DBA167DB250802422250
:10A084000182A00172A00040788337970ED166DB6D
:10A09400B2A07BC15FDBA15FDB25060232A0FE47D5
:10A0A400B30ED162DBB2A07CC15ADBA15ADBE5045A
:10A0B400021B44491250E61310200040EB03404DAC
:10A0C40004E04411315BDB4A3328031B2229036675
:10A0D400120F3158DB4A436904C020000601000016
:10A0E40000002D081DF0000036410056E200D14763
:10A0F400DBB2A09AC151DBA147DB250002A06300BB
:10A1040090EB038802871911B2A09ED14CDBC14A9F
:10A11400DBA140DB10112065FE0188120B88891237
:10A12400CC9881AFDA8902C0200006050022A0FF86
:10A1340087B20ED143DBB2A0A4C13FDBA136DBE57D
:10A14400FB01A0E61310200090EB03909D0421383E
:10A15400DBE09911902280822200A6181682C8FFA3
:10A164008902CCE82134DB9A92A809C0200081C07E
:10A17400D8E008001DF00000364100AD026511F979
:10A184001DF0000036010121E6D84CBC0C0BA2C125
:10A1940011C020002802C02000226117212ADB29D7
:10A1A400112129DB392132C1102931C0200025D0E9
:10A1B400FB4B21A2C111B2220022C20465F2FB377B
:10A1C40092F3A2C111E532FD364100B2C21F82AF43
:10A1D400E0D194D8C2A02080BB10A2A001A579F937
:10A1E4001DF00000364100A8026560FD1DF000006E
:10A1F4003641000B555A547C0440551052C5A059A1
:10A2040002C020001DF000003641008110DB0C1953
:10A214000C12C02000924800C020001DF000000075
:10A22400366100A54B4EA5524E65334E0C0DC10848
:10A23400DBFD0D0C1EB107DBA108DBD901C020003A
:10A24400E561FE261A0D5C1BD105DBC105DBA1050A
:10A25400DBA5EA011DF000003641008189D88A821D
:10A264009186D89A92A187D887BA0D8184D897B855
:10A27400070C022020041DF00081E8DA8A8222A063
:10A2840001A143D987BA0222A0000C18A11AD997B8
:10A29400BA010C0880222020207446F5FF0000003B
:10A2A400364100AD0225FBFF2D0A1DF03641006149
:10A2B40077D8A2A40060B620E543F95D0ABD06A2E2
:10A2C400A1586543F9CCDAD1E8DAB2A0C2C1E7DA21
:10A2D400A1E5DAA5E201CCA5D1E6DAB2A0C3C1E3D7
:10A2E400DAC6FAFFA902590352A4005904C0200097
:10A2F4001DF000003661007500001DF0366100CDD0
:10A3040000366100CD00366100CD003621008D0895
:10A314001DF00000364100E5FDFF52C1F0681562F2
:10A32400C6F08D0086010088055D0662C7F07816C8
:10A3340077B2F342C1F06805781569047914682589
:10A34400783569247934808E15E033110042403029
:10A3540008811DF03641000020001DF03641000C3C
:10A3640018BD05CD088CB50B5592A000509893905C
:10A37400C074BD083CF80C0A52A0010C7976890D12
:10A38400001A4000D5A1D71404F088111BAA8080BC
:10A39400548C4C51DDD85088208C4B5122D8508895
:10A3A400208C7230911380A1131DF0003090138023
:10A3B400A013C6FCFF0000003641009C52308113FC
:10A3C4003060030C180012400088A130882080609F
:10A3D400131DF00030801346F9FF000036410020C1
:10A3E400E7131DF036810081A3DA0C099A31890143
:10A3F40081A2DA89111CA889211C4889310CC889D9
:10A40400410C3889510C280018400022A199712A66
:10A41400938B31C19ADA8961A8097CF9A0A930C06B
:10A424002000B80CB0AA102AB332C110C02000A971
:10A434000C2C1AB80B001B4000AAA1C02000D80C99
:10A44400D0AA20C02000A90C2AA332C1182A23B103
:10A454005ED8A80AA09930C02000C80BC09910C0CB
:10A464002000990B28020012400088A1C020009807
:10A474000B908820C02000890BC020001DF0000034
:10A48400366100817CDAE022113D018901817ADAAA
:10A4940089110CC889210C3889312A838B312A23EC
:10A4A400A177DA98087CF8909830C02000B80AB0F8
:10A4B4009910C02000990A9144D82802208830C0FD
:10A4C4002000A809A08810C020008909C020001D10
:10A4D400F0000000364100216ADA20A220657CF9F0
:10A4E40082A10180AA20C02000A26200C0200090A6
:10A4F400000000003641002162DA20A220657AF9CA
:10A5040082AEFE80AA10C02000A26200C02000908B
:10A5140000000000364100815CDA0C89C02000296B
:10A5240008B15ADA8158DA76890CBAA8AAA3A80A1B
:10A53400C02000A9084B880C19C020009908C0202D
:10A54400001DF0003641009152DAC020008809074E
:10A5540068F71DF03641001DF00000003641002070
:10A5640020340C190C082089832D081DF0000000EC
:10A574003661003B747072410C067726021DF000B0
:10A5840052A00052610352A004505463BD03CD0590
:10A59400CBA1C02000A57BFB82C6209831E08811A6
:10A5A4008A825044C05A33C0200099081B66C020D8
:10A5B4000046F1FF368100405320505014560501E7
:10A5C400B2A08040C420B0B280AD036578FB1DF01A
:10A5D4000062C40360624152A00092A0045716EDC9
:10A5E40082C520E088118A82907463C020008808A4
:10A5F400AD03CD07B2C11C7A3399317044C01B55E9
:10A604008971C02000A574FB9831C6F3FF000000D7
:10A6140036610088126090F4D64601A2C9FD0C2B65
:10A624000C46A06B83B2AFFC60ABD2A055804B4408
:10A63400C02000A87862A0FFB17BD7B0AA20C020B8
:10A6440000A978373602064E000C06303074C0205C
:10A65400006901C02000A8016176D760AA10303AD1
:10A6640020C020003901C020003801610ADA6033BB
:10A6740020C020003901C0200038010BA460AA01C9
:10A684000C0BC020003998C020003888616BD7605B
:10A694003310A033206D0BC0200039880C134063A5
:10A6A40093204601C02000A8786162D760AA1040B8
:10A6B4004A20C020004978A2020C5A5A503B8330E9
:10A6C4003301C0200048780B55505074215DD720C9
:10A6D4004410303420C020003978C020002888C0BD
:10A6E4002000293122AF00C020003831203310501F
:10A6F4005320C020005931C020002831C020002937
:10A7040088C0200028783152D7302210C020002978
:10A7140078C0200038B8414DD7403310C0200039EC
:10A72400B8C0200038782147D7203310C020003922
:10A7340078C0200028A8402210C0200029A8C020EA
:10A74400002828C02000292131D4D9C02000282184
:10A75400302210C02000226102C02000282131A72D
:10A76400D7302220C02000226102662902C62500BB
:10A77400F63950B79902462600261960C0200025F4
:10A784008F0162A000C020006261013030F4C0205B
:10A7940000A221016127D760AA10303A20C020000E
:10A7A4003911C0200038116120D7603310611FD7E0
:10A7B400603320C020003911C020003811C02000AF
:10A7C400C6ADFF00264928B649316659AEC02000FF
:10A7D40028213149D7302220C020002921C020005F
:10A7E4002821C0200029280C02C020001DF00000F0
:10A7F400C02000282131A9D946F6FF00C020002836
:10A8040021317DD846F3FF00C0200028213140D7F4
:10A8140046F0FFC020002821317AD730221086ED7F
:10A82400FF00000036610068434812E852B2130A80
:10A83400520316176601E863DD05AD026802C20320
:10A844000368F6E006001CFA7CF69203038813976B
:10A854002A02864600C020008914C0200069C46210
:10A86400030256A6040C1850868391F5D680800402
:10A874003088010B55505074C020006874906610E5
:10A88400808620C02000897482AF00C020006884C4
:10A89400C020006931C02000683180661050562005
:10A8A400C020005931C02000522103C02000598427
:10A8B4000C080C16C20301D09C11906883506601E9
:10A8C400C020005874A1DFD6A05510605520C020C8
:10A8D4000052640761DDD687190582C9FF608810BC
:10A8E400608810C0200098A4AD0451D8D6509910A7
:10A8F400808920C0200089A4B823C0200025C7FF78
:10A904000C080C1B920302D0991190B88340BB0130
:10A91400C02000A874C1CED6C0AA10B0AA20C020FE
:10A9240000A9748719040B89608810AD02C0200047
:10A9340098B450591061C4D6608810808520C02016
:10A944000089B4C02000580461C3D6605520C020DB
:10A9540000526400522200522510C02000E005007D
:10A96400C203028C5CAD04B833A5C4FF0C021DF015
:10A9740090A060001A400088A100094060609160C6
:10A984008820C020008914C0200046B4FF000000C5
:10A994003641006812AD020C08C02000922607E779
:10A9A400790BC02000822608808A5582C8017C89E0
:10A9B4009088101CFB7CF987AB79C020004916C035
:10A9C400200099C6D0B5110C080C19B09883C0208A
:10A9D400004876409901C19ED6C04410904420C0DE
:10A9E40020004266079198D6871B0582CBFF90888A
:10A9F40010908810C0200042260B9194D6904410E9
:10AA0400808420C0200082660BC020004226008182
:10AA140091D6804420C020004906480A422410C030
:10AA24002000E004008C75CD05BD03AD0665B8FFBC
:10AA34000C021DF080B060001B400044A1000840DF
:10AA4400908091804420C020004916C0200086DCFC
:10AA5400FF0000003641009812AD02C020008809B2
:10AA6400B15ED7B08820C0200089098802822810EE
:10AA7400C02000E008001DF03641008812AD02C07D
:10AA840020009888B16DD6B09910B105D9B099203D
:10AA9400C020009988C020009878B11BD7B09920B5
:10AAA400C0200099789168D6903310C020003918DE
:10AAB4000C03C020003928C020009808318FD630FC
:10AAC40099203802322310C020009908C02000E0E9
:10AAD40003001DF03641008812AD02C020009888A2
:10AAE400B156D6B09910B1EED8B09920C0200099D3
:10AAF40088C020009878B104D7B09920C02000996C
:10AB0400789151D6903310C020003918C020009895
:10AB14000831B9D7309920C0200099083222003278
:10AB24002310C02000E003001DF00000364100683F
:10AB340012CD05AD06BD03C020008886913FD69096
:10AB4400881091D7D8908820C020008986C0200022
:10AB5400887691EDD6908820C020008976813AD6F7
:10AB6400804410808501804420C020004916C02004
:10AB74000048768133D6804410C020004976C02036
:10AB840000E59EFFAD02C02000480681C6D880447F
:10AB940020C0200049064802422410C02000E004DE
:10ABA400001DF0003641008812303074AD02C02020
:10ABB400009808B1C7D7562300B1D3D6B099200C5A
:10ABC40002C020009908880A822810C02000E008EA
:10ABD400001DF00036410088129110D6C0200022DA
:10ABE400283E20202497180B0C190C0820898380F8
:10ABF40020741DF081ADD8C0200082283E808024BE
:10AC040080222046F8FF000036410065460100001E
:10AC1400364100E5450100003641009812C020008D
:10AC240088095678FF1DF00036410088120C0B0C81
:10AC340019DD0B7CEEC02000B9783D0BC02000B9B3
:10AC440028C02000C8D8E0CC107CDEA822A0D9936C
:10AC5400D0CC200BDAC02000C9D8D03993001940D9
:10AC640000D3A1A2CAFE3D0BC02000C8D8A03993CE
:10AC7400E0CC10D0CC207CBDC02000C9D8E0A3110A
:10AC8400E2AF0F3D0BC02000C8D8D0CC10A0AC2040
:10AC9400C02000A9D8C02000A842C02000A968A2F2
:10ACA400020EA0D034C0DD11A03993C02000C858D2
:10ACB400C0A311E0CC10D0CC206CFDC02000C9583A
:10ACC400C02000C878D0CC10A0AC20C02000A97847
:10ACD400A2020D22AFDFA09B83B099110BAAC02062
:10ACE40000C878A0A03420CC10909C207C02C02006
:10ACF400009978C020009858209910A0A9202D0B05
:10AD0400C02000A958C020001DF000003641000CEE
:10AD1400021DF0003661000C8C0C0BAD022519FBF2
:10AD24005050748162D8261308814BD626230281A1
:10AD340060D85050048912390288129142D72147B1
:10AD4400D6563311C02000226829C02000222823AF
:10AD5400902210C02000226823C020002228234112
:10AD640055D8402210C02000226823C02000222889
:10AD7400234151D8402210C02000226823C0200063
:10AD8400222823414ED8402210C02000226823C02C
:10AD94002000222823414AD8402210C020002268E3
:10ADA40023C020002228234147D8402210F0450127
:10ADB400D05511C02000226823C0200022282391EE
:10ADC40042D89022104022200C84C0200022682304
:10ADD400C020002228124022207C74C02000226857
:10ADE40012C0200028F840221050522042A100C076
:10ADF400200059F8C0200022282340222042A2002B
:10AE0400C02000226823C0200022282340222042A0
:10AE1400A080C02000226823C020002228234022D2
:10AE240020C02000226823C020002228234127D8E4
:10AE3400402220C02000226823C020002228234171
:10AE440024D8402220C02000226823C02000326879
:10AE540029C020001DF00000C02000226819004411
:10AE640011C02000222812902210C0200022681253
:10AE7400C020002228123117D8302210C02000220E
:10AE84006812C020002228123103D7302210C020BB
:10AE940000226812C02000222812310FD83022105C
:10AEA400C02000226812C02000222812310CD830A1
:10AEB4002210C02000226812C0200022281231086B
:10AEC400D8302210C02000226812B02501E05511AC
:10AED400C020009228123103D83099102099200CF8
:10AEE40043C02000926812C020002228293022206A
:10AEF400C020002268297CB2C02000922826209914
:10AF040010505920C02000526826C0200022281268
:10AF140031F6D7302220C02000226812C02000223F
:10AF2400281231F2D7302220C02000226812C0201B
:10AF340000222813C020002931C0200028312020FD
:10AF4400F4402220C020002931C020002831C02034
:10AF5400002268130C02C02000226819C020008659
:10AF6400BBFF00003641008812280256120A5050D6
:10AF74002426132F16830026234D26336E250F0116
:10AF8400C0200032282340550121CAD72033105055
:10AF94005320C02000526823C02000426824C020EF
:10AFA400001DF000C0200032282370550121C2D7B3
:10AFB400203310505320C02000526823C020004288
:10AFC4006825C0200046F5FFC02000322823A05584
:10AFD4000121BAD7203310505320C02000526823D7
:10AFE400C02000426826C0200046ECFFC02000328A
:10AFF4002823D0550121B2D7203310505320C0202C
:10B0040000526823C02000426827C0200046E3FFA6
:10B01400261358ACD326237A663382C02000322804
:10B024001250501490550121ADD7203310505320A5
:10B03400C02000526812C02000426817C02000C619
:10B04400D6FF0000C02000322812505014305501A1
:10B0540021A1D7203310505320C02000526812C0C1
:10B064002000426814C0200086CCFF00C0200032BB
:10B0740028125050145055012187D62033105053B4
:10B0840020C02000526812C02000426815C0200071
:10B0940086C2FFC02000322812505014705501217E
:10B0A4008ED7203310505320C02000526812C02085
:10B0B40000426816C02000C6B8FF00003641008870
:10B0C4001228029166D5CCA2C02000926829C02023
:10B0D400001DF000C02000926819C0200046FBFF4C
:10B0E40036410088122802A1CFD4EC22C02000925D
:10B0F4002828A09920C02000926828C02000922807
:10B1040023A09920C02000926823C020001DF000D5
:10B114000C12C02000226818C02000922812A099A6
:10B1240020C02000926812C0200006F7FF00000033
:10B1340036410088122802A143D6DC22C0200092A6
:10B144002823A09910C02000926823C020001DF07D
:10B15400C02000922812A09910C02000926812C04A
:10B16400200046F9FF00000036410088122802EC56
:10B1740062C0200092282821ABD42099200C82C0E0
:10B184002000926828C02000922812209920C02014
:10B1940000926812C020001DF00C12C0200022682A
:10B1A400180C42C02000922829209920C020009227
:10B1B4006829C02000C6F6FF36410088122802DC48
:10B1C40052C020009228282197D4209920C0200022
:10B1D400926828C020001DF00C12C02000226818BC
:10B1E400C0200006FBFF00003641009812303004F6
:10B1F4002802DCB222ABFF603311C0200082292375
:10B20400208810303820C02000326923C020001D5F
:10B21400F0C020008229122033112135D720881054
:10B22400303820C02000326912C0200006F7FF0029
:10B2340036410098028812CC99C02000926829C037
:10B2440020001DF00C02C02000226819C020000656
:10B25400FBFF000036410088122802CC92C0200077
:10B26400222823202F051DF0C0200022281246FC8E
:10B27400FF0000003641000C421DF0003641000C76
:10B284000887120922C2F828127CC82088102D08C9
:10B294001DF000003641008D028CB228420C1820AB
:10B2A40028540012400088A12D081DF036410016D4
:10B2B400632E82C3F8B2280180C820B0900416E936
:10B2C40000B2A3C5D10CD7C10CD7A10CD7E5E200BD
:10B2D4007CC440BB104A333A3BB8130C2AA0BB20B1
:10B2E400B913B81889030C13B033203918A7830293
:10B2F400463F008808CCD8B2A157D101D7C101D7A5
:10B30400C02000C6F0FFA81807EA0CB2A158D1FE6D
:10B31400D6C1FCD686ECFF00384240AA1030B7757F
:10B32400B7BA1C303E5430BBD2B0AAD23D09B838AB
:10B33400D828FC8BB2A0CDD1F5D6C1F5D646E2FF14
:10B344004D098C6A40FA402C0B404BC030B4250B9D
:10B35400E4B0EEC00C1D000E40A0A091001B400004
:10B36400DDA1303524D0AA303034C0C6EFFFCCADD7
:10B37400D1E9D6B2A0CEC1E6D646D3FFB93DD92B8A
:10B38400B842B0BE5430BB82E882AABBE0BB11BA5B
:10B39400BE480B479832D90B279D2DE0E3110C1DB5
:10B3A400001A4000ADA1B872EAEB7CFBA0AB3048B8
:10B3B4000E40AA10A90ECCFA001340003DA130BBE8
:10B3C400303862B0B310B262067CC3481837840EBA
:10B3D400B2A144D1D1D6C1D1D6C0200086BAFFA82B
:10B3E4001CA0A3104AAA4BAAA91830AA10AAA8897B
:10B3F4001A7CC48BC83818303410CAE34AEECCEE39
:10B40400D1C8D6B2A164C1C7D6C0200086AEFF00A1
:10B41400A81E07EA02C62600CCA3B2A168D1C2D6F0
:10B42400C1C1D6C6A8FF384240AA1030D775D73A52
:10B4340002C62D00303E5430DDD2D0AAD2BD09D888
:10B444003E382E16DDEE1663F2D933392DD842D0AC
:10B45400DE54B0DD82F882AADDE0DD11DADF480DCA
:10B46400479E32390D27932DE0FB110C1D001A4025
:10B4740000ADA13872FAF37CF3A0A330480F40AAC0
:10B4840010A90FCCFA001B4000BDA1B03330B86244
:10B49400303B103262067CCD3818D78302C6CBFF0E
:10B4A4004B33B81EB0BD103AABA918D0AA10AAAC41
:10B4B400DAAA890A7CCB381830BB10384230D775E9
:10B4C40030AE54D7BB53A0DDD2D0BBD2A0A982D812
:10B4D40082BAAAE0AA11AAAD380A568306B2A0E934
:10B4E400D193D6C193D6C020004677FFBD098C6A9C
:10B4F40040FA402C0B40BBC03044250BFB40FFC03E
:10B504000C1D000F40A0A09100144000DDA13035B7
:10B5140024D0AA3030BBC006C9FF8C6B40FB402C42
:10B52400094099C030F4250BE9F0EEC00C1D000E63
:10B5340040B0B091001F4000DDA1303524D0BB30B5
:10B544003099C046E1FF39287CC4293889333B3C13
:10B55400403310371C0EB2A0EFD176D6C175D6C0D9
:10B5640020000659FFA8420C13A0AE5490AA8200F2
:10B5740019400043A1BAAAE0AA11AAAD890AE09928
:10B5840011001B4000B3A1886240882089622872A0
:10B594009A923809B0B320B909C020001DF0000008
:10B5A4003641008D028C0288528A221DF000000070
:10B5B40036410016532E32C303B2AFFCAD02B03392
:10B5C4001025CDFFA7330246B600A8420CCBB0B37A
:10B5D40073A0877587BB02861F0040FB401CF340A5
:10B5E40033C0A0C425C043C00C130014400033A1D1
:10B5F4000B33BA3387B366A04E544088D28033D21B
:10B604000C09A0404447290206A600C872E049116B
:10B614004A4C7CFD001340003DA1880480831056F1
:10B6240098061B399862001340003DA19033101610
:10B63400932630906030391030F3401CF93099C0B3
:10B64400E039113A3C8803561804B2A0C0D13AD666
:10B65400C13BD6A12AD665AA003D0B06E6FF0C091C
:10B6640097130840F34092A0204099C00B89C088EA
:10B67400C00008403030910C18001C4000C8A1A044
:10B684004524C033304099C086DDFF00803060809F
:10B69400831080F8401CF38083C0A03E5490338212
:10B6A400D8828A33E033113A3D380316D31E7CC462
:10B6B4005813504410B7B40BB2A1B9D121D6C1214B
:10B6C400D686E3FF58334823CCA5B2A0CDD10FD6FC
:10B6D400C110D606DFFFCCA4D10FD6B2A0CEC10CC8
:10B6E400D686DBFF59344925A842A0AE5490AA82DD
:10B6F4008AAAE0AA11AAAD580A57932F490A279497
:10B704002AE0A911AAAC0C15E80A0018400085A18A
:10B714007CF4808430E08810890ACCE80019400069
:10B7240095A190443098624049104962881307E813
:10B734000EB2A173D105D6C105D6C0200086C4FFC0
:10B744007CC990881042CB108BE347B802464B006B
:10B754009AABEAAAB0F9C08A5FBBFA8B4A90FF1091
:10B76400F7140CD1FBD5B2A11DC1FAD5C6B8FF00A0
:10B774004BFB5AFFF7180CD1F8D5B2A120C1F5D56F
:10B78400C6B3FF00F81AF0F01450FF200CB5F91AF4
:10B7940090FF10F7350EB2A122D1F0D5C1EED5C07D
:10B7A400200046ABFF88130C25808014B0B820B964
:10B7B40013881A8089104A8882C8FC48185044208B
:10B7C4000C154918481A505420A908591A0C355018
:10B7D400542088138089108A8E82C8FC390890947A
:10B7E40010591AB842B0477547B92AB05E5450444C
:10B7F400D24099D20C08B0BE5480BB829ABBE0BB45
:10B8040011BABD480BFCD4B2A0E9D1C8D5C1C8D582
:10B81400C02000068FFF0C0887190840F94082A059
:10B82400204088C0B0F4250B58F055C00C14001FFC
:10B83400400044A1000540909091409930B04524C7
:10B844004088C0C6EBFF492A293AA9340C14B842EF
:10B85400B0BE5480BB829ABBE0BB115862BADD0013
:10B8640019400094A1A90D00184000A4A1A05520DE
:10B87400E088118ACC5962480C909420990C7CC2BF
:10B884007CD548134022102A2E4802504410490205
:10B894007CE428134022102913E03E202D03C0200D
:10B8A400001DF0000C0386FCFF000000364100166A
:10B8B400F30056C40030B320AD02259FFF0C0546AB
:10B8C400030056E30040B42020A22065CEFF5D0AA9
:10B8D4002D051DF01654FE3BB47CC7AD02705B1001
:10B8E400259BFFA7B5D6D2C3F8681D0CCB60900486
:10B8F400B0B5738CD9D17FD5B2A3F8C199D5A17F46
:10B90400D5A57F00706610A2C3FCB73602C64D00F1
:10B91400AAE6C81E4B56708C10805580B7350207B6
:10B92400EC2340B420AD02A5C8FFA05A2016FAF9B2
:10B9340030B32060C463A541FABD03AD02E596FFB0
:10B9440006E3FF000000CCAED176D5B2A164C17588
:10B95400D546EAFFCCA6D174D5B2A168C172D5C6CA
:10B96400E6FF584250477547B81B505E545044D2C6
:10B974004088D2583E482EFC75B2A0CDD164D5C1C2
:10B9840064D506DEFF008C6840F8402C094099C05D
:10B994005074250B697066C00C14000640808091B9
:10B9A4000017400044A15055244088305099C006E7
:10B9B400F0FFCCA4D158D5B2A0CEC155D546CFFF07
:10B9C400593449255842505E5490558268828A55AC
:10B9D400E055115A566805E79632490527942DE03B
:10B9E40069110C150018400085A148726A647CF442
:10B9F40080843078067088108906CCF800194000DD
:10BA040095A190443098624049104262067CC54832
:10BA14001D57840FB2A144D140D5C140D5C02000E8
:10BA240086B6FF00981E4B449095104A89891D5094
:10BA34008810AA887CD548185044107CE5491848D9
:10BA44001D504410D908491D581D5080048CD8B28B
:10BA5400A180D144D5C144D5C02000C6A7FF7CC96C
:10BA640090551042CB1047B502C67600AAABBB4A2C
:10BA74009A558BCA904410B055C0471C0BD134D58D
:10BA8400B2A11DC134D5069DFFE81A0CB4E0E01440
:10BA9400505E20591A90551057340EB2A122D12F5E
:10BAA400D5C12CD5C02000C694FF481D0C264040AB
:10BAB40014B0B420B91D581A505910CA5552C5FCB7
:10BAC40048156044200C164915481AA9057CD55020
:10BAD4005410904410605520CAD4591AD2CDFC1683
:10BAE4005DE6581D07E502C623001684E69095100E
:10BAF4005842504775473902862D00505E545044D1
:10BB0400D24099D2BD08583D482D16B5E61634EA00
:10BB1400593449255842505E54B0558268829A552A
:10BB2400E055115A566805679D31490527942CE064
:10BB34004B110C160019400096A158724A457CF529
:10BB440090953078047099109904CCE9001B40005A
:10BB5400B6A1B0B5304862B0B410B9627CC6481A18
:10BB640067840246ABFF4B44981D9096104A59597E
:10BB74001A6055105ACC6ACCA90C7CCB481A40BB2D
:10BB8400105842504775509E5447BB559044D2407C
:10BB9400BBD2909882C882BA99E099119A9C4809BC
:10BBA40056A406B2A0E9D1E1D4C1E1D4C02000C6B4
:10BBB40052FFBD0816890040F940B2A02040BBC026
:10BBC40050E4250B6BE066C00C1400064090909185
:10BBD400001E400044A150552440993050BBC0C6BB
:10BBE400C8FF8C6B40FB402C084088C050C4250B18
:10BBF40068C066C00C14000640B0B091001C400040
:10BC040044A150552440BB305088C0C6E0FF492AA7
:10BC1400293AA9340C140018400064A15842505E1B
:10BC240054805582E08811BA55E055115A5CA90533
:10BC3400001B4000B4A15862605520596228728AE2
:10BC4400824808B0B420B9085D03C02000C61FFFB5
:10BC54003641008C122222051DF00000364100A856
:10BC640042E593FF8BC3A73C0628322AAAA73C0EC1
:10BC7400A1BFD4B2A060811DD2E00800253F001D01
:10BC8400F000000036410092A00182A000208983C8
:10BC9400808074569803308983563803B2C3F820E1
:10BCA400A220A5FBFFAD02A50300AD03E55CFF8860
:10BCB40012AAA8A912C02000A55BFFBD038812AA7E
:10BCC400A8A912A842C02000255EFFAD02250200EB
:10BCD4001DF00000364100AD03255AFF2D0A1DF06A
:10BCE400364100A8028C3A7CFBE52AFE1DF00000D8
:10BCF400364100A8028C1A253FFE1DF03641000C87
:10BD0400190C08308983808074563804208983563E
:10BD1400D803AD02A5FCFFA842BD036589FF3D0A17
:10BD24009CDAA555FF8812A0A8C0A912C0200065FE
:10BD340054FF8812A0A8C08822A91287BA02A2625E
:10BD44000220A220C02000A5FAFF3023209000008A
:10BD54000C0306FDFF00000036410056E200D184CA
:10BD6400D4B2A0DAC184D4A184D4253900DC034040
:10BD7400B42020A22065F8FF3D0A2D031DF0000029
:10BD840000B2C3F8AD0265EDFFAD0265F5FFAD038A
:10BD9400A54EFF5D0AA842BD03CD0425B1FF3D0AAF
:10BDA4009CDAA8125AAAA2620130A320C02000E59E
:10BDB4004CFF8812A0A8C04822A91247BA02A26266
:10BDC40002AD02C02000A5F2FF46EBFF3641003968
:10BDD40002C020001DF0000036410016B30220A26C
:10BDE40020E5EFFF0C1BAD03A51300CCDAD163D41F
:10BDF400B2A103C163D4A163D4253000A0BA20202A
:10BE0400A22025E8FFAD02A5EEFF1DF0364100B2E9
:10BE1400A00130A320E5100056EA00D158D4B2A105
:10BE24006BC159D4A158D4652D00A0BA2020A220FA
:10BE340025EAFF82A00C0C02A7B80222CAF41DF066
:10BE440036410082C3FF7C294D020C0287391BADA9
:10BE540004E5E8FFCBB3AD0425EAFF2D0A8C5ABDF7
:10BE640003A507002D0AAD0465E8FF1DF0000000DE
:10BE740036410020522022AFF330A320473218CCA1
:10BE840093BD04AD05A5FBFF2D0A1DF056E400305B
:10BE9400B32050A52025F4FF0C0206FBFF00B2A03E
:10BEA40001250800A02A20CCDAD134D4B2A127C1BC
:10BEB40037D4A134D465240050A52065E2FFBD0227
:10BEC400CBC4AD0525E9FF2D0A8C5ABD04E500005D
:10BED4002D0AAD05A5E1FFC6EBFF00003661009D0C
:10BEE400028B223A823919312AD4390980301491CB
:10BEF40029D49931CC539908C020001DF092010C2B
:10BF040032010D924800324801C0200092010E32E5
:10BF1400010F924802324803C02000C0200086F579
:10BF2400FF000000366100B2C2F8D80BC119D4C7B3
:10BF34001D15CC630C0B2D0B1DF00000A117D48133
:10BF44006BD1E00800C6FAFF881B8A82809014DC5B
:10BF54009998089931D831C10FD4C71DD81633FD2B
:10BF6400BD08A10ED4C02000C6F4FF00A2080092B0
:10BF74000801A2410C92410DC02000A208029208BF
:10BF840003A2410E92410FC02000C0200006F1FF21
:10BF940036410020EA038117D29808B089119088AD
:10BFA400C0E088119A88D088118022C21DF0000058
:10BFB40036410021FBD3822200567800A2A001A5BD
:10BFC400F3FBA902C02000A521FD261A08B2AFFF89
:10BFD400A222002503FC1DF036410031F1D32223B7
:10BFE40000567200A2A00125F1FBA903C020002580
:10BFF4001FFD22A001271A11B2A00AA8030C036591
:10C0040000FC0BAAA023932020741DF036410025C8
:10C014001DFD261A0F81E2D3D2A000D0CD20BD0D84
:10C02400A80865CCFB1DF000364100651BFD661AAF
:10C034000BE5F5FFA02A2090000000000021D9D3D1
:10C0440082220056D80080EB03808D0456480025D8
:10C05400F4FFA902C02000A5F1FD16AA00E58AFCA0
:10C064002222002AAAC6F2FF2589FC46FCFF000012
:10C07400360101212BD142C1210C9C0C0BAD04C013
:10C0840020002802EB31C02000226117C0200025C7
:10C09400E2F90C023C2C0C0BA2C12A225300C02052
:10C0A40000C02000A5E0F9E0A011A0A2411C0C21D1
:10C0B400BED340B420202E1520220120AA20A2CADB
:10C0C400FDA5ACF9A0EB03A0AD040CACBD03E5AB3E
:10C0D400F921B6D3294121B6D339710C0329612240
:10C0E400C1104951A2C12A1B33B8024B22C02000FF
:10C0F40025FFF96643EDA2C12AA53FFB3661026123
:10C1040008D10CBC0C0BA2C139C020006806C020A9
:10C1140000626143C02000A5D9F962A110B2AEFF4C
:10C124001A660CACBAB6AD0325A6F9A54DF6562A87
:10C134000531A2D33A726196D1773602219ED33A61
:10C1440034373630E0A011A0A241419DD33C0340D6
:10C154004E1520440140AA203241391C0C32A078EB
:10C16400B2C13BA2CAFD32413AC0200042C139C02B
:10C174002000A5A1F93191D33035806185D13736BE
:10C1840002518CD33190D3326105562400418AD3B5
:10C1940072C1382981218DD32991FB2129A1218CB8
:10C1A400D33189D329B1218BD3496142C114397167
:10C1B40032A0C729D10C0252610C62240060A6206F
:10C1C400C020002514FAA05363BD0662C1442AA608
:10C1D400CD055033C0A5B7F95A2216530042C40402
:10C1E4004797D662A11032C110A2AF341A662A83CF
:10C1F400AAA60C02224834C02000C02000652FFBF0
:10C204003641001DF0000000364100AD02A550F794
:10C214002D0A1DF036410030B32020A2202569F7F5
:10C22400A02A201DF0000000364100AD02A553F7FE
:10C234001DF00000364100AD03E54DF72D0A1DF059
:10C24400364100AD032552F71DF000003641004091
:10C25400B42030A320A565F7A02A201DF00000001B
:10C264003641004053824033A222A00056D300AD91
:10C2740005654AF72D0A8C3ABD052508F91DF0001D
:10C28400364100A5EAFC20B22030C32025FDFFA0E2
:10C294002A201DF03641001DF00000003681000CFC
:10C2A4000B1CCC4BA1B26100C0200065C0F90C1876
:10C2B4004D014BB18241060C58AD0282510CC02095
:10C2C4000088028818426104C02000E00800CC6A9B
:10C2D4002801224300C020002D0AC020001DF000C8
:10C2E400364100814ED030A32040B42092220187F1
:10C2F40099026552F50C021DF000000036810042DF
:10C30400A00040B4201CCC4BA14901C0200025BA98
:10C31400F90C384A514BB182410682A09FAD02828A
:10C32400510CC0200088020C1288185941C020000A
:10C33400E008008801B128D3BAB8B0428340B07491
:10C34400CC3B802B939CB22166D0380222A1088C6E
:10C35400F365CDFFBD0AC121D3A121D38164D0E00F
:10C3640008001DF0A2AF008090F5A0A810413AD0BB
:10C37400A099200088119090F44088108089208929
:10C3840003C0200086F6FF003641008116D320A2A8
:10C394002030B320826200C02000650A4D2D0A1DA2
:10C3A400F000000036410028920762134020040781
:10C3B40063290B338C621B440601000000002B44EC
:10C3C4006023C21B2260228239053022C04C033014
:10C3D4004463402263C020001DF000001602FEC624
:10C3E400F4FF0000364100289207621140800407E0
:10C3F40063190B338C481B44860000002B444C0209
:10C404003905202463C020001DF0000016E8FEC694
:10C41400F8FF0000364100B8620C1AB080F40C0238
:10C42400802A83209074CCA92184D12A28209A833D
:10C434002D098CA90C0229032126D0C020001DF04F
:10C44400001B4000AAA1A903C0200006FBFF0000B6
:10C45400366100CBB1AD02256A00CCAA88310C4903
:10C46400F0881190881089032D0AC020001DF00067
:10C474003641003090F582A0C822A10587990D812C
:10C48400DAD280331032D3C00C083028831DF00078
:10C494003641008862AD0291F1CF909810B19DD1E0
:10C4A400B7190880807492A01587390FC1D0D2D2F1
:10C4B400A200B1CFD2259A002D0A1DF00C2DC1CDBA
:10C4C400D2B1CDD246FBFF003641002202181C89AE
:10C4D4000C0827B90282A0020C422028201DF0007B
:10C4E40036410088620C0A8090F40C1290A283A05A
:10C4F400A074CC8AB151D1BA9990A2838CDA0C027F
:10C50400290321F3CFC020001DF0000000808074B7
:10C514001C9287B20282C8FA0C190018400089A143
:10C5240089030C02C0200086F6FF0000364100E8B3
:10C5340042303004E090F4662902062D00F6391FDB
:10C5440016290DA1E5CF661976987217E902862F90
:10C554000091AAD20CCB9809D209040CB906130095
:10C56400264936B64963A1DCCF66595398721769D8
:10C574002291A2D2B2A0EB1C8C9809D2090192A0FC
:10C58400EC30B9932C0930C99331A6CF30EE200694
:10C5940009000000919BD246F6FF98721769249116
:10C5A40097D2B2A06C9809D2090292A06B30B983D9
:10C5B4002C0C1C8930C983A802380A38F3E0030024
:10C5C4002D0A1DF0918FD2C6F5FF987217691C9140
:10C5D4008BD2B2A0BC2C0C9809D2090092A0BB301B
:10C5E400B9831C8930C98386E7FF00009185D2C6D0
:10C5F400F7FFA872A709109181D23CCB9809D20900
:10C60400033CB986E9FF0000917ED2C6FAFF000020
:10C61400917CD246CFFF98721769109178D21C3B57
:10C624009809D209050C3986E0FF00009175D2C63D
:10C63400FAFF000036A1001CCC0C0BA2C114593126
:10C64400C02000E586F9404341CB61B2C114A80281
:10C65400424115C02000480A48146971325114C07F
:10C664002000C02000E004002D0A1DF036410030F7
:10C67400D320C2A010B2A001AD02A5FBFF2D0A1D5C
:10C68400F00000003601017D0221A5CF0C0BAD079F
:10C69400C020002802C0200022611728176222133C
:10C6A40022221E6931C02000E0020062A1062D0A88
:10C6B400671A028620002597FFB152D2DD0AED0BDE
:10C6C400A2A001C151D2A591503195CFC020004202
:10C6D4002117C02000380337146AA507F64C0CB2A2
:10C6E400A0FFA2C11CA57CF9A807CD05BD04D2C139
:10C6F400185A64280AE83128D2E00200DD0AB2C1DF
:10C704001CC861AA2C206663C094C0A8074086C0D8
:10C714006044C04A554D06280A28B299118921C09F
:10C724002000E0020082C11C2D0AAD0398119AB8C2
:10C73400C821E561F988218A3356C2F856D5F986AD
:10C74400E1FF0000001DF0003601016D022174CFED
:10C754000C0AC020002802C02000226117281622DB
:10C764002213293192A00022A00150929390907438
:10C77400CC1A56B901316ACF2D0AC02000422117C4
:10C78400C020003803379402061E00C0200065FC58
:10C79400F54C0CB2A0FFA2C11C9911C02000257158
:10C7A400F9D2C118CD05BD04A806280AE83128A28B
:10C7B400E00200DD0A5A24A86182C11CDA7A7022E0
:10C7C400634072C0A0A4C0CD07BD03AAA8D921C0EC
:10C7D4002000E557F90C0BA816C8BAAD06E00C000A
:10C7E4009811D821568AF888162044C0B2C11CADCD
:10C7F400064A558228127A334D02C22106E0080007
:10C8040006D8FF001DF00000366100482288640C41
:10C81400044718340C1B30B483A832C2C108E008A2
:10C8240000479A13382147530ACBB13822A832382B
:10C8340073E003002D0A1DF022A107271A022583A5
:10C84400FFAD0446FBFF000000AD0846F9FF000001
:10C8540036A100912ACF8B411CCC0C0BA2C11481B0
:10C8640027CF99148904C020006564F90C88B2C1EB
:10C87400148241164CB8825114C020002C08A8021E
:10C8840082412AC02000280A28124981C02000E0E1
:10C8940002002D0A0C19A8040B8AB814A738010C3D
:10C8A40009B0C060979C3092AFFD87B92A210CCFA4
:10C8B4002222001612012577FFA0BA20C1D2D1A1ED
:10C8C400D3D1810ACFE0080022A1068804981489F4
:10C8D400039913C020001DF081CED1E00800A90304
:10C8E400B913C0200086FAFF3681000C0B1CCCA2C1
:10C8F400C104E55BF9A80282A0664BB182510CC069
:10C904002000880A822801C02000E00800ECFABD5B
:10C914000A1CCCA2C104A559F9A80282A0994BB162
:10C9240082510CC02000880A8818C02000E008004A
:10C93400CCCAAD0288129818822815B809E00800FC
:10C944002D0A1DF036410061F7CE62260027160835
:10C95400A2A1062D0A1DF0000061AED1BD05AD04F3
:10C964007856E00700167AFE7806E00700CC8528A2
:10C9740016E00200AD0546F6FF407054CC573CF873
:10C984004C0757380E407044CC671CF872A02057EF
:10C9940038011C078826BD03AD0470C720E00800D9
:10C9A40088120C0BAD0282280BE00800563AFA8874
:10C9B40036E00800DD05CD048812BD03AD028228EF
:10C9C40011E0080056BAF8AD0288129818822815AA
:10C9D400B849E0080056AAF77055C088467A33E093
:10C9E40008007A4446E1FF0036610020A22056E3A5
:10C9F40000D189D1B2A183C189D1A189D1E56FFFC9
:10CA0400822201C2C10C0C1B822819E00800CCEA66
:10CA14000C198831808104908830824300C0200042
:10CA24002D0AC020001DF00036610082120D26C8B8
:10CA34002021ABCE82220022A106161801A55EFF9A
:10CA4400A0BA20C170D1A177D181A8CEE00800900E
:10CA540000000C08825107C0200082A0808BB19195
:10CA64007BCE8921A8028831908810280A916ED142
:10CA74009088202222158931C02000E002002D0A6E
:10CA8400C6F2FF00368100B2A000C2A01CA2C104FD
:10CA9400B901C02000A541F90C185D014BB1A802F1
:10CAA400824106C02000880A8818594132510CC0BE
:10CAB4002000C02000E008002D0A88018904C0205D
:10CAC400001DF000366100C2C10CB2A03520A220C6
:10CAD40025FBFFDC9A8BC10C5BAD02A5FAFFCCEA07
:10CAE40088318088118080F42201082088208903FD
:10CAF4002D0AC020001DF000364100CD033C5BAD83
:10CB04000225F8FF2D0A1DF0366100CBB1AD02A558
:10CB1400FEFFCCAA88310C49F08811908810890353
:10CB24002D0AC020001DF000364100CD030C5BAD82
:10CB34000225F5FF2D0A1DF036410030D320C2A096
:10CB440008B2A001AD02E5AEFF2D0A1DF000000001
:10CB540036410030D320C2A008B2A031AD0265AD89
:10CB6400FF2D0A1DF0000000364100C120D1D2A2E1
:10CB74000020A220B11FD1252E00A02A2090000061
:10CB84003641000C021DF00036410038120C0BAD8A
:10CB94000238B3E00300CCCAAD0238128813322342
:10CBA40015B808E003000C130C08A083838080747C
:10CBB400CC9892AEFA909A80908383BC28A80238CD
:10CBC4000A3833E003000C13AD02887230882089E0
:10CBD4007288129818822815B819C02000E008003D
:10CBE40082A106879A0A8812BD03AD0288B8E008BC
:10CBF400002D0A1DF000000036410048120C0BAD58
:10CC04000248B4E00400CCCAAD024812881442249D
:10CC140015B808E004000C140C08A0848380807408
:10CC240056980092AEFA9A9A908483BC68A802BD82
:10CC340003422A00422404E004000C14AD023872BA
:10CC4400403320397238128813322315B838C02083
:10CC540000E0030032A106379A0A3812BD04AD027F
:10CC640038B3E003002D0A1DF000000036410048EF
:10CC7400120C0BAD0248B4E00400CCCAAD02481259
:10CC84008814422415B808E004000C140C08A0848D
:10CC94008380807456980092AEFA9A9A908483BCEA
:10CCA40068A802BD03422A00422405E004000C14D3
:10CCB400AD0238724033203972381288133223158A
:10CCC400B828C02000E0030032A106379A0A3812BF
:10CCD400BD04AD0238B3E003002D0A1DF0000000CE
:10CCE4003641008812AD029818822815B22900E056
:10CCF40008000C1B0C08A08B83808074CC8892AE37
:10CD0400FA9A9A908B83BC88A802DD05CD04BD03F2
:10CD14000C14880A8888E00800AD02387240332079
:10CD2400397238125813322315B845C02000E00375
:10CD34000032A106379A0A3812BD04AD0238B3E0B6
:10CD440003002D0A1DF000003661008812AD023088
:10CD540030749818822815B809E008000C190C08DA
:10CD6400A08983808074CC88B2AEFABAAAA08983E1
:10CD74008C98A802BD03880A8878E00800AD02FBFD
:10CD8400B1881288A8E008002D0ACCAA82010F30CD
:10CD940038C082A1053028931DF00000364100A858
:10CDA40002BD04880A8868E008002D0A1DF000000E
:10CDB4003661001B430C054053931B450C15A80218
:10CDC400680A62260EE00600BC4A6812CBC1BD05A3
:10CDD400AD02622619E00600DCDAA831A06074A076
:10CDE400A004ECDA387207630F7CE4403310397224
:10CDF40060610422A10660A2932D0AC020001DF0E8
:10CE04002614BA6822BD050B446836A832E0060031
:10CE140086EAFF88221C46606463BD068838A22225
:10CE240003E008002603966044C05604F9A2A10753
:10CE340046F1FF0036410082120D0C1982C8E00C45
:10CE4400028029838D020C422028201DF00000005E
:10CE540036410022A1061DF036610088426D02822F
:10CE6400C8FC0C02F62834CBB1AD06E004002D0A50
:10CE7400EC8A8831505820571821BD0A8816AD060F
:10CE840082280BE00800BD05AD06E003002D0A383A
:10CE9400168C9A0C1BAD0638B3E003001DF0881302
:10CEA400AD0622231532A106B808E002002D0A3788
:10CEB4009A2528160C1BAD0628B2E00200CBB1ADB2
:10CEC40006E004002D0A562AFD683132A1085056A6
:10CED400C050239306F1FF00560AFC86F7FF0000BA
:10CEE4003641003090F582A09D22A10587990D81DD
:10CEF4004FD080331032D3C00C083028831DF0008B
:10CF0400364100C14BD04C0DAD02B14AD0A5F4FF5F
:10CF14002D0A1DF0366100CBB1AD02E5C0FFCCAAED
:10CF240088310C4980844190881089032D0AC020DF
:10CF3400001DF0003641000C421DF0003641003067
:10CF440030F592A0C282A10597930898420CFA97F3
:10CF54003A010C082D081DF03641000C021DF000AA
:10CF6400360101616FCD0C1BC020006806C0200093
:10CF740062611768128226139160CD89315A8487C1
:10CF84003902B2A000AD0262261EC02000E00600F5
:10CF940062A1067D0A671A02062200E508FFB1268F
:10CFA400D0DD0AED0B0C1AC125D06503502D0731D5
:10CFB4005CCDC02000422117C02000380337146C18
:10CFC4001011202579F54C0CB2A0FFA2C11C25EE4E
:10CFD400F8A802CD05BD04D2C118680AE83168D6A4
:10CFE400E00600DD0A5A84C861B2C11CAA6CC0E420
:10CFF400C0608863A8024068C0980A98B98911E99A
:10D0040021C02000E0090092C11C7D0ACD06E82160
:10D01400AD03E0B980A5D3F86A3388118044C04ACF
:10D02400558048205657F856B5F9C6DFFF1DF00065
:10D0340036810062220120A220822601622615B8D0
:10D0440008E00600560A05BD0A1CCC4BA16802255F
:10D05400E6F82C0981FDCC524105C0200047380177
:10D064001C8939311C23924107C0200049214738CB
:10D074000232A0024BB1AD0632510CC0200038067A
:10D084003813C02000E00300CCCAAD024812581483
:10D09400322415B845E003002D0A1DF036810048FE
:10D0A400120C0B20A22048B4E00400565A06AD022C
:10D0B40048128814422415B808E00400564A05BDF5
:10D0C4000A1CCC4BA14802A5DEF82C0891DFCC3712
:10D0D400390282A018824107C020002C1832610254
:10D0E40037390282A0204BB1AD0482510CC020001C
:10D0F40088048818C02000E00800DC6AA802480AF6
:10D10400822411561801AD0238124813322315B87F
:10D1140034E003002D0A1DF04812BD03C884E00862
:10D1240000161AFE06FBFF0036810048120C0B2085
:10D13400A22048B4E00400563A06AD02481288140E
:10D14400422415B808E00400562A05BD0A1CCC4B3D
:10D15400A14802E5D5F82C0891BCCC3739011C88CC
:10D16400824107C0200082A0DC392137390282A025
:10D17400D84BB1AD0482510CC0200088048818C07B
:10D184002000E00800DC5AA802480A822411DC08C6
:10D19400AD0238124813322315B824E003002D0AD7
:10D1A4001DF04812BD03C22409E00800160AFEC699
:10D1B400FAFF00003641003020F532A0EF3022C0E3
:10D1C4000C0832A1052038832D031DF036410022BE
:10D1D40002181C890C0827B90282A0020C422028DC
:10D1E400201DF0002048031B220002403049033078
:10D1F40020910033A1D6F30B3030F53022202030BB
:10D204006020331030F34000134020209120491354
:10D2140020480322C21F3032C0304813102000209F
:10D22400490316A20707E20817E21927E23A062380
:10D234000032C9F04903591369237933206141103D
:10D24400804006F7FF32CDF049035913692379333F
:10D2540032C5F4380332C3E089039913A923B933DF
:10D2640020A24120804006EEFF108040D2CDF0097C
:10D274000D191D292D393D32C1F43803D2CD103298
:10D28400C3D0490359136923793389439953A96353
:10D29400B973F0804020E341308040C6E0FF0000D5
:10D2A4001080402048030012400C120022A12049A3
:10D2B400131020000C020DF00C120DF00000F022EF
:10D2C400111B22304803F7E20A0B33F02211F762F4
:10D2D400F73030340013400032113022812020F422
:10D2E4002049133003032C023032C030481310207D
:10D2F400000C220DF0000000362100612ECE50E615
:10D30400034D006025103B2220E61310200045ED5C
:10D31400FF0D0450E6131020001DF00036210020FC
:10D32400E3131DF0380230E7F338123010133822BB
:10D3340030111338323004133842300C1338523061
:10D34400201338623021133872302213388230238C
:10D3540013389230EAF338A230EBF338B230ECF3FE
:10D364000DF00000703EE339023010033912301121
:10D374000339223004033932300C0339423020039C
:10D384003952302103396230220339723023033990
:10D3940082A03EE33992B03EE339A2C03EE339B203
:10D3A4000DF000003621000C0330E4611020002051
:10D3B400232020E4131020002D031DF03621000C3F
:10D3C4000440E46110200020342020333030E41382
:07D3D4001020002D041DF0E4
:02000004400DAD
:10002000551CFC3FA4DBFB3F701CFC3FA8DBFB3FE7
:10003000A0DBFB3F000000003333733FCDCCCC3D51
:100040000000803D00007A446CDBFB3F201CFC3F3D
:10005000381CFC3F2C1CFC3F6F12833A7033403F2E
:100060002001403F2C01403F3801403F4101403FCB
:100070004C01403F301CFC3F0000803F0000A0408E
:10008000341CFC3F0AD7A33C6666663F181CFC3F45
:10009000241CFC3F68DBFB3F281CFC3F0AD7A33B2A
:1000A0008FC2753C0AD7233CCDCC4C3D141CFC3F81
:1000B0003F771B00CDCCCC3E1C1CFC3F5901403F80
:1000C0005E01403F6801403F6E01403F7801403F84
:1000D0007E01403F8901403F9101403F781CFC3F39
:1000E000A201403FAA01403FAE01403F7402403FA1
:1000F000B101403F342C0040B601403F0E2D403F3F
:10010000B901403F681CFC3F6C1CFC3FCC04403FE5
:10011000C301403FD501403FE101403FE701403F7F
:100120000000C842EC01403FEE01403FB301403FB8
:10013000F601403F0202403F641CFC3F7903403F10
:100140000F02403F1E02403F2D02403F3D02403F14
:100150004D02403F5B02403F6902403F601CFC3F54
:100160007302403F7602403FBC02403F581CFC3FB8
:100170007902403FDC02403FED02403FFE02403F3B
:100180000E03403F1E03403F2903403F3203403FE0
:100190003F03403F4B03403F5703403F6303403F13
:1001A0006F03403F7702403F7C03403F8F03403F57
:1001B000A203403FC802403F0604403F0904403FBD
:1001C0005C1CFC3F1704403F2504403F2A04403F8D
:1001D0003604403F4204403FF801403F741CFC3F5E
:1001E000101CFC3F4C04403F5E04403FCDCCCCBDD6
:1001F000000070420000F041000016430000484338
:100200009FDBFB3F9EDBFB3F9DDBFB3F9CDBFB3F24
:10021000ABAAAA2A56555555676666660100008046
:10022000541CFC3F0040000050C30000941100002B
:10023000EC04403FBC1EFC3F0000E03F0405403F93
:10024000FFFFFF7FFFFFFFFFFFFFEF7F0805403F3E
:10025000000000E0FFFFEF410C05403FFFFFEFC152
:1002600000000080000024406C04403FF43706404A
:1002700004370640DC3606409037064054290040DB
:1002800090250040302B004038C90040E426004053
:100290008C350640782A004044C90040DBDBFB3F38
:1002A000DADBFB3FD9DBFB3F941CFC3F981CFC3F97
:1002B000DCDBFB3F1005403FE906403FE803000060
:1002C0006D05403F8C88F43F8484F43FFFFBFBFFC7
:1002D0008884F43FF8CF0040D906403F9C05403F5A
:1002E000DA05403F9F06403FC206403F961CFC3F58
:1002F000951CFC3FD8DBFB3F484B403FC845403F87
:10030000FFFFFF0EFF000000F806403FAE07403F32
:100310005607403F010000000040F43F8307403F84
:100320004CC8004018C80040B807403F5D09403F36
:100330004D08403F7A03403FF3EEFFFFF0EEFFFF32
:10034000A908403FEC08403F2109403F381DFC3FD1
:1003500000000000002000003C1DFC3F6909403FF8
:1003600000360D40401DFC3F441DFC3F481DFC3F36
:1003700000B4C4047209403F810B403F380A403F3B
:10038000900A403F0CA0F53FEC0A403F440B403F31
:1003900040420F0083DE1B436021FC3FD34D6210BF
:1003A000A84A403FDF0F403F940B403F990B403F2E
:1003B000B00B403F7DF6FB3F0090F43FB80F403F4D
:1003C000E0DBFB3F4C11FD0F000010C0FC3F0100C3
:1003D000C20B403FA10F403FA80C403F920F403F4F
:1003E000820F403F0710403F1846403FB20C403F4D
:1003F000F20F403F3A10403F03000000CC0F403F57
:100400006A0D403F0C9F0040D010403FE4DBFB3FB3
:10041000850D403FBE10403FAE10403F9D10403F15
:100420008910403F7710403F6410403F310E403FFD
:100430005310403F2810403F1910403F000000F18A
:100440004B0E403F6C0E403F9C0E403F760F403FAE
:10045000CC0E403FD30E403F5F0F403FFF8FFFFF6A
:10046000A613403FDF10403FE510403F08DCFB3F54
:10047000B846403F0C11403F8D13403FEA11403FCA
:100480007D13403FF611403F6613403F5313403FFA
:100490003C13403F2813403F1013403FFB12403FA6
:1004A000E212403FCC12403FB212403F4480F43F42
:1004B00000DCFB3F501DFC3F4880F43F4C1DFC3FDF
:1004C0003C80F43F18470D400088F43FFFFFFCFFDD
:1004D00000000200FFF0FFFFFF0FFFFF0000FFFF23
:1004E00000000100000000200060F63F7F80FFFF59
:1004F0000415403FB413403F990B403FB813403FB1
:10050000EE13403FD313403F0080F43FFFFFFFFC5A
:10051000FFFFFF3F00000040FFFF0780EA14403F5D
:100520002B14403F000000100084F43FD814403FDB
:100530000114403F581DFC3FFFFFFFF7000004007F
:100540000000000400000008C614403F3914403F7A
:10055000B914403F9F14403F6114403F541DFC3F7D
:100560009214403F7014403F8214403FFFFFFFEF62
:100570004315403F1915403F1D15403FFFFFFBFF4E
:10058000031500005615403F6215403F8015403F5F
:10059000001000005C1DFC3FD0510D40AA15403FEB
:1005A000C016403FEC15403FFA15403F0516403F4E
:1005B000DE16403F051500004B16403F9816403FA1
:1005C000ECCF0540FE16403F0817403F1F85EB511A
:1005D0003C17403F7E17403F681DFC3FC017403F1F
:1005E000D017403FFB17403F02200000B618403FA5
:1005F000C018403FF718403F4019403F7A19403F2C
:10060000B919403FFFFFFF00EC19403F0000F3BF66
:10061000FFFF32000000C0C0FFFF3F00141A403F40
:100620005A1A403F891A403F00000001AE1A403F6D
:10063000E81A403FF81A403F291B403F371B403F14
:10064000A41B403F711B403F821B403F8B1B403F20
:100650006C1DFC3F701DFC3F0080000000900000FE
:10066000EBEBFFFFAA500000801EFC3F0000FFFBE9
:10067000BB1B403FC51B403FF11B403F1A1C403F86
:100680007CDA05409CDA05401CDB05401A30403F0F
:10069000221D403F5E1C403F6A1C403F101D403FF2
:1006A0007B1C403FE91C403FD21C403FBA1C403FEE
:1006B000A01C403F8D1C403FFD1C403F008C0000B3
:1006C000000000C0FFFF0C00FFFF0C40FFFF000018
:1006D0000360000018F5FB3FF8F4FB3F70E2FA3FBF
:1006E00038DEFB3FE020403F7C20403F547D00400F
:1006F000C885403F64F5FB3F40F5FB3F881EFC3F4B
:100700004721403FFC22403F7A21403F941EFC3F5E
:100710001023403F3DCFF33C1C23403F981EFC3F3D
:100720004C23403F011100000B1100000311000099
:1007300002110000101100009894403F05110000C4
:100740000D110000611886015423403FAE23403F45
:100750007D23403FFEEEFFFF19110000F87A0D40A7
:100760009C1EFC3FA01EFC3F5125403FF423403F10
:10077000C024403F34DCFB3FDF24403F3B25403F6B
:10078000B624403F3CDCFB3FA41EFC3F6025403FBD
:100790009C25403F8425403F547C0D40C01EFC3FBB
:1007A000C41EFC3F77F6FB3F71F6FB3F69F6FB3F4B
:1007B00044DCFB3FCA25403FD325403F3426403F21
:1007C00050F6FB3F4B26403F5A26403F7126403FA4
:1007D0008726403FB926403F6C7E0D40DC26403FD7
:1007E000AB27403F3C27403F409C0000F0810D403C
:1007F0006127403F9A27403F1C680040CC1EFC3FC9
:10080000D428403F6F28403FD828403FC728403F6A
:1008100028230000CD28403F367C0300088C1A06B0
:10082000C000F03F1C00F03FCC00F03FF013E500AB
:10083000B013E500FFFFFEFFACF0F43F0000200026
:10084000ACD0F63FC400F03F2000F03FD481004020
:10085000D41EFC3FB880F43FA005F03F00C00F005D
:1008600088DCFB3FD81EFC3FE4310840DC1EFC3F27
:100870007E14403F072A403FC629403F201FFC3FCF
:1008800090DCFB3FE01EFC3F641FFC3F1027000094
:10089000003F10000C201000E032084070DCFB3FED
:1008A00074DCFB3F98DCFB3F202A403F282A403F76
:1008B000701FFC3F30880D40741FFC3F302A403FC2
:1008C0004D2A403F592A403FDB2B403F5D2A403FA5
:1008D000762A403F9CDCFB3F581B00008A2A403FA1
:1008E0006C1FFC3F9E2A403FDB2A403F60DBFB3F02
:1008F00060DBFB3FA11FFC3FEA2A403F9B2B403FB0
:100900003B2B403FB0E0FA3FEE92403F452B403F4B
:10091000532B403F552B403FCCF4FB3F872B403FB0
:10092000781FFC3F8CA6403F58C6403F38C6403F2A
:10093000A01FFC3F34850040B01FFC3F0000F8BF03
:10094000FFFF0100FFFF06000000F4BFFF1F0000D3
:1009500000040840A4DCFB3FB02B403FC08D0D409D
:10096000DB2B403FB82B403FDE2B403F148E0D4029
:10097000FCFFFFBFE32B403F9B2A403F0F2D403F32
:10098000F52B403F0E2C403F1A2C403F282C403F77
:100990004C2C403F4F2C403F672C403F742C403F35
:1009A000822C403FD02D403F472A403F8D2C403F76
:1009B000DB2B403FC42C403F0E2D403F9D2C403F41
:1009C000BC2C403FC92C403FD82C403FE72C403F37
:1009D000B02B403FF830403F302E403F648E0D40FA
:1009E000492E403FD830403FB88E0D40F611403F71
:1009F000AE31403FEA11403F0C11403F9831403F3B
:100A0000FF1FFCFF0000F43F0000F53F00E0F63F51
:100A10000000F43F0000F53F0000006000000160AE
:100A200000E002600040F63F0020F43F0050F63F37
:100A3000000007C0FF1F1300000000B0C831403F96
:100A4000002005C0FF1F0500FFFFFDFFFFBFFFFFE8
:100A5000FF7FFFFF0000FF03FFFFFFFBFFFFFFC75C
:100A6000FFFFFFBFACDCFB3F512B403F0032403F5C
:100A70005932403F5332403FBC1FFC3FC01FFC3F38
:100A8000B81FFC3F6832403F7232403FE01FFC3FDE
:100A9000E81FFC3F8432403F7532403F8434403F82
:100AA0006CDDFB3FEC1FFC3FF01FFC3F1CA30D4027
:100AB000009600006009000080250000004B000047
:100AC000C01200000008070000C2010000840300FB
:100AD00000E1000000CA080000100E0020A107007D
:100AE000A025260060E3160080841E0000941100FB
:100AF000E067350000093D00C0C62D00024000003F
:100B00002833403FC933403F4D33403FBE33403F21
:100B1000B333403F5833403F9833403F7232403FF9
:100B20007533403F7833403F7B33403FD433403FC1
:100B30008D33403FA933403FE033403FFFFF3FB399
:100B400004080000682FFC3F00004000D236403F00
:100B50008137403F0237403F1337403F7237403FB5
:100B60007444403F2937403F3F37403F5E37403F66
:100B700040DEFB3F2C41403F3041403FD0C6403F2C
:100B800068C6403F1C040F402340403F1141403F96
:100B90006240403F7840403FA240403FB040403F2D
:100BA0006666000048DEFB3F000080C00100C04CCC
:100BB000704B403F524C403FC84B403FD34B403FAF
:100BC000034C403F164C403F414C403F2D4C403F72
:100BD00050DEFB3F5080F43F0802005000020050FE
:100BE0002021FC3F784C403F044D403FDA4C403FD1
:100BF000FFFFC1FF58DEFB3FE74C403F184D403F31
:100C0000583A0840FFFF3FC01821FC3FCC80F43F1A
:100C1000FFFF03000000FCFFC880F43F2D4D403F64
:100C2000D94D403FEA11403F2C21FC3F254F403F2A
:100C3000E24E403FF24E403FFFFFF3FF00000C004A
:100C400068DEFB3FF03D0840E493403F5C4F403F8F
:100C5000CC65403F3421FC3F1E1EDEF03021FC3FBE
:100C6000000000FF00120000846C403FE0BC0D401B
:100C7000AC3E0840121212128E6C403F976C403FFF
:100C8000A36D403FFC6C403FA81FFC3F3821FC3F58
:100C9000D8C30D4070F0F53F8CF0F53F90F0F53F74
:100CA00084F0F53F88F0F53F94F0F53FA4F0F53F70
:100CB000FF1F00E000000500000800C04021FC3FCD
:100CC0004421FC3FF4400840020C00007B6E403F92
:100CD0008A6E403F98F0F53F74F0F53FB46E403FA8
:100CE000DE6E403FE56D403F8424FC3F1F7E403F69
:100CF000857E403FC07D403F3024FC3F4D7E403FDD
:100D0000ACE0FA3FA8E0FA3FB8E0FA3F80E0FA3FF3
:100D100020E0FA3F18F3FB3F24E0FA3FD824FC3FE1
:100D2000B4E0FA3FD825FC3FD025FC3FC825FC3F66
:100D3000E825FC3FE025FC3F5480F43F5880F43F19
:100D4000ACF6FB3F5C05FC3FE47E403F397F403F13
:100D5000117F403F782FFC3F782FFC3FCC16FC3FA3
:100D6000CC16FC3F84A0F53F10A0F53FC10C00005D
:100D70004E0D0000A881403FC881403F9881403F10
:100D8000B881403F6881403F8881403F5881403F63
:100D90007881403F0881403F6880403FB880403FB5
:100DA0001880403F577F403FFD7F403FAC7F403F32
:100DB000BA7F403FC87F403FE27F403FFF0F0000C7
:100DC0003F0B0000C0F4FFFF800B0000F025FC3F4C
:100DD0008928010004CF0D40D881403FE681403F83
:100DE0000CD00D40A8F3FB3F00D30D4006160000C9
:100DF000041600000026FC3F4E83403F5483403FD2
:100E0000CCD30D408F83403F9384403F4E82403F80
:100E10001482403F7884403FF481403F6282403FEB
:100E2000A883403F07000080D02E004018A0F53F67
:100E30003426FC3F2C26FC3F1426FC3F0C26FC3FAE
:100E40000426FC3F2426FC3F1C26FC3FED84403F4B
:100E5000AC4C08402971403FFC84403FE384403F54
:100E60004C26FC3F0008000000008000000010003D
:100E7000000008000008030000000300D000F03F5D
:100E80005D85403FB385403F8F85403FD0F3FB3FBA
:100E90005026FC3F9D85403FD8F3FB3F7426FC3F26
:100EA0003387403F6D32403FCC85403FE4F3FB3F0A
:100EB000EE87403FEF85403FD987403FC687403FA0
:100EC0001286403FB387403FA387403F9387403F10
:100ED0008187403F6F87403F5D87403F3586403F79
:100EE0005B86403F4B87403FDE86403F1887403F50
:100EF0000787403FE586403FDCF3FB3F8026FC3F11
:100F0000FB2AFC3F9826FC3F8426FC3FFFF0F8FFBD
:100F100028F7FB3FF0F6FB3F0388403F4B88403FFC
:100F20003888403F5B05FC3F5B05FC3FDCD3084055
:100F3000DCD3084000020050000200500000F83FDF
:100F40000000F83F3C2BFC3F5DFAFB3F9CF9FB3F68
:100F500074F9FB3FCFF7FB3FA4F7FB3F6FF7FB3F75
:100F60003DF7FB3FFCF9FB3FCCF9FB3F3DF9FB3F75
:100F700006F9FB3F33FAFB3FBCF8FB3F90F8FB3F21
:100F8000B4F4FB3F282BFC3FE4E20D40D4E20D40DB
:100F90006CE50D4048E40D40FC2AFC3F6B88403F67
:100FA000D488403F9F88403F5BF8FB3F22F8FB3FDF
:100FB000F9F7FB3FB188403FC588403FA789403FD4
:100FC000BF03FC3FA901FC3F9889403F7F02FC3FE3
:100FD000802BFC3F4C2BFC3F4802FC3F1302FC3FA4
:100FE000DE01FC3F6A01FC3F3701FC3FEE88403FD9
:100FF0006689403F5303FC3F4889403F2503FC3F3F
:10100000ED02FC3FB502FC3F7F89403F7900FC3F89
:101010007F454C4634002000E089403F8D03FC3F73
:10102000F689403F51FCFB3F14FCFB3FB489403F35
:101030003700FC3FF5FFFB3FB3FFFB3F71FFFB3F7A
:1010400024FFFB3F0501FC3F5889403FE8FEFB3F82
:10105000BF00FC3FAAFEFB3FCB89403F31FEFB3F78
:10106000EBFDFB3F2A89403FC1FDFB3F82FDFB3F7B
:1010700098FBFB3F842BFC3F4A200000F388403F55
:101080001189403F3FFDFB3F1DFDFB3F0689403F6F
:10109000DCFCFB3F8EFCFB3F58FBFB3FD9FBFB3FDF
:1010A0006DFEFB3F168A403F30FBFB3FFAFAFB3FE9
:1010B000CEFAFB3F6C2BFC3F9BFAFB3F71FAFB3FE8
:1010C000242EFC3FEFBEADDEB82EFC3F90E2FB3F8E
:1010D000F01F05C0E01F0500FF1F05C0FFFFFFAFA9
:1010E000000008C0FFFF07C0FFFF7FC0FFFFF7BF82
:1010F0002E8A403FF08A403F8F8A403FFFFFFF0F1C
:1011000014F4FB3FA08A403FCF8A403FD82BFC3FDE
:101110003404FC3FFF03FC3FD103FC3FBC2EFC3FEB
:10112000088B403FC98B403F308B403F8C04FC3FD5
:101130005504FC3F458B403FAB8B403F768B403F97
:101140008E8B403F5004FC3F4B04FC3F4704FC3F68
:101150000000F0FFFFFF0FFFFFFF0F00E88B403F95
:10116000E681403FE88D403FED8D403FF98D403FA7
:10117000408E403F808E403F67E6096A85AE67BB80
:1011800072F36E3C3AF54FA57F520E518C68059B69
:10119000ABD9831F19CDE05BD89E05C107D57C363E
:1011A00017DD703039590EF7310BC0FF1115586833
:1011B000A78FF964A44FFABE008E403FC82EFC3FB3
:1011C000408F403F0E90403F848F403F84F4FB3F70
:1011D000C42EFC3F8A8F403F2390403F8CF4FB3F5E
:1011E0009E8F403FF48F403FE68F403F8C30F03F72
:1011F0009C30F03FAC30F03FBC30F03F0030F03F6F
:101200000803FF038430F03FE04A06408830F03F97
:101210000430F03FDCBF00403894403F00D5D4BCE0
:10122000BCAAB1B87494403FF42EFC3FA0F4FB3F3D
:10123000A4F4FB3FA494403FF82EFC3F102FFC3F4A
:10124000082FFC3FC4140E40C894403F80170E4046
:101250001C1B0E40041C0E40941C0E403D1D0E40F5
:10126000D01D0E40FC94403FD8220E4028230E4053
:1012700080200E40182FFC3F3095403FFFFF1F009D
:10128000A8F4FB3F347B0D40ACF4FB3F202FFC3F28
:101290001C2FFC3F242FFC3F00E0F63F3895403FD9
:1012A000642FFC3F547D0040346008406C6008406F
:1012B000A0600840D46008409864F93F7864F93F22
:1012C0005864F93F1A08000000F00000DFF7FFFF44
:1012D000FF13403F24A2403FB8A1403F4CA1403FF4
:1012E0003C95403F5C95403F3C96403F5496403F84
:1012F000F897403F0805403FFC97403F0405403FBA
:101300000098403F1198403F6C96403F0000C03F1E
:10131000000030400A000000E897403FD897403F67
:101320007E72403FA8360640A836064080D2004074
:101330002498403F4498403F2499403F3C99403F87
:10134000F897403F0805403FFC97403F0405403F69
:101350000098403F1198403F5499403FD09A403FF9
:10136000C09A403F7E72403FE09A403FE89A403F3B
:10137000E99A403FEC9A403F7E72403FED9A403FF1
:10138000049B403F0000F07F0F2700007F72403F2A
:101390000000F03F000010FE0000F83F61436F6363
:1013A000A787D23FB3C8608B288AC63FFB799F507E
:1013B0001344D33FC89D403F729B403FA09D403F98
:1013C00000001C400000C0FC0000144068370640CC
:1013D000B0F4FB3FED9A403FF89C403F729B403F8A
:1013E000398EE338000000F0689D403F00000000A7
:1013F00000005043FFFF0F80909E403FB09E403F53
:10140000909F403FA89F403F1198403F0098403F29
:10141000C09F403F3CA1403F2CA1403F24A3403F00
:1014200044A3403F24A4403F3CA4403F1198403F88
:101430000098403F54A4403FD0A5403FC0A5403F46
:101440003080F43FFFFFFF231C80F43FFF3F00FF8D
:101450003FC0FFFF7880F43F000000037C80F43F32
:10146000FFFFFFF1FFFF3FFE4400F03FFFF7FFFFEC
:101470005C00F03F9400F03FA000F03FA400F03F7C
:10148000AC00F03F7080F43F0080F43FFFDFFFFFCF
:10149000FFFFBFFFFFFFF7FFFFFFFFFEFFFFFFDFC5
:1014A0008480F43FFFFFEFFFBFAAFEFF8080F43F80
:1014B000FFDFFEFF8880F43FFFFF55F5FFEFFFFFE2
:1014C000A81EFC3F6821FC3F0CA208406421FC3FA1
:1014D000D470403FB371403F3871403F0B71403F83
:1014E0002B38403F3038403F3538403F540F0F4095
:1014F0004B38403F7F38403FBC38403F233F403F60
:101500000139403F0D39403F7E3A403FFFC0FFFF69
:10151000FFFF8FFF0000300000005000FF3FF0FF92
:10152000FFFF7F80B03A403FFF3E403F123B403FCD
:10153000C137403F1238403FE037403F30130F4043
:101540000020FC3FF81FFC3F9034403FF434403F04
:10155000EE34403FF820FC3FFC1FFC3FF41FFC3FF3
:101560007A03403F0935403F34DEFB3F364100817E
:10157000ACFA2020748208008C9821AAFA03020099
:101580004020FA1DF081A8FA980881A8FAC09911A4
:101590009A888C6203080246F9FF0000030801469E
:1015A000F7FF0000364100819EFA8208008CB88166
:1015B000A0FA0308004020FA1DF00000819BFA8881
:1015C00008C09811819AFA9A8803080346F9FF0027
:1015D0003661005002FA2199FA30A0745012FA10C4
:1015E000006B76102E03410325F8FF03010340B082
:1015F000FA25111F2190FA500AFA5012FA10004BE6
:10160000761010218DFA5012FA00014B76100D4021
:1016100020FA1DF02188FA5002FA46FCFF5002FA27
:10162000C6FAFF003641002020741C040C0320A2DF
:1016300020E5B50142C4FFAA335614FF2181FA0008
:1016400003DA5012FA10002AB17FFA40A0FA650BB3
:101650001F2D0A1DF00000003641000CAA65FCFF9A
:10166000817AFA501AFA03080500112A4021FA1D5E
:10167000F00000003641000CCAA5FAFF8173FA5051
:101680001AFA03080600112A4021FA1DF000000092
:101690003641000CEAE5F8FF816CFA501AFA0308AB
:1016A0000700112A4021FA1DF000000036410020F9
:1016B000A07425F7FF8164FA502AFA030809130879
:1016C0000A6000FA20014AB2280840A0FA65031F08
:1016D000A02A201DF00000003641000CBAE5FCFFF6
:1016E0002D0A1DF03641000CDA25FCFF2D0A1DF0F5
:1016F0003641001C0AE5F2FF8154FAB8B865001FB4
:101700002D0A1DF036610065D3013150FA280320FF
:10171000AAC022A063A7B25725D201A903A5F3FF4F
:10172000214CFAA90225FBFF3143FA501AFA500363
:10173000FA10004B7610025013FA134201034103D2
:1017400025F3FFA922E5F9FF030103501AFA10005F
:101750004B7610020010FA13420365F3FFA94225ED
:10176000F9FF030200130201A95210002A034206E6
:101770001DF000003641005002FA212EFA5012FAF4
:1017800010004B76102D212CFA5012FA00014B76E6
:1017900010212131FA812FFA5012FA03480000017A
:1017A0004B82A000B2A00100B8C3A2A00F65C40183
:1017B0001DF000000001FAC6F5FF0000364100A14F
:1017C0001DFA25FBFF1DF000364100212AFA880290
:1017D0002125FA263821F648122121FA2618182147
:1017E00024FA262812211DFA06030000211FFA26DA
:1017F0004805211EFA6658EC1DF00000364100A194
:1018000014FA9111FA030A00130900811AFA00016F
:101810004B7600130C199908811AFA0C599908E5AE
:10182000F9FF461600000000130A02230902100205
:101830004B7600040C2906F7FF230A033309032023
:10184000034B7600060C39C6F2FF0000230A05336D
:10185000090420034B7600040C4906EEFF2106FA2A
:101860005022FA20014B7600102104FA5012FA009F
:10187000014B7600040C59C6E6FF88085688F91D0E
:10188000F000000036410091FBF982A0008269005F
:1018900091FCF982690065F2FF1DF000364100E518
:1018A000B90121FAF982220080AAC082A0F9A7B862
:1018B00054A5B801A2620021E6F9A1F5F9230206B8
:1018C000030A0081F4F900024B7600079228009089
:1018D00090609908880821F1F90018CA81EFF95041
:1018E00032FA03080021E7F930014A5012FA1000D9
:1018F0004B76101321E5F95012FA00014B761007D0
:10190000034800234A001DF00001FA46FCFF0000D6
:1019100036410081CFF95013FA3308035022FA30D0
:10192000014B5004FA76001321DEF95012FA100030
:101930001A40A0FAE5E3FF1DF00000004308024052
:10194000024B76000621D7F9C6F7FF0021D7F950E0
:1019500052FA50221A20044B7600D521B8F95022B1
:10196000FA20111A10034B7600C621CCF95012FA56
:1019700010000A86EEFF000036410081C1F90C49D3
:10198000990881B4F9C80881AAF9B80881A6F9A80C
:1019900008E5F7FF1DF0000036410041ADF931B612
:1019A000F90304025023FA20000A130400219EF9CF
:1019B00031B4F900014B22220076000B22A0002254
:1019C0006300A5DFFF1DF000B2230056FB0052A00C
:1019D0000140A1FA5903A5BFFF51AFF9A905522350
:1019E0000066155465EBFF5191F9C022119196F9EB
:1019F0002A8503090313080323080110004B7610FE
:101A0000020001FA81A5F940B0FAC2280040A2FA0A
:101A1000E5EFFF2A2503020121A4F95012FA100074
:101A20001A13040210006B76009A0C222903E5A019
:101A300001219EF9A902C6E2FF662560517CF9C02A
:101A400022119181F92085800309031308032308DB
:101A50000110004B7610020001FA817EF940B0FAC5
:101A6000C2280040A2FAA5EAFF259D018190F988CD
:101A70000880AAC0818FF9A738192A2503020321FB
:101A80006FF95012FA10002A13040300014B76106C
:101A90000206CCFF0C32290346CAFF00002635029D
:101AA00046C8FF5162F9C022119167F92085800371
:101AB000090313080323080210004B7610020001EB
:101AC000FA8164F940B0FAC2280040A2FA25E4FF86
:101AD0002025800302022177F95012FA10001A1310
:101AE000040200014B76100246B6FF0C1246E9FFD5
:101AF000364100A594012170F982220080AAC03CE1
:101B000018A7B817815CF9880856F800E59201A972
:101B1000022143F92202008C52E5E5FF1DF000008E
:101B200065E7FF46FDFF00003641002155F98802B8
:101B30002165F9263821F648122161F92618182165
:101B400064F9262812215DF906030000215FF926B9
:101B50004805215EF96658EC1DF000003641002171
:101B60005FF9AD0265E9000C0CBD0CAD0225EA0081
:101B70004141F9380416330CB15AF9AD02A50901F7
:101B800065C4FFBD0AAD022509010C1C0C0BAD029A
:101B9000E5E700B154F9AD02E50701312DF9A803DD
:101BA0008155F9E00800CD0ADD0B0C1E20A220A50E
:101BB0002701614DF9AD0260B620E50501A813814A
:101BC0004DF9E00800DD0B0C1ECD0AAD02A5250184
:101BD0005147F9AD02BD052504010C2C0C0BAD02DB
:101BE000E5E200B143F9AD02E50201A8238141F924
:101BF000E00800CD0ADD0B0C1EAD02E52201BD069A
:101C0000AD02650101A833813BF9E00800CD0ADD92
:101C10000B0C1EAD02252101BD05AD02A5FF000C78
:101C20000B0C3CAD02A5DE003804B12AF98C13B1CF
:101C30002AF9AD0225FE001DF0000000A5EEFF060A
:101C4000D0FF00003641004125F9AD04E5DA000C73
:101C50000CBD0CAD04A5DB00B12AF9AD04A5FB0059
:101C60005129F90C0C38053A3CE663341B2C0C0B5B
:101C7000CD0240A420A5D9008124F9B11FF988081C
:101C8000371802B11EF940A420E5F8008120F9E0E0
:101C90003311303880B803AD04E5F700CD02663269
:101CA000C31DF000364100210DF9AD02E5D4000C52
:101CB0000CBD0CAD02A5D50031DAF8B115F932032F
:101CC00000CC13B114F9AD02E5F4000C1CAD020C0C
:101CD0000BE5D300B111F9AD02E5F30031DDF8A851
:101CE000638104F9E00800CD0ADD0B0C0EAD02A5FE
:101CF0001301B10AF9AD0225F20081D6F84108F9C5
:101D00000308005014FA10002A40A0FA81FAF8E003
:101D10000800DD0B0C0ECD0AAD02E51001B101F992
:101D2000AD0265EF000C2CAD020C0B65CE00B1FED0
:101D3000F8AD0265EE000C0A2583FF81EEF8E0089D
:101D400000CD0ADD0B0C1EAD02E50D01B1E7F8ADCB
:101D50000265EC00E584FF81E7F8E00800DD0B0C8C
:101D60001ECD0AAD02250C01B1E1F8AD02A5EA00D5
:101D70000C3CAD020C0BA5C900B1ECF8AD02A5E915
:101D800000A85381DCF8E00800CD0ADD0B0C0EAD95
:101D900002650901B1E7F8AD02E5E7001DF00000BA
:101DA00036410021CEF832A00020A220E5C4000C6C
:101DB0000CBD0CAD02A5C500B1DFF8AD02A5E50074
:101DC000419BF861DDF81B530C0BCD05AD0225C41A
:101DD00000822600B1C9F8371802B1C8F820A22045
:101DE00065E300B80420A220E5E200818FF88808AE
:101DF000379808B1D2F820A220E5E1003D0542C4A1
:101E0000106635C11DF0000036410021CBF83802C4
:101E100021B3F8AD0265BE000C0CBD0CAD0225BFB0
:101E200000C083113182F8AD028A33B803A5DE0009
:101E3000B1CAF8AD0225DE000C0B0C1CAD0225BDAD
:101E40000031C6F8B1BFF888038C18B1BEF820A2E3
:101E50002065DC00B2A0000C2CAD0265BB0088033D
:101E6000B1BAF8261802B1B9F820A220A5DA00B25A
:101E7000A0000C3CAD02A5B9003803B1B5F826238B
:101E800002B1B4F8AD0225D9001DF0003661002181
:101E9000B6F84B4188023812282289112931218F46
:101EA000F83921AD0265B5000C0CBD0CAD0225B6AC
:101EB0000031AAF8AD028803E088118A84B22800B4
:101EC00065D5000C1C0C0BAD0265B40081A8F8A808
:101ED000088188F8E00800CD0ADD0B0C1EAD02A5D4
:101EE000F4003803B19FF8262302B19EF820A22007
:101EF00065D200AD020C3C0C0B65B100B19DF8AD94
:101F00000265D1001DF000003641002174F8AD02D9
:101F1000A5AE000C0CBD0CAD0265AF00B19CF8ADD8
:101F20000265CF000C0B0C1CAD0265AE003182F8CF
:101F3000B191F888038C18B190F820A220A5CD00AB
:101F4000B2A0000C2CAD02A5AC008803B18CF82621
:101F50001802B18BF820A220E5CB00B2A0000C3C07
:101F6000AD02E5AA003803B164F8262302B163F894
:101F7000AD0210112025CA00312AF8B182F83203CF
:101F800000CC13B181F8AD02E5C8001DF0000000DF
:101F90003641002152F8AD0225A600C2A000C0BC07
:101FA0002020A220A5A600B17EF8AD02A5C6000C97
:101FB0000B0C1CAD02A5A5003160F8B175F88803C3
:101FC0008C18B174F8AD0225C5008116F8A80881F7
:101FD00049F8E00800CD0ADD0B0C1EAD02A5E400B7
:101FE000B171F8AD0225C3000C0B0C2C20A22025EA
:101FF000A2003803B169F8261302B168F8AD02A552
:10200000C100310BF8A803813BF8E00800DD0B0CA0
:102010001EA0CA2020A22025E100B134F820A22071
:1020200065BF00AD020C3C0C0B659E00B15FF8ADC6
:102030000265BE001DF000003641003128F8202066
:102040007430A320659B00C2A000BD0CAD03259C8D
:1020500000B156F8CC12B156F830A320A5BB00C28F
:10206000A0010C0BAD03A59A0081EEF7CC1281F014
:10207000F703080040A0FA811FF8E00800CD0ADD50
:102080000B0C1E30A32025DA00B136F8CC12B13487
:10209000F830A32025B800AD030C3C0C0B259700AD
:1020A000B134F8AD0325B7001DF00000368100B152
:1020B00041F8C2A014A2C10C32C10CE0221165C9C2
:1020C000B32A2328021DF00036410081DFF72612D3
:1020D0001EE622079C0203080486030026221866D7
:1020E00032F30308038600000308004020FA1DF0C5
:1020F00003080106FDFF000003080206FBFF0000C5
:102100003641005003FA81D0F726121BE622089CC4
:1021100012034804860300002622116632F2393881
:102120008600000039081DF0391806FEFF3928C660
:10213000FCFF000036410021E9F7AD02E58B000C01
:102140000CBD0CAD02A58C00B11DF8AD02A5AC0014
:102150000C1C0C0BAD02A58B00B1E7F7AD02A5ABD3
:10216000003117F8A80365F4FFBD0AAD02A5AA0067
:102170000C2C0C0BAD02A58900A803E5F4FF81DD52
:10218000F7E00800CD0ADD0B0C1E20A220A5C90037
:102190003803B1F3F7263308B108F8264302B1F14A
:1021A000F720A22025A700AD020C3C0C0B258600D1
:1021B000B105F8AD0225A6001DF000003641002152
:1021C000C7F7AD026583000C0CBD0CAD0225840081
:1021D000B1FEF7AD0225A40031FAF7A803E5ECFF44
:1021E000BD0AAD0225A3000C1C0C0BAD022582001C
:1021F00081DFF7A80881BFF7E00800CD0ADD0BE218
:10220000A00120A22025C2008803B1D5F7263808F6
:10221000B1EAF7264802B1D3F720A220A59F00AD6E
:10222000020C3C0C0BA57E00B1D2F7AD02A59E00BE
:102230001DF0000036410021A9F7AD02E57B000C3E
:102240000CBD0CAD02A57C00B1E1F7AD02A59C0070
:102250000C1CAD020C0BA57B00B1DDF7AD02A59BFC
:10226000000C2CAD020C0BA57A00B1DAF720A220ED
:10227000659A00AD020C3C0C0B657900B1D7F7AD47
:10228000026599001DF00000364100819FF7822809
:102290000026283CE638089CE82618271DF0000098
:1022A00026485FA648456658F281CCF70CC992686B
:1022B0000025F8FF06F9FF000091C8F78909E589B4
:1022C000FFC6F5FF81C6F70C299908A59DFF86F288
:1022D000FF81C2F792A0039268008153F792280011
:1022E0008196F79908A5ABFF06ECFF0081BCF79239
:1022F000A0069268008190F792A0009908A5C0FFFF
:1023000006E6FF81B6F70CA9990881ADF70C09998B
:102310000825E2FF06E1FF0036410025120121B049
:10232000F782220080AAC082A1F3A7B80EE51001AF
:10233000A90221AAF78802CC582582FF1DF00000CF
:102340006628F82596FF86FCFF0000003641002134
:1023500063F70C0D0C4CAD021C4B6570000C5B0C54
:102360009A65FB000C5B0C8AE5FA000C5B0C1AA565
:10237000FA000C5B0C0A25FA000CCAA5C9000C3B3C
:102380000CFA65F9000C0B0CFAA50601E542FFAD4D
:1023900002A566000C0CAD020C2B656700B191F72D
:1023A000AD026587000C2CAD020C1B656600B18E7A
:1023B000F7AD02658600A2A5DCA50901E579FF1D40
:1023C000F0000000366100E533FF2543FF2572FF72
:1023D00065F4FF0C020C1A42A001A502013D029D0A
:1023E0000AA03493AD029911206220A50101A064D6
:1023F000933070743D0A0C9AA500015D02CD0AA0CD
:1024000054930C8AC921E5FF008D02A0849380803B
:10241000749811B17BF789318D029084839D088275
:102420000B00B178F78099108D023084833D0882CB
:102430000B00C8218083103D02C03483A02483B1E7
:1024400072F74172F7C20B00A20400606074505032
:1024500074C03310A02210CC6916F8040C180601C1
:10246000005678FF7CF8A15DF7A80A261A0286229A
:1024700000A125F7980A9A889166F76B889098B220
:1024800080BF31B099C0F0B9119A9BF09911909822
:10249000C0811CF7990AA808A7A9019908A8082BC8
:1024A000AA97AA0492C9FE9908A579FF16030131DB
:1024B0004BF782230056B82482A00189036578FF78
:1024C0001652013146F7280356C23A21EAF6222273
:1024D000008C42253BFF6568FF8149F7B14AF7212F
:1024E0004AF74831314AF71C4A724800624B0052A1
:1024F0004200424300E5F5001DF00000663A28A1C5
:102500000EF7922A009088809143F782C803909832
:10251000B280BF31B099C0F0B9119A9B9088C08940
:102520000AE587FF06E1FF00664A28A10CF7922A18
:10253000009088809138F782C8039098B280BF31AC
:10254000B099C0F0B9119A9B9088C0890AA58BFFF9
:1025500006D6FF00666A29A1F8F6922A00908880C4
:10256000912DF782C8039098B280BF31B099C0F026
:10257000B9119A9B9088C0890AE598FF06CBFF00A5
:1025800000669A2BA10FF7922A009088809122F77B
:1025900082C8059098B280BF31909121B099C0E077
:1025A000B9119A9B9088C0890AA5B8FF06BFFF00A1
:1025B0000C9BB79A2591E0F6A809AA88A118F72BD9
:1025C00088A08810D688000B887CEAA088201B8809
:1025D0008909E59BFFC6B4FF000000665A49819750
:1025E000F65008FACC49B101F7500BFA81E0F641F8
:1025F00091F613080010000A5014FA10004B7610E0
:102600001991D6F6B1C7F69809501BFA262905414B
:10261000F8F65014FA00014B7600020001FA034864
:1026200000A586FF06A1FF00667A448184F6500863
:10263000FACC49B1EEF6500BFA817AF6417EF613E8
:10264000080010000A5014FA10004B761019B1E877
:10265000F6501BFA00014B76100D0348000C1AA52A
:102660009DFF8691FF0000000001FAC6FAFF0000FE
:10267000668A3E4172F65004FACC4981DCF6500875
:10268000FA816BF6B16CF613080010000A501BFAC1
:1026900010004B76101541D7F65014FA00014B7616
:1026A00010090348000C0A06EDFF00000001FAC6FD
:1026B000FBFF0CB8871A02467CFF8160F65008FACF
:1026C000CC49B1CAF6500BFA81A9F6415AF6130863
:1026D0000010000A5014FA10004B76101991B8F649
:1026E000B1C6F69809501BFA26490541C4F65014A4
:1026F000FA00014B7600020001FA034800E5ABFF47
:10270000066AFF0066180825B8FF866CFF00000007
:1027100066381C8189F698088144F69908818FF6FD
:102720000C0999080C48826300E56DFF0664FF0000
:102730006648378181F698088189F6C09911A80802
:10274000813BF69A88DC3A0308018188F603480049
:102750000C588263006573FF0659FF00661A050373
:10276000080206F9FF03080386F7FF6658318172F5
:10277000F69808817AF6C09911A808817CF60308BA
:1027800000812AF69A88CC6A03480146E5FF0000DA
:10279000661A0503480286E2FF03480306E1FF00CC
:1027A0006668499165F6822900563801919DF6A226
:1027B000A0018249000C788903E587FF0640FF00ED
:1027C0006618108197F60C099248000C8889030C52
:1027D0000A06F9FF8113F60C1AA248000C088909B1
:1027E0000C988903A57AFF4635FF0000000C9997E5
:1027F0009825818BF60C19924800814FF60C79A828
:10280000080C88A08983A2C8F989030C180C03A0BE
:102810003883AD0346E8FF006698198169F6A2285F
:1028200000658AFF8152F6A268000CB88903E5981A
:10283000FFC622FF0092A00B979818814CF6B22891
:1028400000815FF6A808A58BFF0CA88903658EFFA1
:10285000061BFF0082C8F9B628028618FF8170F6B1
:10286000A2A00692080082A009908A838263005683
:1028700019F76569FFC611FF6612060C022903C627
:1028800014FF66420A0C3229036551FF4612FF000D
:1028900066520C0C4229032557FFC60EFF000000AC
:1028A00082C2F9F62822215EF692A0068202002258
:1028B000A0098029832263008C48656DFF0606FF0E
:1028C0006564FF8604FF00000082A00B87920C2243
:1028D000A00A226300E585FF46FFFE000C98879260
:1028E0001081CFF50C02224800814DF622480006E7
:1028F000E2FF0C122903E534FF06F7FE3661008281
:10290000A007A1F6F5826100F2A0060C5E0C4D0C4A
:102910002C0C3BA529001DF0364100AD0265890E47
:102920001DF00000364100A2020AB2A00065AC0012
:10293000A2A001E5B200A2020A0C1BA5AB000C1A72
:10294000E5B100A2020A0C0BA5AA00A2A06425B161
:10295000001DF0003641003030740C0440828000CD
:10296000044030B0B1A2080BB0B00442C40165A865
:10297000006644E7AD02E5FAFF1DF0003641003085
:1029800030740C0440828000044030B0B1A2080BC7
:10299000B0B00442C401E5A5006684E7AD0265F865
:1029A000FF1DF000364100A2020840B07465A4008B
:1029B000A2020982A0FF303074871A040C0B65A3B1
:1029C0000082021347680DBD0320A220E5FAFF90A4
:1029D000000000000030B441AD02A5F7FFBD03AD1B
:1029E0000225F7FFC6F9FF00364100C2A00030B053
:1029F0007420A220E5FAFF9000000000364100207C
:102A0000A220B2A00125FEFFA2A7D065A5001DF05F
:102A10003641000C3840407480446382021720A283
:102A2000203030748734040B48404074404A80B2F0
:102A30000418B03380B2AF80B0B320B0B074A5FA40
:102A4000FF9000003641009202140C488089200C4F
:102A5000CBAD02824214B0B920E5F8FF1DF00000B2
:102A6000364100404074303074505074B6240A82AD
:102A700002130C8990882082421361EAF532421ACF
:102A800032C34042421762520C32421B8CD566144C
:102A90000B32021342A004403320324213A2020838
:102AA000B2A003658700A2020932A0FF371A05B25F
:102AB000A003658600A2020AB2A003E585002032C9
:102AC000201C048202130C8A4088100C49809A93BF
:102AD0008D092093C087A90CA2030B0C3BA5830092
:102AE0001B3346F7FFA1D0F532A0FF659700A20285
:102AF00008B2A000E58F00A2020AB2A000658F0014
:102B0000A20209371A05B2A000A58E00B20213472F
:102B1000EB5B0C3BAD02E5E3FF31C4F5AD0325945F
:102B2000000C3BAD02E5E2FFAD036593000C3BAD4D
:102B30000225E2FFA2A096A592000C2BAD0265E152
:102B4000FFB202132C0330BB20B0B074AD02A5E974
:102B5000FF0C43324214AD02A5EEFFAD02E5E9FFE2
:102B60000C233242150C6BAD02E5E7FF1DF032A0DD
:102B70002030BB20B0B07420A220E5E6FFA1ABF569
:102B8000E58D00B2021320A22030BB20B0B074A5A6
:102B9000E5FFA2A096A58C00B20213AD0230BB20C7
:102BA000B0B07465E4FFC6E5FF0000003641009157
:102BB000A0F58201200C0D99027CF9AD02D91232E8
:102BC000420892420942420A52420B62420C72424D
:102BD0000D82420ED2420FD9420C1C1C0B25E8FF7D
:102BE0001DF0000036410020A220C2A00130B074C8
:102BF00025DBFF22A0011DF036410030A320160383
:102C0000016570B3822200CD0A8838BD03AD02E0B1
:102C100008002D0A1DF0000036410030B32020A22C
:102C20002065FDFFA02A201DF000000036A1005104
:102C300081F5404074C020008805AD02C0200089A5
:102C4000B182A00082412BF6240242A00AB2C12B1D
:102C50000C9E40C3E2C0907482C93740D3C28080CA
:102C600074C73E0582C930808074B2CBFF824B00AE
:102C700047B31565F8FFC0200042210BC020003883
:102C8000052D0A37140725ADAF3D0DC6F0FF1DF029
:102C900036410066941FD6C301B2A02D20A220A504
:102CA000361DA05A2030306040C074BD03AD02E52F
:102CB000F7FFAA251DF00C0506FBFF00366100BDDD
:102CC00005CD04DD05AD048169F5E00800606074A0
:102CD000B15BF5568A04315AF5C15AF5303510D139
:102CE0005AF540A42030B3208161F5E00800DC5A99
:102CF000C155F5D155F5BD0340A420815DF5E0082F
:102D000000B152F5E61A17C152F5D152F540A42090
:102D100050B5208158F5E00800A61A10B14FF5AD66
:102D20000265EDFF3D0A2D031DF0000000C148F5CE
:102D3000D14BF5AD04BD058150F5E0080096BAFD14
:102D4000C1BDF4D1BCF4AD04BD05814BF5E0080074
:102D50000C03D6EA002CDBAD02E52A1D7141F53DDE
:102D60000A705530A1B4F4B134F50C07771614C1CC
:102D7000B1F4D13CF51B778141F5E0080070707427
:102D800006FAFF0040C42050D520813DF5E0080040
:102D90005D0B4D0A813CF5E008007D0A813BF5E0C2
:102DA0000800CD0ADD0BAD04BD058138F5E0080053
:102DB0004D0A5D0B0CACBD07AD0225E7FFAA338CB5
:102DC00096B129F520A22025E3FFAA3382A0FF6255
:102DD000C6FF60607487960286D2FFD122F5C19546
:102DE000F440A42050B52089318129F5E008005D28
:102DF0000B4D0A8128F5E008000CACBD0A7D0AAD38
:102E000002E5E8FFAA33AD078124F5E00800CD0A0A
:102E1000DD0BAD04BD05811DF5E008004D0A5D0B1D
:102E2000883146EAFF00000036410060E07440C48B
:102E30002050D52020A22065E8FF2D0A1DF00000BB
:102E40003641008116F59208009B99908074911488
:102E5000F592090087190E87B90D9088C0000840C7
:102E60002080B18020F41DF08089C000184000222D
:102E7000A12020F486FBFF0036410020A074561AE2
:102E8000000C1A8108F5A2480065A8011DF0000099
:102E900036410020A07422A00C20AA6322A00920A1
:102EA000AA7381FEF4A2CAF7A0A074A24800E5D9D3
:102EB0000190000036410081FCF492080056B902EE
:102EC00092A00192480081F7F4A20800A5FAFF81C0
:102ED000F3F4A208009BAAA0A07465FBFF91F3F491
:102EE0000C4A82A028768803A9094B991DF000009E
:102EF00036410020207420A220A53D00A0807477D8
:102F0000EA31F6432E00A82382A00930B320A7A8F7
:102F100026A2CAF6E5F301E5F9FF81E4F4E0221107
:102F20002A98980966490891E2F492090037190332
:102F30002A2839021DF00000E5C10106F6FF000055
:102F4000364100202074AD02A53800776A35E520AF
:102F5000B14D0AA1D8F45D0BA50E1DC1D8F4D13531
:102F6000F43D0ABD05AD0481DBF4E00800BD0AE1D3
:102F7000D2F4A1D3F4FD02D2A07030C32065F809C9
:102F80000C021DF0E5F2FFAD02A5310000AA239668
:102F9000EA05B1CCF40C19C02000C80B001A40009F
:102FA000D9A1C70D23AB8AA2CA140018400089A179
:102FB000001A4000A9A1A08820D088207CF980892F
:102FC00030C08810C02000890BB2A0C0AD02A5346B
:102FD0000081B6F4E092119A88B808664B0581B476
:102FE000F4B20800AD02A5F0FF0C12C6E4FF000029
:102FF000001C9891B5F48712071CA88792CA91B457
:10300000F4C020008809A1B1F4A08810C020008974
:103010000906EDFF36410020A0740B8A8080740CF5
:10302000F9873908819FF4A2480065E6FF1DF0008A
:1030300036A100202074AD02A529000C04A0307434
:1030400049B1004323D694032511B1A04A20A19988
:10305000F4B05B20E5FE1CC199F4D1F6F33D0ABD46
:1030600005AD04819CF4E00800BD0AE19BF4A19445
:10307000F4FD02D2A09E30C320A5E809A211168655
:103080000A0020A22052A00965EBFF472502C63C9A
:1030900000A2C3F63182F4C2C12CB20300A0A07416
:1030A000E5E5013D0ACC8AA2111665D9FF2D0A1D5E
:1030B000F082A1035180F44188F4879A42E509B176
:1030C0008D0AAD058971B26106A5F71C5D0AAD03D5
:1030D00065BE0888719861C179F4D1D6F33D0ABD07
:1030E00009AD08817CF4E00800BD0AA17CF4390137
:1030F000FD02ED04D2A0A8CD05A5E00906DFFF0082
:1031000082A107879A3E6505B1A08A20AD05897125
:10311000B96125F31C5D0AAD03E5B90888719861B2
:10312000C167F4D1C4F33D0ABD09AD08816AF4E07A
:103130000800BD0A3901FD02ED04D2A0AACD05A107
:1031400068F4C6ECFF6501B1A08A20AD058971B2B3
:10315000610625EF1C5D0AAD03E5B508887198612D
:10316000C157F4D1B4F33D0ABD09AD08815AF4E06A
:103170000800BD0A3901FD02ED04D2A0ACCD05A1C5
:1031800059F4C6DCFFAD0425C001A0A0F406C7FFBA
:1031900036A100202074AD02A51300006A23D66674
:1031A00003A5FBB0A04A20A143F45D0B65E91CC157
:1031B00043F4D1A0F33D0ABD05AD048146F4E00817
:1031C00000BD0AE149F4A13EF4FD02D2A0BE30C325
:1031D0002025D3090C021DF03145F45130F442137F
:1031E000007133F456D401A2A001A53A09565A0041
:1031F00042A44C425300A2A000A5390956DA054268
:10320000A44C42530082A0090C1467A8010C24AD01
:1032100002E5E1FF8126F4E022112A2828026D0A46
:103220007207002642022070742C4C0C0BCBA16557
:10323000C8B2D21300C20500CBE1BD07AD04E5382A
:1032400009212CF43202008C330C03324200B2C14B
:103250000C60A620E55109A02A2006DEFF421300DB
:103260005614FA42A44C4253004121F4B204001611
:103270002BF90C2AE5DD0156AAF8A2040025DBFF94
:10328000C20500B20700A25300CBE1D2A44CA2A019
:1032900001A53309A21300CBB1A54D09A2530086A5
:1032A000D8FF000036410020A0742C7822A0FFA790
:1032B00038119111F40C020CA8768810B809A79B5C
:1032C000042020741DF01B222020744B9922A0FFA3
:1032D00006FCFF0036410020B0742C7822A0FFB716
:1032E000382C9106F40C08AD090CA276820BC80AA2
:1032F000B71C1D1B888080744BAAA2A00A768A0B7B
:1033000028A9271B0B1B888080744B9922A0FF1DC6
:10331000F0802074C6FDFF00368100202074A1F8E3
:10332000F3B1F8F320C22081FEF3E008000C043072
:10333000307447DA3265E2B0A04A20A1F3F35D0BA6
:1033400025D01CC1DEF3D13BF32D0ABD05AD0481B0
:10335000E1F3E00800BD0AE1EDF3A1EDF3D2A066D0
:10336000CD0225BA091DF000A1EBF3B132F3CD0275
:1033700081EDF3E0080022C22081E7F3E02211A9E9
:1033800021B9314941495149612A28C020002822E8
:1033900020272429711CF237321530201447E349C5
:1033A00029412763030C1229513763030C12296149
:1033B000A2C10865E20016BAFA25DAB0A04A20A137
:1033C000D2F3B05B20E5C71CC1BDF3D11AF32D0ABF
:1033D000BD05AD0481C0F3E00800BD0AE1CCF3D225
:1033E000A082CD02A1CEF3C6DDFF0C4440222046D0
:1033F000EBFF000036410030B07420A07465CB00B4
:103400001DF0000036410020A074E5D8002D0A1DF3
:10341000F000000036610082210C70F72020A2200D
:10342000BD03CD04DD05ED06F6280889016543B529
:103430002D0A1DF08183F306FCFF0000364100E5F4
:10344000D1B0C19EF3D1FBF281A3F3E008002D0AB5
:103450001DF00000364100AD02E5EBB51DF00000A7
:10346000364100A5CFB0AC32AA32CD0A9D0B0C1864
:1034700027330282A000BA28973218279902C7334F
:1034800012A5CDB0273B1EB79202373A181DF000A7
:1034900000003DF065CCB0B732F7279BE3A733F1CE
:1034A00046F7FF0000003DF046F5FF00366100657D
:1034B000B81CDC7AA5D101CBB165F40156DA00283D
:1034C0003166120865B61C162A06E5F101A2A0F0C5
:1034D000652100A198F30C1B25021E25F0028196A0
:1034E000F32D0A8A8A0C030C1A803A83308074CC3C
:1034F000889192F39A92908A839CB80C0C0C2B0CB6
:103500001AE5A602165A0CC84A0C0BA5B4022D0ADD
:10351000561A05A5EC022D0A56920725B21CCC3A84
:103520000C3AA5F308E5AF1C25AF1C1DF0E5C2B0B1
:103530004D0AA17DF35D0BE5B01CC160F3D1BDF276
:103540002D0ABD05AD048163F3E00800BD0AE177F3
:10355000F3A177F3D2A0E9CD02A59A0965E9018626
:10356000DAFF00000065BFB0A04A20A16FF35D0B39
:1035700025AD1CC152F3D1AFF23D0ABD05AD0481AA
:1035800055F3E00800BD0AE169F3A16DF3D2A10192
:10359000CD0325970965BCB0A04A20A163F35D0B5C
:1035A00025AA1CC146F3D1A3F23D0ABD05AD048195
:1035B00049F3E00800BD0AE15DF3A163F3FD02D227
:1035C000A10830C320E59309C6D3FF0000E5B8B0D9
:1035D000A04A20A155F35D0BA5A61CC138F3D195D7
:1035E000F23D0ABD05AD04813BF3E00800BD0AE1F0
:1035F0004FF3A154F3D2A104CD03A59009C6C5FF92
:1036000036410010112065D4FE2150F382020016CD
:10361000280065B804E5DAFE814EF316A8FE814C59
:10362000F3E0080046F8FF00364100214AF31DF0A0
:103630003661008146F392A000924800E5E6FFA5BE
:10364000FEFF0C1ECD0AF144F3B144F3A145F3E9AA
:10365000010C0D25DCFF1DF03641002142F3C02096
:103660000082020080807456B80182A001A2A001ED
:10367000C020008242006588B4813BF3A908CC4A8F
:10368000C02000A242001DF0364100E5FCFF61367B
:10369000F37CFBA8062597B45135F358059C555685
:1036A00052027835A825DD04CD0320B220E00700C2
:1036B00052250156B5FED2A000A22600D0CD20BDD5
:1036C0000DA562B41DF05D0228155682FF72A0019F
:1036D0002835A825DD04CD03BD07E00200580556B6
:1036E000D5FE06F4FF00000036C100A542B33D023E
:1036F0007D0A167A0A2C72A7324EA73302062700DB
:10370000A02141379202C6240025A5B08D0AA11937
:10371000F38971B26106E5921C88719861C1E7F284
:10372000D145F24D0ABD09AD0881EAF2E00800BDBD
:103730000AE111F3A112F329117901FD03D2A0AB23
:10374000CD04257C090C021DF0A7B350A021413700
:10375000124AA0424137144425A0B0A08A20A105F6
:10376000F38971B26106E58D1C88719861C1D3F24D
:10377000D131F25D0ABD0980A82081D6F2E00800AF
:10378000BD0AE1FDF2A1FEF2492129117901FD03F3
:10379000D2A0AFCD05E5760946EAFF000037370233
:1037A000462C0042AF104A430C022794020629001F
:1037B00042AF604A4327940206390042C3B02794BF
:1037C00002C636002C7870514161EAF241EBF27783
:1037D000B841A598B08D0AAD068971B261066586BB
:1037E0001C88719861C1B5F2D113F26D0ABD09ADA3
:1037F0000881B8F2E00800708241BD0AA1E1F289B7
:103800002159117901FD03ED04D2A0B6CD06656FF3
:103810000986CCFF6594B0A08A20AD068971B96194
:1038200025821C88719861C1A5F2D102F26D0ABD92
:1038300009AD0881A8F2E00800BD0AA1D0F2591133
:103840007901FD0340E420D2A0B860C620656B0971
:10385000C6BCFF000022A0F027934421CAF2C0207A
:10386000004802D76439C020002802C76231E58EC3
:10387000B04D0AA1C0F25D0BA57C1CC190F2D1ED48
:10388000F12D0ABD05AD048193F2E00800BD0AE107
:10389000BAF2A1BDF2D2A0C2CD02A5660932A0A0A3
:1038A000A2C130101120252FB328F13792060C1237
:1038B000C6A4FF0000B2C12030A3202528B32D0AE2
:1038C00056DA03A589B08D0AA1ABF2826107B9610E
:1038D00025771C88719861C179F2D1D6F14D0ABD66
:1038E00009AD08817CF2E00800BD0AE1A3F2A1A7BE
:1038F000F2FD03D2A0CF40C420A56009C691FF000D
:103900000038F14CF5419AF237350C31A1F248D12B
:1039100030448238E13044C258B14CF63195F25708
:10392000360D519BF2389150338252210A5033C2E6
:10393000618FF258068C75CD03BD040C0AA5D4FF27
:10394000A2C1206549B3471310AD03E52DB3A19182
:10395000F2A0A3A2A0A2D5E591B078B14CF85D0386
:1039600077B805518BF2505782718CF27055A27165
:103970008AF2505641590758061615F3CD03BD0477
:103980000C1A65D0FF866FFF3641002C790C082792
:1039900029118183F2E022112A287CF8280220884C
:1039A00030808F052D081DF0366100A155F220C230
:1039B00020B154F2815BF2E0080007EA27E566B81F
:1039C000217CF2A0DA200C1AB178F2ED0B29112239
:1039D000A0B8F174F2C175F22901C0200065600938
:1039E00022A1021DF08173F22A888208002172F25E
:1039F0002A8822ADFFC0200098082099100C02C030
:103A000020009908C0200006F6FF0000368100A1C2
:103A10003CF220C220B13BF28142F2E0080007EA0A
:103A200027A560B82163F2A0DA200C1AB15FF2ED8D
:103A30000B291122A0C6F161F2C15CF22901C0205C
:103A400000255A0922A1021DF0815DF28808A8080C
:103A50001CF82728320C180012400088A1C0200052
:103A600089AA8158F28A22E022118157F28082804D
:103A70009157F2873949B2A153D155F2C156F2A1FB
:103A800056F2C02000A567B8C0200088DA0C1900E3
:103A900012400099A1B2AF00909074C020008971CB
:103AA000C020008871B08810908820C020008971E3
:103AB000C020008871C0200089DAC0200046E8FFDD
:103AC00082A100C0200089020C02C0200086DDFF18
:103AD000366100A10BF220C220B10AF28111F2E09E
:103AE000080007EA276554B82132F2A0DA200C1A40
:103AF000B12EF2ED0B291122A0DCF138F2C12BF22C
:103B00002901C02000E54D0922A1021DF0812CF2FF
:103B100022C220E022110C49880888082A28C020E7
:103B2000008822908820C0200089220C02C020003A
:103B3000C6F5FF00366100A1F2F120C220B1F1F11B
:103B400081F8F1E0080007EA27254EB82119F2A014
:103B5000DA200C1AB115F2ED0B291122A0D5F120B3
:103B6000F2C112F22901C02000A5470922A1021DBD
:103B7000F08113F222C220E022117CB98808880863
:103B80002A28C020008822908810C0200089220C9A
:103B900002C02000C6F5FF00366100A1D9F120C2A5
:103BA00020B1D8F181DFF1E0080007EA27E547B846
:103BB0002100F2A0DA200C1AB1FCF1ED0B29112240
:103BC000A0BFF108F2C1F9F12901C0200065410947
:103BD00022A1021DF08104F2E0221120288022227D
:103BE0000081F9F180828091F9F187390EB2A13F0D
:103BF000D1FFF1C1FFF1A1F8F16550B8C0200088F4
:103C00000292A200908820C0200089020C02C020ED
:103C10000086EFFF366100A1BAF120C220B1B9F1F0
:103C200081C0F1E0080007EA272540B821E1F1A0B2
:103C3000DA200C1AB1DDF1ED0B291122A09FF1ED74
:103C4000F1C1DAF12901C02000A5390922A1021D24
:103C5000F0BD0221DBF1CD03A80222A000256405FE
:103C6000C6FAFF00368100A1A6F120C220B1E2F120
:103C700081ACF1E0080007EA27253BB821E1F1A07B
:103C8000DA200C1AB1C9F1ED0B291122A0CDF1DB1C
:103C9000F1C1C6F12901C02000A5340922A1021DED
:103CA000F081C7F18808A8081CF82728230C180001
:103CB00012400088A1C02000899A0C0DAD02CD0DE4
:103CC000B2A100C0200081CFF1E008000C0246F351
:103CD000FFC0200088CA0C190012400099A1B2AFA1
:103CE00000909074C020008971C020008871B08855
:103CF00010908820C020008971C020008871C020E9
:103D00000089CAC0200006ECFF000000366100A157
:103D10007CF120C220B17BF18182F1E0080007EA4A
:103D200028A530B821A3F1A0DA200C1AB19FF1ED3B
:103D30000B29114C82F1B4F1C19DF1226100C02028
:103D400000252A0922A1021DF000AD02A5C3FF3DF6
:103D50000A56CA0441AEF17CFBAD042524B6E0222C
:103D60001181A1F12A2828028198F18A829197F184
:103D700087390D3C2BD1A6F1C1A7F1A197F12538C8
:103D8000B8C0200082220092A10090882040A42088
:103D9000C02000826200C020002535B60C0246E932
:103DA000FFAD02E5720086FCFF000000366100A155
:103DB00054F120C220B153F1815AF1E0080007EA22
:103DC00027A526B8217BF1A0DA200C1AB177F1EDF6
:103DD0000B29115CB2F190F1C175F1226100C02094
:103DE0000025200922A1021DF020A220A5B9FF3D37
:103DF0000AFC4A4186F1B2AFFF40A420E519B69211
:103E0000AEFF816CF1AD042A28220200816BF18A99
:103E100022C020008802908810C020008902C020A3
:103E200000A52CB60C0246EFFFAD0265730086FCC0
:103E3000FF000000366100A132F120C220B131F153
:103E40008138F1E0080007EA28251EB82159F1A0C1
:103E5000DA200C1AB155F1ED0B291122A06EF16F89
:103E6000F1C152F12901C02000A5170922A1021DAC
:103E7000F000AD0225B1FF3D0A56CA044164F17C51
:103E8000FBAD04A511B6E022118157F12A282802C2
:103E9000814EF18A82914DF187390D5C5BD15CF1E5
:103EA000C160F1A14DF1A525B8C020008222009289
:103EB000A08090882040A420C02000826200C02002
:103EC00000A522B60C0246E9FFAD02A5720086FCF1
:103ED000FF000000366100A10AF120C220B109F103
:103EE0008110F1E0080007EA272514B82131F1A07C
:103EF000DA200C1AB12DF1ED0B291122A081F14924
:103F0000F1C12AF12901C02000A50D0922A1021D3D
:103F1000F020A22025A7FF3D0AFC4A413CF1B2AFA8
:103F2000FF40A4206507B692AF7F8122F1AD042A3D
:103F3000282202008121F18A22C020008802908874
:103F400010C020008902C02000251AB60C0246EFDE
:103F5000FFAD0225730086FCFF000000366100A162
:103F6000E8F020C220B1E7F081EEF0E0080007EAB7
:103F700027A50BB8210FF1B10CF122610122A09409
:103F8000DD0AED0B0C1AF128F1C108F12901C0205E
:103F90000025050922A1021DF0B66313E508B8212A
:103FA00023F1B101F1291122A095C02000C6F3FF31
:103FB0004117F1B2AFFF40A42025FEB522C22081F7
:103FC00000F1E0221192AC7F303024903311880848
:103FD000AD0488082A28C020008822908810303834
:103FE00020C020003922C020002510B60C0246E96E
:103FF000FF000000366100A1C2F020C220B1C1F074
:1040000081C8F0E0080007EA2A2502B821E9F0A0FB
:10401000DA200C1AB1E5F0ED0B291122A0A6F1046B
:10402000F1C1E2F02901C02000A5FB08A2A1022DE8
:104030000A1DF00041F6F0B2AFFF40A420E5F5B54F
:1040400031E0F082230366380780EB03808D04891A
:1040500033AD04C020006509B6AD02B83365BBFFBF
:10406000C6F2FF00366100A1A6F020C220B1A5F083
:1040700081ACF0E0080007EA2725FBB721CDF0A0CE
:10408000DA200C1AB1C9F0ED0B291122A0B1F1E927
:10409000F0C1C6F02901C02000A5F40822A1021D2C
:1040A000F020B22021C7F0A2220022A000E52605C0
:1040B000C6FAFF00368100A192F020C220B1CEF0F6
:1040C0008198F0E0080007EA2725F6B721CDF0A097
:1040D000DA200C1AB1B5F0ED0B291122A0E3F1D6CC
:1040E000F0C1B2F02901C02000A5EF0822A1021DF5
:1040F000F081B3F01CFA880898080C1816C304273E
:104100002A120012400088A1C0200089290C02C098
:10411000200046F6FFC0200038590012400088A158
:10412000808074C02000396132AF00C02000286157
:10413000302210808220C020008961C020002861C8
:10414000C020002959C0200046F0FF00272A100097
:1041500012400088A1C020008939C0200006EBFF72
:10416000C02000A8690012400088A1808074C0208F
:1041700000A971A2AF00C020002871A02210808287
:1041800020C020008971C020002871C0200029694A
:104190002D03C0200086D5FF3661008189F01CF90F
:1041A00088088808272910C0200098F8000240904D
:1041B00020912020041DF000C02000822810C02083
:1041C000008931C020008831808074000240802046
:1041D000B1C0200086F6FF00364100580248124068
:1041E00035208CF392AF008195F0409910808510B6
:1041F0009098209C7965E3B7B16CF0A0DA20B0EB21
:1042000020C18FF00C1AE5DD0822A1021DF0322238
:104210000262A00230361016B3017CC34033103066
:1042200088203D098CE865E0B7B15FF0DD0AED0B51
:10423000C185F046F3FF30C32050A52040B4208153
:1042400038F0E0080007EA028632008167F0E06398
:10425000118A666806CCD6B2A14CD17BF0C17BF046
:10426000A17CF0E5E9B7AD03E571FF8C3AAD03E55C
:1042700017008822AD03076856E591FFAD03882239
:10428000276855E584FFAD038822176852659DFFB6
:10429000AD03883216180565A7FFAD03884216E8FE
:1042A0000425B9FFAD03B85225CBFFAD03885216E4
:1042B000680425D4FF8144F08A869144F087393F11
:1042C000B2A27DD164F0C164F0A143F0C6E4FF0066
:1042D000656DFF46E9FF000000A585FF86E9FF0048
:1042E000A572FF46EAFF00000025ACFF86EAFF004A
:1042F00025BEFF46EBFF000000A5D6FF46EDFF0000
:10430000C0200088069155F09088109112F0908896
:1043100020C0200089061B332C8667130246C5FF88
:104320000C02C02000C6B8FF3641002C790C0827CB
:104330002911811BF0E022112A287CF8280220880C
:1043400030808F052D081DF036610020A220A5FDCC
:10435000FF560A0265CDB7B143F01CE2DD0AED0B52
:104360000C1AF13FF0C140F02901C0200065C708D8
:1043700022A1021DF0313DF07CFBAD03E5C1B5E0AB
:1043800022118107F02A288802D0A81180AAC0D063
:104390008A11A137F08AAA880A210BF02A28910BEA
:1043A000F027390EB2A036D133F0C133F0A133F08B
:1043B000E5D4B7C020002808981A9022200C39C0F4
:1043C00020002908282AAD030012400029A17CF909
:1043D000209930C02000B8080C02B09910C020000D
:1043E0009908C0200065D0B5C6E1FF003661002005
:1043F000A22065F3FF560A0225C3B7B11AF02C823A
:10440000DD0AED0B0C1AF11EF0C117F02901C020D6
:104410000025BD0822A1021DF03114F0B2AFFF301B
:10442000A320A5B7B5E0221181DEEF202880280265
:10443000D082112088C0D08811910DF08A89280877
:1044400091E2EF9A92A1E1EF973A0D3CABD10DF0DA
:10445000C10AF0A10AF0A5CAB7A8187CF8A0883054
:10446000AD03C020009802908810C020008902C0CF
:104470002000A5C7B50C0206E7FF0000366100204A
:10448000A22065EAFF560A0225BAB7B1F6EF5C92A0
:10449000DD0AED0B0C1AF1FCEFC1F3EF2901C0208E
:1044A0000025B40822A1021DF041F0EFB2AFFF4099
:1044B000A420A5AEB5E0221181BAEF30B3202A289E
:1044C000A8020C0265C704AD0425C2B5C6F5FF00FD
:1044D00036610020A22025E5FF563A02E5B4B7B1C7
:1044E000E1EF22A06DDD0AED0B0C1AF1E8EFC1DE61
:1044F000EF2901C02000E5AE0822A1021DF0000056
:1045000031DBEFB2AFFFAD0325A9B5E0221181A4E5
:10451000EF2A282802D082112088C0D0881191D497
:10452000EF8A899848AC79280881A7EF8A82A1A7E9
:10453000EF873A0EB2A0ABD1CFEFC1D5EFA1CFEF4D
:10454000E5BBB7C020008802809920C020009902F6
:10455000AD03C0200065B9B50C0286E7FF0000007E
:1045600036610020A22025DCFF563A02E5ABB7B148
:10457000BDEF22A077DD0AED0B0C1AF1C6EFC1BA30
:10458000EF2901C02000E5A50822A1021DF00000CE
:1045900031B7EFB2AFFFAD0325A0B5E022118180A6
:1045A000EF2A282802D082112088C0D0881191B02B
:1045B000EF8A89A848ACCA28089183EF9A92818330
:1045C000EF97380EB2A0B7D1AFEFC1B3EFA1ABEF09
:1045D000E5B2B7C0200098027CF8A088309088101F
:1045E000C020008902AD03C0200025B0B50C0246F2
:1045F000E6FF000036610020A220E5D2FF563A0215
:10460000A5A2B7B198EF22A081DD0AED0B0C1AF13B
:10461000A3EFC195EF2901C02000A59C0822A102AB
:104620001DF000003192EFB2AFFFAD03E596B5E0AB
:104630002211815BEF2A282802D082112088C0D065
:104640008811918BEF8A899858AC792808815EEFA0
:104650008A82A15EEF873A0EB2A0C3D186EFC190E5
:10466000EFA186EFA5A9B7C020008802809920C0DD
:1046700020009902AD03C0200025A7B50C0286E7F3
:10468000FF00000036610020A220E5C9FF563A0273
:10469000A599B7B174EF22A08BDD0AED0B0C1AF1CE
:1046A00081EFC171EF2901C02000A5930822A1026A
:1046B0001DF00000316EEFB2AFFFAD03E58DB5E048
:1046C00022118137EF2A282802D082112088C0D0F9
:1046D00088119167EF8A89A858ACCA2808913AEFE7
:1046E0009A92813AEF97380EB2A0CFD166EFC16EA1
:1046F000EFA162EFA5A0B7C0200098027CF8A088C7
:1047000030908810C020008902AD03C02000E59DD4
:10471000B50C0246E6FF00003641003165EF7CFB38
:10472000AD037CF52162EFC02000422200E586B592
:104730002161EF2802DC02AD03259BB5215FEFC0AC
:1047400020004902C020001DF0822200870414309E
:10475000A320A599B5A822822201E00800BD05ADDD
:1047600003A583B52832C6F2FF0000003641006180
:1047700050EFB2AFFF60A6202582B57D02E14FEF7A
:104780000C02580E2795227CF8DD02514DEFBD0238
:104790002CEAC0200029055148EFC14AEFC0200093
:1047A0008905C020002527072D0AAD06E593B5EC45
:1047B00092A2A01065A5B75D0AAC3A392A7CFB79B4
:1047C0001A490AAD06C02000257DB5AD068139EF36
:1047D000380839355908C020002591B51DF0000072
:1047E00022A10146FDFF00003661008137EF0C1B5E
:1047F000C020009838A135EFA09910A135EFA099FD
:1048000020A2AF0FC020009938C020009848A0997E
:1048100010C020009948C020009848A12EEFA09910
:1048200010C020009948C020009848A12BEFA09903
:1048300010C020009948C020009828C0200099117D
:10484000C02000A811C125EFC0AA10B0AA20C02026
:1048500000A911C020009811C020009928C0200094
:104860009828C020009921C02000A821A0A0F49180
:104870001CEF90AA20C02000A921C020009821C0D0
:1048800020009928C020009838C020009931C0200D
:10489000009831C09910B09920C020009931C020F3
:1048A000009831C020009938C020001DF0000000A1
:1048B0003661008105EFA2AF1FC0200098B8A09913
:1048C00010A2A080A09920C0200099B8C02000921A
:1048D0002824A104EFA09920A2AF00C02000926874
:1048E00024C02000922824C020009931C0200098C4
:1048F00031A099100C1AA09920C020009931C02035
:10490000009831C02000926824C020001DF00000F3
:1049100036610091F5EE202074902211C0200088AD
:1049200049C020008931C020008831A1F0EEA08864
:1049300010208820C020008931C020002831C020EC
:104940000029490C02C020001DF00000366100075C
:10495000E202C62900B6832B256DB721E8EEB1E54A
:10496000EE22610122A0F2A0DA20ED0B0C1AF1E098
:10497000EEC1E1EE2901C02000A5660822A102C611
:104980001F000000415EEEE083118044804804ADCA
:1049900004659BFFAC2A6569B7B1D6EE22A0F4DDB1
:1049A0000AED0B0C1AF1D2EEC1D6EE226100C02046
:1049B000002563087CF206120000B2A00340A42088
:1049C000A5ABFF8CAA6566B7B1CBEE22A0F546F386
:1049D000FF40A420E5CAFF16BA002565B7B1C5EEB1
:1049E00022A0F606EEFF40A42065B7FF16DA00E528
:1049F00063B7B1C0EE22A0F7C6E8FF000017E204DB
:104A00000C021DF0000C9237B2162562B721BDEEE4
:104A1000B1B9EE291122A0FAC0200006D2FF000091
:104A2000002136EE32C30AE033113032802803AD64
:104A3000026591FF8CAA655FB7B1AEEE22A0FC06BD
:104A4000D7FFB2A00320A22025A3FF8CAAE55DB763
:104A5000B1A9EE22A0FD46D1FF20A22065C2FF161B
:104A6000BA00A55CB7B1A3EE22A0FE06CCFFAD0252
:104A7000E5AEFF169AF8655BB7B19EEE22A0FF0681
:104A8000C7FF0000364100911DEE0C0482A00A769B
:104A900088BEA8A9371A02862C00251A0717E20239
:104AA0008626002172EEB2AFFF20A220E54EB5812E
:104AB00096EEA196EEC0200092281EA09910C0206C
:104AC0000092681EC0200092282AA191EEA09910A1
:104AD000A191EEA09920C0200092682AC0200092E7
:104AE000282AA180EEA099201C0AC0200092682AE2
:104AF0009176EEC0200088B9A08820C0200089B936
:104B0000C02000822925A1D6EDA08820C0200082E7
:104B100069250C180014400088A18080B4D0880159
:104B2000C02000A22925B17CEEB0AA10808A2020E6
:104B3000A220C02000826925C02000255BB540B4BA
:104B400020A2A00265E0FF22A0008601001B444BCA
:104B50009922A1021DF00000368100B68226E54CA4
:104B6000B72166EEB164EE291122A140DD0AED0BFA
:104B70000C1AF16AEEC160EE2901C02000654608FA
:104B800022A1021DF0B64315254AB72165EEB159A1
:104B9000EE291122A141C02000C6F3FF0000BD0292
:104BA000A2A001A5DAFF5131EE7CFBAD05E53EB5D3
:104BB0007C094145EEF02211C02000822428908813
:104BC00010C02000826428C0200088049156EE9016
:104BD0008820C020008904C020008804C0200089EB
:104BE0007182AF00C0200098718099100C188099D4
:104BF00020C020009971C020008871914BEEC02028
:104C0000008904C0200082291EA18DEDA08810C05B
:104C1000200082691EC02000E5BCFF0C3800124055
:104C20000098A17CF8C02000A8D4908830A08810FB
:104C30000012400023A1208820AD05C0200089D4A7
:104C40000C02C02000654AB5C6CDFF00366100B633
:104C50004226A53DB72136EEDD0A0C1AB126EEED4F
:104C60000B291122A153F131EEC123EE2901C020FD
:104C70000025370822A1021DF031FCEDB2AFFF3054
:104C8000A320A531B57CCA9110EE202014C02000CD
:104C900088B9A08810208820002211C0200089B97E
:104CA000C020008809A109EEA08810202820AD03AB
:104CB000C02000226900C020002543B50C0246ED4B
:104CC000FF000000364100A11BEE65CFAFE5F60600
:104CD0007CFB21E6ED20A220252CB581FBEDA11661
:104CE000EEC020009808A09910C020009908C020AC
:104CF00000922815A112EEA09920C02000926815FC
:104D0000C02000922815A156EDA09920C020009245
:104D10006815C02000922816A10AEEA09920C02094
:104D200000926816C02000922816A106EEA09920D5
:104D3000AD020C02C02000926816C02000E53AB512
:104D40001DF0000036610021FBED82220056880232
:104D5000A52DB7A0DA2021FDEDA2A001B1E6EDED71
:104D60000B291122A181F1F8EDC1E3ED2901C02049
:104D70000025270822A1031DF0A5EC06AD0225C8D9
:104D8000AF0C0206FCFF0000368100B68226E52942
:104D9000B721DAEDDD0A0C1AB1D7EDED0B2911229E
:104DA000A18CF1EBEDC1D4ED2901C02000652308F1
:104DB00022A1021DF0E5F0FF31ADEDB2AFFF30A34F
:104DC00020A51DB591D9EDA11EEDC0200082291EA0
:104DD000A08810C0200082691EC02000A5A0FFBDD1
:104DE00002C2C11C81B9EDA1D4EDC020009808A079
:104DF0009910C020009908C02000922815A1CFED7D
:104E0000A09920C02000926815C02000922815A10A
:104E100014EDA09920C02000926815C020009228AF
:104E200016A1C7EDA09920C02000926816C02000EE
:104E3000922816A1C4EDA099200C0AC02000926807
:104E400016C02000657204AD03252AB565EFFF2862
:104E50007186D7FF36610042A00927B42AE51CB746
:104E600021A9EDB1A4ED22610122A1D5DD0AED0B4E
:104E70000C1AF1B8ED52A102C1A0ED226100C020D0
:104E8000002516082D051DF0B64316251AB721B2C8
:104E9000EDB198ED291122A1D6C0200006F3FF0044
:104EA0000000BD020C2A65AAFF41ACED52A107AD7E
:104EB00004E5B2AF260ACC516DED7CFBAD05E50DE6
:104EC000B5E59EFFA181EDF022110C3800124000E3
:104ED00098A17CF8C02000B8EA908830B088100013
:104EE00012400023A1208820C0200089EAAD05C01F
:104EF0002000A51FB5AD04A5B0AF0C0506E1FF006D
:104F000036810072A00072610777942CC02000E502
:104F100011B72194EDB177ED22610122A218DD0ACB
:104F2000ED0B0C1AF18FED52A102C173ED2901C0F6
:104F30002000250B082D051DF00C9627B616E50E52
:104F4000B72189EDB16CED291122A219C02000C64C
:104F5000F2FF000000B64313250DB72175EDB165D2
:104F6000ED291122A21BC0200046ECFFA17CED52CE
:104F7000A107E5A6AF260ABC25CC06A13CED7CFB2B
:104F8000A501B5AD072682046792040C1AA50D0091
:104F9000614EED30301492AFF3E08311003311C055
:104FA000200072260BC2C11C907710807720BD02B2
:104FB000C0200079B60C1AC020007226248143ED6F
:104FC000807710303720C02000326624C0200032A5
:104FD0002625715AED703320C02000326625C0208E
:104FE00000322625719FEC703320C02000326625E8
:104FF000C02000322624715DED703310C0200032D5
:105000006624C02000322624714CED7033100C470A
:10501000C020003266246134EDC020003846703371
:1050200020C020003946C020002554045D0A8C3A77
:105030007CF2226107A10DEDC02000250BB565C0F3
:1050400006A146EDA59BAF2221072904C0200086BA
:10505000B8FF0000364100AD02BD0322A10207EAFD
:105060000425A2FF2D0A1DF0366100B62222E5FBC1
:10507000B6B140ED22A041A0DA20ED0B0C1AF13CB4
:10508000EDC13DED2901C02000A5F50722A1021DBB
:10509000F031F6EC7CFBAD0325F0B422C220812276
:1050A000EDE022112A8892ABFFAD03C02000281842
:1050B000902210C020002918C020002818912FED40
:1050C000902210C020002918C020002502B50C0233
:1050D000C6EEFF003661024157ECC2AEF8BD01AD2D
:1050E00003C020008804C020008261438832284227
:1050F000291122A1101A22CAC28901C02000A5B11B
:10510000008C1AA11FED2D0AC02000822143C0206F
:105110000048044718022564AD1DF000366100C246
:10512000A000BD0CA2A001A5E4004D022D0ADC3AAE
:10513000A5EFB6B114EDDD0AED0B0C1AC113ED6548
:10514000EA071DF0000C03C84A8BF1CBE1DD03BD7B
:10515000033931C0200025F4005D0A371A19E5EC47
:10516000B6B108EDDD0AFD05ED0B0C1AC108ED2DF9
:105170000325E70786F2FF003221032C0CBD03ADA7
:105180000425BDB02C0CB2D310C0A48065BCB0A85F
:1051900021E559AC86EAFF00364100B06411606237
:1051A000803906AD06C02000653000404411BD04C2
:1051B000C1F8ECA976AD05C02000A5E900CC9A2C79
:1051C0000DCD06BD04AD05A5DC002D0A1DF00000C7
:1051D00036410051F0EC2805560205A1EFECA5FB85
:1051E000004D0A660A0ED1EDECB2A229C1EDECA188
:1051F000EDECE5F0B6CD02B2A0FF20A22025D00054
:10520000A03A20CCBAD1E8ECB2A22EC1E5EC46F728
:10521000FF00AD03E5D300883A2D0AAD03873410B3
:1052200098429A8887B40925D2002905C020001D1C
:10523000F0E5C4003D0A568AFDA5E3B636410032CA
:10524000A0100C0422C3F040C42030B32040A4209E
:105250002020F4E5D100CC3A2020741DF01B332C23
:10526000122793DFD1D2ECB2A17FC1D1ECA1CDEC5A
:10527000E5E8B60036E100A2C110101120E5E9FF13
:10528000CC2A0C021DF065FBFF4D0A163AFFA2C1A5
:1052900010252300A2410EC02000A2C130C0200072
:1052A0002522000C1CEBB1A2410FC02000A2C110AE
:1052B000C0200065DE1A260AC87CF3A033303030E7
:1052C00004EB513A25A20200ACEAB0331122C1101E
:1052D0003A32B8030C0C0BBB40BBE2B2CB10C0ACF3
:1052E00020E5C80016AAF90C1BA5DEFF0C130C0262
:1052F000A0238320207486E2FF00A0CA20A0BA2049
:10530000E5C60056DA00EB513A252202001612F7E4
:1053100086EDFF000C1BE5DBFF0C12567AFE86D8EB
:10532000FF00000036C10010A12025DFFFA04A20A9
:1053300016CA0A10A120E52B003D0A660A02462182
:1053400000A5EFFF16FA07BC52B083112D018A8227
:1053500098680C0A26290C0C299968309074B62993
:105360000BA2A1022D0AC020001DF00000B22800EF
:1053700040D42030C07410A120E5E1FF06F9FF0001
:1053800025EFFF569A0165CAB6B17EECDD0AED0B3A
:105390000C1AC189ECE5C407A187EC46F1FF0000B7
:1053A000B083112D010C398A829968309074F629E6
:1053B000AFDD0490C920B80810A120C02000A5DDF1
:1053C000FF56FAF92537AD65C6B6B16EECDD0AEDCC
:1053D0000B0C1AC17AECE5C0077CFA46E1FF00002D
:1053E000A2A10546DFFF00003641000C1A65F3FF5D
:1053F0002D0A1DF03641000C0AA5F2FF2D0A1DF002
:1054000036C10042A00182A00020848380807456AF
:10541000580830848356F807581282A106EC350CE0
:10542000F962220262C6F067391925E1FF6D0AAD03
:1054300001A5CEFFA0548350A074CC3A604A938C4F
:105440006482A1052D081DF00058010B556055E23E
:10545000282222C2F057121DA22108A2CAFF60AA68
:10546000E2A792DC22210FA2C120650400A792D0FE
:105470000C140603000052210710A120250300A7E9
:1054800095D5102120B044114A4228640C08290304
:10549000C0200046EBFF000082A10246E9FF0000A9
:1054A000364100B2A000B0AB20A5B9AB900000001F
:1054B000364100BD020C4CA2AFFF8141ECE0080078
:1054C0002D0A1DF036410020A220204220E5BA1A04
:1054D0000C02279A0E3874AD0465FDFFA0A3C00C22
:1054E00013A023831DF0000036810042020C6D02E0
:1054F00022020D802211402220AC7225B3B6220672
:105500000DDD0A8022110C0F0C1A32060C302220FD
:10551000B12DECED0BC12CEC2901C0200065AC07CE
:1055200086320000A5F7ADA08A20B62302C62F0060
:105530005127EC507AA2707541E047117A44E0940B
:10554000119A44E04411920610404AC0809911A279
:10555000060FA0992097B83F8961926107C020008B
:10556000A5ACB6DD0A0C1A987150F9A2F0F541E02D
:105570002F11FA22E052115A22B112ECE02211202E
:1055800029C0ED0BC113EC29017CF24921726101A4
:10559000C0200025A5078861661354520612805565
:1055A0001192061190552062C5FF92AFFD6060F424
:1055B0009090F467393987B53625A7B6F104ECDD4C
:1055C0000AF0F5A2AD03F0F541E02F11FA224921CE
:1055D000E042114A22E022112025C0B1FAEBED0B86
:1055E000C1FDEB7911226100C02000A59F077CF26C
:1055F0001DF00000366100A2AFFF166202AD026529
:10560000ECFFA2410EC02000A2C220C0200065EB2A
:10561000FF0C1CEBB1A2410FC0200020A220C02033
:105620000065A71A2D0A1DF03641000C0AA519AC19
:105630002D0A1DF0366100E1E8EB422E00167401E0
:10564000A59EB6DD0AB1E5EB0C1AED0BC1E5EB65E5
:1056500099070C021DF00000A1A1EBD2C10CA0A281
:1056600010A022C03AB2CD044931C020002505ACBB
:105670003D0A9C6A659BB6B1D9EBDD0AFD03ED0BD3
:105680000C1AC1D8EBE5950786F1FF0048312A24B2
:1056900006F0FF0036410031D0EB168200A2230055
:1056A000162A00E508AC0C088903C020001DF00094
:1056B00036410050507416250165E0AD16CA00CD84
:1056C00004BD03AD02E51CAC2D0A1DF040C4203022
:1056D000B32020A220E5ACAC06FBFF0036C1008160
:1056E000D5EA922437C0200078087C08C0200079D1
:1056F000F172C9108077100C189077C080863056F0
:10570000920456680492C12C7A690B6630F875923F
:1057100006003060F560FF3030FF30303841303FF8
:105720003030307437190256680516E20070C72011
:10573000B2C12C20A220C02000E550002224370C4A
:10574000067A72726437C02000060700A22400D2D5
:10575000A00170C720B2C12CAAA98971C020002560
:10576000F5FF6D0A887116BAF960262051B2EAC0B9
:10577000200042210FC0200032250037142DA5FD46
:10578000AC6199EB5615FE926107C02000E589B621
:10579000A0DA20FD030C1AB195EBED0B9871C194C2
:1057A000EB9901C02000E5830706EFFF1DF0000024
:1057B0003661007D02C2A1040C0BAD07656FB02DF0
:1057C0000339074B37AD020C1D1C8CBD03C02000F4
:1057D000E5EDFF2D0A56BA0316050992071B0C18B2
:1057E0005D0A9058935090749C89408A838080749D
:1057F0009C08654300A90416DA071C8CBD03C02071
:105800000065440092070482A0E948078719228CAA
:10581000562175EB1DF000002581B6B174EBDD0A51
:10582000FD04ED0B0C1AC173EBA57B0746F8FF00D6
:105830000000B2A001AD0325CBFF560A0482070584
:105840001C0387B3265686FC257EB6B168EBDD0ABD
:10585000FD04ED0B0C1A220705C167EB3261012232
:105860006100C02000E5770746E9FF001C8332672E
:1058700037C0200006E7FF0022A10146E5FF2D0A00
:1058800006E4FF0036610052021B9CE5B2A0E00C6A
:105890001D5222372C0CBAB2A8025AAA25E1FF5D8C
:1058A0000AFC0A52223752C5205262370C052222C6
:1058B0003727B320514DEBDCA4C02000E576B6DDE0
:1058C0000AFD02B14AEB0C1AED0BC14CEB3901C0D9
:1058D00020002571072D051DF000000036C1007D58
:1058E00002F227370C062802FAF222A09C2A272966
:1058F000C122C71C39D13D0FF9E1299122070527A3
:105900002624280727330246650098D156490BC044
:105910002000A571B6DD0AB135EB0C1AED0BC141C3
:10592000EB256C07062700B221090C1D0C8C30A357
:1059300020E5D7FF2D0A9C4A256FB6B12CEBDD0A76
:10594000FD03ED0B0C1AC12EEBA569071DF08C842D
:10595000B8910C8C40A420252F0088912818209005
:105960001456B9059128EB2739558B33980839A17E
:105970003127EB3A39A126EB37BA0D3126EB3A390C
:10598000A126EB37BA02C64A0088A18039303030F0
:10599000F416031228D1ECA29961C02000E568B684
:1059A000DD0AFD060C1AB111EBED0B38A19861C1AF
:1059B0001BEB39119901C02000A562070601000008
:1059C00098D18C492109EB46E0FF62C602E565B635
:1059D000D06611608780B105EBDD0AED0B0C1AF281
:1059E0002804C109EBE55F0706F6FF0082210B0CD6
:1059F000098030F40C183098933D0998F13039C083
:105A0000003311203363163506A8B1BD0365C2FF0C
:105A1000DD0A562A086561B6B1F5EADD0AED0B0C20
:105A20001A7CF2F8B1C1FEEA3901C02000655B07BB
:105A300006C6FF0090BD80A22500C80BC0AA30A9F1
:105A4000059CE490A094DC9A90C3C0E0CC63AD04C4
:105A50009961D981E26107C02000E51E00E871D894
:105A60008198614B993739CBAD0DA5C2FF88B13014
:105A700022C03A8889B15622F738C11B6688A1989E
:105A80009128C14B22890338198B993A3829C19939
:105A900091C020000699FF000C09E2A40006F1FF66
:105AA000F2273728E120FFC03AFF0C02F26737C027
:105AB000200086A5FF25B7FF32210AA2610F3261BF
:105AC0000BC0200086EBFF0036A10051DAE96D0221
:105AD0000C0972A102C0200028058B51C0200029AA
:105AE000B122A0EF29119905979402464300A1CE57
:105AF000EA281327BA35261616C02000E552B6B19B
:105B0000BBEADD0AED0B0C1AF813C1C8EA654D07B4
:105B1000A22500165A00B2A000E51500C2A1040C8F
:105B20000BAD042539B086340000000028038D0930
:105B3000C2D2F00B660C1D609D83C08593CD08ED2D
:105B400009BD02AD046D09A5C6FF7D0A560AFCC851
:105B5000054BD1BD06AD0465D8FF7D0A560AFBE5AD
:105B6000E6ADED0AB811DD06CD04A805E5B6FF7D6A
:105B70000A56BAF9B813CD06AD04A5D0FF7D0A5672
:105B8000DAF83183EA37125F280516A205E5E3AD9E
:105B9000564A0528052C0CBD07CBA1A531B0AD0296
:105BA000CBB1650D00C1A2EA2C0BCBA122A0E0A5D0
:105BB000531A2A242C0CCBB1AD026510B07D0A1605
:105BC0000A02A546B6B189EADD0AED0B0C1AC199A5
:105BD000EA254107B2A02020A220C197EAA5501AC9
:105BE0007182EA0C02226500A8058CBA0C0B0C022B
:105BF000C020006508002265005637F12D07518D41
:105C0000E9C0200048B1C020003805371405C02085
:105C10000065B4AC1DF00000364100CD04BD03ADFD
:105C20000265EAFF2D0A1DF0364100A2A070E55D75
:105C3000B6A02A208CAA65700A0C0BAD02E5730A87
:105C40008C0A0C021DF0000036410020A22030B367
:105C50002040C420CCC2D179EA1CEBC179EAA179F9
:105C6000EAE549B665790A8C9AD177EA2C1BC174AA
:105C7000EA46FAFF1DF0000036410030B32056D24C
:105C800000D16EEA2C7BC171EAA16EEA2547B69C71
:105C900013AD0225780A8CAAD16CEA2CBBC16BEA41
:105CA00046F9FF0020A220A56A0A20A220E557B6E7
:105CB0001DF00000366101315FE9A165EAC02000F6
:105CC0002803C02000226123C0200065CFAE71618F
:105CD000EA380716030222A000A15DEA25D2AE51E0
:105CE00055E9C02000422123C0200032250037940E
:105CF00002C6610025A6ACA2C1348161EAE00800B9
:105D000052A090D2AF7C1A55B122EAE2C110DAD586
:105D1000CD0330A320A59AAB2D0A562A1158312164
:105D20004EEA2A25414EEA4A554D03293157922B16
:105D3000C02000A52FB6B14EEAA0DA20B0EB20A219
:105D4000A00122A105C14BEAA5290716540DAD04F7
:105D500038B4A54DB64D0306FCFF0000C2A020BD1F
:105D600002A2C114E5FEAF813EEA8080F492110ADE
:105D7000879902463400813BEA8080F48799B0C25B
:105D8000A020B2C114A2C134813FEAE008000C1B7C
:105D90003C0A254FB66D0A165AF99133EA980999CB
:105DA0000A9861993A9871994A920116991A920142
:105DB00017992A98C1909004924A250C09924A2872
:105DC000C02000C02000A56FADEC8AA24625C020EF
:105DD00000C2A010B2C120A2C614C020006560B0ED
:105DE00056230342660B4D0622C2203D06C020000A
:105DF00046CEFF00009201168CC9A11CEA9851A062
:105E00009910A1B7E9A799C80C19924625C020009E
:105E1000C0200086EEFF98B399B669B3C020004653
:105E2000F1FF4907A22104C020006590AB1652EA99
:105E3000A51FB6B10FEADD0AFD02ED0B0C1AC10F6A
:105E4000EA251A0746A4FF00B2C134A2C114810E8C
:105E5000EAE00800C2A010CAB2A2C11425E6AF2D24
:105E60000A16DAFB651CB6B102EADD0AED0B0C1A64
:105E700022A103C101EAE5160786B3FF1DF0000069
:105E800036410056E200D101EAB2A06AC101EAA19E
:105E900001EAE526B63832CC93AD022539B622A008
:105EA0000090000041EBE952A0FF40A42025B1AED4
:105EB00032220356930140A42065B4AE3222031669
:105EC00063FD32620438B33932C0200046F4FF006B
:105ED000880257180498139798188812571804982E
:105EE0002397980EA2220216BAFCB2C314E521B081
:105EF000162AFC32230B326203C0200006ECFF009E
:105F000036410051D4E988058CD882AF018A92DCF1
:105F1000298A838CE80C021DF0A5D9FF16AAFE86FB
:105F2000FCFF000000A2A014252EB6226A0028055E
:105F3000293A0C02294A391A492AC0200025F4FFBF
:105F40002D0A46F4FF000000364100AD02E52DB6F3
:105F50001DF0000036410056E200D1CFE9B2A13178
:105F6000C1CFE9A1CCE9A519B628421DF000000077
:105F700036410020A22040C420BD0365F8FF2D0A51
:105F80008CAA25FDFF3D0AAD02252AB62D031DF082
:105F9000364100DD05CCD2D1C2E9B2A1C8C1C1E908
:105FA000A1BDE9E515B6A84282A102373A1D50937A
:105FB0008082A104973A14B22203BAB3A802220243
:105FC00025CCC2CD0BBD04A5EFAB8D0A2D081DF06D
:105FD0000021A5E982A1062802279AEFCD04A50495
:105FE000AC46F9FF364100BD04DD0556E200D1ACF8
:105FF000E9B2A1E9C1ADE9A1A7E96510B6C842A21D
:10600000A102373C12509380A2A104973C09C222FE
:1060100003CAC3A802A5D9AB2D0A1DF0364100BDA5
:1060200004DD0556E200D19EE9B2A1FBC1A0E9A1C1
:1060300099E9E50CB6C842A2A102373C1250938000
:10604000A2A104973C09C22203CAC3A80225E7AB58
:106050002D0A1DF0364100CD04CCD2D191E9B2A277
:106060000EC193E9A18CE9A509B69842A2A1023715
:10607000391F408380A2A1048739164080B4560896
:10608000013080B4A2A102CC78B832BAB3A80265BC
:10609000B1AB2D0A1DF0000036410070E72050C55D
:1060A0002056E200D17FE9B2A22EC182E9A179E9AE
:1060B000E504B67842A2A1023737304A83A2A10490
:1060C0008737287169E9A2A1068802780777981BAB
:1060D000DD06A832AA333070F47AB4A100E9A0A397
:1060E00010E55DABCC4A28067A2229062D0AC0208D
:1060F000001DF0003661008D02BD0356E200D1683C
:10610000E9B2A19EC16DE9A163E965FFB5A842228C
:10611000A102373A1B5A9322A104973A1322082569
:10612000A808CCF2DD05BD04C838CAC325C8AB2D0C
:106130000A1DF00000214CE992220022A106979A44
:10614000EFCBF18BE10C0DCD05AD08E5F4FF2D0A89
:1061500056DAFDB821CD05AD04A5BFAFA831255D48
:10616000AB06F3FF3641008155E94D020C0247B8FA
:1061700022E505FF883A8734100C19384A3A888797
:10618000B40E9D024602000000003A440C19473844
:10619000F09020741DF00000364100A149E9AAA248
:1061A0008149E9A738057CF21DF000008147E9A08C
:1061B000A031A2CA4027280FA117E9AAA28143E96A
:1061C0008A8AA0A8A3A0A03182A0FFA738D7652003
:1061D000AB26FAD1A0A07400AA112020F4202A2016
:1061E00006F1FF0036410030B32020A22065F7FF02
:1061F000CC1A25E8B50C121DF000000036410065F0
:1062000010001DF0364100A802CC3A8117E9A80819
:10621000A26200212FE916BA00C0200025ED1982E4
:10622000A000A028931DF0003641000C1CBD03AD5A
:1062300002257CAB2D0A1DF0364100810BE92020A0
:1062400074A22800168200A50EACA02A209000009F
:10625000E50800C6FCFF000036A1002CCC0C0B4B5F
:10626000A125C5AF0C12A11BE94BB122410CC020E6
:10627000000C522971C020002511B62D0A56BA0310
:106280003116E930A320A582AB2D0AECDA4113E9DF
:106290009853881487B9282112E9880222A1049C06
:1062A00098A5D8B5BD0AE814E0EA41D853D0DA4140
:1062B000C10DE9A10DE9810DE9E008001DF0000024
:1062C00041EAE889533904C0200086FBFF00000042
:1062D000364100A101E9A500002D0A1DF0000000D3
:1062E0003641003103E90CCC0C0B48033102E94B79
:1062F000A325BCAF8101E9393289220C024903C0D0
:1063000020001DF03641000C4A25BFB181FCE8A9F0
:1063100008CCFA5CABD1FAE8C1FBE8A1FBE8C020ED
:1063200000E5DDB51DF0000036410081F4E8B2AFB4
:10633000FFA22800E5E5B190000000003641008191
:10634000EFE8A808A5B7B11DF000000036410081B4
:10635000EFE8A22800169A00D2A000CD0DBD0DE5F1
:1063600098B11DF036410081E9E8A22800165A00D4
:10637000B2AFFF65C9B11DF036410021E4E88802E3
:106380008C280C021DF00C1A25B7B1A902561AFF71
:1063900022A101C0200086FAFF0000003661001033
:1063A000112065FDFFEC1A101120A5FBFF10112034
:1063B000654E0020B220101120255F00A26103C0AD
:1063C000200010112065F8FFA8312D0A1DF01011D2
:1063D00020A5F7FFAD02101120A58B0B364100A1BF
:1063E000CCE8A5FBFF2D0A1DF000000036C10051CE
:1063F00091E772A000C0200048052842C020004953
:10640000F116F2087961B2A0FFF2C11CE2C118DDF9
:1064100007B9114C8CAD02B901C02000A5AE006DCA
:106420000A567A061CCA65DEB54D0A162A06690A9E
:106430001C0CB2C124626A01A2CA08C0200065FA1D
:10644000AF624417C0200062011C624418C02000E3
:1064500062013962441AC02000620138624419C0E6
:10646000200068138C0649166813690468037914C0
:106470004913CC06490348231B4468614923420160
:106480001E6A444961C0200086DEFF002812C6DB78
:10649000FF22A101C0200048F1C0200038053714B8
:1064A00002652BAC1DF000003621025162E772C17B
:1064B00034C0200048052842C0200042613B16320B
:1064C0000F0C0452C1F062C14C49A142A0FFF2C1BD
:1064D0002CE2C1280C0D49114C2CB2A0FFAD024991
:1064E00001C0200025A200561A0A2C0CB2C12CAD06
:1064F0000658032586AF92C16CAD092C0CBD06650C
:1065000085AFBD0AA2A0AC2C0C1AAAA584AFB2A07C
:10651000ACA2A0CC2C0C1ABB1AAAA583AFB2A0CCFB
:10652000A2A08C2C0C1ABB1AAAA582AFB2A08CA276
:10653000A0AC2C0C1ABB1AAAA581AFB2A0ACA2A029
:10654000CC2C0C1ABB10AA80A580AFE201CC0CFFAA
:10655000D201CFBCA5A2A0D4CD0F8BB51AAAD96108
:10656000E971F951C0200065E0AFD861E871F851D8
:10657000DC2A920518E7990DA2051AA73D07920596
:1065800019AA99972D1F5815C6F1FF00281206CB9E
:10659000FFE2012F40F42070D72020A220C2012D5D
:1065A000B2012CA5B20098A182012E9A8889A1C0BF
:1065B000200006C6FF411FE7C0200032213BC0205B
:1065C0000028042713022519AC1DF000364100A84D
:1065D00002ACBA880A981A9C5899189C998909881B
:1065E000220B88826202C0200025C4B5C6F7FF00D6
:1065F0009902C0200086F8FF8912C0200086F7FFAC
:106600001DF00000364100A2C23825FCFF22220AFC
:1066100016720432C2FC422300F034114A43D034D3
:10662000114033C0E033113A3230432047120B425D
:10663000C4ACA2C444A54D0006FCFF20A3C0213574
:10664000E8A0A24120AA8221B2E720AA1022AFAC82
:1066500020AA82A2CAFCAAA325A10A1DF00000005C
:1066600036C10061F4E620522040D42030C320A27D
:10667000C510C020002806B825C0200029F1C02080
:10668000006508012D0A9C9A0C03326519C0200090
:1066900048F1C020003806379402C64F00C02000E1
:1066A000650BAC32C53830A32025F2FF72C5440C0F
:1066B0008476840329074B77484516F4080C020CAE
:1066C0000DF2C11C294122A0FFE2C1100C1CBD0D1E
:1066D0002911AD042901C02000E582007D0A561A67
:1066E000061CCAA5B2B52D0A168A0E790A1C0CB270
:1066F000C124791A8BAAC02000A5CEAF724217C060
:10670000200072011D66173FBD0230A320820134B4
:10671000824218C02000C02000659E1982021880A5
:106720002541E022112A250018400077A18222117C
:1067300070782072621122011E78417A22C02000F6
:10674000C6DEFF481446DCFF7CF2C6CFFF322511BF
:1067500022AFFE30221032A00130222071B9E6B201
:10676000C11050A52022651122251870221071BC7D
:10677000E670222022651832651949414951496164
:10678000C02000A5C6FF2D0A8CDA42651922A1019E
:10679000C0200086BDFF000000B2C11050A520A59A
:1067A000D0FFA22104164AEE380A481A9C43491326
:1067B0009C84390438610B333961C02000E5A6B5EB
:1067C00086F7FF004941C02000C6F8FF3951C020BC
:1067D00000C6F7FFA26519C02000C6EBFF1DF00040
:1067E000364100A2220350D52040C420BD03657F5E
:1067F000FF2D0A1DF0000000364100A2220350D5F3
:106800002040C420BD036581FF2D0A1DF00000005B
:10681000364100A832CD04BD03A583FF2D0A1DF02B
:10682000364100AD0265A0B51DF0000036410050B4
:10683000803430B32040C42050D520A2A102CC38EF
:10684000A832258BFF2D0A1DF000000036410050B4
:10685000803430B32040C42050D520A2A102CC38CF
:10686000A832E572FF2D0A1DF000000036410082BB
:10687000A00082620182620281A8E7393289025651
:106880005300C02000E57EB51DF00000364100AD8C
:1068900002A599B51DF0000036410031A0E728039C
:1068A000DCE22C8A6596B59C5A819DE7291A890AF3
:1068B000292A293A294A295A296A297A298A299A80
:1068C000A9032803C020001DF0000000364100226B
:1068D0002204166201A22202880A8828E00800BD6C
:1068E00003A582AF8C4A281286F9FF001DF0000034
:1068F0003661006803AD036826E00600BD0AAD02FC
:10690000A5FCFF7D0A565A06A2A0682590B56D0A1F
:1069100082A10116FA04790A791A794A795A796AB0
:10692000797A798A799A79AA79EA79FA726A107207
:106930006A197D0A392A50C52040B42070A720C0AA
:106940002000E5D1FF8D0A9CB6568A0438528C038C
:10695000691339060C03391638426952CC0369426F
:1069600038621B3339622D08C020001DF0006222FE
:10697000071616FC37961860B620A2C21CA57D1912
:10698000322600AD060C063813E0030086E9FF004E
:106990006826C6F6FF60A620826103C0200065C697
:1069A000FFAD06A588B5883186EEFF003661003060
:1069B000A3206595AF1C084D0222A102A73850BD47
:1069C00003AD04A5F0FF0C02279A44CBB1AD032917
:1069D00031C020006509012D0AFC8AA831380A3827
:1069E00093E00300A0DC41CD02B831AD0425F0FFF7
:1069F0002D0ADCFA988488318C0989290C033928FE
:106A0000991838748984CC03897488941B88899474
:106A1000C020001DF0A831165AFF380A3813E003D1
:106A200000C6FAFF364100AD03650A0138225D0A4F
:106A3000BC131CC9381288238739291B28805A1196
:106A400029233B28E022112A23E08811424200C07A
:106A500020008A3322030C50522059330C082D0891
:106A6000C020001DF0A2A080257AB5A03A2082A106
:106A700001169AFEE571198222018C0839188903E2
:106A80000C08891388023912CC0839028055118804
:106A9000221B88892240207450522028231B22590F
:106AA000332923C0200086ECFF000000364100ADF2
:106AB00004E5010181D4E6C2AF0180AA108802ACCE
:106AC000780C09D828971D1CE0B911BAB8220B0C14
:106AD00037320CB83BB0B841A79B04CAB256BB00D2
:106AE0001B99C6F7FF881806F5FF7CF21DF0000021
:106AF000364100322200163301BD03AD02422301AC
:106B0000256B19AD036572B53D0406FAFF1DF00053
:106B1000364100AD02A5FDFF1DF0000036410048E2
:106B20000272A0FF1624050C085D086824AD080C4D
:106B30001B7CFD871629E098119A94C2090C379C9A
:106B400012B05B20D2490CC02000CCBA1B88C020F8
:106B50000086F7FF771CF2AD0B16F5FE0C121DF048
:106B600062240156BA00AD02BD04A56419AD04E566
:106B70006BB54D0616C5FA46F8FF2D0486F7FF00E3
:106B800036410082AFFF32420060B62042420152DD
:106B90004202724203C02000826202893289428925
:106BA00052896289729C760CFC8BA2C0200065839E
:106BB000AF0C08824217C02000C020001DF000006A
:106BC000624208C02000C0200006FBFF36410032B0
:106BD000A00082AFFF92AFFE3902A2C2443912393F
:106BE0002239328942924214C0200089E289F2326D
:106BF0006210C02000E55819326214C020001DF058
:106C00003641004BB21C8CA2AFFF816DE6E008005C
:106C10002D0A1DF036A1004187E57CFAC02000381E
:106C2000049832C0200039B1A799487CE3CB811C7D
:106C30003A39323D08768A071B88924808C02000FE
:106C40007CE8AD03890388428913820214824308D9
:106C5000C02000C02000A5FAFF2C0DCD03A973A20F
:106C60002214880AB8228858C02000E008009CAA94
:106C70000C033932A02A20C0200082210BC0200042
:106C800032240037181BC02000E5ACABA9E282C259
:106C9000187CF30C8276820339084B88C0200046AA
:106CA000F4FF1DF036410088E292A07DCD037CFA0E
:106CB00087391CA22214B088112C0DB822B2CB4007
:106CC0008ABB980A922906E009008CAA0C0889322E
:106CD0002D0AC020001DF000B2220EC2A00220A288
:106CE00020655219568AFE98F288E266090189F2F7
:106CF0001B889212201B99925220C0200089E2C06A
:106D0000200086F2FF00000036410088327CDA0B5A
:106D100098973A0F82C8108C98284229030C02C019
:106D200020001DF02180E606FDFF0000364100989E
:106D300032817DE66609040C083262042D08C02009
:106D4000001DF000364100A22214380AC111E638B5
:106D500073B822E003003D0A8C9A0C0889322D0397
:106D6000C020001DF082AFFFA26210A2C244826266
:106D70000E82620F8932C0200065D7FF86F7FF00C0
:106D800036610088F27CF9AD093798244A4838E228
:106D900099F292A07E90336337B421CBC1BD04A297
:106DA000C218C02000E55619CC5A88316628084917
:106DB000F22D0AC020001DF01B4486F6FF0C0A8647
:106DC000FBFF000036C100511BE5B2C114AD0272D9
:106DD000C218C020004805C0200049F1C02000A50D
:106DE000F2FFC2C118BD03AD07A552196D0A560ABC
:106DF000064861262402863800C2C11CBD03AD02CC
:106E0000A54E1956DA0BA2C11CA5C900888142C241
:106E100044BD03A71857AD0425D0FFCD06BD032000
:106E2000A220653E194212200B44425220C020008D
:106E30004212211B44425221C02000565A080C1411
:106E400078F2379702C628003A3448E237B402C6CF
:106E50002A0060262051F7E4C0200048F1C020003D
:106E60003805379402462700C02000E58EABAD04FC
:106E7000A5CAFF42011E4A530B85372837BD08C2F9
:106E8000C118AD078931C02000A548198831FC2AF6
:106E9000986166290A9212200B99925220C0200014
:106EA0000B889212211B99925221C02000C0200011
:106EB00086F1FF00006614110C0CBD03AD02A53471
:106EC0001916BAF76D0A06E2FF00D2A00050C520DD
:106ED00030B320AD0225391946F9FF00A0CA203091
:106EE000B32020A220253219C6D3FF0040C4203091
:106EF000B32020A220A5E8FF16CAF446F1FF39E22C
:106F0000C02000C6D2FF1DF036E10081CAE4303057
:106F1000740C1B404074C0200088089832D2C910FD
:106F20003911320170C020008261130C08693139B7
:106F3000213D08D03B83908B83808320620174695C
:106F400051DC38BAD9D08B83DD08CCA8622103820A
:106F5000260062A07D87B60861F6E5C020004622C3
:106F600000A8F2ED0DA03873A2A07E8D0DC8E250EE
:106F7000EB93A0AC63A961A2AF01AAC4C08B93E755
:106F800008298811AAA8A0BD839CFBF821BD08EDA3
:106F900005CD04A2C12CC0200065BEFFBD03C2C147
:106FA0002CA2C24465B0FF3D0AA736AB0C190C0AEF
:106FB000509A939090749971686167B39A1B83C2D9
:106FC000C128BD03A2C218826104C0200065341923
:106FD0006D0ADC5A98A1662943CD07BD03AD02E5D1
:106FE00030196D0A9CFA32A00039322D063191E435
:106FF000C02000422113C02000380337940206321B
:1070000000C020002575ABAD07A5A900B817B71AB9
:1070100013BD03AD02E5DAFF6D0A568AFC3841461E
:10702000E5FF000000D20701AD0DD901C020002509
:107030001B19D8018C5AA207023AAAA941A2A0FFA3
:10704000822101A71805A20700879AD09C250CFC75
:107050008BB750A520D901C020002531AFD80156EB
:10706000AAFBA2AF018821AAA89C1AA2C4BECCCABE
:10707000A20703879AA64C22279D344610004C8B0A
:10708000A2A0FFB79436B20703A79B908851B71808
:1070900008A2071D871A0286E0FFD71422A2AF01BB
:1070A00068118821809610AA99CC39687156C6F665
:1070B0008831619EE53908C0200046CBFFA794D9EE
:1070C00028313902C0200006C8FF1DF036C100601B
:1070D00080746158E4707074F2C11CE2C11850D51C
:1070E00020C0200092260040C07430B074AD02C0B1
:1070F000200099F10C0979118901926106C02000E4
:1071000065E0FFCC5AAD02B861A5CBFFA02A20C034
:10711000200072210FC02000622600671702A563BD
:10712000AB1DF0003621013143E45D020C070C1663
:107130008D07C02000280342C5183835C020002222
:10714000611B22AFFB2023108B22208683802074BA
:1071500077920832C302302683771239A225142C85
:107160000DCD04280AB825DABB2832C02000E00281
:10717000002D0A9CFA0C033935812EE4C020004210
:10718000211BC02000380837940286BA00C02000B6
:10719000101120655CAB0C03326510C2C120BD0329
:1071A000AD04C02000E516192D0A56BAFC688166A8
:1071B000267568F566060139F562152062C601621A
:1071C0005520C020001B3362A07E6793CD68357CBC
:1071D000E77716024679000C06C2C120BD06AD0451
:1071E000C020002513192D0A569A1C788166374B4A
:1071F00069E532A07D68E567B302062500B0661137
:107200000C4DA22514C2C124B825B2CB406ABB786C
:107210000A722703C02000E00700AC6A0C0229357F
:10722000C0200086630000005696F96215211B6697
:10723000625521C02000C0200006E2FF1B66379681
:107240009746EBFF622109B2250E260644C2C128EB
:10725000AD04688169A1C02000A50B19565A15CD4F
:107260000AAD05B8E525FA18560AFB68E51B6669FC
:10727000E568A166260A6215200B66625520C020CB
:10728000006215211B66625521C02000C0200086C7
:10729000D8FF62250E32A07E30366382AFFF3261A6
:1072A000070C036871673302063100C2C120BD03B9
:1072B000AD04C02000E50519569A0F7881CC770CF3
:1072C000167CF8C62800000066170CBD03AD0565E6
:1072D000AFFF566AF486F9FFC2C12C30B320AD056A
:1072E000A50019565AF372210CA2C12C657B00A788
:1072F0001711BD03AD05E5ACFF56FAF18D030C1671
:107300008619000072C544CD03B2C12CAD0765716A
:10731000FF567AF0BD0AC2C12CAD072579FF7D0A60
:10732000A2012D0C16A5EB18ACDA9D0362012E6AA2
:10733000E3E7B924BD09C2C120AD049951E961C098
:10734000200025FD189851E861568A06A881262A52
:10735000024646001B99C6F5FF30832037B70A70F6
:10736000B72050A520E5A5FF8D036A33C6CCFF00EA
:107370006608028680FF32A00032610A32A0FFF266
:10738000C14CE2C128D2C134C2012DAD05B2012CDD
:10739000391139018961C02000E5B6FF3D0A8861D5
:1073A000565ADDB8A1873B024673FFAD0565A1FFC4
:1073B000165ADC39352D0AC02000C66EFF7CB3306A
:1073C00066107C83371602866BFF32250F72A07D14
:1073D00037B7028668FFC2C120BD0340A42065F311
:1073E00018560AFD6881662622C2C14CBD03AD0550
:1073F000A5EF18565AE2622114A2C14C656A00A793
:10740000160EBD03AD05E59BFF56FAE01B3386EF74
:10741000FF62014E161605CD03B2C14CA2C54465EC
:1074200060FF566ADFA2014D62014E65DB18ACAA0F
:107430001B936AD3D7B924BD09C2C120AD049951A9
:10744000D26106C02000E5EC189851D861564AF682
:10745000A881262A0EBD03AD05A596FF0B666A33EB
:1074600006EAFF001B9986F2FF7CFA86D1FFBD0376
:10747000AD052595FF0692FF1DF0000036A10061C5
:107480006DE3C020005806C0200059B152A1021679
:10749000D30740B4110C04426210CB416D047CF858
:1074A0001C35326214B9227685071B44824408C019
:1074B0002000AD032C0DCD0648030C034834C0203A
:1074C00000E004005D0A568A103806260302062FE3
:1074D00000A2A200B199E43932C02000A55B096D79
:1074E0000A167A0F3D0542DA02A22214D2A200CD7A
:1074F00006880AB822BAB3822803E008007D0AACE5
:107500005A0C03393260A620C0200025B6095D0759
:107510002D055148E3C0200048B1C0200038053790
:1075200094020631002523AB8D069808660907985A
:107530001826092D82C8048714437C033932AD060E
:10754000C02000A5B2097CC36832371607673374C0
:107550007C8337967AAD02E5BCFF5D0A06ECFF003E
:10756000000098282609048B8886F2FF983826099F
:1075700006CB8806F0FF000082C8108794AB810418
:10758000E432D30287130286D7FF06ECFF003226CF
:107590000760A620A566FFA7130A32AFF03906C020
:1075A000200006E8FF380642A0FD3932381639427D
:1075B00032060837B42D324214C02000C02000C665
:1075C000E0FF0000007CE337168A660602C6CFFFA4
:1075D0007C033932C0200046CDFF000052A1014695
:1075E000CBFF00005154E446C9FF1DF036A1005105
:1075F00011E3C020004805C0200049B148F2A14C69
:10760000E4260438483326042B62A07D42220F472B
:10761000B602062400C2C10840B420A2C218C0208D
:107620000025CF18DC5A782126272D78F247971E9F
:107630007CFAC60100AD03E55DFF16BAFCC0200070
:1076400048B12D0AC02000380537145FA510AB1BC8
:10765000744D0706EEFF000000C2C10CBD04AD0270
:10766000A5C818566AFDC8E3CBB1A2C344653BFF69
:10767000569AFCB2C10C30A320A562FF56DAFB7209
:10768000010E82A07E4A777738A51B4477B4C1BD2E
:1076900004CBC120A22065C518CBB1AD036560FF46
:1076A000166AFE86E5FF0C0A46E4FF001DF00000A6
:1076B000364100B8028C7BAD0225CB18C6FCFF001A
:1076C0001DF000003641003852A11CE4AC637C0878
:1076D0003222039833871924A2C20CB832E5C818A5
:1076E000BD03AD0225C618B892AD032564FF0C0A90
:1076F00038921B3339922D0AC020001DF0AD03656E
:1077000064FF162AFD46FBFF36E100397131C9E2FC
:10771000C020003803C02000326113387116F32CEA
:10772000AD02CB324972526208C0200010112025F0
:10773000F8FF30A320326105C0200010112025F78A
:10774000FF7CFA3100E457330FF0A5115A3AD0A369
:107750001130AAC0E0AA114BAAB1F7E3101120A57D
:1077600033096D0AACAA4B7A0B85590A3D0789612A
:10777000886196A801AD03C02000101120E544FFE8
:10778000886132C3540B888961C0200006F8FF006D
:107790006D073862696216230562C3FC7806F067DC
:1077A000117A76D067117066C0E066116063806000
:1077B000762077131372C7ACA2C744C02000101103
:1077C00020E534FF86FAFF000030A6C031D2E3A0E6
:1077D000A24130AA82314EE330AA1032AFAC30AAB7
:1077E00082A2CAFCAAA61011202588093862166355
:1077F000205A540C03579402062200A862CD043A82
:10780000AAB87110112065C7FF568A08B2C124A812
:107810006230AA80101120254FFF8CEAB8623ABB73
:10782000A85110112025B218860E00007802689128
:1078300016C722B2C128AD07101120E54CFFECFAA3
:1078400088A187B62B68623A6688221B889807EC65
:10785000397802990679168C1762670078126902E6
:10786000CC076912892232C3541B44C02000C6E0F1
:10787000FF781746EEFF6919690779169906C02047
:1078800000C6F7FF3822EC73AD023992C020001019
:10789000112025E3FF2D0A3167E2C02000422113A9
:1078A000C020003803379402466F00101120A5EA6B
:1078B000AAA812B2C128101120E544FF4D0A8CFA83
:1078C000E1A2E33C2CD1A1E3B1A2E310112025C138
:1078D000AF38A11B33581239927CF3A9A1B2A0FF93
:1078E000F2C12CE2C1280C0DB911CD0BAD05B901C7
:1078F000C020001011202561FFCCFA68A132012EB2
:107900006A3339A1C0200086F4FF000026032D3819
:10791000027C86C2012D379502C6480078336797EE
:1079200004381306FBFFE2012FF2A0FFD2C134ADF1
:1079300003B2012C1011206579FF563AFE38027C03
:1079400085169307683357160246270058127CE6BF
:10795000783567971EAD05101120A53EFF564AF3F6
:10796000BD05AD0210112065A018A851BD0510116C
:1079700020659D18AD02101120A5D4FF565AF1B80C
:1079800012AD0310112065C6FF0C150C06A056831E
:1079900067150A5170E35A5A67150286BDFFAD0399
:1079A000101120253AFF56BAEE30B320AD02101167
:1079B00020A59B18A851BD03101120E59818AD040F
:1079C000285256F2ECA15EE346B2FF00E2012FF22C
:1079D000A0FFD2C134C2A04150A520B2012C101189
:1079E00020A56EFF562A0786D4FF381346D4FF0021
:1079F000A2A10286A7FF0000A2A10186A5FF00ACFC
:107A0000A738613055C0F035115A53D03511503375
:107A1000C0E0331132C3AC3A3777131032C3ACA293
:107A2000C344101120A50EFF46FBFF0000B142E346
:107A3000AD06101120A57809AD0210112065250AA8
:107A40004C85571C0206BDFF58027C86379502867E
:107A5000BAFF783567170246DCFF581506FBFF00B2
:107A6000B862AD023ABB066EFF1DF000364100CD94
:107A7000020C2B0C1AA54FFE5D0A22A1059CBA62CE
:107A80000A252135E3DC361C0A2578B44D0A22A1EB
:107A9000018C7ABD0565DDFE2D064903C020001D61
:107AA000F000000036410020B220C2A004A2AFFFC7
:107AB00081C4E2E008008BB2C2A01081C1E2E008FC
:107AC00000B2C2180C8C81BEE2E008002D0A1DF045
:107AD000364100BD02C2A0017CFA81B9E2E0080093
:107AE0008BB21C0C81B7E2E008003BB20C1C81B4E5
:107AF000E2E008002D0A1DF0364100AD02E572B447
:107B00001DF000003641003116E330A320B113E32D
:107B10002518002D0ADC4A0C1A253EB08112E3A973
:107B20000856BA00A22300C02000A51A0022A10115
:107B30001DF00000364100654FB4B10CE3A0DA201F
:107B4000B0EB200C1A5C82F108E3C109E36549053A
:107B50001DF0000036410082A01616820316830035
:107B60004803BC043813F6332C0C8A256AB44D0A3A
:107B70000CC8AC0A391A0C4A2613010C1AC0200092
:107B8000A537B0A2640032240056D300AD04C02053
:107B900000A569B40CB82D081DF049020C08C020DE
:107BA0000046FCFF36410031F3E27CFBAD03E53ECD
:107BB000B24D0288020C02660809BD0240A420658D
:107BC000F9FF2D0AAD036552B21DF00036410016D3
:107BD000F2043222002603431663040C0BAD036546
:107BE000A5AA26BA382813A803661214252DB02694
:107BF0001A1DD1E1E2B2A254C1E1E2A1E1E22550B5
:107C0000B4D2A000D0CD20D0BD20250EB086F7FF85
:107C1000A22300A56BB030A3202561B40C0A2D0A65
:107C20001DF01C6A86FDFF0036410031D6E2B2AF7E
:107C3000FF30A3206536B220422021D3E22802CCB7
:107C400052AD03A54AB21DF088024718F328220658
:107C5000FBFF000036410056E300D1CCE2B2A08326
:107C6000C1CCE2A1CCE2A549B428039CD28822A8C9
:107C7000028903C0200025FBFF8C7A881A8C38A863
:107C800012E00800AD02655AB406F7FFAD03E559EE
:107C9000B41DF0003641000CCA2557B44D0A0CC57E
:107CA000ACCA51B8E27CFBAD05252FB20C18A1B6C9
:107CB000E2980A8C2988091B88826200426A005077
:107CC000A5200C05890439149924C02000E541B28F
:107CD0002D051DF036410031ABE2B2AFFF30A320DD
:107CE000A52BB2AD0225F4FF9C0AB1A7E2880B9840
:107CF0002AA79815990BC020002553B430A320E57E
:107D00003EB222A0009000008D0BB828A79BF899E6
:107D100028C0200086F7FF003641000C0BAD0BA5F4
:107D200047B18C2AA80ACC2A2D0A1DF0880A87128E
:107D300004A82AC6FBFFA81A06FBFF003641002054
:107D4000A22065EEFF42A0029C6A0C0BAD0BA5447D
:107D5000B15D0ADCEA0C4B0C1AA552B45D0ACC4AA0
:107D60000CC42D041DF0B2A000D18BE2A0CA20B03B
:107D7000AB20653FB182250080482056F401AC83DA
:107D80000CCAA548B4167AFD391A3805290A2D03FC
:107D9000ECD2FC24392AA905C02000C6F0FF9804C3
:107DA000971230482486F4FF39140C04C02000C612
:107DB000EBFF8D0338284793F82928C02000860759
:107DC000004D022822C6F1FF3824392AA924C020F8
:107DD0000046F5FF5603FD2224024798D62265008F
:107DE00040A420C020006544B446EFFF364100A502
:107DF000C2AB8110E1A908C020001DF03641000C83
:107E000018824300C020000C098164E288088808B9
:107E1000CC582D09C020001DF0A808271A12A2086E
:107E200004CC4AA24300C020008828C0200086F766
:107E3000FF9D0886FCFF00003641002159E220A288
:107E400020E527B3AD026537B3AD02A53EB321539C
:107E5000E2280288020C02CC181DF000224804C05F
:107E600020008828C0200006FBFF000036410041AA
:107E700050E27CFBAD046512B22149E2AD0225243B
:107E8000B3AD02A52EB3AD02A53AB35144E2280525
:107E90002802CC72AD046525B21DF000002110E26D
:107EA0003222001613016518B4A0BA20C142E2A123
:107EB00042E2810EE2E0080032250032230056A3A0
:107EC000073222009C236516B4BD0AD13DE2C139B8
:107ED000E2A13CE28106E2E0080032A0006135E266
:107EE000780216F7016514B47D0AAD03A52DB165BE
:107EF00025B1ED0AA135E2DD0360C62070B720810F
:107F0000FBE1E00800261302461E00654B18380509
:107F100032030816530728021612012511B4A0BA1D
:107F200020C124E2A12AE281F1E1E0080040A4207E
:107F3000A51BB2A2A006E5E9AAA513B462030456E4
:107F4000D603A22300E526B16117E28C1A6116E27E
:107F5000A8032526B181BAE0879A026114E2822241
:107F60000016B801650CB47D0AA803A51DB1DD0A91
:107F7000ED06C110E2BD07A111E281DCE1E00800DD
:107F8000382306CEFF0C1346D5FF000030EB03303C
:107F90003D045222001635012509B4A0BA20C105BE
:107FA000E2DD03A10BE281D1E1E00800A2A064259B
:107FB0001FAB62A00152A00028023056833D059CF1
:107FC00012A506B4BD0AC1FBE1DD05A102E281C72D
:107FD000E1E00800AD03252DABC6ADFF3641004101
:107FE000F4E1B2AFFFAD0465FBB130307451EBE1A9
:107FF000680556C60A1C0B0C1AA528B4A905CCBAEC
:10800000AD04C02000650EB222A1011DF0C1F2E155
:10801000E2CA0C60D620BD06690A226A01324A080B
:10802000C020001C0AC02000E59E036D0A8CDAE126
:10803000EBE1C2A0D6D1EAE1B1EBE1654AAF0C8A2F
:10804000257E0521D7E10C1DBD0DAD02C1E7E1A5DF
:10805000CCB2AD02A506B338058813B0C81180CCE8
:10806000C0E0CC118ACCAD020C1DC0CC110C0BA50C
:10807000EFB238050C3D0C1BAD025813B0C51150C2
:10808000CCC0E0CC115ACCB0CC11E5EDB2AD02655C
:1080900005B3AD02E519B3AD042505B20C0246DA0D
:1080A000FF0022660121BEE120A220324608C02046
:1080B00000C02000A500B3AD02A507B338056813C2
:1080C000B0C61160CCC0E0CC116ACCC6E5FF0000A0
:1080D00036610031B7E1B2AFFF30A320E5EBB1412B
:1080E000AFE1522400CC95AD032500B222A1031DBF
:1080F000F000CC32A5E9B02D0AFBB120A220E5CFDB
:10810000FF5D0A16BA0030A32025FEB122A10206A7
:10811000F7FFB2A00CA2A001A516B456BA0030A376
:1081200020A5FCB122A10106F1FF92240082A0014A
:10813000824A04C020008809290A592ADCA8A90912
:108140000C0AC02000257EB0A7121E0C1AA57DB017
:10815000A792300C1B0605008D0998285689FFA9A7
:1081600028C0200006F6FF000000B2A000A19FE199
:108170006548008CDAE19EE1C2A12DD19EE1B19962
:10818000E1E535AF22010F8C12E5CAFFAD03E5F53D
:10819000B10C0206D6FF00003661002185E1B2AFC6
:1081A000FF20A22065DFB1817DE1822800CC88AD6F
:1081B00002A5F3B122A1031DF065DDB0FBB1E5C35B
:1081C000FF56DA00AD0265F2B122A105C6F9FF0043
:1081D00000000C18824A04C0200082010F8C48C0A5
:1081E000200065C5FFAD0265F0B10C02C6F1FF00CD
:1081F00036410065FAFF0C121DF0000036410040C8
:10820000EB03404D040C0232A045BD020C6CAD04E2
:108210001B228179E1E008003792EE1DF00000009A
:108220003641008176E10C19C02000924800C02040
:10823000001DF0003641003D020C140C05661320B1
:108240006D03661207AD06101120A55AAEB2A40048
:10825000A2A002A5D9AE567A0026141B42C4FF3D47
:108260000530A3206568AEB2A400AD05E5D7AE1613
:10827000AAFC6522031DF0004D0A06F1FF00000074
:1082800036A100215FE1A22200A583186588AECC4B
:10829000DAD15CE1B2A07FC15CE1A15CE125E6B38B
:1082A0000C1AA56BAE3198E00C0239312921C0209F
:1082B000002568AE3D0A8BA165E0B28BA1E5EFB267
:1082C000A2A640A0B3A2C1FDDFA0A382D15ADF8144
:1082D00001E0E00800CD0A0C4DBD028BA1A5C8B29B
:1082E0008BA125F5B2AD02E5F4FFA564AE3D0A8B86
:1082F000A1E5DCB28BA165ECB2A145E1A0B3A2A0DF
:10830000A382C1EEDFD14BDF81F3DFE00800CD0AAD
:10831000BD020C4D8BA125C5B28BA1A5F1B2A2C1A6
:10832000106587AEB2C120A2A0A0322107E580AEC1
:10833000279A0CB2A0ADD137E1C133E186D6FF0058
:1083400020A220A50BABA2C1202598AEA0EA0382F3
:10835000A0A080BAA280AA8230C32020D22081DDD2
:10836000DFE00800A0EA131DF00000003641000C19
:108370000A8136E1E008002D0A22C2F50C1A813389
:10838000E1E00800B63208A2CAF5B63A02C63600E5
:10839000A124E17CF32591ABA02330A122E1A5909B
:1083A000ABA04330A121E12590ABA033300C1A25BE
:1083B0005D05562A0C7CDAA02210A11CE1A0222027
:1083C0000C2AE55B058C4A511BE1502210611AE131
:1083D000AD06658DAB5119E150AA20C02000A90659
:1083E0006118E1AD06C02000E58BAB50AA20C0208B
:1083F00000A9067CF5303530610AE1AD06C02000E9
:10840000658AAB208530A0A810C02000A906610DA8
:10841000E1AD06C020002589ABA0A220C02000A9A4
:10842000064025306100E1AD06C02000A587ABA065
:10843000A2102105E1C02000A906AD02C02000A5C0
:1084400086ABA0A420C02000A2620021F7E020A2F9
:1084500020C020002585ABA03310C020003902A227
:10846000A018C02000E53B051DF0000031EBE00C3A
:10847000F421EAE046CDFF00A2AFBDA02210A1EC9E
:10848000E006CEFF3641002598AA2D0AA2A0008161
:10849000EFE0E00800268A7082A008A73831265A4B
:1084A0006CF66A1F261A04263A4A0C0A81E9E0A9EA
:1084B000088C820C0821E7E0C020008902C020005F
:1084C0001DF00000266A4C667ADF0C6A06F7FF0092
:1084D00026AA210CC8A7380F0C98871A040CB88755
:1084E0009AC70C7A06F1FF000CF8871A2B26BAF10E
:1084F0000CD846FAFF82C2FCB6380882C2F7A2A0A6
:10850000035678FAAD0286E8FF0C5A46E7FFAD083D
:1085100006E6FF000CAA86E4FF0C9A46E3FF000083
:1085200036410030EB03303D04A2A01AE50F03AD45
:10853000031CAC4C4B81B0E0E0080021C7E020A256
:10854000205673012576AB81C5E080AA20C02000AB
:10855000A9021CAAC02000650C031DF0A574AB3C49
:10856000F846F9FF36410041BEE07CFBAD04E5A2D0
:10857000B180EB03808D0431BBE0E088118A830C6D
:1085800002AD04C020002908C0200025B6B1E0EBF0
:1085900003E0ED04C1B5E0279E1ADD03B2A4001C80
:1085A0008A6547039CAAE1B2E0C2A071D1B2E0B1F2
:1085B000B2E0E5F2AEED02D1ADE0B2A4001C9A86C5
:1085C000F7FF1DF036410020EB03202D0431ABE016
:1085D000B022113A2232A00042A001305320A8025A
:1085E0008C4AE00A00A045831B334B226683EE16BB
:1085F000240065EA171DF0003641005D0222A10249
:10860000F62335219FE07CFBAD022599B1B08311A3
:10861000919BE00C0B9A880C8A768A25480856A410
:1086200001D03311B03380E03311303980AD0259BD
:10863000032D04C0200065ABB11DF000B2CB018258
:10864000C80420A22065AAB122A10186FAFF000079
:108650003641005D0222A102F623352189E07CFB30
:10866000AD02A593B1B083119187E00C0B9A880CF1
:108670008A768A25480856A401D03311B03380E0A9
:108680003311303980AD0259032D04C02000E5A517
:10869000B11DF000B2CB0182C80420A220E5A4B134
:1086A00022A10186FAFF0000364100F6232D417415
:1086B000E07CFB40A420658EB1B033118170E00CEA
:1086C000098A3382A008768809A803A79201990332
:1086D00032C30440A420C0200025A1B190000000B6
:1086E000364100A2A009E513052167E00C1D0C2B03
:1086F000AD02C13DE02562B2AD02659CB23163E0DE
:108700000C1DCD03B2A000AD02E585B20C3DCD033A
:108710000C1BAD022585B2AD02A59CB2AD0265B1C0
:10872000B2654403AC8A20EB03202D04AC020C0894
:108730003D082157E080624032A001808320807292
:10874000402154E08062403166DF808320807240A7
:108750001DF00000364100B0EB03B0BD04A14EE0B7
:10876000E5EEFFA2A01A65EC02A0EB03A0AD04C2E7
:10877000A01AB2A0148120E0E008008148E00C09B2
:108780009908C02000253E038C5A0CE98145E099E8
:10879000081CAAC0200065E8021DF000368100A177
:1087A00041E082A000980A22410CC02000826106AC
:1087B000C02000822907C02000826107C0200082FB
:1087C000210780807526E8E7D2C1180C1CCBB1C008
:1087D000200065C1001DF0003661008133E010A16A
:1087E00020922800881889118131E0990198088821
:1087F0001899218931C02000658CB2AD016593B212
:10880000AD0125A3B28BA1A58BB28BA16592B28BD2
:10881000A125A2B21DF000003641001B220B82A24E
:108820000800CC2A1DF0000025F7FF06FBFF000022
:10883000364100811FE0A808E5FDFF1DF0000000A3
:108840003641000C8342A009208C3580A074873407
:1088500012A2CA300B3365F4FFC022115683FE1DED
:10886000F0000000A2CA5746FAFF0000364100316E
:108870006ADE20AF313032B2303221A033C030A3B3
:1088800020E03311A03380F033113032C0CCFA2C09
:108890000AA5F0FFA2C330A0A07425F0FF1DF000D0
:1088A000A2CA30A0A074C6F9FF00000036610081A2
:1088B000FEDF0C0D0C1BAD0198088818891181FB97
:1088C000DF9901C1C9DF98088818926102826103AB
:1088D000C020006544B2AD01657EB20C3DC2A7D098
:1088E0000C0BAD012568B2AD01A57FB2AD01659459
:1088F000B28BA1E57CB28BA1A583B28BA16593B2AB
:108900001DF0000036E100514BDEC0200032250092
:10891000C02000326113C0200025F9FF31E7DF32AB
:10892000030016E30632A00041E2DF62240041E1C9
:10893000DF604383393239220C3349423912A8327D
:10894000165A00C0200025EDFF41DFDFAD04A5EC85
:10895000FF38428C33A872E00300AD04A5EBFFE5BD
:1089600006AB163A05A1D9DFE5EAFFA86225EDFFBF
:10897000A1D8DF65EAFF25E6FF0C0AB862E5A3B1DE
:10898000C02000322113C020002805279302864111
:108990000065DCA938221643FAA1C8DFA5E7FFA8C5
:1089A00002A5ECFFA1C7DF25E7FFA822A5E6FFA1EE
:1089B000C5DF65E6FF46E1FF0031C6DFAD03A589EF
:1089C000B25D0A560A04DD0ACD0AA0BA20AD03A59D
:1089D00034B225F6AD6D0A30A320656EB2A1BEDFBC
:1089E000A0B6A2A0A682C135DED192DD813ADEE03A
:1089F0000800CD0A0C3DBD05AD03E556B2AD0365DB
:108A00006EB2AD03E582B265EAFF5852165500A278
:108A10002207E0050040A420E5DFFFA1B0DFA5DFCD
:108A2000FF4C1BBBA1E561A8BBA1E5DEFFAD04A522
:108A3000DEFFAD0425DEFF41AADF52040016450328
:108A4000A1A9DF65DDFFAD036567B2AD03656EB259
:108A5000AD03257EB2253BAADC0A28120C5A261249
:108A6000070C6A262202A2A004A536AAA19FDFA5B0
:108A7000DAFF25390025D6FF0C16AD02624400C08E
:108A80002000C0200065C005524400C02000C02066
:108A900000A5E1FF86EBFF001DF00000364100213C
:108AA00093DF3193DF37B21780EB03808D04219180
:108AB000DF8A220C18C02000824200C020001DF076
:108AC00080EB03808D0498128759048802E0080027
:108AD00022C2F8C6F2FF000036610025F0AA253256
:108AE00002653E03656803A53500E58403654C0116
:108AF0008CDAD181DFB2A122C181DFA181DF2560C3
:108B0000B32180DFA80265F7AB3180DFAD03B17E12
:108B1000DF4802A5050AA914AD03417DDFBD045855
:108B200002C0200065040ABD04A925AD035802C097
:108B30002000A5030AA935A802B82AC02000A5A3D1
:108B4000ADA802B83A25A3ADA802B81AA5A2AD6592
:108B5000FBFE8CBAD170DFB2A140C168DF86E6FFB0
:108B600000A569FDA16DDFE5D1A86576FDA56EFDC7
:108B70008CCAD16ADFB2A148C161DF06DFFF000005
:108B8000B168DFA168DFA5C7092167DF3168DF228F
:108B9000C2FC37B24B22A0006568FF0C14E5EFFF62
:108BA000C02000224108C0200022010820207416A5
:108BB00062030C022901AD010C132153DE2911C0FF
:108BC0002000E54FB2AD01E556B2AD016566B221B8
:108BD00058DFC02000324200C02000252C1806FFBC
:108BE000FF4802E0040046E9FF3142DFA2A064C072
:108BF0002000424108C02000820300C02000220162
:108C000008202074802210C02000224108C02000CB
:108C1000320301C02000220108202074302210C03D
:108C20002000224108C020008143DFE0080006DD6B
:108C3000FF00000036A1002C4C0C0BCBA16527AD2A
:108C400050EB03505D04413CDFE065116A84290864
:108C500016D30320A220C02000E57717665A0566C8
:108C6000150206FFFFAD02257717CC75666A05066B
:108C7000FFFF00000020A220E57517667A12A531DB
:108C8000AA571A0C6044800C022904C0200046FE3A
:108C9000FFA5C1FF0C1A8127DFE0080040EB03406D
:108CA0004D0456A40B0C1A101120E573B1251DAC10
:108CB000A5D1AA16EA06AD026571178115DE80AA54
:108CC000108114DE80AA204151DE4A4A5151DE470C
:108CD0003502C626004119DF4A4A5119DF473502DD
:108CE000462300808AC04117DF87340246200041B6
:108CF00016DF4AAA4116DFA73402C61C0020A220B4
:108D0000B114DFE56D1720A220E56C17265A028604
:108D10001C004110DF40A420653AB2AD04E544B226
:108D2000AD042551B240EB03404D0442610342A023
:108D300004CBB1AD0249410C0449714107DF324116
:108D40002CC020004951166304C02000E52D00CB43
:108D5000A13102DF29A13981C02000A5BAFF1DF091
:108D60000C0A6568B166140246D0FF86CDFF00008C
:108D700000AD02E565174152DE478A0246DFFFC6B5
:108D8000E0FF000000AD02256517666A9746E0FF28
:108D9000A5260006EEFF000036410081C7DE8208EE
:108DA0000056D80020A220BD03E51700A1EDDEA5E6
:108DB000A6FF30B32020A220E52C00900000000088
:108DC00036410031DDDE0C060C154D06AD02780390
:108DD00020B7C0B0459340B420E5FBFF41E1DEADD4
:108DE0000465A3FF271708A803BD06679A091DF0AD
:108DF000A22301BD05165AFFE5F9FFAD04A5A1FFA9
:108E000086FAFF003641002519AA660A026501AA02
:108E1000658EA900364100A59200A0EB03A0AD0429
:108E20000C190C08A08983AD0865B1AA0C9A65FAE3
:108E3000A9A1CCDE812EDEE00800A5FEA90000007D
:108E4000366100B1C9DE0C5CBBA1A5F0ACBBA125AD
:108E50008100A1C6DEC2A0800C0B2591FB0C1AE597
:108E60008B001DF036410038127CC230221081C0C8
:108E7000DE8A8231E9DD87333A22C2FCA1BEDEA55B
:108E800099FFAD02A59BFFA1BCDEE598FFC02000C5
:108E9000A802E59AFF31B9DE30A320E597FFC02094
:108EA00000A22201A599FFAD03E596FFC02000A80E
:108EB00022E598FF1DF00000364100A1B1DE30E947
:108EC000036595FF076305A1AFDEE594FF17630512
:108ED000A1AEDE6594FF276331A1AEDE87632881F2
:108EE00096DEA228010C1820AAC022A000A0288388
:108EF000AD02652DB0E524B02D0AA1A4DEA591FF39
:108F0000AD026591FFA1A2DEE590FF376305A1A246
:108F1000DE6590FF476305A1A1DEE58FFF5763057E
:108F2000A1A0DE658FFF1DF0360101B19EDEC2A05B
:108F300060AD0125E2AC4D02A19CDE5D01A58DFF77
:108F4000AD03A592FFA199DE72C160E58CFF0C060E
:108F5000A198DE658CFF6AA5A80AB20A00165B011B
:108F6000658BFFA194DE258BFF6AA4A81A258DFFCF
:108F7000A192DE658AFF4B6666B6DA52C51042C41E
:108F8000107795C9101120A535AB16AA0656B30562
:108F900022221426520286170020B103A185DEA5E5
:108FA00087FFA181DE2587FFAD03258CFFA183DE2E
:108FB0006586FFA183DE2586FFAD026588FFA1815E
:108FC000DE20B2032585FFAD026587FFA17FDE208D
:108FD000B3036584FFAD02A586FFA17CDE20B40348
:108FE0006583FFAD02A585FF060300006613082216
:108FF000221466620206E8FF1DF00000364100827E
:1090000022142C7A9173DE873A09E0A8119171DE5F
:10901000AA99980999239170DE9933CC38816FDE33
:10902000894328122963C020001DF00036410082C8
:1090300022146658330C0889030C1889130C0A8112
:1090400068DE8923822214A933E68817E02811916B
:1090500065DE2A99280929236618082163DEA263A0
:1090600001226304C020001DF066680B0C18890300
:10907000C0200006F1FF00006678C1E5F1A9A90350
:10908000C0200086EDFF0000366100822201C2A0F0
:109090000110B120A2A06489018842891188322977
:1090A000318921C0200025FCA91DF000364100D0E7
:1090B00082112028C081EEDCD0221120288092224B
:1090C0000081C1DC808980A1C1DC873A0EB2A07228
:1090D000D147DEC147DEA147DE6502B328327CF806
:1090E000208830C02000A809A08810C0200089096D
:1090F000C020001DF0000000364100D08211202861
:10910000C081DBDCD0221120288082220091AEDCDD
:10911000909880A1AEDC973A0EB2A068D137DEC13C
:1091200037DEA134DEA5FDB2C02000980828322029
:109130002920C020002908C020001DF03641002051
:10914000A220662302C62A00F63308ACD326136B8E
:109150001DF00000664302464500F64302C6330098
:109160006653EC91F1DC8B32E033113A390C4BC091
:1091700020008823B08820462300000091EBDC32D9
:10918000C208E03311303980B2AFFBC02000882321
:10919000B08810C0200089230C180012400088A15C
:1091A000208811C0200038593030D4803320C020AE
:1091B000003959C0200025F4FFC6E4FF91DBDC8BA9
:1091C00082E088118A897CBCC02000B82800124047
:1091D0000033A1C0BB10203311C02000B928C0202B
:1091E0000088498080D4803320C020003949C020C5
:1091F00000861C0091CDDC8B32E033113A397CBB08
:10920000C020008823B08810C0200089230C1800DB
:109210001A400088A1208811C0200038493030D47D
:10922000803320C020003949C0200006E1FF000043
:1092300091BEDC32C208E03311303980B2AFFBC0DE
:1092400020008823B08810C0200089230C18001249
:10925000400088A1208811C0200038593030D480C7
:109260003320C020003959C0200025E4FFC6B7FFD5
:1092700091AEDC8B82E088118A89C02000B828304A
:109280003B20C0200039280C180012400088A12083
:109290008811C0200038493030D4C0200046D1FFAA
:1092A0003661001CF988023729360C19001340007A
:1092B00099A1C0200092681332C320E033113A38DC
:1092C00091D0DDC02000882390881091E3DC162423
:1092D000009120DC908820C020008923C020001D40
:1092E000F0C020009228160C1A00134000AAA1B268
:1092F000AF00A0A074C020009931C020009831B008
:109300009910A09920C020009931C020009831C048
:109310002000926816C0200006E7FF003661009822
:109320000282C320E088118A89C02000A828B1B435
:10933000DDB0AA10C02000A9281CF83728120C188C
:109340000013400038A1C02000326913C020001D66
:10935000F0C02000822916A2AF00C0200089310C85
:10936000180013400038A1303074C020008831A0AC
:109370008810308820C020008931C020003831C0DA
:109380002000326916C0200006F0FF003661008818
:1093900002A19FDD919CDDA7180BA19EDD919ADDB6
:1093A000A71802919ADDC02000A878C02000A9313A
:1093B000C02000A831A0A074C02000B22818C0208E
:1093C00000B921DC1AC02000B821B0B2A4C020002E
:1093D000A821A0ADA4A71B0BC02000A809C0200095
:1093E00086F0FF001DF00000366100B802C02000CA
:1093F000887BC020008931C0200088318090758230
:10940000A0809088C080A0F44090F4A7340280909F
:10941000F4417FDD9905A180DD471B0B417EDDA175
:109420007FDD471B02A17EDD0C08973804C02000B9
:109430001DF08A434204001B88C02000490AC02056
:109440000046F9FF3661008D022179DD2A28417935
:10945000DD27B4112179DD202880413CDD27B405CA
:1094600022230716520C422308A63402062F00922C
:109470002307522306D80816E900661902C62800F9
:10948000216BDD262905E5BEB22167DD2C8C0C0B96
:10949000AD0892030872030468A39931D921C02052
:1094A0000025A1AC8D0AD821C165DDD90AD0D5111E
:1094B0009831492ADA4C291AE80421ADDB924A0D89
:1094C000E092D290E2D20C091C92724A0EC02000A7
:1094D000695AB8531BBBA20310A029932AABE0BA68
:1094E00011A0BB80C0BB1122AC19272B0EA1ABDB96
:1094F000A0ABB2B0BF31A0A621B09AC0E099D2DA39
:10950000CCC02000281C92480CC02000320324C08C
:10951000200029480C022713030C333968C02000AF
:109520001DF000002140DD46D8FF000022A1028688
:10953000FAFF000036410098120C12813BDD87993A
:109540000E813FDD803380813FDD37B80222A000ED
:109550002020041DF000000036410030B32020A27E
:109560002025FDFFA02A201DF00000003661000C20
:10957000180013400038A13030B481D3DBA1E6DB02
:10958000564205D03301C02000922815A099103012
:109590003920C02000326815C0200038F8C02000F3
:1095A0003911C02000381130367556A3FEC0200096
:1095B0003228159125DD903310C02000326815C087
:1095C000200032281591C2DB903320C02000326881
:1095D00015C02000460E0000C02000922825D03380
:1095E00001A09910303920C02000326825C0200029
:1095F0003228259115DD903310C02000326825C037
:10960000200032282591B2DB903320C02000326840
:1096100025EC82C020003228153030051613FFECEF
:1096200052C02000222815C020002921C020003867
:10963000213030F40C023904C020001DF0C020009D
:1096400032282586F4FF0000C02000222825C020F3
:10965000002931C020003831C0200086F4FF00000E
:109660003661000C08C020008931920203909004FA
:10967000209911C020008831A1F5DCA088109088C5
:1096800020C020008931920204909004109911C0EA
:1096900020008831A1EFDCA08810908820C0200035
:1096A0008931C02000883191EBDC908820C02000F7
:1096B0008931920202909004609901C020008831A3
:1096C000A1E6DCA08810908820C020008931920299
:1096D00000909024509901C020008831A1E0DCA0C6
:1096E0008810908820C02000893192020190900457
:1096F000209901C02000883121DADC208810908870
:1097000020C020008931C020008831217FDBC020AB
:1097100000826235C020001DF0000000364100913B
:109720007ADB202004A2AF7F902211C0200088F9AC
:10973000A08810208820C0200089F9C020001DF0DA
:109740003641009171DBA2A080C02000822912A0C6
:109750008820C02000826912C020001DF000000097
:109760003641007CF89C023CF937390CF083113A01
:109770008831BCDC8A338203022D081DF000000012
:1097800036410042222DB2A0A440C420BAB2AD039B
:10979000A5BDAC8CDAD1B5DCB2A128C1B5DCA1B5D0
:1097A000DCE595B2AD0325B6AC21AFDCA714014AC8
:1097B000231DF000366100BD02A2A0C0B931C02057
:1097C00000A5A4B22D0382A1013D0AB8319C7A0CF8
:1097D0000791A9DCC1AADCA809A7970F66871A30F0
:1097E000A320A5A4B282A1012D081DF0E08711CA13
:1097F0008888088C981B7786F7FF82C701826900EA
:10980000E09711A2A0A4AAA3819DDC9A883908261A
:109810000227C02000A5A1ACC2A0A4BD04AD036571
:1098200053AC0C0822632D52632E72632F8716B738
:109830007906C02000C6EBFF00000CFC0C0B65672E
:10984000ACC6F4FF364100AD02BD03CD04DD05ED2D
:109850000626031F2613260CF8373821B62314F2E8
:1098600002002CF922A102979F0E3A9A0B999209B5
:1098700000F71904E5F3FF2D0A1DF000000022A1F6
:109880000206FDFF36410020A220E5A7ACA0BA20C9
:10989000E2A000DD04CD03AD02A5FAFF2D0A1DF004
:1098A0003641008D020C022728132173DC98020C2C
:1098B0000297B809E088112171DC8A8228081DF01E
:1098C00036410082A03FA2A000273813F082112069
:1098D00088802164DC8A22A2020100AA2325FCFFE1
:1098E0002D0A1DF0368100AD02E5A1AC6D022162AA
:1098F000DC0C048D0A7CF79D0428020C1DE2A0A458
:109900002CFF29712D043871479304C020001DF0ED
:10991000515BDCE034115033805223001685043251
:10992000252D373842A2C301BD09A0BD83FC7BEAC7
:10993000B5CD03AD0689619951D941E931F921C00D
:109940002000E537AC88619851D841E831F821DC36
:109950005A30A2208CEA87B3073AA6A20A00F79AE7
:109960000637A7037D032D051B4406E6FF00000014
:1099700036410030A320E5F6FF207220A06A200CBB
:10998000228C9ABD03A5DFFF2866CCB25C82290732
:109990007CF2C0200046170000380607635ABD0A53
:1099A000DD05A2262ECD04E002003D0A960A0841FC
:1099B00034DC0C0240A420A500AB4C0A912ADC8DBB
:1099C00009768A45B2090100BB23660B36F0721195
:1099D00020778070888072080052AFFE507710ADFB
:1099E0000452262F724800524801324802C020001B
:1099F000C02000E500AB1DF000CD05BD04E0020075
:109A000086E9FF0022C20192C90340A42025FFAAD3
:109A100028761662F7480607640DBD03A2262EE0DD
:109A200002000CC286D9FF00AD03E0020046FCFF35
:109A3000250709280A46D5FF364100AD0325E8FF72
:109A40006D0A30B320A5D1FF8C16D6CA000C93390D
:109A5000027CFA2D0AC020001DF08816CC485C83D9
:109A6000C6FAFF00280607620FBD0ADD05A2262EF2
:109A7000CD04E0080086F6FF00CD05BD04E0080037
:109A8000C6F3FF00364100AD0365E3FF6D0A30B356
:109A900020E5CCFF8C16D6CA000C9339027CFA2D37
:109AA0000AC020001DF08826CC485C83C6FAFF005F
:109AB000280607620FBD0ADD05A2262ECD04E008A8
:109AC0000086F6FF00CD05BD04E00800C6F3FF00E8
:109AD000364100AD03A5DEFF6D0A30B32025C8FF77
:109AE0008C16D6CA000C9339027CFA2D0AC02000CD
:109AF0001DF08836CC485C83C6FAFF002806076252
:109B00000FBD0ADD05A2262ECD04E0080086F6FF73
:109B100000CD05BD04E00800C6F3FF00364100ADEE
:109B200003E5D9FF4D0A30B32065C3FF8C14D6AAD4
:109B3000000C9339027CF2C020001DF08874CC38F0
:109B40005C8346FBFF280407623EBD0AA2242EE088
:109B500008002D0A41CBDBAD0465E6AAF083113A7B
:109B60008831C0DB8A3382030007E81080B2049C8E
:109B7000DB92A002908820824300C02000AD04C088
:109B80002000E5E7AA86EBFF00E0080086F0FF0072
:109B9000C2A00330A320E531AC82AFFF8243018233
:109BA0004302C02000C0200046F4FF00364100AD53
:109BB00003E5D0FF5D0A30B32065BAFF8C15D6CA25
:109BC000000C9339027CFA2D0AC020001DF0888514
:109BD000CC385C83C6FAFF280507620FA0BA204084
:109BE000C420A2252EE00800C6F6FF00BD04E00850
:109BF0000086F4FF364100AD03A5CEFF5D0ACCBA66
:109C00000C2339027CFA2D0AC020001DF030B3204D
:109C1000E5B6FF8225095648005C83C6F8FF280593
:109C200007620CBD0ACD04A2252EE0080046F5FF10
:109C3000BD04E0080046F3FF364100AD0365CAFFEE
:109C40005D0ACCBA0C2339027CFA2D0AC020001D13
:109C5000F0AD0425C9FFA715041C23C6F9FF30B3D6
:109C60002050A520A5B1FF3D0ABD04AD0525B1FFDB
:109C700088A5CC385C8306F3FF280507620ECD0A61
:109C8000BD03A2252EE0080086EFFF0000BD0AAD4F
:109C900003E0080086ECFF00364100AD0365C4FF19
:109CA0004D0ACCBA0C2339027CFA2D0AC020001DC3
:109CB000F030B320A5ACFF82240B5648005C83C66D
:109CC000F8FF280407620DA0BA20A2242EE00800A5
:109CD00086F5FF0000E0080086F3FF00364100AD86
:109CE0000325C0FF5D0ACCBA0C2339027CFA2D0A89
:109CF000C020001DF0AD04E5BEFFA715071C23C65C
:109D0000F9FF00000030B32050A52065A7FFA03A5E
:109D100020BD04AD05A5A6FF88C5CC385C8306F23E
:109D2000FF280507620ECD0ABD03A2252EE008001C
:109D300086EEFF0000BD0AAD03E0080086EBFF00E1
:109D40003661002921202074AD033931EC02814AAB
:109D5000DBB14ADB9808971222E08211BA888808A2
:109D60009CA88228259C58C02000E00800C602005C
:109D7000D2A000D0CD20D0BD2025F7AD1DF01B22F4
:109D800086F4FF003661002921202074BD04AD0354
:109D90003931EC228139DBC139DB980897121EE09A
:109DA0008211CA8888089C68822826161801C0205B
:109DB00000E00800860100001011202517AE1DF0FC
:109DC0001B2286F5FF000000364100A12EDB0C02AD
:109DD00025B1FFCD04BD03822A06A12BDBE00800DC
:109DE000812BDBA908C020001DF000003641008156
:109DF00028DB402420A2280065AAFF40C420BD0320
:109E00009123DB881AA809E008001DF03641008183
:109E100020DBA808A5A8FFBD03888AAD02E00800E2
:109E20002D0A1DF0364100811ADB22A000A2280075
:109E3000E5A6FF9116DB822A07A809E008001DF0BD
:109E40003641008113DBA2280065A5FF40C4203005
:109E5000B320910EDB883AA809E008002D0A1DF016
:109E6000364100810BDBA2280065A3FF40C42030EF
:109E7000B3209106DB822A15A809E008002D0A1DEF
:109E8000F00000003641008102DBA2280025A1FF7E
:109E900091FFDA822A17A22900E00800A02A201DDB
:109EA000F000000036410081FADAA22800259FFF69
:109EB00030B320822A18A1F4DAE00800A02A201D7D
:109EC000F000000036410081F2DAA808259DFF82EB
:109ED000A1068CAA922A288C59AD02E009008D0AAD
:109EE0002D081DF036410081EADAA22800259BFFEB
:109EF00040C42030B32091E5DA822A1CA809E0088A
:109F0000002D0A1DF000000036410081E1DAA808AA
:109F1000E598FFBD0391DDDA822A1DA809E008005B
:109F20002D0A1DF036410081DADAA228002597FFBC
:109F300091D7DA822A1EA22900E00800A02A201D5B
:109F4000F000000036410081D2DAA8082595FFBD57
:109F50000391CEDA822A1FA809E008002D0A1DF01D
:109F600036810081CBDAA22800626106726107C0E7
:109F70002000E592FF82A1069CCA922A239C79DDEB
:109F800005CD04822110BD03AD02E861F87189019D
:109F9000C02000E009008D0A2D081DF0364100B1F7
:109FA000BDDAC2A000A1BCDAA58DFFA02A209000D6
:109FB0000000000036410065C800A0CA20E1B4DA04
:109FC0000C0DB2A009A1AFDAA587FFCC1AE5FCFF02
:109FD0002D0A1DF036610081B1DAE022112088805F
:109FE000A2A0808808922800C020008879C02000A4
:109FF0008931C020008831808075808AC0B628E70A
:10A00000A184DA8185DAA7190BA182DA8184DAA723
:10A0100019028183DA303074C020003908C0200072
:10A020001DF00000366100819DDAE022112A8828A7
:10A03000089802C020002879C020002931C02000E3
:10A040002831202074C02000822918C020008921D6
:10A05000C020008821808DA4C02000A821A0A2A437
:10A0600087BA3CC020008821808DA4C02000282110
:10A070002022A42088C022AFFF1648058165DA217E
:10A0800061DA87190B8163DA2160DA871902215FAF
:10A09000DAC020002802202074C02000460C0000F6
:10A0A000C02000A821A0ADA4C0200088218082A4E7
:10A0B00087BA18A2A080C020008821808DA4AA8819
:10A0C000C0200028212022A4C6E9FF0056C2FA7C45
:10A0D000F21DF0003641008171DAE092119A88ADEC
:10A0E00002980828192602087CFAA919C020001D28
:10A0F000F08889E008002D0A06FCFF003641006563
:10A10000FB032042207CFB0C0225E9AF27144A51B7
:10A1100064DA7CFBAD0565E8AF7163DA6162DAA8E9
:10A12000078D0A380637220522A103C608009D08BC
:10A130004B88B2C8FCB80BB794450B33E0B311BAE7
:10A140002A28022909C02000E50CB20C02A9073216
:10A150006600AD05C0200065F9AFB2A000B0AB202D
:10A1600065F3030C0B0C1A25F3030C0B0C2AA5F258
:10A170000325F40365F7AF8C34AD04250BB21DF055
:10A180001B22C6E7FF000000368100708720407464
:10A190002042A0034022434221100C1969210C06E1
:10A1A0008931690427A6024636002CCAC02000E582
:10A1B00005B26D0A42A101165A0F48319821491A79
:10A1C0004813990A9803496A4817995A9807498A7F
:10A1D0004815997A980549AA0C04BD04999A0C89E6
:10A1E000392A793A594A7689094AA31B44B24A0066
:10A1F000C020000C04BD040C897689094AA7B24A24
:10A2000000C020001B440C04AD0482A0087688091D
:10A210004A95A24900C020001B44C0200065E90304
:10A22000B2AFFFA5D7AF0C040C1727A402C62000BD
:10A230000C0452A00127A402862600A119DA7CFB97
:10A24000A5D5AF42A1012117DA58021B55E03511FF
:10A25000BD037115DAA80725FCB18CBA0C04A90757
:10A260003AAAA2CAFC690A5902A10DDAC02000E587
:10A27000E7AF162409E5E30325E7AFAD06E5FAB13C
:10A28000060B0000A8030016400049A1A7840EA8F1
:10A2900007A78409A805A784041B6646C1FFAD066D
:10A2A0009911C0200065DD03981156BAFE42A10342
:10A2B0002D041DF098560014400057A19785099869
:10A2C000769785049896970507AD04B1F8D9A5DC73
:10A2D000031B44C6D4FF8226050014400075A187E5
:10A2E000071FB2C11C40A420E5BA03DC3A88718C78
:10A2F000F88803708820A806B8168903C0200025B6
:10A30000A4FF1B4446CBFF00A5DA0325DEAF2221C4
:10A31000106902C0200086E5FF000000366100A140
:10A32000E0D9B2AFFF20754162C7040C053931C0D6
:10A330002000A5C6AF0C190012400039A1E066113B
:10A3400091D9D98809872507A1D6D925DAAF1DF07B
:10A3500091D6D9E0A5118809AA8888088C889831F7
:10A360002619348C692629431B5586F4FF3CFA27AD
:10A370003AF56AA8A81AA703EEE0A711B828AAAB75
:10A38000CD04B80A30BB20B90AA808B22801C02001
:10A3900000259FFF06F4FF003CFA273ACA6AA8A8E6
:10A3A0003AA703C3E0A711B83846F4FF3CFA273AAE
:10A3B000B68BA7E0AA11AAA8A81AA703AAE0A7111A
:10A3C000B84806EEFF000000366100B63213656D36
:10A3D0000822A009226A0022AFFFC020001DF00061
:10A3E0000000CC93E56B081C62C6F9FF0000001C5E
:10A3F000CC0C0BAD03E5ABAB81A9D9E092119A88E7
:10A40000880888685648040C898213009088208246
:10A410005300C02000B2C10C20A220C02000656AF9
:10A420000356FAFB82130292AFFC90881098318297
:10A430005302C02000261920AC6926291B26391892
:10A44000C020002566085C8206E2FF006618C5820F
:10A4500013000C2906EDFF0000908820825302C0F3
:10A460002000CBB1AD02C02000657003564AF788CA
:10A47000312618106638C80C498213029088208251
:10A480005302C02000CBB1AD02C020002578035696
:10A490001AF588312628682638795628FAAD02CB75
:10A4A000B1E580032D0A56AAF392130282A300801D
:10A4B0008920825302C02000A17ED98831A798024A
:10A4C000865B0087BA02862F00A2A12CA7980246BD
:10A4D0005900873A66A2A06EA79802865700873A6D
:10A4E0003A3C2AA798020656004CBAA7980286550D
:10A4F0000056B81289638953C02000C6B6FF000019
:10A500008213021C09908820825302C02000C020C0
:10A510000006E2FF8213023C0906FAFFA2A096A7FA
:10A520009802C64900A2A0C8A79802C64800A2A0E7
:10A5300086A71802063A000C48C6EDFFA15ED9A70F
:10A540009802864400873A1FA2A4B0A79802C64288
:10A5500000A2A708A79802C64100A2A258A7180205
:10A56000062F000C88C6E2FFA154D9A79802463DE9
:10A5700000A152D9A79802463C00A151D9A71802C0
:10A580000627000CC8C6DAFFA182D7A79802C637F3
:10A5900000873A47A14CD9A79802063600873A1C93
:10A5A000A14AD9A79802863400A148D9A798028663
:10A5B0003300A147D9A798671C0886CDFFA145D9CC
:10A5C000A79802C62F00A144D9A79802062F00A180
:10A5D00043D9A7984A1C4846C6FF0000A141D9A705
:10A5E0009802C62A00873A1CA13FD9A798020629DB
:10A5F00000A13DD9A79802462800A13CD9A7981FE1
:10A600001C8886BBFFA13AD9A79802862400A139ED
:10A61000D9A79802862300A138D9A79802C622009C
:10A62000A2A700A09920925302C02000C02000469B
:10A63000B0FF0CF806AFFF000C7886ADFF0C384673
:10A64000ACFF0C1806ABFF000C2886A9FF0C58467F
:10A65000A8FF0C6806A7FF000CB886A5FF0C98465B
:10A66000A4FF0CA806A3FF0CD8C6A1FF0CE886A087
:10A67000FF1C78469FFF1C38069EFF001C18869C16
:10A68000FF1C28469BFF1C58069AFF001C688698F2
:10A69000FF1CB84697FF1C980696FF001CA88694DE
:10A6A000FF1CD84693FF1CE80692FF001CC886904A
:10A6B000FF000000364100205220B63210653E08EF
:10A6C00022A009226A007CF2C02000464300CC741C
:10A6D000253D081C6286FAFF00661302863000667C
:10A6E00023028631005673FE21EDD8E085118A22BF
:10A6F000321400280237E302062F000C030C2B391A
:10A7000062221402202014B7120F0C3BB7120A0B5E
:10A7100022B2A00132A00020B39350A520C0200097
:10A72000253303569AFA22140232A0032022040C85
:10A730001B20B393AD05A53C03563AF9221402BD84
:10A740000A4762072025040C2B20B39350A520252F
:10A750004703A02A20567AF732140282A300878387
:10A7600002C61D00B224054864471B0206D8FFA795
:10A77000E3610CF3379B02464400B7B302062400A2
:10A78000667B02464300F68B54663B02064300F6A6
:10A790004B32661B02464200B62B384CBBC60C003F
:10A7A00000007CFBAD02A55503563AF2AD05657677
:10A7B00003163AF306C6FF001763040C1306CFFF17
:10A7C0000C23C6CDFF665B02063700B66B028637E8
:10A7D00000B2A086AD05A54803563AEF1DF00CB3B4
:10A7E000379B02C63300B733130C93379B02863274
:10A7F00000B7B302063300B2A25886F5FF0CD33778
:10A800009B02863100B7B302063200B1ADD886F0A4
:10A81000FF1C73379B02863000B733331C33379BE2
:10A8200002C62F00B733141C13379B02062F00B744
:10A83000B302862F00B1A6D806E6FF001C53379B53
:10A8400002C62D00B7B302462E00B1A4D8C6E0FF61
:10A850001CB3379B02462C00B733141C93379B0262
:10A86000062B00B7B302862B00B1A0D806D9FF0093
:10A870001CD3379B02C6290037BB02462A001CE3C3
:10A88000371B024692FFB19BD8C6D1FFB189D8468B
:10A89000D0FF0000B2A12C46CEFF0000B2A06E4651
:10A8A000CCFF3C2B06CBFF00B2A09646C9FF0000B0
:10A8B000B2A0C846C7FFB17FD8C6C5FFB2A4B04694
:10A8C000C4FF0000B2A70846C2FF0000B17BD84613
:10A8D000C0FF0000B17AD846BEFF0000B1ADD64639
:10A8E000BCFF0000B178D846BAFF0000B177D84667
:10A8F000B8FF0000B176D846B6FF0000B176D84662
:10A90000B4FF0000B175D846B2FFB175D8C6B0FF2C
:10A91000B175D846AFFF0000B174D846ADFF000056
:10A92000B174D846ABFF0000B174D846A9FF00004F
:10A9300036410020A220B63213A5160832A00932F3
:10A940006A007CFA2D0AC020001DF00000CC43658F
:10A950005C0316EAFEE514081C68890AC02000C6DC
:10A96000F7FF0000364100B6320ED165D8B2A133F0
:10A97000C165D8A165D8A578B16633174148D8E03C
:10A9800022112A2428023202100C22162300215BF5
:10A99000D81DF00066431A8141D8E022112A2840D0
:10A9A0004E042802424210C020000C02C020008643
:10A9B000F7FF22A058E50E08226A0022AFFFC02050
:10A9C0000006F3FF364100B6320ED14DD8B2A125B4
:10A9D000C14FD8A14DD8A572B1C2A03CB2A000AD64
:10A9E00003254DAB815CD60C028913C020001DF0FD
:10A9F000364100B6320ED142D8B2A12DC145D8A100
:10AA000042D8E56FB10C021DF0000000364100D1C4
:10AA100041D8B2A0F1C140D8A13CD8656EB10000C8
:10AA2000364100B13ED820A220256EAB164A012047
:10AA3000A220B13BD8656DAB8C8AAD02B13AD8E5A6
:10AA40006CABDCEA9C430C622703043030048CA31B
:10AA500025050822A00D226A0032AFFF2D03C02079
:10AA6000001DF000E503080C2246FAFF364100B154
:10AA70002BD8AD026569ABAC9A20A220B129D8E5EC
:10AA800068AB9CCAAD02B127D822A002E567ABAC87
:10AA9000AA250108290A7CFA2D0AC020001DF00011
:10AAA00000000C1A21FED7E08A118A22303E0428C9
:10AAB00002324210C02000C0200086F6FFAD0246E0
:10AAC000F8FF0000364100B6320ED117D8B2A15FB0
:10AAD000C117D8A10DD8A562B131F0D7E082118A93
:10AAE000333803CB33AD03A5EEA9AD02E590A8AD95
:10AAF00003E5F1A90C021DF0364100B6320ED1007B
:10AB0000D8B2A0CAC10BD8A100D8655FB151E3D7B4
:10AB1000E062116A554063805805A2C50C25EBA977
:10AB2000679308CBA5A5EEA92D041DF0720300269E
:10AB3000970EBD07AD02822507E008001B3386F79C
:10AB4000FF88552628EB0CDBAD02822507E00800C4
:10AB500088556618DCC6F8FF3661003931B6321404
:10AB6000B2A0F7D1E7D7C1F3D7A1E7D7C020001033
:10AB70001120E558B151C9D7E0621160558072A02B
:10AB80000D3225000C058B63AD0665E4A95714480A
:10AB900020A2202554FFA09A20779A68A223066657
:10ABA0001A160CA988315AA81B55924A00C02000D9
:10ABB0006699D9C02000C60700567AFEAD029921D9
:10ABC000C020002551FF9821660A29281326020576
:10ABD000101120A5E3FF72630160A620C0200025AC
:10ABE000E3A9502520CC750CB2A5EB07290A7CF20D
:10ABF000C020001DF0269AA9B813660BD2A913C075
:10AC0000200086E7FF660A9B46F3FF0036410020DE
:10AC1000A220B63212E5E80782A009826A007CFA17
:10AC20002D0AC020001DF000B2AFFF650D0316EA2B
:10AC3000FE25E70782A01606F8FF00003641002136
:10AC4000BED71DF0364100CD04BD03AD02E52D0198
:10AC50001DF00000364100AD022532011DF000005C
:10AC6000364100D2A000A22200D0CD20BD0DE507C4
:10AC7000AD2D0A1DF000000036610021B0D7A2A062
:10AC800008B1AFD72261020C022931C02000E5A62D
:10AC9000A82D0A8C5A0C8CCAB1A50BAB1DF0000074
:10ACA00036410041A7D7B2A00840C4200C1AE5C520
:10ACB000A85D022D0ABC1ACD045C4BA2A001E5C41C
:10ACC000A8A912DC2AA22201564A0220A220C020F2
:10ACD00000A555B10C02060400A0CA2030B32050D4
:10ACE000A52065FCACA90216AAFDC020001DF0003D
:10ACF000A553B106F5FF0000364100164201A2221D
:10AD000000162A00655CADA8128C1A2552B1AD025E
:10AD1000A551B11DF0000000364100A2220030B361
:10AD200020652EADA02A201DF00000003681001CF9
:10AD3000CC0C0BAD02E517AB4183D74804CC141DF6
:10AD4000F00030B32040A420A56A1516FA03A874B9
:10AD50004BB1E56116880298119A8889029821887A
:10AD6000129A888912983188229088738922984192
:10AD700088329A888932985188429A8889429861A3
:10AD800088529A888952987188629A888962488420
:10AD9000C0200086E9FF000036810020B220A2C159
:10ADA00004A5F8FF2221031DF0000000364100A297
:10ADB0002203B22204A0BBC08164D7B7B80D2C1BFC
:10ADC000D163D7C163D7A163D76533B1E55816A95D
:10ADD00072C020001DF00000364100215AD7280221
:10ADE000CC021DF082220756E800AD02E5FBFFA869
:10ADF000728C4AB2C214A5FDB0288246F8FF00004A
:10AE0000368100210CD510712042A001C0200028FD
:10AE100002C020002977C02000252E00C0AA11A062
:10AE2000A1C0101A00E52E003D01DD0A9D032D038F
:10AE30007CF8D7343A0C048B332D04D7945AD04283
:10AE4000112A44E04411FB34303441C03311303115
:10AE5000C01013000C0C5D016D0CD79C4A67920268
:10AE6000463600D140D7B2A079C13CD74613000086
:10AE7000580268126AA5B842A79B10B862A822A718
:10AE80009B09594258526A55892259521B4422C281
:10AE900010C0200086E6FF000058032605011B2293
:10AEA0001B4432C31086E4FFB22902260B67E2C6B8
:10AEB00001E7B20ED129D7B2A067C128D7A125D703
:10AEC000E523B1E08B11B08880E08811F125D74BE4
:10AED000B8D03611FABB6AA3F81BE0AA11AAA5F9EB
:10AEE0001AF80BB82BF90AB92AF809B819FABBF9FC
:10AEF0003AF11BD78A8FB94AB111D7820811B95AD2
:10AF00000C0BB96AB71819B97A6A33E033110C0619
:10AF10003A3569836D0E1BCC92C910C0200006CE55
:10AF2000FF926701C26700D26703E927C02000E5EE
:10AF3000E7FFE827D837C8079817C6F2FF3101D7CF
:10AF4000CD0588033D08AC38B2A07ED107D7C10338
:10AF5000D706DAFFB1FBD6C0AC20C26700C0200024
:10AF6000254915C22700DC3A1B33C2CC242793E3C2
:10AF7000D1FFD6B2A08AC1F9D606D0FF00A22C0715
:10AF800040B420C907C02000A5EBB06D0AC8071661
:10AF90005AFDCD04BD05E5DBAA32C6FC0C0446080B
:10AFA00000A2230852C304165A00B2C31825E2B007
:10AFB00056840281E4D652280062680059861B44F8
:10AFC00032C3242794DA219BD4C020003877C020D4
:10AFD000002802271311C02000E577A78803590332
:10AFE0008993C0200046F5FF1DF000003641006245
:10AFF000A00152A000205683505074569509305637
:10B000008356350940568356D508472302C621008A
:10B0100071CDD65807565505B1CAD62C4AE56DA84C
:10B020006D0A16FA05BD020CCCA5D2AA21C4D630F1
:10B03000B4C0AD033936494629565966C02000E5EB
:10B040003116A9765986166A04B2C614C0200025A6
:10B05000D8B07CFB21C7D6AD0225F4AEAD023807CF
:10B060002D0539866907C020002508AF1DF0683519
:10B0700047A60237A627684547A60267231F5885BB
:10B0800046E4FF000022A101AD06251AB1C6F6FF75
:10B0900022A10446FCFF000022A10246F3FF7CF23D
:10B0A00006F2FF00364100BD02CD03A2A102BCB2F0
:10B0B00081B1D691B1D6DD09E8080C08879E05A2BA
:10B0C000A105C60900A22900A72B25F22901F0AA93
:10B0D00080A7AB1CC088118A8DA828E08A11AA8895
:10B0E000E08811A19FD64B888AAA25F0FF2D0A1D62
:10B0F000F01B8892C91086F0FF0000003641002145
:10B10000A0D6819ED62088C0808321219AD628028D
:10B110002A281DF036C10010712029672146D4C0AD
:10B1200020002802C0200029F72192D66802C066BC
:10B13000116021C010120082C110B18FD6CD06ADB2
:10B1400008C02000E5C0AA8D0AB18DD6C18CD6B04A
:10B15000CCC0FB2C202441C022112021C0101200A1
:10B1600042C110AD04C033218947C0200065BEAA8A
:10B170000C8CBD03AD04D183D62D04E567150C0AF4
:10B180007CCB88470BC3379A326A682867AD086959
:10B1900057522705571A028626003126D4922706D1
:10B1A0009022C0202421C0200048F7C0200038038E
:10B1B000379402464A00C02000E559A758123B5573
:10B1C000B055109802909B109902591297A511B290
:10B1D000A062D16DD6C16DD6A16ED6C0200025F279
:10B1E000B08BD2C7BA47E822E7290CB2A064D16974
:10B1F000D6C166D606F8FF0057AE323139D53803CE
:10B20000AC43D947C0200065E2B0BD0AD847381D1D
:10B210003901F80DE812D22200C15FD6A160D6C074
:10B2200020008132D5E00800101120A5E4B01BAA4F
:10B230002D0D06D4FFB80A0C09FD04581A5AEB88E4
:10B240002A683A89D78D0B69E76D05B9B759C7994F
:10B2500077987737990D1C050C1967B557C02000F2
:10B26000C60E0000D81FD7A85EC80FE7ACE70C19C0
:10B27000E7AD010C090C16C7A8010C0660991090E7
:10B280009074ECF9E7AD38C7A835B0BDC0B0B5C013
:10B29000806CC0B91A1C05D90A67250246BCFF6933
:10B2A0001269C758D768E789025922693222C21049
:10B2B00089B716B9EDA2CA10C0200086B4FF0000FD
:10B2C000C72814D06EC08D0D98778BFF1B99997786
:10B2D000C0200086DEFF0000806CC0ED0CC6F9FFC8
:10B2E0001DF0000036810070630090630060EB0386
:10B2F000812CD6808630512BD6D12BD6D0D580A1AB
:10B30000C6D4626107B10DD6D73A40C2C11C50A560
:10B310002089319921D911C02000A5FCFF883198DE
:10B3200021D811B871B718D68121D60C1A8A8B0C86
:10B330000C80CA93C08074B7162116E801D11CD6C0
:10B34000B2A07AC11CD6A11CD665DBB0AD06B00C8C
:10B3500013A2E500A971C0200086F1FF68150C0B4F
:10B3600060AB93879A0DB2A07BD114D6C112D6C61A
:10B37000F4FF000082A0FE67B80BD111D6B2A07C0A
:10B38000C10DD6C6EFFF1B66691590E613102000AD
:10B39000C0200068023796073804C02000326200DF
:10B3A00030630080EB03280527180EB2A09ED1055C
:10B3B000D6C105D6C02000C6E2FF28150B222915EC
:10B3C000DC8221DED522650030E613102000C0208B
:10B3D0000070E6136904C020001DF00052A0FF2792
:10B3E000B5E5D1FAD5B2A0A4C1F8D5C6D5FF000005
:10B3F00036410025B8AE21F6D57CFBAD02E5B9AEED
:10B4000031F5D5C02000580341F5D531F3D5CCE551
:10B410008109D39108D3890392630189049264015D
:10B42000C02000E5C7AB0C18C804C0CAC09814C738
:10B430003A0282A00050EC82909BC050CCA280992E
:10B44000C050D982308C11E0E3C5E0E8205089A2D9
:10B45000309D11D053C53088119A9E808520C0C37D
:10B46000C50C15E739010C05D8038A8CDAD98A8511
:10B470000C15C813973D010C05C08880808580D9C4
:10B48000038913B914A904C02000A5AEAEAD02E52E
:10B49000C5AE280338131DF036410065F5FF81CD98
:10B4A000D5C020002908C020001DF0003641002131
:10B4B000C9D5C0200028021DF000000036410081DF
:10B4C000C8D58808CC282D081DF0980890A005370D
:10B4D0009A059091452719ED882886F9FF0000000C
:10B4E000364100622200BD04606145AD062550046E
:10B4F0000C08661A02C61F001B550C1980B820A242
:10B50000CAFE50B983A09893905B1087956960A696
:10B5100020A54C04A75309AD06E54A04976305CC62
:10B520005A2D051DF0261AF822120007E2F20CC867
:10B5300080821066A80ED1ABD5B2A0FBC1ABD5A15D
:10B54000ABD5E5BBB00C888082105638FD2762145D
:10B550008763CD303A042021042033C00C153058C5
:10B560009306EFFF0040B074AD06256E000C155039
:10B570005A3050507406EAFF5D08C6E8FF0000002C
:10B5800036410030B32020A22025F3FF4D0A8D0A5A
:10B59000569A05B16BD5A2A00C2516A88D0A16BA2D
:10B5A000040CCCBD04E590AA8D0A9808202044F034
:10B5B000A201303004B18ED5B09910A0992000A31B
:10B5C00011B19CD4B09910A09920D185D59908C803
:10B5D0000D9D0CE1C3D3DCA90C120C0A40A283A080
:10B5E000A074CC3AC0A283AC6A9928890D2D08C0FA
:10B5F00020001DF0B809B0A005A733DBA808A0AB58
:10B6000030E78A05B0B14527BBCD4D09982906F131
:10B61000FF89249928C0200046F4FF003641000C21
:10B620001A00124000AAA125D8B11DF03641000C25
:10B630001A00124000AAA1A5D8B11DF036C10049D8
:10B640008142A300599140531079A1479502C6EF5A
:10B65000000C050C1460458352A0F0404074570361
:10B660000256C43A52A1005053108C4516163A9611
:10B67000E23988811648008891164839A7631D165B
:10B68000A40141AED440468071AED447B70E41AE5E
:10B69000D440468071AED447B702C6DC0042A0FE5B
:10B6A0004783080C24CC050CE4403320660202C614
:10B6B00041007CE40CF54712177CD41C0547121797
:10B6C0007CC40C754712107CB41CD547120952AFCC
:10B6D000FF6B420CB7405783B11AD5A2A008C02017
:10B6E00000A501A8A941162A137CFBA142D5C020C0
:10B6F00000A58AAE40EB03404D040CCC0C0BA2C15C
:10B7000034493172A0FEC02000A57AAA396177833E
:10B71000060CE770832089610C4C7131D59807566F
:10B72000D909260502464B000C944951A2A1007D7F
:10B73000094861A0A41081C2D2A9B1897170A72063
:10B74000B22103C0200065D7FFA04A20DC4A70A0C8
:10B7500044F0BA014127D5A8D140AA10B0AA20428E
:10B76000C134A9D1D2AFFF40A420C831B861C020F4
:10B7700000E5D6FFAC8A88B116C813A2140027EAE8
:10B7800002C64400A8140C04564A10AD07E5240470
:10B79000887187A402C64B00885187AA02C6490057
:10B7A0001B7766C797660558A113D522A105E593B7
:10B7B000AEA2210465A7B09000000C6546C4FF004E
:10B7C000A219007809C78A59E0A711A0A831A712C9
:10B7D00002C61E00483170A005A7947326050570A7
:10B7E00071457795C2C2210390A920DD05B8619902
:10B7F00021C02000A5CEFF982116BAFA88098051F1
:10B8000045AD05B831A5D7FF4D0A71FAD456FA0BEC
:10B8100070A720A58DAEA2210425A1B022A101060A
:10B82000E5FF82210370A005A79824A2290156EA0A
:10B8300000B2A0A7D1F1D4C1F1D4A1ECD4258CB031
:10B84000B80A90BB01B0B831B71290A85A56FAFEA8
:10B85000982946B2FF00B2210350A520E5C5FFA0FC
:10B860007A20DC4A507044F09701A1E1D478D1A04D
:10B87000771090772079D172C134DD05AD07C831DA
:10B88000B861C02000A5C5FF16CAF1880746DBFFD6
:10B890001B44A85A06BCFF0026050246C0FF70A73D
:10B8A00020A51304422105472A0286BCFF705720B9
:10B8B000A951C02000C6B9FFAD07251204885187E1
:10B8C0002A0286B6FF06F9FF4971C0200006F7FF7D
:10B8D00087E302C63600A2A0182593B0160AF3C269
:10B8E000A0180C0BE55CAA8881DD0ACD04891A69D1
:10B8F0003A88916814892A695A206074F076118810
:10B90000A1621A00894AA2AE01A066107066207C6E
:10B91000E7706610625D00C020000C4750A07462A2
:10B920001400706620B1B6D4D914625400C020004F
:10B93000C02000E533008831E06811A1B3D46AAAC1
:10B940000C160015400066A1729400B80AA7E30225
:10B950008627000C2CC07720725400C020007CF792
:10B96000606730B06610690A96E200CD05BD02A896
:10B9700031C0200081A1D3E00800AD052841490273
:10B98000281448412914C0200025C9FFB76304A822
:10B9900041A522A8A198D46575AE62211816560655
:10B9A00082210482660022A000C02000C681FF0020
:10B9B000000072A008725A00C0200016C600BD0622
:10B9C00050A074C8A1C02000652A0097630A0C1A11
:10B9D00000154000AAA1A594B1206074A07601A131
:10B9E00089D46804A066107066206904C02000C66F
:10B9F000D0FF7CDCC07710725400C02000B06620FD
:10BA0000C02000C6D7FFA8412582B0C6E5FF0000D0
:10BA10000022A102C667FF00366100D2A000626169
:10BA20000050F520ED04CD0DBD03AD02C02000E5B2
:10BA3000C0FF2D0A1DF000003641002174D40C0B0C
:10BA40002C7E0C1F7CFCC02000A8023171D430AACF
:10BA5000108170D4C020003802803310D16FD4C060
:10BA600020003902B72E01CC6AC020001DF0000072
:10BA700000314BD2E02B11302280922200975A5D88
:10BA8000D089119088C0417AD2D0881180848028D2
:10BA9000A8202C30C02000380D302210414BD2C0DD
:10BAA0002000290D28084A324149D2373411B2A06A
:10BAB000ECD15AD4C15BD4A15BD4C020002564B0C2
:10BAC0008898001940009FA1808C30909C3090AAEB
:10BAD00010C020003802308810C0200089021BBB33
:10BAE000C0200046DFFF00003641000C8C0C0B0C20
:10BAF000134BA2253CAA3902C02000E59EA7A24212
:10BB00000BC02000C02000A599A70C29A25204C098
:10BB10002000A11CD2C02000880A30881080398300
:10BB200032420AC020009912C02000380A978303CD
:10BB30003C233912C0200010112025580132CAFCC4
:10BB4000B63302662A0988120C13308820826201FB
:10BB5000A2CAFAF62A0932A08088123088208912F7
:10BB6000C020001DF00000003641006593A782A1AF
:10BB70002B0C12A738010C022020041DF00000003D
:10BB8000364100253FAE2139D27CFBAD02E540AE07
:10BB90009126D488090B888909D6F801AD02C02006
:10BBA00000A554AE6548B0B122D4DD0AED0B0C1AE5
:10BBB000F11FD4C120D4E54201A54BB0DC2891424D
:10BBC000D2A11DD4C020008839A08810C0200082D6
:10BBD0006903C02000E539AEAD022551AE1DF0006D
:10BBE0003641002539AE2121D2B2AFFF20A220E597
:10BBF0003AAE910DD488091B8889096618139132D1
:10BC0000D2A10ED4C020008839A08820C020008294
:10BC10006903C02000E535AEAD02254DAE1DF00034
:10BC20003641009129D2A105D4C020008839A088CE
:10BC300020C020008939C020001DF00036410025B9
:10BC4000FAFF1DF0364100A5F3FF1DF0364100F06C
:10BC500022113A2231FBD3D022112A230C1831F9B8
:10BC6000D328023022C00C032038932D031DF0008E
:10BC70003641001CF827B8030C021DF081F3D32ACB
:10BC800088820800F648F0F0221190EB03909D04A2
:10BC90002A9921EBD3D089112A882808A1EAD38CCC
:10BCA000B339084918A792D1C0200046F2FFA9086D
:10BCB0009918C0200006FBFF36410091E5D30C081F
:10BCC000BD09A2A0D7768A11C809279C08D088117F
:10BCD0008A8B28181DF01B888B9921DCD3C6FCFFAA
:10BCE00036610062A0007CFC0C1BAD0665AFADADFB
:10BCF000066511A87D0631D7D328032546A83D0A3D
:10BD00008D0B16F20C9812E80297BB02063700B7AB
:10BD10009905E7BA02C6340078628C37A872A26728
:10BD200007A22207726A0071CCD3A22204779A0C70
:10BD3000AD02C02000654FB00C1706EEFFA83271AF
:10BD400031D2707A10F82270AF20167A07A2020F53
:10BD5000176A61E0A3C00C14A733014D0690B8C068
:10BD6000CD0FDD0740BBC089319911E921F901C030
:10BD700020008158D1E0080088319811E821F801AD
:10BD8000A62A313A3F0C19F733019D068077807A55
:10BD90007939020C1BAD027912C020002508A8AD2C
:10BDA0000638422852250FA8AD02E00300AD06A5D3
:10BDB00005A886E0FFFA3E0C18E733018D067A7974
:10BDC0007A78C6F2FF419BD0519BD049025912C0EC
:10BDD000200046F2FF8C97A11BD1CD06B11AD125C8
:10BDE00039A8AD06250BA8C6BEFF0000CD06AD0ED6
:10BDF000BD0946FAFF0000003641004198D382A1F8
:10BE00000342240016640582A10216020582220064
:10BE100052A0010C0480458340807456680430852C
:10BE200083560804482282A102FC142C0BAD05C1E4
:10BE300044D3A5ADA782A101AC2A8802894A881201
:10BE4000895A88228054838D050C252202102054A3
:10BE500083508820824A0FC020008D04A9032D083A
:10BE6000C020001DF082A10286FCFF003641003296
:10BE7000A10216B204652EA8A04A20A2A0005D0B64
:10BE800065F8A7B802381230BB2032A103ECBB32F0
:10BE9000020F7CE8803310AD0232420FC020003127
:10BEA0006ED349023942416ED338324033103932B1
:10BEB0005912B922C02000A5F6A73D0A0C0AA5FD1B
:10BEC000A72D031DF0000000364100A51100E50C70
:10BED0000022A000900000003661002160D3A2A1E2
:10BEE00003D2220056DD0220F2201C6EC15ED3B1C7
:10BEF0005ED3A15ED3D901C02000A596AC261A0B53
:10BF0000A802DC6AA2A1018602000000A159D32583
:10BF1000150056AAFE2D0A1DF0000000E52FAD0CFD
:10BF2000088902C0200086F6FF000000368100511B
:10BF300051D3881257180A1C4C0C0BAD0265F7A997
:10BF40005912B22204ECFBC2A00CA2C114C0200002
:10BF500025F6A95149D3B2C210CBA139314941527A
:10BF60006106C0200025E9FF8CCAE144D34C5CD1B6
:10BF700044D3B144D3A556AB1DF000003641008137
:10BF80003DD3981287990CA84225EEFF0C088262D7
:10BF900004826201C020001DF0000000364100252F
:10BFA00045FF2139D33802303AC088120C12373A93
:10BFB0000222A00080BBC0202BC0101120E519A8D0
:10BFC000A0A3C08132D30C19A733010C09B022C041
:10BFD000A9089022C0A12ED32918C0200065E8141A
:10BFE0001DF000003641000C8AA58301812AD30C84
:10BFF000020C8B9129D3C020002908C020002909F8
:10C000009127D3A127D3C0200029097CF9C02000A3
:10C01000990AA124D3C02000990A0C1A9123D3C0F5
:10C020002000A909A122D3C02000980AB09920C0FD
:10C030002000990AC020009808A11DD3A09910A142
:10C040001DD3A09920C020009908C020009808A105
:10C050001AD3A09920C020009908C020001DF0002C
:10C060003641003116D3D2A000A2A0112903311409
:10C07000D3ED03C114D3B114D3C02000A599FF2D73
:10C080000A9CCA3197D138039C1325FAAFBD0AC167
:10C090000FD3DD02A10FD38195D1E008001DF00080
:10C0A00000810CD30C89C020002808902220C020D9
:10C0B000002908C020006593A721B6D0202AB2A08D
:10C0C000AF31202231A0A2C0A51AA8253EFF8102CF
:10C0D000D390AA11C02000280820205420AA20C0F4
:10C0E0002000A908A803C0200065A5A72D0A16BA3C
:10C0F000FAE1FAD2C2A0FFD1FAD2B1FAD2253EAB10
:10C1000036410031F9D2A2A00130B320E5D7ABA06F
:10C110002A20371A0ED1F5D2B2A174C1F5D2A1F5F9
:10C12000D2E5FDAF31F5D20C4ABD0325D6AB371AA7
:10C130000ED1F2D2B2A176C1EED206F8FF00000015
:10C1400031F0D2A90331EFD2A90331EFD2A90331E3
:10C15000EFD22903C020001DF0000000364100B2DC
:10C16000A00020A220A5030090000000364100811D
:10C17000E9D2A2A00491E6D282690091E7D2826955
:10C180000081E0D191E6D29908C02000E507B08196
:10C19000E4D2A9080C08890AC0200065F6FF1DF04A
:10C1A00036410025EDAF0000364100E51D00B05AD4
:10C1B00020A02A20B03B2041DBD256F500819DCF44
:10C1C000919DCF8904926401C020001DF0251700C5
:10C1D00068145804673BE5B79602573ADF6055206C
:10C1E0001645FEE51500E814605B01606E01A0D6FF
:10C1F00041D0D520F804B05641F0F641F0F620F0D9
:10C200009DC0E0E6410C16973D0262A000E0C5C06B
:10C2100060CCC0E61C0556ECFA16B9FAB914B1C2E6
:10C22000D2A904A81B880BD62A069A9862A0018777
:10C23000390262A000CACACAC696FC018A820C15DD
:10C240002738010C052D08917BCFAA333A35817927
:10C25000CF99148904C02000C6080000990B2A6FEA
:10C260000C14C91BF7360242A0003A3ED026C03A51
:10C27000340C1427360242A0005033C04033C0AD06
:10C2800002BD03C02000A50D00C6CEFF009068C00F
:10C290000C1D673802D2A000C05AC0D055C0E615A8
:10C2A000055675F91646F9690B9A920C14591B2715
:10C2B00039010C04CA332D093A34C0200086EFFF3F
:10C2C000364100419AD240A420656FA83196D282AF
:10C2D000230098139088208CB8E5ECFF8156CF910D
:10C2E00055CF8903991340A420C020002571A8B21E
:10C2F00022008127D0809B82808BB2B2A0013812AD
:10C30000302F313A399733010C0B2A282A2B250379
:10C3100000A0A3C00C18A7330282A000B0B2C08056
:10C32000BBC0E503001DF000364100AD028C1225B4
:10C33000F9FF0C021DF00000364100E50F001DF072
:10C3400036410025D9A7317AD2222300202A8082C3
:10C3500023010C13A732010C038ABBBA331DF00072
:10C360003641004174D240A4206565A840A42081D4
:10C3700072D2C0200029088171D2C020003908C0C3
:10C380002000E567A81DF000364100416AD240A4B4
:10C3900020E562A840A4202168D23168D2C02000E4
:10C3A0002802C020003803A565A81DF036410025ED
:10C3B00004FFA03A20B02B20A5D1A7A0A3C0815C88
:10C3C000D292A001A733010C09B022C09022C0A9CB
:10C3D000082918C020001DF03661000C0B8BA1E568
:10C3E000250A0C0B8BA125F4FF6500FFA04A20B0A5
:10C3F0003B2025CEA72D0A5D0BE5F8FF2084C0D198
:10C400004CD20C1C8734010C0C5093C0C099C0C88E
:10C410000D0C13808CC0281D873C010C039022C09A
:10C42000AAA83022C00C13873A010C03B0B280B026
:10C43000B380E5F2FF90000036410025F7FF1DF0C4
:10C4400036410030B32020A220A5C5FE82A104877A
:10C450009A02A2A0002D0A1DF00000003641003112
:10C4600038D2480356140C6137D238063782028618
:10C470002D007CF73D060C185D0420773098039062
:10C48000A710A9038C4990B210B719101B55CB33D4
:10C490006675E92632560C02C020001DF08C084853
:10C4A00013266527822303B8238C988092109798CF
:10C4B000048843871B2BAD0465F8FFAC9AE122D2B8
:10C4C000C2A55CD122D2B122D26501ABB22614AD95
:10C4D00004E5F6FF9C0AE11CD2C2A562D11CD2C6BB
:10C4E000F8FF0C0806E9FF000C1886E7FFA119D237
:10C4F000B11AD2B71A11A5F4FF8CBAE113D2C2A5B2
:10C500006CD112D286EFFF00A115D2B115D2B79A25
:10C510000246E0FFA5F2FF16BAF7E10BD2C2A57200
:10C52000D10BD2C6E7FF00000022A10306DAFF000C
:10C53000364100810CD20C02C02000980890906413
:10C54000271925C02000980890906527191AC02047
:10C5500000980890978427190F0C19C020008808AC
:10C560008087858029932020741DF00036410021AA
:10C57000FED1C0200082220080884180203447689C
:10C5800002202060D082112028C082A44C8A221D63
:10C59000F0000000364100661215217ACFC020005D
:10C5A0002802E7621EA5F8FF9C8A0C082D081DF0E2
:10C5B00082A1025652FF21ECD1C02000880280885F
:10C5C000445658FE82A10646F8FF00003661000B73
:10C5D00072B62711D1F4D1B2A122C1F3D1A1F3D106
:10C5E000101120E5B1AFCCA6D1F2D1B2A123C1EE9A
:10C5F000D106FAFFB6440DD1EFD1B2A124C1EAD1E0
:10C6000046F6FF0000715FCF0C0AC020007807E7F4
:10C610006702E5F1FF71D4D1C02000B807E07311C3
:10C62000B0B84416FA0D81CFD1C020009228002660
:10C630001202C62E00909784A1CDD1C2A100908095
:10C6400074C7090890906090907490806091C5D1F3
:10C65000E08811AA88C020009809261202C6260088
:10C66000909064C2A1164C0D90A054D709089090E8
:10C670006090905490A060E09A11C0D8C0A1BED143
:10C68000C1BDD1261205C1BDD1A1BDD17AAAE2A2F8
:10C69000BC909DC090D141A80AE08882A0AE82DA09
:10C6A00088DAAA90AAC2A9367A7C9088C292A3524C
:10C6B0008089C078077A880C178946290639164977
:10C6C00026167B00C0200065EAFF5D0A5956263316
:10C6D0000246240031B0D126120231AFD139663181
:10C6E000AFD126120231AED139762D07C020001D00
:10C6F000F0909785A19FD106D0FF0000909065C271
:10C70000A1A506D8FF00BC3BB931C02000E5E5FF7C
:10C71000819DD1919DD1B831261205819CD1919CEA
:10C72000D17A997A78980990AA82A0AC41A93678F2
:10C730000779460C07C02000C6DFFF00009191D1A9
:10C740008192D12612059191D18191D17A887A79FD
:10C750008808808582808C418936780779460C2745
:10C76000C0200006D5FF0C0229662976C02000C62D
:10C77000DDFF000036410056E300D18DD1B2A14E5D
:10C78000C18ED1A18AD1A597AFE8230C34E044C073
:10C7900000144000E2A18189D180AE6328132632C3
:10C7A00002C627002187D1E7320286250092AC1805
:10C7B000C2A4B0B184D1BABAB07641D2C72E486310
:10C7C000E077117A644B272A448853A0DD1180CC8E
:10C7D000C09A88A05DC0F873D2CDC07A7F2AFFD0FE
:10C7E000DAC09806906C8298079098826A994804FB
:10C7F00050998240CC82D0CC82280FCA992088825E
:10C80000D088822172CF8A9992D9192029B2909F1B
:10C8100031416DD1202C219022C0E73424202B827D
:10C820008833808A82418CCF4A888080F538433AA9
:10C8300088A03811B0888232C3208083C02A8880C3
:10C8400026411DF02833202A828183CF8A2220208E
:10C85000F588438A2246FAFF364100920300C2A0BF
:10C860004082C902508880AD02BD0622A101872CFA
:10C87000239AAA524A01CD052B55424A00C02000F6
:10C880002BAAC02000E54CA92203002A550C025215
:10C890004300C02000C020001DF00000368101814F
:10C8A00065CEA2A105C02000622800C02000626100
:10C8B000276146D172060C168745780677820206F4
:10C8C0001401C2A0700C0BA2C128C02000655EA993
:10C8D00039910C07322130395132213139613221FD
:10C8E0003229814C023971C020002579001C0CA22C
:10C8F000610AA2C130B9B140B420C02000259CA972
:10C90000224184C020004851386128715261107260
:10C910004107C0200082050016083D2C5AA71802C6
:10C9200046AC00912BD11B551C0F82050082C8E03C
:10C93000808074873F0287D9070C9AC02000860147
:10C94000001B5546F8FF1B5592050082C9D0808018
:10C950007487BAF12CE88719720C08DD08B2A06A56
:10C960000C8A0C2C0C1E9205009C89B79902865BE0
:10C9700001973B6F4CCFF79902065A01F2A068F776
:10C980009902C620000C0AA921A931A2A064A79986
:10C9900002067A0097BA02864F004CFAA79902461F
:10C9A000350097BA02062F004C4AA79902C66600C6
:10C9B000973A644C1AA719644B821C8987A90427EB
:10C9C00029012C482D08C020000682001B550C9917
:10C9D00082050082C8D080807487B90246DEFF1BC2
:10C9E00055C6FAFFF2A074F79902063F01F2A07A49
:10C9F000F79902863E01F2A06CF7998826380286E4
:10CA00003E010C48DD0A4602002628028639018DC7
:10CA10000EDD0E1B5546D3FF4C7A973A9A263808FE
:10CA2000668802461D0156B81A7B227C89909210B6
:10CA30008B291C8A8D0327AA06972A012C828D0434
:10CA40002A8882C8F89818A2A0A0B2AF671AAA8B49
:10CA5000E188080C8D0CECBABA89219931C020000C
:10CA6000069F0000005C8AA79902C6B800973A2C7E
:10CA70005C58871902C6CFFF4B721C8A9D0377AAA8
:10CA800006272A012C479D047A9992C9FC28098B14
:10CA9000E10C4D0CBC2921C02000066F00A2A06152
:10CAA000A7990286DDFF82A06387190206C2FF4BA9
:10CAB000721C8A9D0377AA07272A0272A0249D046C
:10CAC0007A9992C9FC28098BE10C1D0C0C224108B3
:10CAD000C02000C02000462400A2A070973A1DA2EA
:10CAE000A06FA73902069A00A2A069A79902C622E0
:10CAF0000097BA0206B0FFA2A06706C7FFA2A07502
:10CB0000A79902869200A2A078A799024690008277
:10CB1000A073871902C6A7FF4B721C8A9D0377AAD0
:10CB200006272A012C479D0470998092C9FC22296E
:10CB300000D2A0002921D7120AAD02C02000A57C96
:10CB4000A9A0D074ED021C0CC61800004B721C8A00
:10CB50009D0377AA06272A012C479D047A9992C93A
:10CB6000FC28098BE10C4D0C3C292122A0A0B2AF7E
:10CB7000671A22BAB2C02000063A000000663802E6
:10CB8000862D00F648394B921C8A26184CF62879D7
:10CB90004B721C8A9D0377AA06272A012C479D0405
:10CBA0007A9992C9FC28098BE10C4D0C2C29218221
:10CBB000A0A0B2AF671A88BAB8C02000062900004A
:10CBC000665802863900F658024629006668024611
:10CBD00056002678BA1B55864EFF7D099D0377AA1D
:10CBE00006272A012C479D047A9992C9FC28098BB3
:10CBF000E10C0C224108C0200092A0A0B2AF671A3D
:10CC000099BAB9C02000861600007D099D0377AA55
:10CC100006272A012C479D047A9992C9FC28098B82
:10CC2000E10C1C225104C02000A2A0A0B2AF671AE0
:10CC3000AABABAC02000860A00004B721C8A9D0363
:10CC400077AA06272A012C479D0470998092C9FC77
:10CC5000222900E2C1080C3C2921F2A0A0B2AF6752
:10CC60001AFFBABFA2C144C02000E5BEFF2D07864F
:10CC70001D007B227C899092108B291C8A30832096
:10CC800027AA06972A012C828D042A8882C8F89840
:10CC9000188BE10C4C88089931892182A0A0B2AF91
:10CCA000671A88BAB8C02000060D0000007B227CFD
:10CCB000899092108B291C8A8D0327AA06972A0136
:10CCC0002C828D042A8882C8F89818B2AF678BE14D
:10CCD0000C5C8808993192A0A01A99BAB9826102B5
:10CCE000A2C144C0200025B7FF168AEE220107A288
:10CCF000A000224184C02000C02000A544AC56BA48
:10CD00001CA2AFFF28168C92B2A078A2C120C82620
:10CD1000E002002D0AA147CDC02000422127C020FB
:10CD200000380A379402067600E5A2A54B721C8AE9
:10CD30009D0377AA06272A012C479D047A9992C958
:10CD4000FC28098BE10C6C2921C0200046B6FF00AD
:10CD500000663802862E00F6483292C2041C8A26EB
:10CD60001862B62802C620004B721C8A9D0377AA5F
:10CD700006272A012C479D047A9992C9FC28098B21
:10CD8000E10C4D0C9C2921C020004677FF6658021B
:10CD9000463600F65802C626002668CB267802865C
:10CDA0008CFF4B721C8A9D0377AA06272A012C4709
:10CDB0009D047A9992C9FC28098BE10CDC2921C0D9
:10CDC0002000C68CFF7D099D0377AA07272A0272DF
:10CDD000A0249D047A9992C9FC28098BE10C7C223D
:10CDE0004108C02000C02000C670FF007D099D03DF
:10CDF00077AA06272A012C479D047A9992C9FC2814
:10CE0000098BE10C8C225104C02000C02000C6799F
:10CE1000FF004B721C8A9D0377AA06272A012C4724
:10CE20009D047A9992C9FC28098BE10CAC2921C098
:10CE30002000C67CFF7B227C899092108B291C8A63
:10CE40008D0327AA06972A012C828D042A8882C87E
:10CE5000F898188BE10CBC880899318921F2A0A0C0
:10CE6000B2AF671AFFBABFC02000869CFF7B227C4E
:10CE7000899092108B291C8A8D0327AA06972A0174
:10CE80002C828D042A8882C8F898188BE10CCC88F3
:10CE90000899318921C02000C67FFF007B227C8950
:10CEA0009092108B291C8A8D0327AA07972A0222A9
:10CEB000A0288D042A8882C8F898188BE10CFC8879
:10CEC0000899318921C0200046E4FF000092A08526
:10CED000A0BA20C2A01090A180653EA94688FF009C
:10CEE0000C5886C7FE8D0A46C6FE0C680C4D46C817
:10CEF000FE0C7846FDFF8D0CDD0C46C5FE0C384659
:10CF0000FAFF1DF036010132610532C110326110A5
:10CF100032C160B1B0CFB0BE1520BB0132610F0C81
:10CF200043326111E03011303241B0332049615950
:10CF30007169817991D6B300B176CDB03310B175F6
:10CF4000CDB03320AD02C02000E53BA9B68A38B28F
:10CF5000C3FD3202064C5887933FDD020C1A98F14C
:10CF6000822110322111C19CCF9261128261133251
:10CF7000611492611582611632611799018911322B
:10CF80006102C020006591FF20A220B2210FC221C2
:10CF900010D22111A5A6059000005C788793E8982F
:10CFA000F1DD020C2A82211032211192611282617C
:10CFB00013326114926115826116326117990189E9
:10CFC000113921C185CFC0200046EDFF36610070C8
:10CFD000F72050D52060E620CD04BD03AD02656189
:10CFE000141DF00036010182C11082611082C160FF
:10CFF000AD03B17ACF89F10CC859716981726109A9
:10D00000826111C020006510A9169A05E0B011B028
:10D01000B2418173CF808E1520880180BB20D6BBA2
:10D0200000813BCD80BB10813BCD80BB20B2CBFDCE
:10D03000A8F1922110822111A261129261138261E2
:10D040001466121EDD04CD03A26115A901AD029282
:10D0500061168261179911826102C02000E583FF89
:10D060008600002622DDD2210F40C42030B320AD3F
:10D0700002E22110F2211165F5FF1DF0366100B2C8
:10D08000A000A2C108655B09560A0228210C1831CC
:10D09000C0CC3092823032B2283120BF312A299759
:10D0A00032018D0ABA333A381DF00000E5F7AE229E
:10D0B000A3E8203AA2202A8206FBFF00366100A1E5
:10D0C00049CF0C080C4CCBB18931C0200065000061
:10D0D00028311DF03641000C0A0C18A09A20309817
:10D0E0008340A883A09920ECE9208993EC980C8BCD
:10D0F00040A420E53813CD0A0C0BAD0365DBA8D1A5
:10D100003ACFCD04BD03AD022502008138CF879A06
:10D110000A0C1A6520AC06F5FFA2A1022D0A1DF02B
:10D120003641006533132D0A1DF0000036A1003989
:10D1300071AD020C0339B1C020006532133D0A8C79
:10D1400014403A63412CCFC02000480449614D028D
:10D150000C0268B156820037A60522240056E2046C
:10D160004125CFC020008804ECC20C17AD02412439
:10D17000CF4045C040A783A04074CCF4411BCFFDF5
:10D18000024055C050F783F0507416A500486187DF
:10D1900094020764022115CF6723028640005C8B4E
:10D1A000D119CFC119CFA119CFC0200025F5AE727A
:10D1B00002016212016A6772A10067A70F2148CDC0
:10D1C0002802562207210ACFC609000000A2020049
:10D1D0000C076526000B2A0C182087938020747793
:10D1E000120522A0C06722D4662A0522A0806722E9
:10D1F000CB0C020C0698B10C0799317712028626E7
:10D2000000372902062500280482020180A5216A30
:10D21000AA9212018A990BE992C91EE09EB3A95104
:10D22000909521A7297380C04460C793BD07DD078F
:10D23000C02000460F00000025DFAEBD0AC1EECEC3
:10D24000A1EFCE812ACDE0080006DEFF00001B78AA
:10D250007090440C0A0C1F90AF83A090741BDDCC1F
:10D2600069E088C080F9938C7F1B8BB7161EBD08C0
:10D270000C0D8D0787AED60C0DB20200F2C12C1B2F
:10D2800066E871A851E005002D0AC6D9FF8831DA99
:10D290007877A3E480D3C086F7FF2D074B4406AC14
:10D2A000FF1DF000364100B6420ED1D9CEB2A10525
:10D2B000C1D9CEA1D6CEA5E4AED0821121D7CE8AD7
:10D2C00022980288129088C080824137B80ED1D34C
:10D2D000CEB2A106C1D0CE06F6FF000000E03311A9
:10D2E000213ACC9A332A238139CC27380BB2A10BAF
:10D2F000D1CCCEC1C8CE46EEFFC0200028031DF021
:10D30000366100BD02AD03E5F9FF000440A0409185
:10D310007CF226C50A0C120015400022A122C2FF91
:10D3200020441098070C0321BFCE20291037A209F2
:10D330000B227C8880222022C201BCA27B8990899A
:10D34000B38083218A86CD02AD040C0B891199210B
:10D35000C0200081F4CBE008008811B20800B0AA18
:10D3600020A24800C020000C882028C05022432062
:10D3700055C098212A9999070C090C8DE615060CC1
:10D3800002C020001DF088072A997B288028B3CD91
:10D3900009202321AD04BD032A2689119921D93101
:10D3A000C0200081DFCBE00800B20200B0AA20A2BA
:10D3B0004200C02000D831D025432055C088112A12
:10D3C0008889079821C0200006ECFF00364100BD87
:10D3D00002AD0325EDFF7CF826C5090C18001540A9
:10D3E0000088A10B880014400088A1A0A810818E9D
:10D3F000CEE0080088060C02AAA8A90688075A8869
:10D400008907C020001DF0003641002188CE0C1A8B
:10D410000C08C020002802202014208A83808074F9
:10D42000CCE892C2FD908A83CC68A7120222A002A7
:10D430001DF00C0206FEFF003641001672001011AE
:10D440002065FCFF2D0A1DF036610065B4AB65B6A2
:10D45000AB8177CEE022112A687D0AA80665B5ABBC
:10D4600077BA06BD07A80625B7ABB2AFFF8171CE6C
:10D47000208880A228008931C02000E5B8AABD0715
:10D48000916CCE2A69A80625B5AB0C0DCD0D616A4D
:10D49000CEBD0D2A66C0200039063168CE2A33C0C1
:10D4A000200049033167CE2A33C02000590331657B
:10D4B000CE2A33A803C020002583AA7CFB3162CE8C
:10D4C0002A23A8020C0225B4AA0C0DCD0D8831BD6B
:10D4D0000DA808A581AA1DF036A1005156CB0C1449
:10D4E000C020002805C0200029B10C023D02DD0348
:10D4F0000CFBC156CEA2C11DC02000E5D505AD0470
:10D50000A59FAA814CCE0C3C8A820C0BA90840A492
:10D5100020C02000E56EAA0C3C0C0B814BCE8A8209
:10D52000A90840A420C02000A56DAA1C8EDD03819F
:10D5300045CEC2A4008A82B2C11DF13DCE2AFFA908
:10D5400008A143CE3901C02000A531AB261A14B280
:10D55000A073D140CEC140CEA141CE65BAAE3D044C
:10D5600086E2FF0022C2046613F3C0200032210BC2
:10D57000C02000222500271302E51DA51DF0000094
:10D5800036410082A102F62218A5C5AB82A103662E
:10D590002A0FD2A00040C42030B320AD02A5EAFF7C
:10D5A0008D0A2D081DF0000036410020EB03202DD0
:10D5B000041CFAA507FEAD021CFCB2C21A818ECC77
:10D5C000E008001CFA6505FE8C822125CE0C18C0EF
:10D5D00020008902C020001DF0000000364100AD8F
:10D5E000020C2226BA231C08A738742194CC267A70
:10D5F00018F68A28211DCE263A0FF64A0E0C42262E
:10D600001A072C02F62A022117CE1DF021CCCB26B8
:10D610005AF72D08F66AF222A08006FBFF0CB8210B
:10D6200013CE871AE4A738130C98210BCC871AD98C
:10D6300021A8CBA738D32147CB46F3FF0CD821D460
:10D64000CB871AC522A100873ABF0CE822A2008727
:10D650001AB792CAF122A4000C0890289346EAFF58
:10D660001C8921FDCB971AA1A739361C492139CB3A
:10D67000971A96A739121C28219ACB871A8B213228
:10D68000CDA738854C0206E0FF1C6921F9CD979A99
:10D690000246DDFF21E4CAA7B90206DBFF2D08C65A
:10D6A000D9FF1CC821F0CD879A0206D7FFA73819E9
:10D6B0001CA821F0CD879A0286D3FF22A3C9A7B860
:10D6C0000246D1FF22A406C6CFFF1CE80C12879A9F
:10D6D0000246CDFF21E9CD87BA0206CBFF1CF80C2C
:10D6E00022879A0286C8FF22CAE00C490C082089CA
:10D6F0008306EAFF3641008D020CD921A5CB97188D
:10D70000368739681C0226682EF6782D2C022628CA
:10D7100026F6381421D4CD9CD80B280C480C0320B5
:10D7200038832D03060400000022A080264808212B
:10D7300083CBF6580221CCCD1DF00C9321C7CB37FB
:10D7400018F5873313213DCC2678EC82C8F80C03FA
:10D750002101CB80239386F7FF0CB321C4CD37186A
:10D76000D622A1008733D0215ACB86F2FF1C494C28
:10D77000029718C387392D0C2226B8BB1C028732AA
:10D78000100CE322A2003718AE22C8F182A4008652
:10D79000E2FF1C232153CB37189D21EBCC87339715
:10D7A0004C0286E4FF1C9A0C42A7188B873A181C7F
:10D7B0006321AFCD3718802C0237B80206DEFF2276
:10D7C000C8E982A08006D5FF1CF227181426C81BC2
:10D7D0001CE90C0297180246D7FF0C12302A934618
:10D7E000D5FF0CA20C28302883C6D2FF0C4230296A
:10D7F00093C6D0FF3641008D021CD28732151C79AA
:10D80000219FCD97B80B82C8EC210ECCF6280221BF
:10D810009BCD1DF02C09210BCC8739F5210BCCC6F3
:10D82000FBFF000036410032A02127B30DD194CD7B
:10D830001C1BC194CDA194CD658CAEA573AC519346
:10D84000CD7CFBAD056575AC4192CD2A3432030029
:10D8500056430532A01D27336862A01731F3CB670A
:10D86000B20B62C2EC31EECBF6260231EFCB30A325
:10D87000206543A66D0A20A22025D6FFA0A620C0C1
:10D880002000A90320A220C02000A5F6FF6D0AA554
:10D8900041A67D0A0C1BAD02A5E5FF7CF3A0A330D9
:10D8A00070AA10C02000A9062A243202001B3332BD
:10D8B0004200C02000C02000A56BACAD05E582ACE5
:10D8C0001DF02C0631D7CB2736A331D6CB46E7FF48
:10D8D00036410032A02127B30DD169CD1CCBC16DDB
:10D8E000CDA169CDA581AEE568AC4168CD7CFB409A
:10D8F000A420A56AAC8166CD2A883208000B33309B
:10D900003074324800C020005663051CD327335FB3
:10D9100052A01731C5CB57B20B82C2EC31C1CBF646
:10D92000280231C1CB30A320C02000E537A65D0A14
:10D93000AD02A5CAFF7CF8A0A83050AA10C02000F4
:10D94000A903AD02C02000E5EAFF5D0AA535A6A047
:10D950003A200C0B20A220E5D9FFA0A320C0200074
:10D96000A905C02000E560ACAD042578AC1DF00031
:10D970002C0531ABCB2735AC31ABCB86E9FF0000B2
:10D980003641008145CDC020002A28C02000220257
:10D9900000C020002020741DF000000036410081EE
:10D9A0003FCDE022112A88980882292AA2292987B6
:10D9B0009A050C021DF00000B2292CE0A811AABBA8
:10D9C0001B88A80B30AAC0A90BB2292BB728010CC1
:10D9D00008D67AFD82692AC0200086F3FF00000085
:10D9E000366100A632226564AEB12ECD22A18AA096
:10D9F000DA20B0EB200C1AF12ACDC12BCD2901C0C1
:10DA00002000255EFF7CF21DF0C052114128CD326E
:10DA1000C5044033807CFBAD032558AC8120CDE0AC
:10DA200022112A285A4482A1012802AD0322222869
:10DA30002088102804C020008942C02000483240BD
:10DA40008820C020008932C02000256AAC0C020664
:10DA5000EDFF0000366100A63222255DAEB111CD8A
:10DA600022A0F4B0EB20A0DA20F111CDC10FCD2916
:10DA7000010C1AC02000E556FF7CF21DF0B6431FD2
:10DA8000A55AAEB108CD22A0F5B0EB20A0DA202235
:10DA90006100F107CDC107CDC0200086F4FF000072
:10DAA000C022115102CD42C2045A447CFBAD04E5B0
:10DAB0004EAC2AA5BD0365AC12AD042563AC0C02C7
:10DAC000C6EDFF0036610030B320A63222E555AE28
:10DAD000B1F5CC22A0FEA0DA20ED0B0C1AF1F6CCA9
:10DAE000C1F2CC226100C02000A54FFF7CF21DF0E6
:10DAF000A1EFCCC022112AAA65AA120C0246FBFF94
:10DB0000366100A632226552AEB1E6CC22A105B044
:10DB1000EB20A0DA20F1E9CCC1E4CC29010C1AC039
:10DB20002000254CFF7CF21DF0B6431DE54FAEB141
:10DB3000DDCC22A106B0EB20A0DA20226100F1DFCB
:10DB4000CCC1DFCCC0200086F4FFC0221151D7CC5D
:10DB500042C2045A447CFBAD042544AC2AA5BD0353
:10DB6000259912AD046558AC0C0246EEFF0000008A
:10DB7000366100A63222654BAEB1CACC22A10FA0FD
:10DB8000DA20B0EB200C1AF1CFCCC1C7CC2901C0F0
:10DB900020002545FF7CF21DF0C0221151C4CC426B
:10DBA000C2045A447CFB40A420253FAC2AA5BD03F7
:10DBB000E59912AD046553AC0C0246F6FF00000077
:10DBC000366100A632226546AEB1B6CC22A118A0BD
:10DBD000DA20B0EB200C1AF1BCCCC1B3CC2901C0C7
:10DBE00020002540FF7CF21DF0C0221151B0CC4234
:10DBF000C2045A447CFB40A420253AAC2AA5BD03AC
:10DC0000259B12AD04654EAC0C0246F6FF000000E9
:10DC1000366100A632226541AEB1A2CC22A121A07C
:10DC2000DA20B0EB200C1AF1A9CCC19FCC2901C09D
:10DC30002000253BFF7CF21DF0C02211519CCC42FC
:10DC4000C2045A447CFB40A4202535AC2AA5BD0360
:10DC5000E59912AD046549AC0C0246F6FF000000E0
:10DC6000366100A63222653CAEB18ECC22A12AA03C
:10DC7000DA20B0EB200C1AF196CCC18BCC2901C074
:10DC800020002536FF7CF21DF0C022115188CC42C5
:10DC9000C2045A447CFB40A4202530AC2AA5BD0315
:10DCA000E5C801AD046544AC0C0246F6FF00000077
:10DCB000366100A632226537AEB17ACC22A133A0FC
:10DCC000DA20B0EB200C1AF183CCC177CC2901C04B
:10DCD00020002531FF7CF21DF0C022115174CC428E
:10DCE000C2045A447CFB40A420252BAC2AA5BD03CA
:10DCF00025C901AD04653FAC0C0246F6FF000000EB
:10DD000036A100204220302320A63420E531AEB1D8
:10DD100065CC22A47FED0BDD0AF16FCCC163CC2969
:10DD2000010C1AC02000E52BFF7CF21DF0515BCCEA
:10DD3000E0341130658052260056B501E52EAEB1B3
:10DD400059CC22A480B0EB20DD0A2901F163CCC1BB
:10DD500063CCC0200006F2FF65BAAA58067D0ABD52
:10DD600002A22539252AAA169A11C04411814FCC46
:10DD70004B548A557CFB50A5202522AC914CCC0CF1
:10DD80000E4A890C1FCD0EA8088806C02000983ABC
:10DD9000B125C9B0991090CF83C0C07488380B8862
:10DDA00080EF93E08074DC79DC58C02000881AB7DB
:10DDB0000818B2A492D14ACCC14BCCA14BCC25348B
:10DDC000AE166C008C38C02000B94AAD05C02000EA
:10DDD000A531AC0C0B6131CC3A968809A2283B994D
:10DDE00071C020002522AA0C2A81D2CAE008006155
:10DDF0002FCC4A868808C020008878C0200089B1CE
:10DE0000C0200088B18080759871EC08C02000881F
:10DE1000B1808835DC68DD082809CD08BD08A2225C
:10DE2000398971C0200065ECA90C0206BFFF7CFB9C
:10DE3000AD05A516AC811DCCAD054A48680481F935
:10DE4000C8C020004836804420C020004936C02089
:10DE500000A529ACA5AAAA704AC00C0B4732052020
:10DE60007780A0B7C0910DCC303980222300A22248
:10DE70003B6519AA2803DC0ADD0ACD0ABD0AA222E5
:10DE800039A5E6A922A10706A8FF0C0DCD0DBD0DF1
:10DE9000A2223906E3FF0000366100A63222E5180F
:10DEA000AEB100CC22A54EB0EB20A0DA20F10FCC11
:10DEB000C1FECB29010C1AC02000A512FF7CF21D67
:10DEC000F041F6CBE0821180448082240056C801E4
:10DED000A515AEB1F4CB22A54FB0EB20DD0A290188
:10DEE000F103CCC1FECBC0200006F2FF0081EFCBD6
:10DEF000C0221122C2048022807CFBAD02E509AC65
:10DF00004804AD020C0248544903C02000E51DAC92
:10DF1000C6EAFF0036A100A632222511AEB1E1CB40
:10DF200022A563B0EB20A0DA20F1F1CBC1DFCB2931
:10DF3000010C1AC02000E50AFF7CF21DF041D7CB8E
:10DF4000E052115A344803DC94250EAEB1D6CB22F0
:10DF5000A564ED0BDD0A2901F1E6CBC1E0CBC020C1
:10DF60000006F3FFA224387CFBE509AAC062114B2E
:10DF70003681CECB7CFB8A33AD032502AC91CBCB73
:10DF80006A7992AEFE8807C020007838907710C07A
:10DF900020007938AD03C020002515ACB2C12C0C8F
:10DFA0000CA224362542A98D0A7CFB8971AD03564B
:10DFB000E805C0200065FEAB91B9CB5A59780588B9
:10DFC000715D0898578C4952A0018267050C08AD15
:10DFD0000382471CC02000C020002511AC9C15E521
:10DFE00004AEDD0AB1B0CB0C1AB0EB20C1C2CB65D8
:10DFF000FFFE31AECB60A3802539FBAD02259EFF2D
:10E000000C0DA22438CD0DBD0D25CEA90C0246CA9B
:10E01000FFA5F8AB91A2CB507980A22700B8B198A8
:10E020005AB099C0995AAD02C020002597FFAD03A0
:10E03000A50BAC887180B820A22436253DA988079D
:10E0400092081C1659F5C2089D0C1DB2C81DA228C5
:10E0500036A529A9261A0246D0FF7CFBAD03E5F3BD
:10E06000AB7807885792079D9A8889570C08824792
:10E070001CC02000C0200046C6FF00003641008DB5
:10E08000020C02E6380E9185CBE088118A89980847
:10E090000C189028931DF000364100E6320E817F67
:10E0A000CBE022112A2828028C12326234C02000D0
:10E0B0001DF000003641002190CB1DF03641000CD0
:10E0C00008806113E558A81DF0000000364100A546
:10E0D00021A38182C9A908C020001DF03641005249
:10E0E0002207C2A464B2A0A54185CBA186CB52640D
:10E0F0000052AFF04183CBC02000A5DBA7E51FAFE6
:10E10000405510CD01BD00A0E603904803804903AF
:10E11000417ECB894482C5C459080C086D089934E6
:10E1200092C5D0C904B914A9245178CB80E6035014
:10E13000881080E6131020008048030018400C1857
:10E140000088A18049131020000C001D0980E603FF
:10E1500061FBC860882080E613102000AD02C0205B
:10E1600000650601AD03A5F2005D0A9C1A65E2ADEB
:10E17000BD0AC167CBDD05A167CB815CC9E00800A2
:10E18000882451FEC850581028349844A8044814D4
:10E1900050E613102000204813102000904913105F
:10E1A00020001D0A0D0480E6131020001DF0000061
:10E1B0003641002507011DF0364100AD02A5ADAB8B
:10E1C0002D0A1DF036410056E300D153CBB2A10C0D
:10E1D000C153CBA153CBA5F2AD26121C8C822622B3
:10E1E000262632337CF21DF0814FCB214FCB8903A1
:10E1F0008022C0C0200006FBFF814CCB214DCB8983
:10E2000003C0200006FAFF00814BCB214BCB8903D2
:10E21000C0200046F6FF00008149CB2149CB89038D
:10E22000C0200046F2FF0000364100B2A15820A2F3
:10E2300020650601A02A209000000000364100A0C1
:10E24000EB03A0AD0425F8AA2D0A1DF03661000CE1
:10E25000CC0C0B4BA15D02E5C5A78C240C02291444
:10E26000B2C104AD05C02000259FAB282129132889
:10E270003159032923C020006506A6CCBAE5FBFF6F
:10E28000A79506211ECB28022913AD03C02000A5A7
:10E290000C01A02A20163A0325FAFFA7952DAD05FB
:10E2A000655801E503A6AC2A9C0488233B885813D3
:10E2B0005088C059047CC550881089144110CB483F
:10E2C00004426301C02000E5F600A923C020001D20
:10E2D000F0000000364100A2C2286558010C021D62
:10E2E000F0000000364100A51C12822300809044FB
:10E2F00016590042A0209094C04112CBAA889A8857
:10E30000981487B917E5C8ADBD0AC10FCB22A1018A
:10E31000A10FCB81F6C8E008001DF00000C2A02CC0
:10E3200020A2208263000C0BC02000A5B8A7280300
:10E3300020CC412020B48C021BCC281440CC11C727
:10E34000B20225D3AD21C8C8B804A222006585A3B6
:10E350002D0A163AFCE5C3ADBD0AC1FBCADD02A118
:10E36000FCCA81E2C8E0080046EBFF0036610052BB
:10E37000A00050C5200C3B0C1A5931C0200025BF0D
:10E38000F76D02A04A20579A17A5C0ADBD0AC1EE8D
:10E39000CA22A105A1F0CA81D5C8E008001DF0007D
:10E3A00000284AF64217E5BEADBD0AC1E7CAA1EA98
:10E3B000CA81CEC8E0080022A104C6F7FF00D2A09F
:10E3C00004C2C10CBD05E5D2F72D0A9C5A65BCAD4F
:10E3D000BD0AC1DDCADD02A1E1CA81C4C8E00800EE
:10E3E00046EEFF0088312608CDB64804584487B56C
:10E3F0001625BAADBD0AD831C1D4CAA1D9CA81BBCC
:10E40000C8E00800C6EBFF0049068903C02000866B
:10E41000E2FF0000364100A50AA58193C840D42040
:10E42000164A0191C8CA9209088CB9CD03BD02A849
:10E430000865BFA32D0A1DF0A2280020C22030B31A
:10E4400020E5A7A306FBFF0036610071BECA522279
:10E4500000505480622701673502A5C1ADA2022495
:10E46000165A0C52A020A055C04055634BAACD05AA
:10E47000BD03AAA2E58DA78202248A8580807482CA
:10E480004224C0200066C8644B92CD08BD096802D2
:10E49000A8076AAA8261029931C0200065F7FF6D62
:10E4A0000A882198319C5AE5AEADBD0ADD06C1A6A9
:10E4B000CAA1ACCA818EC8E008002D061DF0A222B8
:10E4C0000080C820A2CA20BD09A902A8A28921995A
:10E4D00031C02000253A01BD06624224C0200088D8
:10E4E00021CD089831AD09C02000A59CA75044C09B
:10E4F00082AFE080841016F8046222005A93CD089F
:10E50000BD09A8076AAA8921926103C0200065F0AD
:10E51000FF6D0A882198319C3AA5A7ADBD0ADD069A
:10E52000C18ACAA191CA86E2FF5D0A46F0FFA8A28D
:10E53000CD08BD098921C02000E5330188218A5515
:10E540008044C068028A66690262A000679402C6BD
:10E55000D9FF40C42050B3804BA2C02000657FA7E4
:10E56000424224C02000C0200046D3FF3661003262
:10E57000A0003931C02000A5F3114D0A3202245108
:10E5800071CA1633044B622C0CBD063802A8053044
:10E59000AA8025E8FF3D0A9C5AA59FADBD0AC16A25
:10E5A000CADD03A172CA8151C8E008002D031DF025
:10E5B000A2220AC2A02060B620E52B01880282C8F0
:10E5C000208902324224C02000B2C10C32A01FA216
:10E5D000220AC02000A52E014733394B32B831CD75
:10E5E00004AD032577A72C0640C6C00C0B4AA365D3
:10E5F0008CA7A805CD06BD0358025AAA65E1FF3DC8
:10E600000AAC8A2599ADBD0ADD03C14FCAA158CA1B
:10E6100086E4FF00004030348C13A5A5ADA805CDDD
:10E620000438023AAAB83146F4FF00000088024AD2
:10E63000484902C0200086DCFF000000364100C2CD
:10E64000A000B2A003A2A0016592F7DC2A6594ADF8
:10E65000BD0AC13DCAA147CA8125C8E008001DF016
:10E66000002138CA0CCCBD02883A8902884A891236
:10E67000820A250C0A824208C02000C0200081D0F6
:10E68000C7E00800A932C0200046F4FF364100313F
:10E690002DCA0CCCBD03A2A00081C9C7E008008828
:10E6A00033A04A20A71816E58EADBD0AE833DD0475
:10E6B000C126CAA131CA810DC8E008001DF042235D
:10E6C00000165400322301F64314A58CADA0BA20E5
:10E6D000C11ECAA12ACA8105C8E0080006F7FFA129
:10E6E00028CA251AA3A2A001E5B4F7B126CA20A220
:10E6F000203125CA390B3125CA391B3125CA393B8E
:10E700003125CA392B3124CA394BC02000E59CFF82
:10E7100006EAFF0036010131C7C62CCCA2C1302C5D
:10E7200005C020002803C020002261170C0220B27F
:10E7300020226101C02000E577A72921C020002503
:10E74000D7114D0ACD05BD02A2C110226103C02020
:10E75000002576A747B50EB2A178D110CAC110CA5C
:10E76000A111CAE599AD8BB14BA125C0FF2D0A5669
:10E770005A06322102A2C1584033C0650E016D0213
:10E78000ECC3A22116CBB1A51301DD04C2C110B8A0
:10E790002140BBC0A811E595F72D0A166A06657FD2
:10E7A000ADBD0ADD02C1E8C9A101CAC6080000006A
:10E7B000507363A811DD07C2C134BD066593F72D00
:10E7C0000AAC8A257DADA0BA20C1DFC920D220A124
:10E7D000F6C981C6C7E008005197C6C02000422193
:10E7E00017C02000322500371451E5F6A3A22116E8
:10E7F00070C720B2C1342508017066807033C046EE
:10E80000DFFF000000A831CD04B2C110254BA72DB9
:10E810000A163AFCE577ADC1CCC9BD0A22A109A10F
:10E82000E4C981B2C7E00800B831A1E2C9650C01B2
:10E83000B2C110A1E1C9E50B01C6E6FF1DF0000061
:10E84000366100A5DFFF82A00089218931C0200048
:10E8500025ECFFCC5ACBB18BA125B1FF1DF00000F8
:10E8600036810056D401101120A572ADBD0AD1D356
:10E87000C9E2A0FD7CD2C1D2C9A1D2C9819CC7E0A6
:10E8800008001DF00CCC0C0BA2C114A562A7AD02B0
:10E8900065A7A71B6A2C0767B739A56FADBD0AD15D
:10E8A000CAC960F620E2A0D722A000C1C5C9A1C78D
:10E8B000C9818EC7E00800E56DADBD0AD1C0C9FDB4
:10E8C00002E2A101C1BFC9A1C7C98188C7E0080090
:10E8D00086EBFF0072AFFC62C50370661069214BC6
:10E8E000AA706A108821FB986A9970991071B8C94A
:10E8F0009931921724262902462700BD02CD06A190
:10E90000B5C9C02000E544A70CCCB2C1142227151C
:10E910003971A84238226951526106C02000E003D3
:10E92000002D0A9CEAE566ADBD0AD1A7C9FD02E249
:10E93000A0E7C1A3C9A1A8C9816DC7E008007CE216
:10E94000C6DCFF000022271560C620322202A22268
:10E9500004B1A0C9E003002D0A9C4AA563ADBD0A1D
:10E96000FD02E2A0EBD198C9C196C9A19CC986F16C
:10E97000FF222715BD043822A842C821E003002D3C
:10E980000A9C4A2561ADBD0AFD02E2A0EFD18EC905
:10E99000C18CC9A193C986E7FF2831A6120206B827
:10E9A000FF86C4FF366100B2C10C20A220E59E00A4
:10E9B000DC9A255EADBD0AD802C181C9A18BC9818F
:10E9C0004BC7E008007CDA2D0A1DF00000A0DA2019
:10E9D000C22103B2A001A185C965E8FFC6F9FF0005
:10E9E000364100317BC920B220C2A02082231332DD
:10E9F00023158262012C028823A843C02000E0086E
:10EA0000003D0A9C9AE558ADBD0AD179C9FD03E2E3
:10EA1000A0977CE2C16BC9A177C98134C7E0080027
:10EA20001DF00000368100C2A020B2A00010A1207D
:10EA30002548A7DC93E555ADBD0AD16FC9E2A0A773
:10EA40007CD2C15FC9A16DC98129C7E008001DF052
:10EA50007CC53B44504410515EC9821524DC2822F9
:10EA600015281B22225528C0200022C420C02000C7
:10EA700086F6FF6618492921AD0129310C6229610A
:10EA8000890149414951C0200065F5FF2D0AE61A68
:10EA90001E2550ADA0BA20D158C920F220E2A0B85E
:10EAA000C148C9A157C98111C7E0080086E7FF0026
:10EAB0008225134A48426513C02000C6E3FF0000C8
:10EAC00022251540C42030B320822202A842E0084B
:10EAD000002D0A9CDAE54BADBD0AD147C9FD02E223
:10EAE000A0C27CE2C137C9A147C98100C7E00800C4
:10EAF00086D6FF002D044225132A4486EDFF000030
:10EB00003681002C0C0C0BAD01A53AA73131C94D53
:10EB1000028213246618440C48AD01294129510C86
:10EB2000622961826100C0200065EBFF2D0AE61AB0
:10EB30001A2546ADBD0AD134C9FD02E2A164C12047
:10EB4000C9A132C981EAC6E008001DF02223134A98
:10EB5000222263132C02C0200046FBFFDC488213F4
:10EB60002822C2201B88825328C02000C02000C653
:10EB7000F5FF00008223132A88826313C02000C699
:10EB8000F1FF000036210121ABC55111C9C02000A1
:10EB90002802C0200022611B221524261202063101
:10EBA000002CEC0C0BA2C13E321528C020006530B1
:10EBB000A74117C949E142A10142511E0C4422411B
:10EBC0003E425124C02000C02000658D113C4CB253
:10EBD000C138325132C020002261130C02310DC9FC
:10EBE00022611422611622611722611A2225153230
:10EBF00061182C83A25125325133C02000A8423223
:10EC00002202C26115C02000E003002D0A165A0539
:10EC10002538ADBD0AD100C9FD02E2A0877CE2C162
:10EC2000E8C8A1FEC881B1C6E008003215246623F9
:10EC300046D6C205E535ADA0BA20D1F9C820F220EC
:10EC4000E2A221C1DFC8A1F7C881A8C6E00800314F
:10EC500079C5C0200042211BC02000380337940230
:10EC6000460A0165AFA32215240C0A22C2FE3C43CA
:10EC7000203A832D0386ECFFE61215A531ADBD0ABF
:10EC8000FD02E2A223D1E6C8C1CEC8A1E7C8C6ED05
:10EC9000FFC2A00CB2A000A2C120A521A732A000F3
:10ECA0000CCCBD03A2C12C39613971C02000652094
:10ECB000A7E54FFF6558FFCD03B2C12C4D0AE558BB
:10ECC000FF379A3E3D0A0C046D0340742040A42097
:10ECD000654EFF4D0A56FA09AD0665E2FF3D0AA6EC
:10ECE0001A0286E700E52AADA0BA20D1D0C830F3D9
:10ECF00020E2A19CC1B3C8A1D2C8817CC6E00800B3
:10ED0000C60B00A2C12CE5C9FF621524A03A2066FB
:10ED10001641D60AFBE527ADBD0AD1C4C8FD04E201
:10ED2000A181C1A7C8A1C2C83901C02000816FC696
:10ED3000E008002526ADBD0A30F320D1C7C8E2A106
:10ED4000BB302320C19FC8A1D6C88168C6E0080097
:10ED5000C6420000A61A02C6DAFFA523ADA0BA205B
:10ED600032610040F420E2A183D1B0C8C195C8A1AE
:10ED7000B1C8C0200046ECFF254CFFA79402C6D2C4
:10ED8000FFCD07B2C12CAD04254CFF16EAF3A2C19A
:10ED90002C25C1FF8215243D0A66181FD6DA0365AB
:10EDA0001FADBD0A3901FD04E2A193D1A0C8C18401
:10EDB000C8A1A1C8C02000C6DBFF0000E61A1D657F
:10EDC0001DADA0BA2032610040F420E2A195D19798
:10EDD000C8C17BC8A19AC8C0200006D3FF3A668686
:10EDE000BAFF0000C2C118B2C120AD04E545FF164C
:10EDF000BA0BA881C2A158BD0AA5C2FF6D0AA61A06
:10EE000002468600E518AD216EC8BD0AED06CD02AA
:10EE1000607620D22108A18BC88134C6E008006545
:10EE200017ADBD0AF881E2A1A6CD02D187C8A1879E
:10EE3000C86901C02000812DC6E008006515ADA09D
:10EE4000BA2040F420D184C8E2A1CB702720C15C55
:10EE5000C8A182C87901C020008124C6E0080065ED
:10EE600013ADBD0AFD02E2A228D16DC8C155C8A1EB
:10EE70008BC8C674FF607780A617C0C221077A339B
:10EE8000ACACA861BD0AE5B9FF6D0AE61A1D6510B4
:10EE9000ADBD0AD171C8FD06E2A1D42D06C148C896
:10EEA000A170C88112C6E0080086ECFFAA33AD0449
:10EEB0006530FF4D0A56BAF2A9B17D0AB2C12C7075
:10EEC000A720C02000E52FFFA0CA20D6AA03650C0A
:10EED000ADA0BA20D164C8E2A1E57CD6C139C8A1F1
:10EEE00062C88102C6E00800A50AADBD0AD14CC8BF
:10EEF000FD06E2A22D602620C132C8A15DC881FBBB
:10EF0000C5E00800C651FF000016BA08A8B1BD0A46
:10EF100025B1FF6D0AA61A02861E00A507ADBD0A1F
:10EF2000D151C8FD06E2A1EDC126C8A150C881EFAC
:10EF3000C5E008005606FB3A22A14EC84C2B6A6277
:10EF40000C0229B1C02000E50FA2E555114C8DCD72
:10EF500005A905B149C8A149C8C020002590FF4DA9
:10EF60000AE61A40E502ADBD0AD145C8FD04E2A299
:10EF7000042D04C113C8A143C881DCC5E0080065A5
:10EF800001ADBD0AFD02E2A233D125C8C10DC8A161
:10EF900042C8C62CFF00AA441B77264702C6C6FFFC
:10EFA0006D0446E4FFA2C12C258A00DC4A65FEAC54
:10EFB000BD0AC103C87CD2A134C881CCC5E0080019
:10EFC000C6EEFFDD0AC8B1B2A2A5A130C82589FFEF
:10EFD0002D0AE61A1FE5FBACA0BA20D129C820F201
:10EFE00020E2A212C1F7C7A12AC881C0C5E008006B
:10EFF000C6E2FF0000A0A48065B0FFA02A20E61AA8
:10F000001625F9ACBD0AFD02E2A217D11DC8C1EC5C
:10F01000C7A120C886F4FF006A2A460CFF000C072F
:10F02000C2C12CB2C114A2C12079B1C02000A52E4A
:10F0300000CD0AB8B1A851E59EFF7D0AA61A028646
:10F040008CFF25F5ACBD0AE89170F720D22108C1EC
:10F05000DCC7A1FFC781A5C5E008007CE9971702BE
:10F060004684FF25F3ACBD0AF881E2A1AAD1F6C718
:10F07000C1D4C7A1F8C77901C02000819CC5E008B0
:10F0800000C66DFFA512FFC688FF0000001DF0003E
:10F0900036610032A014326103560202C0200065BE
:10F0A000EFACBD0AE2A241D1FFC732A102C1C4C781
:10F0B000A1FEC7818EC5E008002D031DF041C4C725
:10F0C00032A000325424C02000226415C020006504
:10F0D000ABFFA03A20960AFE8831AA3839313802AF
:10F0E000AC53CBB1A22204C02000E003003D0A9C37
:10F0F0006A25EAACBD0AC1B2C7DD03A1ECC7817BBA
:10F10000C5E0080046ECFF0000322201169301A280
:10F110002204E003003D0A8CEAA5E7ACBD0ADD034A
:10F12000C1A8C7A1E3C706F5FF31E2C78221038268
:10F130006300C020002537110C08BD031C4CA91327
:10F14000892389338943A842822202C02000E00833
:10F15000003D0A8CFAE5E3ACBD0ADD03C199C7A105
:10F16000D6C706E6FF0082A001825424C020008298
:10F170001428B0881182C834826413C0200065A0AE
:10F18000FF96CA0382A002825424C0200082142861
:10F19000B0881182C834826413C02000659EFF9637
:10F1A000EA0148321614F1A842E004003D0A167A3A
:10F1B000F025DEACBD0ADD03C182C7A1C0C706CF02
:10F1C000FF3D0A86BCFF000036410081BDC76CF9D7
:10F1D0006C8A92480092AFBE92480192AFAD9248BD
:10F1E0000292AFDE9248037CF99248089248090CDB
:10F1F0000992480A92480B9248059248069248079D
:10F20000A24804C0200091AFC7887222022099084A
:10F2100016820092281492C940926814C020001DE2
:10F22000F000000036410081A8C70C099908C020F1
:10F23000001DF00036410080EB03808D041B28A0E8
:10F2400082112A88F088112A8821A0C7C088118AD3
:10F25000221DF00036410098120C08A19DC7AAA9F2
:10F26000B19DC7A73B2590B034879B1F8822A1F48E
:10F27000C5AAA821F4C5A7321687B9139098C02152
:10F2800098C40C1897B2018D0B8080742D081DF066
:10F290000C0886FDFF00000036410081E9C58A8226
:10F2A000A1E9C5873A2A0C18918CC79093802099C0
:10F2B0008097BA5B813DC68A8291D7C487392881FD
:10F2C0008AC78A332A3382A00137B9430C08860FD4
:10F2D0000081D9C58A82A19DC5873A1F0C18917FEC
:10F2E000C79A932A9997BA279195C50C089A92A123
:10F2F00094C5973A1A817DC7C60200008179C78AF2
:10F3000082873AAF8178C78A332A330C18373ABBE1
:10F310008020041DF000000036410082220192226C
:10F32000029028C0202160908863161400CCD3D1AD
:10F3300070C7B2A158C16FC7A170C765DCAC91C4DA
:10F34000C39A988903316DC7973302816DC78904C9
:10F35000C020001DF0000000364100A22200A5ECF4
:10F36000FEA03A20164A02AD02A5EEFFEC4A8156F5
:10F37000C798081BA9A908D089119088C0C0881116
:10F380009159C49A88891282C87089222D03C0209D
:10F39000001DF0003D0A86FCFF0000003661000CF5
:10F3A000055921526103571202579311D156C7B222
:10F3B000A1AEC155C7A150C7C0200065D4ACAD02F5
:10F3C000CBC18BB125F5FF8202006D0A4150C78287
:10F3D0004418C02000820201824419C02000820229
:10F3E0000222020352440C22441B22A06F52440DFD
:10F3F00082441AC020009831A73232C0200065B97B
:10F40000AC2143C7BD0ACD02DD06A142C781B7C406
:10F41000E0080025B8ACBD0AA140C720C22081B3D6
:10F42000C4E0080022A24C4903C020001DF02809B6
:10F430006125C7671202C6C100A22914A0287481E1
:10F4400020C7A24808224809A02075A0A875A24894
:10F450000BC02000A2291522480A6C82224804A071
:10F460002874224811A0207522481222AFEEA2482B
:10F4700010A0A87522480C22AFC252480552480677
:10F48000524807A2481352480D52480E52480F22C4
:10F490004814524815524816524817A0C203A028D3
:10F4A00074224819A02075A24818A0A87522481AED
:10F4B00022AFC3A2481B22481C52481D52481E526C
:10F4C000481FA0C303A02874224821A02075A24889
:10F4D00020A0A87522482222AFC4A2482322482493
:10F4E000524825524826524827A0C403A028742217
:10F4F0004829A02075A24828A0A87522482A22AF32
:10F50000C5A2482B22482C52482D52482E52482F33
:10F51000A0C503A02874224831A02075A24830A0BD
:10F52000A87522483222AFC6A24833224834524836
:10F5300035524836524837A0C603A02874224839AD
:10F54000A02075A24838A0A87522483A22AFB1A2DF
:10F55000483B22483C52483D52483E52483FA0B1A9
:10F5600003A02874224841A02075A24840A0A87595
:10F5700022484222AFB2A248432248445248455250
:10F580004846524847A0B203A02874224849A02008
:10F5900075A24848A0A87522484A22AFB3A2484B9A
:10F5A00022484C52484D52484E52484FA0B303A0F7
:10F5B0002874224851A02075A24850A0A87522485E
:10F5C0005222AFB4A248532248545248555248568A
:10F5D000524857A0B403A02874224859A02075A20D
:10F5E0004858A0A87522485A22AFB5A2485B2248C5
:10F5F0005C52485D52485E52485FA0B503A0287433
:10F60000224861A02075A24860A0A8752248622205
:10F61000AFB6A248632248645248655248665248D1
:10F620006750B603502874524868224869502075C4
:10F6300050587522486A52486BC02000CBB90C0C58
:10F64000220904224448C02000220905224449C05E
:10F650002000220906582922444AC0200022090716
:10F6600022444B50287422444D50207522444E5061
:10F67000287522444F1C0252444CC020007682253B
:10F6800082CC40E088118A841BCCA80B4BBBA068BD
:10F6900074A24848624849A06075A0A87562484AAB
:10F6A000A2484BC0200022094C22445CC02000220A
:10F6B000094D22445DC0200022094E8229162244B1
:10F6C0005EC0200022094F22445F8028748244508B
:10F6D000224451802075808875824453C020008266
:10F6E0002917224452802874824454224455802091
:10F6F00075808875824457C020008229182244569C
:10F70000802874824458224459802075808875224C
:10F71000445A82445BC0200057E5024641FF6CF228
:10F7200020551050287452444C22444D502075509E
:10F73000587522444E52444FC02000C020008638E5
:10F74000FF61E2C352691562691456E2EEA819A07E
:10F750002874224449A0207522444AA02875A24456
:10F760004822444BC02000582950287452444C224F
:10F77000444D50207550587522444E52444FC0207D
:10F780000052D4018849802874224549802075227E
:10F79000454A80287522454B824548C02000B8590B
:10F7A000B02874B2454C22454DB02075B0B87522D2
:10F7B000454EB2454FC02000B869B02874B24550DC
:10F7C000224551B02075B0B875224552B24553C09C
:10F7D000200098799028742245559020752245562E
:10F7E000C02000214BC320AA10A0687492455490F9
:10F7F0009875924557624449A06075A0A875624407
:10F800004AA2444BC02000D698C12088108028749A
:10F8100022454980207580887522454A82454BC023
:10F820002000C02000C6FEFE3641008125C620987B
:10F830007422480092480120907520287592480251
:10F84000224803C02000C020001DF00036410016F1
:10F850005200811BC682620022A094C020001DF0CD
:10F860003641008C92812DC60C099908991889029D
:10F87000C020001DF000000036410030B32056E2E9
:10F8800000D127C6B2A058C127C6A127C62587AC7C
:10F890009C53A802CD04814AC3E0080088124A881C
:10F8A000A9028912C020001DF0A56EACBD0AC11FBF
:10F8B000C6A11FC6818EC3E0080086F9FF000000C4
:10F8C00036410092A00182A0002089938080745666
:10F8D0003801308983CCD8D117C6B2A071C116C601
:10F8E000A112C6E581AC8C0329030C42C020001D87
:10F8F000F0000000364100BD02561301D110C6B21F
:10F90000A0B2C10FC6A108C6101120657FAC8C72D1
:10F91000A10DC68176C3E00800B803A10BC68173B0
:10F92000C3E00800A10AC68171C3E008001DF00011
:10F930003641009802C02000A22908818DC2B7FA82
:10F94000028193C2C088113038C280A311A0AC419B
:10F95000C020008859303034C03301B1FDC5B088B3
:10F9600010A08820C020008959C020008859A1F922
:10F97000C5A08810303820C020003959C020001D93
:10F98000F00000003661008802C02000A228089123
:10F9900078C2B7FA02917EC2C09911C0200088587F
:10F9A000C020008931C020008831A1EBC5A088109B
:10F9B000C08811C02000A831A0A435A0882080896B
:10F9C000C28903C020001DF0364100E50300C022BB
:10F9D00011202A802222019000000000364100A55B
:10F9E0000200C02211202A80222200900000000084
:10F9F000364100650100C02211202A80E033113019
:10FA000022802222021DF00036410021D4C51DF0C3
:10FA1000364100A1D3C50C1B25AE11B2A001A1D166
:10FA2000C5A5AD110C1BA1D0C525AD110C1BA1CFD7
:10FA3000C5A5AC111DF0000036C1028B4249412220
:10FA4000C22842C120584129710C8249517682074F
:10FA500068054B5569044B44D2C140D05D2042A09B
:10FA600010768423220300802201620301006611C4
:10FA70006022206203036022206203024B3380660F
:10FA80001160222029054B5551BAC53D0D2D054861
:10FA9000F1E8C1C8E1F8D1B881A89198A188B1591D
:10FAA00011004640E05E81004B40E06E81606530B1
:10FAB000104940E05E81780350663058027A55F074
:10FAC0007C30E07710C077305A667A664A46004D3F
:10FAD00040B05B81004240B06B81505630104640D0
:10FAE000B06B81605530A06B20A07B1090661070C9
:10FAF00066206A654A8858124A46F07E3080771040
:10FB0000F0773068136A55CAC500464080688100A6
:10FB10004B408058815056301049408068817ACCE3
:10FB20006055305A5C004240406481004D4040C402
:10FB300081C0C63010464040648160CC30B0642043
:10FB4000B07410A066107066206ACC5ACC5A9968BE
:10FB500023E07830907710E0773058226A55FAF534
:10FB6000004640906981004B4090598150563010BA
:10FB700049409069817AFF6055305A5F004240C029
:10FB80006C81004D40C0FC81F0F630104640C06CE6
:10FB90008160FF30C06420C07410B06610706620B1
:10FBA0006AFF5AFF5AAA6833907830A0771080779E
:10FBB0003058326A55EAE5004640A06A81004B4061
:10FBC000A05A81505630104940A06A817AEE6055A3
:10FBD000305A5E004240F06F81004D40F0EF81E00E
:10FBE000E630104640F06F8160EE30F06C20F07C23
:10FBF000104066107066206AEE5AEE5ABB6843A049
:10FC00007930B0771090773058426A558A8500462F
:10FC100040B06B81004B40B05B8150563010494082
:10FC2000B06B817A886055305A58004240E06E814E
:10FC3000004D40E08E81808630104640E06E81604D
:10FC40008830E06F20E07F10C066107066206A8800
:10FC50005A885A446853B07A30407710A0773058A9
:10FC6000526A559A95004640406481004B4040548A
:10FC7000815056301049404064817A996055305A1D
:10FC800059004240806881004D40809881909630B4
:10FC9000104640806881609930806E20807E10F030
:10FCA00066107066206A995A995ACC6863407B3016
:10FCB000C07710B0773058626A55AAA5004640C098
:10FCC0006C81004B40C05C81505630104940C06C84
:10FCD000817AAA6055305A5A004240906981004D9D
:10FCE0004090A981A0A63010464090698160AA305A
:10FCF000906820E066109078107066206AAA5AAA70
:10FD00005AFF6873C07430F0771040773032C320E8
:10FD1000587222C2206A55BAB5004640F06F810081
:10FD20004B40F05F81505630104940F06F817ABBF4
:10FD30006055305A5B004240A06A81004D40A0BA35
:10FD400081B0B630104640A06A8160BB30A0692007
:10FD5000806610A079107066206ABB6106C55AEEF5
:10FD60005ABB271602064EFF0C6249F1E9C1C9E1F0
:10FD7000F9D1B981A99199A189B1296138ED1041D1
:10FD800040302381104340306381606230302A412B
:10FD9000206630380D289D3A222A66581D004740BB
:10FDA000503581104240502581202330503341305E
:10FDB00022302A262931004640E03E81004B40E0B7
:10FDC0002E81202330104940E03E81303230F02C2B
:10FDD000306811E02210C022302A23322610A06B96
:10FDE000103A2238313A222A44004D40B02B813259
:10FDF0006D10004240B03B81202330104640B03BA4
:10FE000081302230A03B2090331060332068FD3ACF
:10FE10003210414060768110434060268120773067
:10FE2000602A4168AD4A884A436A55202730382DF8
:10FE30005A22104240307381004740305381707520
:10FE40003030534150773058117A22F06E3080664E
:10FE500010F066307225117A5C2A555A56004B40D4
:10FE600080C881004640806881C0C630104940800B
:10FE7000688160CC305A6C00424040C481004D40E3
:10FE8000405481505C3010464040C481C0553040E1
:10FE9000CB20407B10A0CC1070CC20CAC56A996AD8
:10FEA000CC6831104140606681692168311043405F
:10FEB000605681682150563068315921605A416836
:10FEC0002150563068BD6A333A55783D004740703E
:10FED0003781104240706781606330703341306613
:10FEE000306A556811803E30903310E0333062261E
:10FEF000126AFF5AFFFA63004640903981004B4076
:10FF000090F981F0F33010494090398130FF306A28
:10FF10003F004240C06C81004D40C0FC81F0F63093
:10FF2000104640C06C813AAA60FF30C06420A9210D
:10FF3000B06610C0A410A066206AFF3AFF104340CC
:10FF4000206281104140203281A84D60633038CD5D
:10FF50003A77004740A03A81226D11202A4120665D
:10FF600030104240A02A81202330A033413022307B
:10FF70007A6638212A669028303022108022303864
:10FF800011526D127223137AEE6AEEEA72E82100C2
:10FF90004640E02E81004B40E0EE81E0E230382127
:10FFA00010494030238120EE307A2E004240F03F4D
:10FFB00081004D40F0EF81E0E330104640F03F819A
:10FFC00030EE30F03C20F07C104033107033203A9B
:10FFD000EE2AEE2ABB104340503581104140502597
:10FFE0008130323028DD505A412A2A5033302A33AA
:10FFF000785D00474070578110424070278120256E
:02000004400EAC
:1000000030A821705341502230A059302A33A81112
:10001000B05510905530222A14E0AF102A238A22BE
:100020002A55004B40B08B81004640B02B81808226
:1000300030104940B02B812088305A28004240E0DF
:100040005E81004D40E08E81808530104640E05E4C
:1000500081508830E05F20C05510A055205A882A72
:10006000882A4410414060A6811043406026816286
:100070006D13202A30606A4160223068ED7A767A0A
:1000800022586D0047405075811042405065816094
:100090006730A8215073417066306A22B06A3040E0
:1000A0006610A076306811A22615AAA29AAAAA679D
:1000B000004B4040948100464040A481909A30100B
:1000C000494040A481A099306AA9004240806881DB
:1000D000004D408098819096301046408068816045
:1000E0009930806E20807E10F066107066206A99CC
:1000F000AA99AACC10414030738110434030A381AB
:10010000326D14A0A730303A4130AA30687DD2CD8C
:1001100020004740607681387D5A53104240603657
:10012000813037306073417033305A5A3A55A811D4
:10013000403B30C03310B07330322A163AA5382114
:100140003AAAAA37004640C0AC8159ED004B40C0E6
:100150005C81505A30104940C0AC81A055303A55AE
:1001600000424090A981004D40903981303A3010D2
:10017000464090A981A0333090A820E0AA10907842
:100180001070AA20AAA35AAA5AFF104140207281D7
:1001900010434020528129DD505730202A412055FC
:1001A0003028316A626A55380D004740306381104B
:1001B00042403023812026306811303341302230D4
:1001C0002A55C03430722617F033107A75BAB7400A
:1001D0003330BA33004B40F02F81004640F0BF81EE
:1001E000202B30104940F0BF81B022303A22004D20
:1001F00040A0BA81004240A03A81B0B330104640DE
:10020000A03A8130BB30A0392059FD803310A0596D
:10021000105033203ABB2AEE2ABB286162C6200B5D
:1002200022691129615632B549F1E9C1C9E1F9D113
:10023000B981A99199A189B138414851280338045D
:100240004B443A225841687129054B55594149514F
:100250005796E4C020001DF036410052221BA2A098
:1002600000A7951352221AA7952EA2A00125460099
:10027000165A020C1552621B52221B661527A0CA81
:100280002030B320AD05C02000254D008C548BB22A
:10029000AD05A549000C021DF00C2552621B0C0A8D
:1002A000C0200046F4FFBD03AD02E578FF06F9FF6C
:1002B00036410058024C075060544A556077C05987
:1002C0000247B50558121B55591216A60277342756
:1002D00052C22870C720BD0360A580C0200065A75A
:1002E000A5BD050C0CAD0225F7FF5D0A566A044258
:1002F000C4C04A467A336D0A4A33460400C2A0009D
:1003000070B720AD0225F5FF5D0AEC8A42C4C03CFF
:10031000F54073C04735E5A2221B661A048BB2E58F
:10032000400052A00057140DA2C22840C42070B74C
:10033000206AAA25A2A52D051DF00000364100C2A5
:10034000A070B2A00020A220A5B6A59000000000D9
:100350003641009C22A2221B661A05101120653826
:100360000082C2700C098792021DF000C02000922A
:1003700042001B22C02000C6FAFF00003641008266
:10038000A000826200826201879342817BC389223E
:10039000817BC38932817AC38942817AC389528140
:1003A0007AC38962817AC389728179C389828179AA
:1003B000C3A2221B899232621A661A05C020006508
:1003C00032000C0882621B2D08C020001DF08172D3
:1003D000C389228172C389328172C389428171C308
:1003E00089528171C389628171C389728171C389A4
:1003F000828170C3C0200086EDFF000036410020DE
:10040000A22022A00030B320CD0427140425EAFF47
:100410002D0A1DF03661004187BFC2A0789802C046
:10042000200058048812D08811C020005931905DF6
:100430002550882080A875D05911A2410480A0F5CC
:10044000A2410580A8418241075088758241085029
:1004500080F582410950884182410A90805480CCC5
:10046000C052410B3C75A24106C020008735043CB8
:100470008C80CCC0AD02B150C3C02000E5F7FF5D59
:100480000A567A140C8C4BB1AD0265E2FF5D0A5638
:100490009A13A2221B661A048BB225290082020B32
:1004A000824300C02000821205824301C0200088E0
:1004B00022808841824302C020008822824303C0F8
:1004C000200082020F824304C02000821207824370
:1004D00005C020008832808841824306C020008801
:1004E00032824307C02000820213824308C02000EA
:1004F000821209824309C0200088428088418243D9
:100500000AC02000884282430BC02000820217826A
:10051000430CC0200082120B82430DC02000885281
:1005200080884182430EC02000885282430FC02041
:100530000082021B824310C0200082120D824311F0
:10054000C020008862808841824312C020008862F7
:10055000824313C0200082021F824314C020008205
:10056000120F824315C02000887280884182431692
:10057000C020008872824317C02000820223824379
:1005800018C02000821211824319C0200088828086
:10059000884182431AC02000888282431BC0200009
:1005A00082221AEC5852022752431CC020005212D9
:1005B0001352431DC02000589250584152431EC050
:1005C0002000589252431FC020005D08A2221B66E3
:1005D0001A0A0C23C02000E5100032621B2D05C052
:1005E0002000522103C02000322400371505C0200E
:1005F000006516A21DF000003641000C03371208FA
:100600000B220C130C2420349341ECC2E033113A3A
:1006100064C02000280656B2030C3CBD02A2A00113
:10062000255EA75D0ACCDAD1E6C2B2A072C1E5C2EE
:10063000A1E6C2E5ACABDD02CD02BD02E56AA78D45
:1006400005200C1382E6008C38AD0525C8A73A3486
:10065000C0200028031DF00036410020A220A5F98B
:10066000FFBD03659AA70C02271A4431D8C2B2AF66
:10067000FF30A3206592A921D6C2820200CC381C8B
:10068000FA251AFD82020082C8018080748242002D
:10069000C02000B64811B2A0A0D1CEC2C1CFC2A125
:1006A000CAC2C02000A5A5AB30A32025A4A90C1266
:1006B0001DF00000364100A1C9C27CFBE58DA91DDB
:1006C000F0000000364100A1C5C225A2A91DF0001E
:1006D000364100B2A00020A220E5F7FFA02A201D8D
:1006E000F000000036410020A220E5F0FF21B7C253
:1006F000A03A20B2AFFFAD02258AA991B5C2820906
:10070000000B88808074824900C02000CC681CFAED
:10071000C02000E51BFD20A220259DA9D2A000CD70
:100720000DBD0DAD03655CA71DF000003641002036
:10073000A22065ECFFA5B6A716EA00D1A9C2B2A017
:10074000C1C1A8C2A1A1C2A59BAB65230065F6FFEC
:10075000BD03AD02652A00E5F6FF1DF0364100AD90
:100760000265E9FFA5B3A74040745D0A16EA00D10F
:100770009CC2B2A0D5C19CC2A194C26598AB2520F1
:100780000025F3FF967200A62215E642012C05DD36
:1007900004CD05BD0320A220252100A5F2FF1DF0F8
:1007A0001C0546FAFF000000A404FC3F7B90403F7C
:1007B0009C90403FAFBEADDEEA90403F3641009195
:1007C000FAFF0C08A809879A30879209A1F8FF253B
:1007D000920246030000C802262C100C2BA1F4FF45
:1007E00065170082A102060400000000C22214B1B5
:1007F000F1FFA1F1FFB79CE729092D08C020001DDA
:10080000F0000000364100E501002D0A1DF0000057
:100810001805FC3FEF04FC3F1405FC3FC804FC3FF7
:10082000A804FC3F36410021FAFF20422032220278
:1008300056930231DDFF0C1BAD0B58035865E005E4
:1008400000A922DC6A2803A22213C02000E00A00CB
:10085000BD0AA1F0FF251000461800000031EEFF90
:100860005D032803EC9221D0FF8802A22801E00A50
:1008700000A903DCAA3802A22313C02000E00A006A
:10088000BD0AA1E6FF250D002802A8242872060A49
:1008900000E50300AC8A21C4FF3802A22313E00A5A
:1008A00000BD0AA1DFFF250B003802A8243873E041
:1008B00003002802A22500222202E00200A2A101D8
:1008C0002D0A1DF0D42EFC3F3405FC3F94F4FB3F71
:1008D00036410021FCFF4D023842ECA331B3FF0C3E
:1008E0001BAD0B88038868E00800A942DC8A280356
:1008F000A2221322A101C02000E00A00BD0AA1F239
:10090000FF6505001DF0000021F1FF29040C02C065
:1009100020001DF036210132610120C220ED04FDCE
:10092000054CFB3144BEA2C11CC020008803D81175
:10093000C0200082611B4921526103C02000252F85
:10094000092D0AC0200082211BC02000380337185F
:100950000265E0A11DF0000036A1003911B2C130DE
:100960000C4D3D01CD01AD0249215931694179510B
:1009700039A1B991D9B1C02000A5F9FF2D0A1DF008
:10098000364100A11AC22532A3566AFFA119C2A599
:1009900031A356DAFEA117C2E530A3564AFEA116CE
:1009A000C26530A356BAFD1DF00000003641002597
:1009B000FDFF6112C2E04411505074404380306624
:1009C000C047931742A001165502310DC23A22C00A
:1009D0002211C020004902C020001DF0A803810A96
:1009E000C2E008003A864B33A908C0200006F4FF95
:1009F0003105C2C022113A2286F5FF00364100516E
:100A000003C2C042115A440C15C0200059040C8482
:100A1000571209E622300C550C0420458322C2FEF1
:100A2000C02000E5F5FFF622527065000C0230533D
:100A30002047321FAD0781F7C1E00800E044114AAA
:100A400043379447E562AB0C04E642D01C04C6F27F
:100A5000FF00000081EAC1E0621180A6802526A384
:100A600022C202A915A1EAC1AAA6C020002525A379
:100A7000A9058B55C0200086EDFF0000B1E0C1CD77
:100A800004AD03A524A386ECFF0000004B3322C372
:100A9000FC280216A2FA1DF036410030B32020A235
:100AA00020255900A02A201DF00000003661005CBE
:100AB0000887920F3BA47CC440AA10880A4BAA86E0
:100AC0002F0000002080340CC987B902C624009191
:100AD000D2C1E088118A898808A008000000BD0101
:100AE000AD0425B30FC6020000000010B12040A4E1
:100AF00020A5B40F822100C61A00820401920400CE
:100B0000808811908820860300820401920400806E
:100B100088119088208088232BA40612009204015B
:100B20008204008099118099208204024BA40088DD
:100B30001190982082040380880190882046090043
:100B40009204018204008099118099208204028B12
:100B5000A400881190982082040380880190882046
:100B60008600002551AB16780192A07090921092E9
:100B7000C9F0903483002223308880D62200822856
:100B80000089052D0A1DF000366100A2021482A022
:100B9000FF871A1DA0802426281DF638060C4C9CC1
:100BA000E8C601002638160C8C2648141011206562
:100BB0004CAB0C0C46020000CD08C6000000C2A0E1
:100BC00004C0C382322203B22202DD01C0C3C0E5E9
:100BD000EDFF28011DF000003681007CF8505830F0
:100BE000883249415A5810B120AD05A5A20FB8016D
:100BF000A05A20163B0120A220E5F8FFC2C110BD7B
:100C00000365A70F16EAFD460000AD0B2D0A1DF087
:100C100036410082A0FFAD0387124682A070808219
:100C20001026C81F2C0287320ABC580C0A26B8337B
:100C3000060A000026D81E5C022718253C02271849
:100C40000BC60500E5EC00460600000000E5EB00E1
:100C500006040000000065E900C6010010112065CF
:100C600041AB0C0A2D0A1DF036410020B22030A302
:100C700020E5F9FFA0BA20DD05CD04AD03E5E2FFD4
:100C80002D0A1DF03661000C0AA71204AD02E5E53D
:100C900000A26400B20300C2C30132A0FF371B0CE4
:100CA000D2C404AD0225FCFFCD0A860000A2640177
:100CB000220C0032A0FF224414A2CC0137120E10E5
:100CC000B12025950F88018A8A893446010022A027
:100CD00000226403220A0010B1202244151BAA65D9
:100CE000930F88012D0A8A8A89441DF036E1000C91
:100CF0000AA9B1A9A126120206A2008148C1914801
:100D0000C18AB4B9D1473B012D0A9A555A5259F1BB
:100D10000C12CC4542210DB624010C022020742275
:100D200061100C1922C3FA0C04822110204983405F
:100D3000281029E19C0222C6D08862588228920C91
:100D400034209493066B0000AD0710112065D90084
:100D50005D0ACC2A46580000BD0ACD01AD0710112E
:100D60002025F2FFCD0AA20114BD07C261131011A4
:100D700020E5E9FFA921B2C128AD07101120E5D473
:100D80000028A14D0AC2211356220042CAFF284161
:100D9000273C02C64900B20115D2C1240C0A101129
:100DA0002065ECFFB20115CD0AD2C1200C0A10114A
:100DB0002065EBFFB20115CD0AD2C11C0C0A10113F
:100DC0002065EAFFB2C118101120A5840F88912870
:100DD00001CD0A8A2227B404C84106ECFF88818A23
:100DE0002227B4A928718C2248114A2288611678DA
:100DF0001B484116220C0B888A4416B40C980682B4
:100E0000C62007690482C6D0880889B182C8B08824
:100E1000080C1989C1308304908830826112B2C1F4
:100E200020AD0410112065810FB2C11CA261111008
:100E30001120A5800FD88116DD06A61D22D0BD2069
:100E400010A12010112025D4FF16CA1488C116A89D
:100E500005C2C12CBD08101120E5810F86100000CD
:100E600098C19CC98221129C789221109C29B8C1FA
:100E7000C8B1AD0110112025D6FF0C1BB0AA300659
:100E800007007CFAD0DA30A831B2C118DAAA101102
:100E90002025780FA8610C080C19A09893AD09A023
:100EA000A0748C6A463C00000C1889E1887116F821
:100EB0000E9221118A4906D9FF0C82863C000C084B
:100EC0002D084D080C19C600008D040C290763235A
:100ED0002629E538F156030B98D1B62902062A00D7
:100EE00038B162C6D089664976598639A629968670
:100EF0002500000037E31038F1CCB348D1F62407C1
:100F000066191D8604000000661904C62100000051
:100F1000D62804101120254400AD06101120654488
:100F200000D61803CD0150B52070A72082611310A0
:100F3000112025D5FFA20114BD0710112025CDFFDA
:100F4000A921A20114BD0710112065CCFF32C6D023
:100F5000822113A26309CD060C2BAD078261131009
:100F6000112065B4008221130C3BCD08AD07101190
:100F70002065B300BD02AD0710112025B6000C722C
:100F8000460B00000C32C609000C62860800000007
:100F900020A220A52400A539008221080C39C6CA48
:100FA000FF98E11629F146C8FF16C2F04D0846C663
:100FB000FF1DF00036810020A220101120E5210045
:100FC00022C2D08892A822688258624832892110B1
:100FD0001120A53600AD021011202520001011208F
:100FE000255000880A98C822C850076902222800A4
:100FF000CD01BD060C0A101120A5C8FF62C2B0B811
:1010000006DD05CD02AD01101120E5BCFF8C4A10B4
:101010001120A52800AD04101120252D001011204D
:10102000652100101120252100AD0210112065C698
:10103000000000003641005612000C12AD021011E3
:1010400020A51CAB4D0ADCCA101120251800164A39
:1010500001E00A0006F9FF261302652D0020A220F8
:10106000A51700651D002D041DF00000364100ADE0
:10107000022514001DF00000364100816AC020A244
:10108000208262006531009000000000364100209F
:10109000A22065FEFFB2A00C20A220E510001DF0EA
:1010A00036410020A22030B32042A0013712148222
:1010B00002002CA20C0427180A2505A50C12A04238
:1010C000834040742D041DF036410047960DB22533
:1010D00001A22201A5FCFF82A006DC2AA822ED06BF
:1010E000280ADD052882CD0430B320E002008D0AF5
:1010F0002D081DF0368100C22201922111B2250176
:10110000C0AC209951C941A5F9FF8D0A9851C84139
:10111000ACCA690949199673012221103A666072B6
:10112000C00C130C667036837D0339390C088612A7
:10113000007CE20C082793430C122939060F0000AB
:10114000A22110A79619B22701C0AC208261049990
:1011500051E5F4FF884198518C4A4929060700005F
:10116000A822822110280A890199112872FD07ED11
:1011700006DD05CD04BD03E002008D0A2D081DF03B
:1011800036410050D52040C42030B320AD0265293F
:1011900000CCDAA822DD05280ACD042862BD03E0D0
:1011A00002002D0A1DF00000364100AD026500006E
:1011B0001DF00000364100AD022507AB1DF0000018
:1011C000364100AD02E5FEFF1DF000003641002172
:1011D00016C0C020002802C020001DF036410025A6
:1011E000320082C2D022280CE10DC0922A00E0D247
:1011F00080C8D8F10BC00C1B273D010C0BFACCCAE0
:10120000BBCC1BB62D0E8C49101120651200890A2B
:101210008607000000C8581BBCD64C000C1BC0BB86
:10122000C0B958B81A0BBBB91A8719039948890A6B
:1012300098A82D091DF00000364100A52A00822A39
:1012400000163805D2280CE1F5BFB2280DEACDF121
:10125000F4BF0C19D73C010C09FABBBA99CC19B6EA
:101260002C050C09460600009858D6A9001B99ECDD
:1012700039B848B90A46070092C9FF56E9009228D2
:1012800004990AA2C830A5B300C6020000D65900CE
:10129000101120E5090099581DF000003641002585
:1012A0002600222A01822A0022C201291ABC88E8CB
:1012B000C8C1DABF98D8CABED1DABF0C12E73B0169
:1012C0000C02DA999A22562200B62B070C02290A40
:1012D00006020000222805202060295822C830ADCF
:1012E0000265A400AD0265EFFF650400364100E031
:1012F0000200101120E5D7AA20A220101120E5ED50
:10130000FF101120E5D6AA101120E5F2FFAD02264C
:101310000305101120E59700101120A5C9FF00005A
:1013200036410021C2BFC020002802C020001DF0AD
:10133000364100E5FEFF65FBFF000000364100E09E
:101340000200E5FEFF00000036410021B9BFC020C9
:10135000002802C020001DF0364100E5FEFFE5FD3B
:10136000FF00000036410016C20220A220E5E6FF81
:10137000B22200C1AABF9812CAABD1A9BF0C18B73C
:101380003A010C08D09980908880CC98F62A0722E0
:10139000C2D0A83265F5FFA5F9FF000036410081F3
:1013A000A5BF20A22082620025300F90000000001F
:1013B00036410020A22065FEFFB2A00820A220A591
:1013C000DEFF1DF036410020A22030B32042A001F4
:1013D0003712148202002CA20C0427180AE5D2A4AA
:1013E0000C12A042834040742D041DF0364100824F
:1013F000210832210922220187960EB817AD026515
:10140000FCFF8C4A492306050000B2250120A220DA
:1014100025FBFF167A000C126903491329330C02CD
:101420001DF00000364100B22301A2220165F9FF40
:10143000169A000C8889350C68490589152D0A1DF6
:10144000F0000000364100B813A812A5F7FFCCEA5F
:10145000F6450C8803CD048858BD02AD03E00800B2
:101460002D0A1DF03641004174BF0C0BAD04101164
:1014700020256EF60C022924101120E5F40EA93463
:101480002D0A8C6A10112065D8AAA9248824CC685A
:101490008934891406070000891429080C022918C8
:1014A00006040000AD041011202572F6AD021011E3
:1014B00020257E001DF00000364100A15FBFE570D1
:1014C000F61DF000364100167201A2220016CA0075
:1014D000384AA2CA30A58E00AD03C6FBFFAD02E5B7
:1014E000D4AA1DF03641008156BFA154BF92080412
:1014F000165900A228002582F6A02A201DF000001F
:10150000364100314FBF214DBF820304AC48A803D0
:101510006580F62D0ADCBA0C8A25CFAA2D0ACC1AD2
:10152000E5E0FFA0BA20A223002581F6560AFFA21B
:101530006200A9121DF000003641002141BFB141F7
:10154000BF82A00020A220824204A574F692A001CE
:101550000C08A089838242041DF0000036410081FE
:1015600038BF9208048C39A808A576F61DF0000053
:101570003641000C0880A8209202001B2290B06423
:10158000001A4000BBA1009923B088207BAA96696D
:10159000FE89031DF00000003641000C08BD029DCD
:1015A00008A20B001B2BA0B06400194000BBA100D7
:1015B000CA23B088207B99BD02964CFE1CFB973B4A
:1015C0000E676A0BA2AFFF001940009AA190882015
:1015D00089031DF03661005C0887920F3BA47CC430
:1015E00040AA10880A4BAAC62D0000002080340CA7
:1015F000C987B9020623009114BFE088118A89883F
:1016000008A0080000BD01AD0465F6FF860100BD1D
:1016100001AD0465F8FF8801C61A00820401920436
:1016200000808811908820860300820401920400C3
:101630008088119088208088232BA40612009204B1
:10164000018204008099118099208204024BA40039
:101650008811909820820403808801908820460990
:101660000092040182040080991180992082040272
:101670008BA40088119098208204038088019088B0
:1016800020860000E59EAA16780192A07090921024
:1016900092C9F0903483002223308880D6220082C1
:1016A000280089052D0A1DF036410082A0FF87120F
:1016B0003E82A07080821026C81E2C02873209ACA0
:1016C000D80C0226B82B06080026D8175C0227186B
:1016D0001E3C022718070604002893C6040028A30E
:1016E0008603000028B3060200001011206598AAA6
:1016F0000C021DF036C1003C8CBD02AD016565A435
:1017000088439CA8A81892CAF4C80992C8108902F4
:10171000991292C82082C83099228932461100005D
:10172000A842881392CAF4C809985280824192C98B
:10173000F09902C09811909CC00C1B460300000059
:10174000E0DB11DAD2990D1BBB92C910872BF09DFB
:101750000146030000E0B811D809BAB2D90B1B88C2
:101760004B99A648EFA952C94298C281B5BA320333
:101770000B8089108C4381BABA80892089C21DF000
:1017800036810081B2BEE05011808E15208801C2E2
:10179000A038B2A000505241AD028055206571A41E
:1017A0001C8C59620C0B0C85AD01A570A45911520B
:1017B000C140595281C3BB51A5BE39428055105911
:1017C00072BD01AD02E5F2FF49621DF03681001CD9
:1017D0008C0C0B0C04AD03E56DA4498248C2A862D1
:1017E000404F050B44B2C2244AAAA514015D0A1653
:1017F0001A17681A4B4A6044C09B64AD06A5B0A492
:101800008204091BAA72A065AAA677982C82040AF2
:1018100072A068779823720A01620A0080771160CB
:101820007720620A02006611707620620A034BAAD2
:101830008066017066206933BB648BB125D3FF4B92
:10184000B165D5FF4204086614071B4A720A0006F8
:1018500002008BB1A5D1FF78214D0A79137CF77274
:10186000430992060082A07A0C0787996BAD048B1E
:10187000B1E5CFFF78210C184D0A7A7A82430A1B12
:1018800066061500979808820400824309860200C4
:101890005C2AA7980B8204008243081B44061000B0
:1018A000005C0AA79825820400BD02AD0899518901
:1018B0004165DFFF88411BC4BD0ADD01AD0865D16C
:1018C000FF88014D0A890398510605005C3AA798E4
:1018D0001E0C1882430BC601001B664CC986000013
:1018E000001B660B868208005688F9CC674600000C
:1018F0004D0716C40882030842A0FF47181F8080C6
:101900002426281FF638080C449CE84602000000F4
:101910002638150C84264812101120A575AA0C042F
:10192000C60100004D084600000C44F044118B44F1
:101930004A4552030A16B50040A42010B12025C321
:10194000FFA04A2052030962A0FF671516BD02508E
:10195000A52065D5FFCD04BD0ADD01AD0565C7FF36
:101960004801498228028CE248020C529C44404EB5
:1019700015E04411860000000C8449130C02860017
:1019800000000C321DF00000364100308221E0885A
:10199000118A222802303014E033113A3228031D14
:1019A000F0000000364100AD02BD03A5D4FFA853EE
:1019B000DC0AB813AD0225FDFF81D5BA387280AAC2
:1019C0001030AA20A9621DF03681000C160C47BD0C
:1019D00001AD03A5DFFF884258538055C00C085065
:1019E00087835D08FC9A8801CC68AC45C607000077
:1019F00000000C2BC802D812FD03ED02B0B5200C7C
:101A00001AE00800267A1E268ADFC6040000006558
:101A100066AABD01AD03E5F8FF1B6606ECFF0000FA
:101A2000000C2A46000069042D0A1DF036C100682A
:101A30003278420C15B2C11030A32025D9FF8D0A8F
:101A40008C1A665A4F0CA9B2C8FB79011CAAB0A91E
:101A500093C802D812BD0A89C199D1FD03ED020CC9
:101A60001AE0060088C198D1EC9A26582C8841CCFF
:101A7000B8B2C110AD03E5F2FF1B5586EDFFC802F9
:101A8000D812FD03ED02BD090C1AE008008D0A26EC
:101A90007A07268ADB0C2846000059042D081DF021
:101AA00036410028521DF000364100308221E08886
:101AB000118A222802303014E033113A3249031DD2
:101AC000F000000036410028621DF0003641008819
:101AD000C22862808F0589031DF00000364100395D
:101AE000621DF00036410028821DF00036410028BA
:101AF000B21DF00036610010B120A2C2FF65E30004
:101B0000161A00A8212D0A1DF000000036410028F9
:101B1000A21DF00036410028921DF0003661011030
:101B20007120657DA831CABDE0C011303E1520335B
:101B300001C0C241B2A0B030CC2070BB80A2C73877
:101B4000E5C3FFC2A038CAB7AD07A520A4B2C770CD
:101B5000AD07A5C7FF3D0A265A2E8C3A0C33C6099D
:101B60000082271CCC98B2C770AD07A5E3FFC6F66C
:101B7000FF0C1BC802D812FD07ED02AD0BE00800F8
:101B8000266A0A268ADF86F4FF2D03461C00885742
:101B90003C8C8942CAB73932AD07A51BA4AD02C23D
:101BA000C770BD0725E2FF2D0A667A53C8678D030B
:101BB0000C1ABD0342C7388A24D8028A27E8029D3E
:101BC0000B2D0BE09A93D02A932099109090749C3F
:101BD000A9E09DC02D0B902A932090748CD99D0371
:101BE0009A2EF8029A2DF9024B9966B9F24B886643
:101BF00088C1E03C112B33004240300381C6FFFF17
:101C00001DF000003641017D01E56EA88192BDE026
:101C1000C011808E15208801C0C241B2A0A080CC26
:101C2000207ABBA2C738A5B5FF3C8CCAB7AD076503
:101C300012A4AD023932426204C2C77070B720E507
:101C4000DEFF2D0A6672480C08E867C2A001DD08B5
:101C500032C7388A23A8028A27B8023D0D2D0DB05D
:101C60003C93A02C93270313B71A100C090C42764F
:101C700082099A3B38039AFA390F4B994B88668848
:101C8000CEE03E112B3300424030038106000000BD
:101C90001DF000003641017D01E565A8816FBDE0C2
:101CA000C011808E15208801C0C241B2A0A080CC96
:101CB000207ABBA2C738A5ACFF3C8CCAB7AD07657C
:101CC00009A43832C2C770BD07AD02CC63A5CFFFEF
:101CD000060100000065D5FF82A000E2270622A0D1
:101CE00001DD08267A02E538AA42C7388A34B803EB
:101CF0008A37C8039D0D3D0DC09293B032933709CA
:101D000014C71B1192A0000C4A768A099A3C38032A
:101D10009AFB390F4B994B886688CDE02E112B2208
:101D20000042402002811DF036410138327D01CC55
:101D3000A3AD02A5DEFF2D0A0620000000A55BA8CA
:101D40008147BDE0C011808E15208801C0C241B21C
:101D5000A0A080CC2070BB80A2C73865A2FF3C8CBD
:101D6000CAB7AD07E5FEA3AD02C2C770BD07E5CB9C
:101D7000FF0C08386722A001DD08267A02652FAA29
:101D800042C7388A94B8098A97C809AD0D9D0DC01D
:101D9000A293B09293970A13C71B100C090C4A76B2
:101DA0008A099AECF80E9AEBF90E4B994B886688E3
:101DB000CEE043112B440042404004811DF000005E
:101DC0003641008822BD028C380C1AE008001DF054
:101DD00036E1007D012552A88122BDE0C011808E30
:101DE00015208801C0C24180CC20B2C770AD072049
:101DF0004220E598FFB2C73870A720259DFF2D0A25
:101E00008C1A665A16BD03AD07E00400CCCA2652F0
:101E10000CB2C738AD07E5B8FF06F6FF0C321DF06F
:101E20003641000C0880A8209202001B2290B0646A
:101E3000001A4000BBA1009923B088207BAA9669B4
:101E4000FE89031DF00000003641000C08BD029D14
:101E500008A20B001B2BA0B06400194000BBA1001E
:101E6000CA23B088207B99BD02964CFE1CFB973B91
:101E70000E676A0BA2AFFF001940009AA19088205C
:101E800089031DF0366100F075118D041B77C611B2
:101E9000001B9767A919E047114A48C814B804AD58
:101EA000028911926100E0030098018811A079A3D2
:101EB000E055115A48E057115A58C805B804AD0208
:101EC0008911E003008811D61A01A8059804A90415
:101ED000F0471199055D071B746727B41DF00000DA
:101EE00036610058148B64507141060300ED05DD26
:101EF00007CD06BD03AD02E5F8FF0B776607ED0BD6
:101F000075E055115A540C080607000000A82598E2
:101F100024A9249925ED07DD08CD06BD03AD02896E
:101F20000125F6FF88010B7752C5FCE617DE1DF090
:101F300036410082A0FF87121A208024262819F635
:101F400038060C429C88C601002638110C822648AF
:101F50000E2512AA0C028601002D084600000C4234
:101F60001DF0000036410082A0FF87123382A0706E
:101F700080821026C81D2C02873209AC780C0226FC
:101F8000B8250606003C0227180E5C030C02371821
:101F90001646020028138603002823460200650D1A
:101FA000AA0C024600002D081DF000003661005CFE
:101FB0000887920F3BA47CC440AA10880A4BAAC68B
:101FC0002D0000002080340CC987B902062300913F
:101FD000A5BCE088118A898808A0080000BD01AD71
:101FE00004E5E3FF860100BD01AD04E5E5FF8801DE
:101FF000C61A00820401920400808811908820860D
:102000000300820401920400808811908820808857
:10201000232BA406120092040182040080991180EF
:1020200099208204024BA400881190982082040316
:102030008088019088204609009204018204008073
:1020400099118099208204028BA400881190982015
:102050008204038088019088208600006501AA160A
:10206000780192A07090921092C9F090348300226F
:1020700023308880D6220082280089052D0A1DF091
:102080003661005842BD0250537450A52065EDFFE3
:10209000BD0A6D0A4BD18BC350A52025F1FFA84284
:1020A000DD01C2C40860B620A0A37425F0FF88112A
:1020B00058010C1287350857380222A000202060F2
:1020C0001DF0000036610032C20930A320A523A410
:1020D000A2CA01AAA3320208B64310420A0032A0E3
:1020E000FF66446B420A015654062BAA420209328B
:1020F000A07A3714040C034615004BB125D2FFBD5E
:102100000165D4FF3202086613051BAA46010000D0
:102110004BB1E5D0FF4BB1AB2265D0FF5C2432025E
:1021200000479305320A004609005C088793143281
:102130000A001BCAD2C108B2A00030A064E5E6FFC5
:10214000C60100004CC88793AB1BAA1B2246F3FFB5
:102150002D031DF03681000C095D096D098D097C88
:10216000F7462800000048131604094BA3404AC054
:10217000471845AD04E5F4FF82A0FF5D0A879A0485
:102180007CF6462100BD02A0A074A5DDFF88429D1B
:102190000AA2A7F880BA10A79B1150B074A2A80792
:1021A000D0BB11A08810B0882086020080A374578D
:1021B0001A060C4AA088208942508074BD09DD01AE
:1021C0008BC3AD0892610582610425DEFF8841ADB5
:1021D00008E5D5FF8D079851F64A0CD0AA110C18C6
:1021E000001A400088A10B88A801870A0C88021BEE
:1021F0006687BA09A902060100008D044D0888030C
:102200004B888A338D04480356A4F52D061DF00033
:102210003681005842BD0250537450A52065D4FF4A
:102220009D0A0C080C47062300A81316DA07B842CB
:102230006D08B707184B63A066C0671810AD066538
:10224000E8FF5D0ABD02A0A074A5D1FF9D0ADC7560
:102250008823A8338911A261001618058811A801E6
:102260008084C0A7B847C61400508074BD09AD086B
:102270004BD18BC392610582610425D3FFCD0ADD6A
:10228000010C0B50A03465D2FF8841AD0825CAFF70
:102290007CF89851F64A0CD0AA110C18001A40008C
:1022A00088A10B88A811A788B24600006D08880392
:1022B0004B888A338D06680356D6F63D062D031DDE
:1022C000F00000003641004BA2281220AAC065DFB2
:1022D000FF2D0A1DF0000000366100AD0365FEFF12
:1022E000A05074BD02AD05E5C7FF8BC34BD1BD0A3D
:1022F00050A520A5CBFF40A420A5FCFFA03074BDB5
:1023000002AD0325C6FFBD0ADD018BC430A320E565
:10231000C9FF981188010C1297380887390222A04A
:10232000002020601DF000003661008B233203087E
:102330008202013241043202022202033241063299
:1023400004082241078B2432410042040932020270
:102350002202038241052241034241013241029897
:102360001188010C129738078739010C0220206070
:102370001DF000003681005842BD0250537450A534
:102380002025BEFF9D0A0C080C47062400A8146DEA
:1023900008161A08B842B707184B64A066C0671839
:1023A00010AD0625D2FF5D0ABD02A0A07465BBFF7B
:1023B0009D0A8BC4DCD5A20408820C01A2410082D4
:1023C0004101A20C02820C03A24102824103880156
:1023D000FC18061000508074BD09DD01AD0899514C
:1023E0008941A5BCFF8841AD0865B4FF7CF89851D0
:1023F000F64A0CD0AA110C18001A400088A10B88CC
:10240000A801A7081088038CB8A8181BBAE0AA1165
:10241000B918AA88492888044B888A448D0668041C
:102420005696F61DF000000036A100784270600458
:102430008CC6A8425832076A02C68700C6D200007E
:10244000704B41562405583217E71C860800AD0230
:1024500025D0FF660A0D42A7F849424187BB4932A1
:10246000867A0000AA444B55B805560BFE060300B9
:1024700000BD05AD02E5CDFF4D0A260AD8717FBB30
:10248000584270741047970B5084115070A48057B5
:10249000208600005050A459425179BB0C087205A7
:1024A000000C1570858380707456171A4057935628
:1024B000B5192B74E07711AD0725D5A9A90116CA66
:1024C00018591AAD0765D4A9A9118C0A591A78426E
:1024D000583217E70C46040000BD01AD0265E9FF64
:1024E0004B55C805561CFF86020050C52010B12070
:1024F000AD0225E8FF580116B500722501771405D5
:1025000010112025B7A978428158BB27E70B92A765
:10251000F88156BB9707028156BB9811164911F8EE
:1025200015DD05E07F115AA78BE9A9417152BBC6A1
:102530000E008BA5A077C07AA90C0B782AB26A028C
:10254000A14DBBA7171FB82DC807AD02899199816E
:10255000D951E971F961E0080088919881D851E872
:1025600071F86196BAFC790E8B7D4BEE4BDDA8417C
:10257000D79ACC7D06BD060C8A060900AAC5D80CE0
:10258000AAC9C80C8CCCE0C611CAC5D92C1B66865A
:1025900002000000E0C711CAC9D92C1B771BBB4B36
:1025A000AAB79FD76915C811580179195815681C21
:1025B0006A55571402C6D1FFBD08AD028991259214
:1025C000FFD8118891581D1605066801E09511780D
:1025D000169A4DE8141B47E044110B554A46C602B3
:1025E0000000A8049A74A90742C4FC7D0FAC07B888
:1025F000040BF7CD0E89919981D951E971F961AD3B
:1026000002E0080088919881D851E871F861E61AD3
:10261000D0504780E04411404680E2640292C9FCF9
:1026200056D5FA4816581D5A444916A811E5BFA9AF
:1026300046020000CD05BD08AD02658AFF4801587D
:10264000325904493248420C15504420494248024C
:10265000473302C676FF0C04865500000C47707A9B
:102660001016370688150C09861500008A797071D6
:1026700041E047114A4548248991AD04998165C4D8
:10268000FFA0E0746D0ABD02AD0EE26107658DFF2B
:10269000E871BD0A8BD18BC4AD0E2591FFCD0ADD4B
:1026A0000160A0340C0B6590FF68218891988167C8
:1026B000330D98019A6667B302463D001B977D086B
:1026C0008D078739A646E3FF62A7F8606A1056B601
:1026D0000588150614008A76707141E027112A25B5
:1026E0004822920408A2040992410892040AA241D5
:1026F0000922040B92410A22410B92040CA2040D00
:1027000092410092040EA2410122040F9241022242
:102710004103282127330D68016A2227B3020624CA
:10272000001B677D088D078736AB06CAFFA0637460
:10273000BD0260A620E582FFED0A981560203446B0
:1027400010009A87808141E048114A454824BD0E17
:102750008BD18BC4AD068991926108E971E584FF44
:10276000CD0ADD01B2A000AD022584FFA821889129
:102770009881E871A7330A78017AAAA733331B78C6
:102780008D099D089737BAC6B2FF0017EA0F4605B4
:1027900000CD03AD02A5A7FF4D0ADC4A4B55B80595
:1027A00056DBFEC6ABFF00CD03BD05AD0225A6FF7F
:1027B0004D0A2D041DF0000036410081B1BA2248B7
:1027C000001DF000364100161203822200ACB82929
:1027D0003322A7F87CF8294321ABBA890349135265
:1027E0006302165200A1A8BAE5E89F81A8BA98082A
:1027F000390899538C42A1A4BA65EA9F1DF00000E4
:102800003641000C0DCD0DBD03AD02A5FBFF1DF043
:1028100036410088028CB81C8A259FA9BD0A20A2D7
:1028200020E5FDFF1DF0000036410022630322A7D2
:10283000FA82AFFF29432193BA8903491359238CA4
:1028400042A191BA25E39F8191BA9808390899531A
:102850008C42A18DBAA5E49F1DF000003641000C0A
:102860000DCD0DBD03AD0225FCFF1DF03641001C52
:102870008AA599A9BD0A20A22025FEFF1DF000000F
:1028800036410020322016B20722220016120841DB
:102890007DBA165400A17CBAE5DD9F817CBA22285E
:1028A00000060400A8329852A7930499084617001E
:1028B00082C2142D0956B2FE8176BA2808060B0092
:1028C0000000922204A22203076910922A00979323
:1028D00016385239086595A9860C0000A793083868
:1028E000523908C60900000082C21428525612FD4F
:1028F00006050000A165BA10112065DA9FDC021000
:1029000011202577A90602005684FE06FCFF5624F6
:10291000FE1DF000364100AD0265F6FF2D0A1DF0E8
:1029200036410082220020A22016580025F5FFE53E
:102930008FA91DF03661005153BA8C45A153BAA539
:10294000D39F6153BA48064605000000007804771B
:10295000320BBD02AD0425ADFF7D0A460D00485483
:102960005694FE060C0000009149BA8854BD02AD91
:1029700004890965ABFF7D0A9806AD064603000091
:1029800000C809B804B73C07A2C91498595609FFF2
:102990009954490A56C705813DBA48085684FC46F1
:1029A00012000000A139BAA5CF9FCC670C07061210
:1029B000000000002814A84429032824291327EA2A
:1029C00006A0A37446010000AD07A58FFFA02074E8
:1029D000BD0420A220E558FFBD0ADD01AD02C2C73B
:1029E00008A55CFF28012923860300007D045625E5
:1029F000FBC6EDFF56C5FA46EEFF2D071DF00000A1
:102A0000368100B2A00030D320ED04CD02FD05AD2B
:102A10000B39114921395149615931597132A03F5E
:102A2000E520076D021B4A2D0AA7B310AD04E57D12
:102A3000A93D0ACC9A2D0A4619000000003115BAAA
:102A4000D811E821F831BD04CD06AD03251E07A13C
:102A500013BABD033CF48113BAE0080027B404ADF7
:102A600003A57CA9310FBA880326083341E9B76171
:102A7000E9B79109BA3D048C583D060BA8A03993DB
:102A8000C020003873C020003941C02000384130D8
:102A9000307556F3FDC0200038413038355643FDBF
:102AA0001DF00000364100A568A62D0A1DF00000AB
:102AB000366100BD044BC1AD0265F2075D024D0AEF
:102AC000CC1A860E0020A22065C9A22D0A16FA0291
:102AD000C811BD03D2A1B6AD0565E9F63D0ABD0139
:102AE0000C1AD6F30125940DE5BEA2A222160C0302
:102AF00032520665F4A1E5BEA2A801BD01A5920D62
:102B00000C0246180025920D82221907E80E821247
:102B10000697E808A2221610112025F3A1325207C9
:102B200031E2B9425206399231E1B9226208326289
:102B30000A31DFB939B231DFB939C287640A0C2DE5
:102B40000C0CBD02AD05A5030032221907E30E32BD
:102B5000120697E308A22216101120A5F0A1A221C7
:102B60000010B120258C0D9000000000364100259A
:102B70005CA620B22030C32065F3FFA02A201DF000
:102B800036410050D52040C42030B320AD0225028C
:102B9000002D0A1DF00000003641006559A620B244
:102BA0002040D420CD03A500002D0A1DF000000018
:102BB00036E10016A200622206564600AD02A5B418
:102BC000A261BDB9679304381246050061BCB967BC
:102BD00093063822860200000061B9B96793023279
:102BE0002203B2C13CA2A001E5830D62231907E6CE
:102BF0000B62130697E605A2231625E5A1621306CC
:102C000072A108706610779606BD03AD026595A2A5
:102C100078B3CC371CD4060A00261507262528DCF5
:102C2000D5860A0030B32020A220A52900A06A2062
:102C3000660A024694009D05AA440C05C6040000DD
:102C40001C644902067500000C096D09C600009D50
:102C5000056D058843CCB8BD03AD02926111A5FB9B
:102C6000A2922111821306A197B9A7080246670014
:102C7000D2A400D7884E818EB987171062130681BF
:102C800079B88066206253068660000000B2930720
:102C9000968BFECD01AD02926111D26110E5F0F686
:102CA000922111D22110562AFD8187B9A81180AA3C
:102CB000108169B6879AC4829306A8B1D08820A2F1
:102CC00063148253068D049C55B29307CD01AD0267
:102CD000926111A5EDF6922111561A1388418A844A
:102CE000FC09621306C76605A22315860500B88392
:102CF0000C1D826110CD09AD02E007008221106633
:102D00000A02064200681398D3606AC08C49922375
:102D1000109066C0B8D3D843C8139C0B98F3CA660A
:102D2000D0E9C0922310E066C09A9EC602009223AA
:102D300000D099C09066C0909C8067283390A68090
:102D4000A7B82D6068C06ADD6099C0D90399138C5B
:102D5000DB42C344471B04AD02A54EA90C0229D394
:102D600022130642AFDF402210225306861C0000C9
:102D700000622314B8836060608066108261100C6A
:102D80000DCD06AD02E00700822110660A02061F83
:102D9000000C0999139843B8D39903166B0192C399
:102DA00044971B0B20A220826110A549A982211003
:102DB0000C0992630D921306A2AFDFA099109253F3
:102DC000066068C09CA6BD03AD022515A356DA03B4
:102DD000881367383828036A226068C0226300625B
:102DE00063010C8C0C0BA2C35CA50CA32223190756
:102DF000E20B22130697E205A22316A5C6A1A8F1AD
:102E0000B2C13C65620D0C06C6250000000030B35F
:102E10002020A220E574A2A06A208C7A2223190720
:102E20006216C60700B883DD05CD04AD02E00700D9
:102E3000660A2046F9FF00000022130697E205A269
:102E4000231625C2A1A8F1B2C13CE55D0D7CF606B2
:102E500014000000B2230D16FB0042C344471B05BB
:102E600020A220253EA90C0229D32223044117B910
:102E70002263002213060C0B402210B913225306C2
:102E80000C8CA2C35CE502A322231907E20B2213D8
:102E90000697E205A22316E5BCA1A2210FB2C13C10
:102EA00065580D6026209000000000003641002586
:102EB00028A620B22040D42030C32065CFFF2D0AA1
:102EC0001DF0000036610016A2008222065648005E
:102ED000AD026583A281F8B88793043812460500D5
:102EE00081F7B88793063822860200000081F4B883
:102EF00087930232220310B120A2A001A5520D82B5
:102F0000231907E80B82130697E805A22316E5B3F9
:102F1000A198B3CC591CD88902461000C213060CE4
:102F2000C8808C1066881588039C08A843A088C0B8
:102F3000A61809876C060C2D0C0C8604008194B52C
:102F400080CC108C6C222315460C000000D2A0010E
:102F5000B2230820A220E009002D0A660A1E2223BF
:102F60001907E20B22130697E205A2231665AFA10B
:102F7000A801BD01254B0D061200000000921306AA
:102F800027691188138022C088D39C68822310800F
:102F900022C086030037690B88038C68A22304A033
:102FA00088C08A2282231907E80B97E908A2231612
:102FB00010112025ABA1A801BD01E5460D060100B9
:102FC0000000007CF21DF0003641006516A620B21C
:102FD0002025EFFFA02A20900000000036A1004924
:102FE000615971698179918C728862CC38AD02A582
:102FF00071A2B22202E2C110D2C130F2A00830C3E5
:1030000020AD02E911D901F92165B0032D0A1DF0A7
:1030100036A10032610542610659716261087991F9
:10302000E510A63D0A8C5A886ACC18E56DA2B22339
:1030300002E2C110D2C130F2A00420C220AD03E9E7
:1030400011D901F921A5AC032D0A1DF036810030FC
:10305000A320652BA3326100319EB8A91139210C40
:10306000133AAA39310C23A961194139518C82389C
:1030700062CC4320A2202569A288623822CC38ADD8
:10308000026568A2818DB887930538128605000015
:10309000818BB8879306382286020000008188B8A9
:1030A000879302322203B2C11CA2A001A5370D8270
:1030B000231907E80B82130697E805A22316E59863
:1030C000A120A220C2C11030B3202576A20CA87C7A
:1030D000F2A0288382231907E80B82130697E805DC
:1030E000A223162598A1A871B2C11CE5330D1DF0CD
:1030F000364100E503A620B22025F5FFA02A209046
:1031000000000000364100B8038C3BAD0265FFFFB4
:1031100030B32020A220E512A990000036410025FE
:1031200001A6A7920246310032220916B3034223B8
:10313000030C0337941A4609003ABBB80BC60200C9
:10314000422B0020A220E50FA940B420560BFF4BD4
:1031500033822209B2280366E3DEAD02650EA93888
:1031600092B8038C3BAD02E50DA9B22205165B00B7
:1031700020A220250DA9B22209165B0020A22065FD
:103180000CA9B2220E165B0020A220A50BA9B8F252
:10319000164B00AD02E50AA9B222108C6BAD0210ED
:1031A0001120250AA9B2223B164B00AD026509A9E0
:1031B000B2223A8C6BAD02101120A508A93222125E
:1031C0008C93B22322164B00AD02A507A9B2220DA3
:1031D000165B0020A220E506A938628CF338A2AD68
:1031E00002E00300B222368C3BAD02A5F1FF1DF0D8
:1031F000368101626124726125CD05D6940032A02A
:103200008B39027CFA46120082A2088251063901EB
:1032100039410C088714010B8432AFFF325107E2A9
:10322000A08032A0A0E0E18030D1801C0FBD01ADB4
:103230000289218951E2611BD2611AF2611CE554B5
:1032400000E60A0432A08B39028C5428010C0332A8
:1032500042002D0A1DF00000368101526123626197
:1032600024726125A5ECA5A05A20D6B30022A08B1C
:10327000226A00A2AFFFC6120082A208825106296C
:103280000129410C088713010B8322AFFF2251074C
:10329000E2A08022A0A0E0E18020D1800CCFCD046C
:1032A000BD01AD0589218951E2611BD2611AF2612C
:1032B0001CA54D00E60A0422A08B29058C53280189
:1032C0000C033242002D0A1DF000000036810082FE
:1032D00021102921593128059821580850359399F2
:1032E0000146E1001B338203000C158059835050C6
:1032F000748CC552C8DB0C1A50A983A05074562593
:10330000FE16B8410C051BA3ED057CF9DD0559112E
:1033100086000000AD03C1EFB7820A001B3A8ABCE9
:10332000F20B00B811D0CB11BACCB1EBB7CABBFAD3
:10333000BBB20B00B911B1E9B7CABBFABBB20B0003
:103340000BBBB0B074B68B0206C500C1E5B7E0BBDD
:1033500011BABCB80BA00B000C9A46BC00B2A06A14
:10336000B71831873B0D4CCBB71824B2A068B7987B
:103370002AC6BA00B2A074B7980286B800B2A07A82
:10338000B7980246B600B2A071B71808060300004D
:103390000C880607002C08C605000000B20A01824E
:1033A000A06C879B0A2C0330DD202B3A06AC000072
:1033B0001C0880DD20C6A90082C8BF8080743C7ACA
:1033C000202044873A26A1C7B7E088118A8A880856
:1033D000A00800476D02C6DB00576D0206DD00063F
:1033E000E2000000476D0246DD0046DF00260909C5
:1033F000E089118A8759084699000B85B66802460C
:103400002E00A1B9B7E088118A8A8808A00800D0E8
:1034100082111B9228241C854BA2A9248A86A725E9
:10342000072814C602000000002725032C42292487
:10343000280458245A2222C2FC28020C1529082DDF
:10344000097CF94686005824D082111B927B557C5A
:10345000822055108BA5A9241C828A86A7220528C4
:1034600014460200005722032C82292428045824E1
:103470005A2222C2F8A802B8120C252D09A908B9AF
:10348000187CF9467600D082111B9228241C854BAB
:10349000A2A9248A86A7250428140602002725034A
:1034A0002C422924280458245A2222C2FC28020C27
:1034B0006529082D097CF94669000000D082111B9E
:1034C0009228241C854BA2A9248A86A725042814A7
:1034D0000602002725032C422924280458245A22B6
:1034E00022C2FC28020C0529082D097CF9C65B00C4
:1034F000D082111B9228241C854BA2A9248A86A75E
:103500002506281486020000002725032C422924C2
:10351000280458245A2222C2FC28020C3529082DDE
:10352000097CF9464E005824D082111B927B557CB1
:10353000822055108BA5A9241C828A86A7220528E3
:1035400014460200005722032C8229242804582400
:103550005A2222C2F8A802B8120C452D09A908B9AE
:10356000187CF9463E0088247C8A7B88A088108BD2
:10357000B8B9241C8AB72A048814460200872A0492
:103580002C888264028804A824AA8882C8F8A80823
:10359000B818D082118A86A908B9181B22C62F0034
:1035A000822700660813C2A080B2A00070A720D9AD
:1035B00051E9612590A2E861D85188010B9E90885D
:1035C00053460B00822700660817C2A080B2A000F5
:1035D00070A7209941D951E961A58DA2E861D85120
:1035E00098410BEEE08E118A870C0AA9088801E049
:1035F00088538901061A003D0AD082111BB2282483
:103600001C8A4BC2C9248A86C72A05281446020090
:1036100000272A032C4229242804A824AA2222C2F3
:10362000FC280229082D0B460D00E2C8D00C9A4652
:1036300003000000E0BE11EAEBF0EE118AEE1B334E
:103640008203009C9882C8D087BAE84604000082B2
:10365000030082C8D0808074873A041B3386FBFF46
:10366000A8110CB8871A02462AFF882152030027A6
:1036700028068C350C09061BFF8801982150988379
:103680009901862600E058115A57580528240B55F1
:10369000D09811F66565A115B7E055115A5A58052D
:1036A000A005007B22F022108B525924572C0428AD
:1036B00014860100272C01E924280458249A965ADC
:1036C0002222C2F8A802B812A909B9194617007B2C
:1036D00022F022108B525924572C04281486010002
:1036E000272C01E924280458249A965A2222C2F849
:1036F000A802B812A909B919460C00004B52592466
:10370000572C042814860100272C01D9242804589A
:10371000249A965A2222C2FC280229094603000054
:103720008D021C8C2C4D7C8F2C8E4600001B882813
:103730000187220246D3FF58319821890582211042
:10374000D0291139082A261DF00C152609028627D2
:10375000FF862EFF0C25260902C624FF8639FF00AE
:103760000C65260902C621FF8646FF0C05260902C4
:10377000061FFF4651FF0C35260902461CFF865BDB
:10378000FF0C452609028619FF4666FF36210622F0
:1037900061A4A221A43261A64261A252619C62612D
:1037A0009D72619E652C07A22A00A261B3A5B5A2F5
:1037B0008221A6A261AF22180632C11077622C289E
:1037C00048EC72A221A4B2A040E5A6A89221A6A925
:1037D00009A949CCEA8221A40CC27CF9290892618A
:1037E000AE46940B003221A64C02295352C110322E
:1037F000A1E48110B2910FB20C023A357CF432612F
:103800008D22618F22618E226196426144226197EE
:103810002261A78261AA9261AB3261A02261B622C5
:1038200061B72261AD2261B12261B52261AE226130
:103830009F4601009221A99261A23221A246000076
:103840001B332203008C4222C2DB5622FF4221A2FC
:103850004023C01612055221A062C1104905422121
:103860008F29152A4442618F42218E52D6021B4471
:1038700042618EE6840A8221A08B888261A046077D
:1038800000C2A22492C110B221A6A221A4CAC9E5F5
:1038900004088C1A46540B52A1F45A515261A0628A
:1038A00021AE2066806261AE220300CC12C6430BBB
:1038B00052C1100C0922D5020C047CF84242521B62
:1038C0006322219F8261A39261AC4D099261A1861E
:1038D00002000000007261A90C046221A91B86622B
:1038E00006008261A96261A85CAAD187B60C982CF7
:1038F000492CAB06010000006261ACC221A862CC79
:10390000E067BA02063A08E066116A6D6806A0062A
:1039100000A221A4651507A22A01A261B5A59EA255
:10392000A261B1A221A4651407A82A6221B1A261F3
:10393000AD1656FA162AFA620A0016C6F962A400F3
:1039400086B40062D50272065256D7F82C07C642DA
:10395000000C1646B3006221A90C9872060062C7DB
:10396000D067B80206260B9221A90C0A1B699D0894
:10397000E08A11AAA872C7D0F0AA11AAA7720600FD
:103980001B6682C7D087B9E72C48871702C6D1FFCC
:103990002C07A7A70206140B7221970BAA77AA0877
:1039A000D0AA11AAA5C606000072A2487A75D2A2B2
:1039B0005CC2A2607901F2D501ED051ADDCAC5BD70
:1039C00003A590FFA80A6261A9A261ACA2219F464B
:1039D0001C000000D062116A6586180072D502B220
:1039E000271A1CFC4B9B1C88672C341BC6C2619792
:1039F00092671A972805722719860200B728042CA7
:103A00004882671A72259882259AD066118A777241
:103A1000C7FC88076A658261AC8906460900000018
:103A200092671A972805622719860200B728042C86
:103A30004662671A62259872259A7A6662C6FC68A1
:103A4000066261AC9221ACA2619FD6C9E8909060F9
:103A50009261AC0C46466F0062D5022CB77246529A
:103A6000869DFF6221A91B766206006261A8B716D7
:103A7000070C066261A38642009221A98209010C0B
:103A80009962C8D067B90246E20AA221A92B6A0C42
:103A90000AE0BA11AAAB82C8D0F0AA11AAA882067D
:103AA000001B66B2C8D0B7B9E72C49971802C68880
:103AB000FF2C07A7A702C6CB0A7221970BAA77AAE9
:103AC00007D0AA11AAA586060072A2487A75D2A2CA
:103AD0005CC2A2607901F2D501ED051ADDCAC5BD4F
:103AE00003A57EFF880A7D06B2219F861A0000008A
:103AF000D062116A6586170082D502C2281A1CFDA1
:103B00004BAC1C89672D2F1BD6D26197A2681AA7D0
:103B10002905822819860200C729042C4992681AAF
:103B200082259892259AD066119A8882C8FC8808C6
:103B30006A658906460800A2681AA729066228193C
:103B4000C6020000C729042C4662681A62259882C2
:103B5000259A8A6662C6FC88067CF66068536261B4
:103B6000A3B2619F7261A9C65BFF0000E221A3E0DE
:103B70006E11EA66F06611CA666261A36207001BF5
:103B8000776261A86221A87261A9C2C6D0C7B8DBFA
:103B90006221AC4658FF62A080461E007221A90C2B
:103BA00006E221A8E0C6116A6CF06611C2CED06AA6
:103BB0006CC221A9E207001BCCC261A97D0CE261A5
:103BC000A8C2CED0C7B8D9971E02864AFF2C02677A
:103BD000A202C6840A0B260C14463FFF0C86060D73
:103BE000009221A962A06872090067970A1B999246
:103BF00061A962A2004607004C068609006221A95D
:103C000072060062A06C67970A8221A91B888261F4
:103C1000A94603001C068221A16088208261A1C6FA
:103C20002DFF2C069221A16099209261A1462AFFC6
:103C3000522197BCA457A20FD02211A2C1102A2A48
:103C40002202000609000000C2C110B2A258D2A28E
:103C50004CED0CBA41F2DC01DADCC2A260AD0249E3
:103C600001CACEBD036566FF220A0062219F461F7E
:103C70000032219F1B6357A30AD0221142C1102A90
:103C800024C6190082C11022D80272221A1CF84BD5
:103C9000471C835728361B8582619742621A472347
:103CA00006222219C60200007723042C4332621A2E
:103CB00022219C32219ED055113A2222C2FC280298
:103CC00092C1105A59290520207446080042621AF0
:103CD0004723052222198602007723042C433262EF
:103CE0001A22219C32219E3A2222C2FC220200A2E8
:103CF000C11032DA0122438022DA020C033242522E
:103D00000C020C1362619F3261A32261A56D023D1A
:103D1000025D020641079221A11C05509920926183
:103D2000A15221A162219757E502863200BCB467F7
:103D3000A20ED0221162C1102A2638025812C608DB
:103D40000082A25892C1108A41D2A24CC2A260BD88
:103D5000034901F2D901ED09DAD9CAC9AD02E55624
:103D6000FF380A581A42219F06C1000032219F1BCA
:103D70004367A30BD0221152C1102A25C61B000095
:103D800082C11022D80232221A7C857B3350331034
:103D90001CF88B731C856728361B868261977262BC
:103DA0001A7725052222198602003725042C833232
:103DB000621A22219C32219ED066113A2222C2F838
:103DC0003802581292C1106A6939065916C6A700FE
:103DD00072621A7725052222198602003725042CE3
:103DE0008332621A22219C32219E3A2222C2F83862
:103DF000025812469E0000005221A147652616E493
:103E00001E67A20BD0221162C1102A26866C000008
:103E100082A25892C1108A414901F2D901D2A24C22
:103E2000ED09066D005221A167E502462F00BC6432
:103E300067A20DD0221162C1102A26329200066AB2
:103E40000082A25892C1108A41D2A24CC2A260BD87
:103E5000034901F2D901ED09DAD9CAC9AD02E54633
:103E6000FF329A008660000032219F1B4367A30B3C
:103E7000D0221152C1102A25061A000082C1102238
:103E8000D80272221A1CF84B571C836728361B86EF
:103E900082619752621A572306222219C602000035
:103EA0007723042C4332621A22219C32219ED06651
:103EB000113A2222C2FC380292C1106A6939068086
:103EC0003323C6690052621A57230522221986023B
:103ED000007723042C4332621A22219C32219E3A1D
:103EE0002222C2FC32920086600000005221A1977B
:103EF000E502C62F00BC8467A20DD0221162C1105A
:103F00002A2632020086080082A25892C1108A41F5
:103F1000D2A24CC2A260BD034901F2D901ED09DA77
:103F2000D9CAC9AD02653AFF320A0042219F461F35
:103F30000032219F1B4367A30AD0221152C1102ACD
:103F400025C6190082C11022D80272221A1CF84B11
:103F5000571C836728361B8682619752621A572343
:103F600006222219C60200007723042C4332621A6B
:103F700022219C32219ED066113A2222C2FC3802B4
:103F800092C1106A69390630307446080052621ACC
:103F90005723052222198602007723042C4332621C
:103FA0001A22219C32219E3A2222C2FC32020000B7
:103FB0003323C62D00BC7467A20DD02211A2C110FC
:103FC0002A2A380286080000B2A258C2C110BA419B
:103FD0004901F2DC01D2A24CED0CC2A260BD03DAB1
:103FE000DECACEAD02652EFF380A42219F061F00B1
:103FF00032219F1B4367A30AD0221152C1102A25E8
:10400000C6190082C11022D80272221A1CF84B571E
:104010001C836728361B8682619752621A572307D2
:1040200022221906030000007723042C4332621A6F
:1040300022219C32219ED066113A2222C2FC3802F3
:1040400092C1106A693906860800000052621A5748
:1040500023052222198602007723042C4332621A98
:1040600022219C32219E3A2222C2FC3802305F314A
:1040700042619F962500C66A093030600C120C041C
:10408000304293505060A2C1104055C02CD642DA45
:104090000262445206DB0500006221A152219737DB
:1040A000665EBCE457A214D0221182C1102A2848AF
:1040B0000258124261AA5261ABC64C0052A2586229
:1040C000C1105A41D2A24CC2A2604901F2D601ED00
:1040D00006DAD6CAC6BD03AD02251FFF880A981AA4
:1040E000C60B000092219F1B7957A90BD02211A269
:1040F000C1102A2AC63A000062C11022D602861ACE
:104100000016440457A214D0221152C1102A258847
:104110000298128261AA9261ABC6340092A258A2A0
:10412000C1109A41D2A24CC2A260F2DA01ED0ADAC1
:10413000DACACABD03AD0249012519FF280A381A97
:104140002261AA3261AB86290032219F1B7357A3DB
:1041500014D0221142C1102A24880298128261AA26
:104160009261AB86210092C11022D90232221A7CC0
:10417000847B334033101CF88B631C845728441B0A
:104180008582619762621A672405222219860200DD
:104190003724042C8332621A22219C32219ED0556E
:1041A000113A2222C2F8981288029261AB8261AA67
:1041B0002221AA3221AB92C1105A592905391586FC
:1041C0000A00000062621A67240522221986020092
:1041D0003724042C8332621A22219C32219E3A22F7
:1041E00022C2F8480258124261AA5261AB72619F22
:1041F0004114B06221AB5221AA2112B03113B04058
:104200004610CD02DD03AD05BD048118B0E0080005
:10421000EC8ACD02DD03AD05BD048115B0E00800D8
:10422000A61A18C184AFD183AFA221AAB221AB8153
:1042300012B0E00800D64A0286050000C221AAD2C8
:1042400021ABAD0CBD0D8109B0E00800164A08464F
:104250000E0082C11022D8022CD33242529124B4D3
:104260003221A84C729261A237A2054122B4426168
:10427000A25221A122AF7F2055100C060C385261AA
:10428000A16261A58261A3C6E605000021F5AF9297
:1042900021AB97020AA2C11022DA022CD332425279
:1042A0003116B44221A84C723261A247A205811393
:1042B000B48261A29221A122AF7F2099100C330C0D
:1042C000023261A39261A12261A56D023D025D02ED
:1042D00006D605004221A822AFDF2074104C122719
:1042E000974D52C11032D5023C026221A1224350A7
:1042F00052A07822C49F5C842045830C2220662033
:104300008221A34243516261A122A06387A24CA2F1
:1043100021A4B2C80125F2A7A261A256DA04922113
:10432000A64C0322190630222022590646AE080068
:104330002221A326023E4221A30C132D0A402383EF
:104340002020748CB222C7B95D0A20538350207498
:10435000ECC20C066261A5C60A00000082A1908A28
:1043600081A261A58261A2C6060000009221A292EC
:1043700061A50604000C62A261A52261A3460100AA
:10438000A261A53261A33221A122A1002023202213
:1043900061B02221AB3221AAD6020121B1AF422164
:1043A000AB2CD52024305261B20601000C066261AC
:1043B000B24C14471702065000C2A254CAC1AD0342
:1043C000BD02E5FF06C11BAFD1D1B381B1AFE0089B
:1043D00000C118AFD118AF2D0AB03B2081D2B3E095
:1043E0000800CC3A0C144261958221A852A0614188
:1043F000C4B357180241C3B35221A39221A20B8523
:10440000C10DAFD1C3B3AD02BD038261B89261B932
:1044100081A0AFE008003D0BA02A20819EAFE008FC
:1044200000A261A7819DAFE00800CD0ADD0BAD02BF
:1044300030B3208196AFE00800E221A79221B9EACB
:10444000646206001B596249008221B85261B42D92
:104450000A3D0B6D0826081CC1F7AED1F6AE0B88DD
:104460008261B85261B981B0B3E008008221B8928C
:1044700021B956AAF8C1EFAED170AFAD02BD03812C
:104480007DAFE00800E61A18C1EBAED16BAFAD020C
:10449000BD0381A4B3E00800560A042221A70762E5
:1044A0003A52619032040F3C0586000052420022CD
:1044B00021900B222261906202003716EE32C60173
:1044C00052A03930307457960232040A3242000644
:1044D000060000004242001B224601002D055A66DC
:1044E0003C042261B42036C0D683FE3221B442217E
:1044F000A24033C03261A7062D004C654221A30CB7
:104500003E5717084C550C2E5797011B4462A2408A
:1045100060518082A25052610292A254805180590F
:1045200011A221A49A515901FD04CD03DD02A583F6
:1045300005A261A24C755797165221A107E51022DA
:1045400021908221A28022C02261A70618000000CB
:104550009221A24C664A5967972662090062C6D02A
:10456000DC86C1B4AED1B3AEAD03BD02816FB3E0A2
:1045700008008C6A0C164046C04261954221954A5B
:1045800055C1ACAED1ACAEAD03BD028166B3E0089F
:1045900000CCFA5261908602001B42426190324286
:1045A000004600003C032221905732ECC6E3FF4C4A
:1045B000732221953797223221A32723107CD337EA
:1045C000220B4221A747A202465C00C65500522199
:1045D000A852C5FE5261A8C601004C633797024637
:1045E00041006221A80B3252AFDF50561060407478
:1045F0003261954C16679504FB4440407482C110AB
:1046000062D8024246372CB4D6830032A001203350
:10461000C042A02D92C11062D9024246380C923796
:10462000A26122A2372A2981FCAE72A063C60000D3
:104630002D063D048043B2305F314042215044C0DA
:10464000E054114A55F055115053C00B6252C53019
:104650005246003727D9A2C11022C2FE42C43032CE
:10466000A23952A2374242003A3A5A5A8602000010
:104670004202001B224243001B334D035732F08697
:104680000800000042A237B2C1104A2B4C172B225F
:104690007715093C022246394A2B22C20332C33025
:1046A0001B4232420022A2472A213221A72024C0E5
:1046B0002261B73A222261A3E623054221A10764C1
:1046C0000A5221A36221AF6A555261A38221A1221D
:1046D000ABFF20281032A1003032203261B00C0331
:1046E0005D032D03063800009221A14221A39030E2
:1046F00004403320A612151653065221AF62A0665D
:104700005A323A444261A36261A8861A0016C30570
:104710008221AF9221A31B383A9932A0669261A3FD
:104720003261A846140042A0676221AF5221A12243
:1047300061A34261A86A6207E51D860E009221A767
:104740003221AF42A0673099809261A34261A8E60E
:1047500012252069C062C6016261A34606000000FE
:1047600052A0662261A35261A8C602000062A06640
:104770000C186261A88261A39221A152A400505931
:10478000100C033715415D03E61220460E0027A4E6
:10479000268221AD4022C04208018C841B881B5513
:1047A0008261AD0602001B33C600000062A0FF92CA
:1047B00021AD4209006794D56221B13A458221A317
:1047C0006044828A848261A39221B06221B29261A4
:1047D000A1CC16469504A2C1102CD642DA0262443E
:1047E000520C064691046221A152219757E60246D7
:1047F0003100BC6457A20CD0221182C1102A282893
:104800000246080092A258A2C1109A41D2A24CC2FC
:10481000A260F2DA01ED0ADADACACA4901AD02BDD4
:1048200003A5AAFE280A62219F061F0032219F1BB2
:104830006357A30BD0221142C1102A24C6190000CD
:1048400082C11022D80272221A1CF84B471C8357CF
:1048500028351B8582619742621A47230622221956
:10486000C60200007723042C4332621A22219C32B4
:10487000219ED055113A2222C2FC280292C1105A20
:10488000592905860800000042621A4723052222A2
:10489000198602007723042C4332621A22219C32AB
:1048A000219E3A2222C2FC28023221AE3902303F38
:1048B000313912C6B60000006221A147E602862007
:1048C00000AC3457A20AD0221182C1102A28468493
:1048D0000092A258A2C1109A414901F2DA01D2A273
:1048E0004CED0AC68400000032219F1B6357A30BC6
:1048F000D0221142C1102A24C6A3000082C1102276
:10490000D80272221A1CF84B471C8357A8028696BD
:10491000001B8582619742621A47230722221906EB
:10492000030000007723042C4332621A22219C32B8
:10493000219ED055113A2222C2FC92C11028025A5F
:10494000590688006221A167E602063000BC745750
:10495000A20DD0221182C1102A2828028608000048
:1049600092A258A2C1109A41D2A24CC2A260F2DA1D
:1049700001ED0ADADACACA4901AD02BD03E594FEC7
:10498000280A62219F061F0032219F1B6357A30B39
:10499000D0221142C1102A24C619000082C110225F
:1049A000D80272221A1CF84B471C835728351B85E6
:1049B00082619742621A472306222219C60200002A
:1049C0007723042C4332621A22219C32219ED05537
:1049D000113A2222C2FC280292C1105A5929058696
:1049E0000800000042621A472305222219860200AD
:1049F0007723042C4332621A22219C32219E3A22D0
:104A000022C2FC28023221AE325200C6600062216E
:104A1000A197E602862F00BC6457A20CD022118217
:104A2000C1102A28280246080092A258A2C1109A52
:104A300041D2A24CC2A260F2DA01ED0ADADACACAA5
:104A40004901AD02BD036588FE280A62219FC61E8A
:104A50000032219F1B6357A30AD0221142C1102AA2
:104A60002486190082C11022D80272221A1CF84B27
:104A7000471C835728351B8582619742621A47235A
:104A800006222219C60200007723042C4332621A40
:104A900022219C32219ED055113A2222C2FC2802AA
:104AA00092C1105A592905860800000042621A472F
:104AB00023052222198602007723042C4332621A2E
:104AC00022219C32219E3A2222C2FC28023221AEAF
:104AD000324200C62E00BC6457A20CD0221142C143
:104AE000102A24280246080052A25862C1105A41D6
:104AF0004901F2D601D2A24CED06C2A260AD02DAA3
:104B0000DECACEBD03657CFE280A62219F061F0017
:104B100082219F1B6857A80BD0221192C1102A290D
:104B2000C6190000A2C11022DA0272221A1CF84B28
:104B3000471C835728351B8582619742621A472399
:104B400005222219C6020077230532A02432621AF8
:104B500022219C32219ED055113A2222C2FCB2C1A0
:104B60001028025A5B2905860800000042621A4795
:104B700023052222198602007723042C4332621A6D
:104B800022219C32219E3A2222C2FC28023221AEEE
:104B9000390262619FC626FB6221A11C0550662076
:104BA0006261A18221A162219757E802063400BC0C
:104BB000D467A20FD0221192C1102A2938025812AC
:104BC00006090000A2A258B2C110AA41D2A24CC24A
:104BD000A260F2DB01ED0BDADBCACB4901BD03AD0C
:104BE00002A56EFE380A581A42219F06C100000035
:104BF00032219F1B4367A30BD0221152C1102A25DB
:104C0000C61C000082C11022D80232221A7C857B89
:104C1000335033101CF88B731C8567283A1B86822F
:104C2000619772621A772507222219060300000095
:104C30003725042C8332621A22219C32219ED066B1
:104C4000113A2222C2F83802581292C1106A693908
:104C500006591606A700000072621A77250522225F
:104C6000198602003725042C8332621A22219C32D5
:104C7000219E3A2222C2F838025812069D000000F6
:104C80005221A147652516A41E67A20AD0221162EF
:104C9000C1102A26C66B0082A25892C1108A4149CF
:104CA00001F2D901D2A24CED09466C005221A16754
:104CB000E502862F00BC7467A20DD0221162C110DC
:104CC0002A2632120046690082A25892C1108A41F7
:104CD000D2A24CC2A260BD034901F2D901ED09DAAA
:104CE000D9CAC9AD02655EFE321A00C65F00000077
:104CF00032219F1B4367A30BD0221152C1102A25DA
:104D0000061A000082C11022D80272221A1CF84B27
:104D1000571C836728361B8682619752621A572375
:104D200006222219C60200007723042C4332621A9D
:104D300022219C32219ED066113A2222C2FC3802E6
:104D400092C1106A6939063030F4C6680052621A9E
:104D50005723052222198602007723042C4332624E
:104D60001A22219C32219E3A2222C2FC3212008653
:104D70005F0000005221A197E502062F00BC746776
:104D8000A20DD0221162C1102A263202004637003D
:104D900082A25892C1108A41D2A24CC2A260BD0325
:104DA0004901F2D901ED09DAD9CAC9AD02E551FECE
:104DB000320A00C62D00000032219F1B4367A30A60
:104DC000D0221152C1102A25061A0082C11022D801
:104DD0000272221A1CF84B571C836728371B8682E5
:104DE000619752621A572307222219060300000016
:104DF0007723042C4332621A22219C32219ED066F2
:104E0000113A2222C2FC380292C1106A6939063076
:104E10003074C6360052621A5723052222198602C0
:104E2000007723042C4332621A22219C32219E3ABD
:104E30002222C2FC320200862D00BC6467A20CD084
:104E40002211A2C1102A2A3802460800B2A258C272
:104E5000C110BA414901F2DC01D2A24CED0CC2A250
:104E600060BD03DADECACEAD022546FE380A422115
:104E70009F061F0032219F1B4367A30BD0221152B4
:104E8000C1102A25C619000082C11022D802722240
:104E90001A1CF84B571C836728351B868261975272
:104EA000621A572306222219C60200007723042C17
:104EB0004332621A22219C32219ED066113A22226C
:104EC000C2FC380292C1106A6939068608000000E7
:104ED00052621A5723052222198602007723042CD6
:104EE0004332621A22219C32219E3A2222C2FC388D
:104EF000020C056221A122ABFF2066106261A10CA9
:104F000002463C02522197BC6457A20CD022118267
:104F1000C1102A28380246080092A258A2C1109A4D
:104F200041D2A24CC2A260F2DA01ED0ADADACACAB0
:104F3000BD034901AD026539FE380A42219FC61EF4
:104F40000032219F1B4357A30AD0221152C1102ABD
:104F50002586190062C11022D60272221A1CF84B53
:104F6000671C835728351B8582619762621A672305
:104F700006222219C60200007723042C4332621A4B
:104F800022219C32219ED055113A2222C2FC3802A5
:104F900082C1105A583905860800000062621A67FB
:104FA00023052222198602007723042C4332621A39
:104FB00022219C32219E3A2222C2FC3802A2C11038
:104FC00062DA023C079221A172465072A0780C224C
:104FD00072465161CBB020992082A0780C05926175
:104FE000A16261B68261A8C602020000522197BC8C
:104FF0009457A20FD0221192C1102A2928022261AF
:10500000A2C62A00A2A258B2C110AA41D2A24CC282
:10501000A260F2DB01ED0BDADBCACB4901BD03ADC7
:1050200002A52AFEA80AA261A2C6200032219F1B67
:105030006357A30BD0221142C1102A24061A000084
:1050400082C11022D80272221A1CF84B471C8357C7
:1050500028361B8582619742621A4723052222194E
:10506000C6020077230532A02432621A22219C3224
:10507000219ED055113A2222C2FC280292C1105A18
:10508000592261A22905C6080042621A4723052257
:1050900022198602007723042C4332621A22219CB3
:1050A00032219E3A2222C2FC28022261A262619F22
:1050B000A2C11022DA020C033242522221A326029C
:1050C0002BA221A2CD02B2A000A5BDA0A261A56223
:1050D00021A5CC1A8653023221A20C04303AC032E8
:1050E00061A34261A56D04C64E02000000A221A288
:1050F00052A0006521A1A261A35261A55065205074
:1051000035200649026221A11C055066206261A17A
:105110008221A162219757E802463300BCC467A2EE
:105120000ED0221192C1102A2938025812C6080046
:10513000A2A258B2C110AA41D2A24CC2A260F2DB14
:1051400001ED0BDADBCACB4901BD03AD02E517FE69
:10515000380A581A42219F869100000032219F1B75
:105160004367A30BD0221152C1102A25C61C000090
:1051700082C11022D80232221A7C857B3350331030
:105180001CF88B731C8567283A1B868261977262B4
:105190001A77250722221906030000003725042C60
:1051A0008332621A22219C32219ED066113A222239
:1051B000C2F83802581292C1106A69390659168627
:1051C0007700000072621A772505222219860200F4
:1051D0003725042C8332621A22219C32219E3A22E6
:1051E00022C2F838025812866D005221A147652765
:1051F00016C41E67A20AD0221162C1102A26466C6C
:105200000082A25892C1108A414901F2D901D2A26A
:105210004CED09C66C0000005221A167E502862F03
:1052200000BC7467A20DD0221162C1102A2632126E
:105230000046690082A25892C1108A41D2A24CC293
:10524000A260BD034901F2D901ED09DAD9CAC9AD9D
:1052500002A507FE321A00C65F00000032219F1B24
:105260004367A30BD0221152C1102A25061A000051
:1052700082C11022D80272221A1CF84B571C836775
:1052800028361B8682619752621A572306222219FA
:10529000C60200007723042C4332621A22219C327A
:1052A000219ED066113A2222C2FC380292C1106AB5
:1052B0006939063030F446390052621A5723052204
:1052C00022198602007723042C4332621A22219C81
:1052D00032219E3A2222C2FC321200063000000027
:1052E0005221A197E502062F00BC5467A20DD022DF
:1052F0001162C1102A2632020046370082A258925B
:10530000C1108A41D2A24CC2A260BD034901F2D9A8
:1053100001ED09DAD9CAC9AD0225FBFD320A00C682
:105320002D0032219F1B4367A30AD0221152C110C6
:105330002A2586190082C11022D80272221A1CF86E
:105340004B571C836728351B8682619752621A5718
:1053500023052222198602007723042C4332621A85
:1053600022219C32219ED066113A2222C2FC3802B0
:1053700092C1106A69390630307446080052621AC8
:105380005723052222198602007723042C43326218
:105390001A22219C32219E3A2222C2FC3202000CA7
:1053A000050C12C61301BC6467A20CD02211A2C165
:1053B000102A2A3802460800B2A258C2C110BA41C7
:1053C0004901F2DC01D2A24CED0CC2A260BD03DAAD
:1053D000DECACEAD0265EFFD380A42219F86EFFF9F
:1053E00032219F1B4367A30BD0221152C1102A25E3
:1053F000C619000082C11022D80272221A1CF84B72
:10540000571C836728351B8682619752621A57237F
:1054100006222219C60200007723042C4332621AA6
:1054200022219C32219ED066113A2222C2FC3802EF
:1054300092C1106A69390606D9FF000052621A57F4
:1054400023052222198602007723042C4332621A94
:1054500022219C32219E3A2222C2FC380286CFFFB2
:105460000051A8AF5261B646010061A5AF6261B6B6
:105470008221A162219757E802C63300BCC467A20B
:105480000ED0221192C1102A2938025812C60800E3
:10549000A2A258B2C110AA41D2A24CC2A260F2DBB1
:1054A00001ED0BDADBCACB4901BD03AD02E5E1FD3D
:1054B000380A581A42219F06C100000032219F1B62
:1054C0004367A30BD0221152C1102A25C61C00002D
:1054D00082C11022D80232221A7C857B33503310CD
:1054E0001CF88B731C8567283A1B86826197726251
:1054F0001A77250722221906030000003725042CFD
:105500008332621A22219C32219ED066113A2222D5
:10551000C2F83802581292C1106A69390659160643
:10552000A700000072621A77250522221986020060
:105530003725042C8332621A22219C32219E3A2282
:1055400022C2F838025812069D0000005221A147DD
:10555000652616A41E67A20BD0221162C1102A264E
:10556000C66B000082A25892C1108A414901F2D94B
:1055700001D2A24CED09066C005221A167E502465A
:105580002F00BC6467A20DD0221162C1102A2632FE
:10559000120006690082A25892C1108A41D2A24C20
:1055A000C2A260BD034901F2D901ED09DAD9CAC925
:1055B000AD02A5D1FD321A00865F000032219F1B8B
:1055C0004367A30BD0221152C1102A25061A0000EE
:1055D00082C11022D80272221A1CF84B571C836712
:1055E00028361B8682619752621A57230622221997
:1055F000C60200007723042C4332621A22219C3217
:10560000219ED066113A2222C2FC380292C1106A51
:105610006939063030F4C6680052621A57230522F1
:1056200022198602007723042C4332621A22219C1D
:1056300032219E3A2222C2FC321200865F00000014
:105640005221A197E502062F00BC7467A20DD0225B
:105650001162C1102A2632020046370082A25892F7
:10566000C1108A41D2A24CC2A260BD034901F2D945
:1056700001ED09DAD9CAC9AD0225C5FD320A00C655
:105680002D00000032219F1B4367A30BD022115233
:10569000C1102A25061A000082C11022D8027222E7
:1056A0001A1CF84B571C836728361B868261975259
:1056B000621A572305222219C6020077230532A059
:1056C0002432621A22219C32219ED066113A222273
:1056D000C2FC380292C1106A693906303074C6368D
:1056E0000052621A572305222219860200772304EA
:1056F0002C4332621A22219C32219E3A2222C2FC81
:10570000320200862D00BC6467A20CD02211A2C117
:10571000102A2A3802460800B2A258C2C110BA4163
:105720004901F2DC01D2A24CED0CC2A260BD03DA49
:10573000DECACEAD0265B9FD380A42219F061F00C0
:1057400032219F1B4367A30BD0221152C1102A257F
:10575000C619000082C11022D80272221A1CF84B0E
:10576000571C836728351B8682619752621A57231C
:1057700006222219C60200007723042C4332621A43
:1057800022219C32219ED066113A2222C2FC38028C
:1057900092C1106A693906860800000052621A57E1
:1057A00023052222198602007723042C4332621A31
:1057B00022219C32219E3A2222C2FC38020C055042
:1057C00023201622022221A107621C62C11082211D
:1057D000A822D6029221A13C066242508242512266
:1057E000A0022099209261A16221A122ABFF206634
:1057F000106261A10C2282C11062D8020C077246AD
:105800005242619F9221A32609267221A16221A101
:1058100042AF7F4066106261A15043200C160C0815
:10582000408693804074CC748221A38046931624D2
:105830001626125B92A1901A9942C9646622080644
:1058400047000000004221A20B242261A230650122
:105850003020248221A230334122C2303036205001
:1058600053412248005063205696FD22C2D00C13AB
:1058700020639360207416A2159221A107E90246C5
:10588000540042C4FE3C022244004261A2C65000C1
:10589000DC850C92373214A2C11022DA0132C330F7
:1058A00042A1E33242E34A2AC64400000C046221CA
:1058B000A14261A722A40042A1F44A412026100679
:1058C000020000004221A23D0A5D0BC192AED1D977
:1058D000A90B44AD03BD054261A28194AEE008006E
:1058E0008221A7A2CA301B88A244008261A716F2B7
:1058F000049221AD0C1872090056750042A00937B8
:1059000034018D0542AF014A470C060C19409683BD
:1059100087092D4221A74797278221A29221B1B260
:1059200021B59088C0AD0890C9208261A265ABA066
:105930008221AD6261A74208016714041B8882615D
:10594000ADC174AED1BCA9AD03BD058162AAE008AA
:105950000056F5F60C9437B402C6D9FF061D009226
:10596000C9649261A22221A24221B60B222261A225
:105970003020342A242202008221A23034412248DD
:10598000004025013032205054415023205642FD22
:105990000610000032A180ECA2A2C1103A4A709019
:1059A0000442C4649261A34261A2AC692261A32251
:1059B000A19042DA013C051A225244E322C263223A
:1059C00061A286030032A19010338032C364426129
:1059D000A33261A222A1F44221A22A210C05402275
:1059E000C06221A35261A52261A33D05860E00007D
:1059F0006221A8CC16C6F10282C11022D8016242EF
:105A0000800C0322D8020C093242520C122261A3EC
:105A10009261A56D093D095D092D0982A1908A81D8
:105A20008261A24601003D065D062D059221A3A2DA
:105A3000C11042DA029096534204529261B08C3403
:105A40001B999261B08221A10C244048104261B29E
:105A50001684009221B092C9029261B08221A142C3
:105A6000A0844048104261B45654099221ACE2210E
:105A7000B0E049C01C09E6143C062100D221A0B2C6
:105A8000CB10C26D00926D01B9B879A8A68720C26B
:105A9000A234B221A6A221A41ACC9261B9E5E305F1
:105AA0009221B98C1AC6CC02A2A1E4E2C110AAAE1E
:105AB00042C4F0A261A0A2C11082DA02C221A07881
:105AC000A88BACB8B81B77C114AE4729AE9221A001
:105AD00079A84919BA44C90949B8A261A0A6872082
:105AE000A2C110C2A224CACAB221A6A221A4E5DE84
:105AF000058C1A46B90242A1E482C1104A8882612B
:105B0000A092C11042D9027204521677049221A0C9
:105B1000A2A26272218FAA8189090C188A7779B4AE
:105B200078A489198A7779A4E687088B999261A06D
:105B300046080000A2C110C2A224C0CA80B221A699
:105B4000A221A4A5D905162A00C6A30282A1F48029
:105B500081808261A09221B21619059221A0B2A281
:105B60006042218FBA8189090C288A4442618F42A0
:105B7000218EA2C1101B44891942618E72DA02E69D
:105B800084098B999261A08608000000A2C110C20E
:105B9000A224C0CA80B221A6A221A425D405162A17
:105BA00000C68D0282A1F48081808261A09221B41E
:105BB00026E9024625009221B08221AC9048C01C03
:105BC00009E6143C062100D221A0B2CB10C26D0020
:105BD000926D01B9B879A8A68720C2A234B221A6D5
:105BE000A221A41ACC9261B925CF059221B98C1AB1
:105BF000067A02A2A1E4E2C110AAAE42C4F0A261F8
:105C0000A0A2C11082DA02C221A078A88BACB8B8D9
:105C10001B77C1C2AD4729AE9221A079A84919BA14
:105C200044C90949B8A261A0A68720A2C110C2A296
:105C300024CACAB221A6A221A425CA058C1A866646
:105C40000242A1E482C1104A888261A09221A31C71
:105C5000089066C0E6163C4620000000C221A0A2C3
:105C6000CA10B90C891CA9B749A7A68420C2A234BE
:105C7000B221A6A221A41ACC8261B825C605822130
:105C8000B88C1A46550292A1E4D2C1109A9D62C600
:105C9000F09261A0E2C11072DE02B221A048A78B8F
:105CA0009BA8B71B44B19DAD6728B08221A049A72E
:105CB0006918AA66B90869B79261A0A6841DC2A234
:105CC00024B221A6A221A4CACE25C1058C1A8642DF
:105CD0000242A1E492C1104A999261A0A2C110426D
:105CE00021A172DA0268B787E4429221A328A75261
:105CF00021A08221A26A691B228905991569B72909
:105D0000A7E682078B555261A006F001A2C110C21E
:105D1000A224C0CA80B221A6A221A425BC05162AAD
:105D200000C62D0232A1F43031804679018221A8CB
:105D300042A065872402C67701C1BEA8D1BEA8A231
:105D400021AAB221AB8177ADE0080056AA0F2174D9
:105D5000AD9221A029090C122A66291928A769B732
:105D60001B2229A7E682098B999261A08608000070
:105D700000A2C110C2A224C0CA80B221A6A221A43E
:105D8000A5B505162A0086140232A1F430318032FE
:105D900061A02221954221A74722085221A107E5AF
:105DA0000206CA019221AF22218F6221A09A2222EB
:105DB000618F22218E8221B31B22890699162261CE
:105DC0008EE682078B666261A0060800B2C110C22F
:105DD000A224C0CB80A221A4B221A625B005162AF8
:105DE00000C6FD0132A1F43031803261A04221A70A
:105DF0001C050B24E6123286B401000072C7105253
:105E0000690172640B32640AA68318C2A234B221FB
:105E1000A6A221A41ACC65AC0556FA7B62A1E4A225
:105E2000C1106A6A22C2F06261A08221A0B2C110D0
:105E300042DB028B689221A08139AD38A4890978B0
:105E4000B41B332725B5C62701422195A61402C6E7
:105E500049002133AD4221A029040C122A662914DD
:105E600028A769B71B2229A7E682088B444261A0B4
:105E700086070000C2A22452C110B221A6A221A40A
:105E8000C0C580A5A505562A7562A1F4606180622F
:105E900061A02221959221A76221A1202920605092
:105EA0000482C11050222032D80242218F16C261D2
:105EB0002221AF8221A020522029184A2229B3286A
:105EC000A39221B31B22990829A3E682068B2806F8
:105ED00007000000C2A22462C110B221A6A221A420
:105EE000C0C680A59F05562A6F82A1F4802180320A
:105EF0002195D6E3063030602072201C05460A004A
:105F000082C810591789B649A6A68418C2A234B20D
:105F100021A6A221A41ACC659C0556EA6B22A1E415
:105F200092C1102A2932C3F07D02A2C11062DA02A6
:105F300091FBAC48A6990788B61B448B223725BF36
:105F400039178A3339B649A6A68418C2A224CACA08
:105F5000B221A6A221A465980556FA6722A1E4B24F
:105F6000C1102A2B3221A24221A73902491252C163
:105F70001032218F6221A78647018221A7804243E8
:105F8000A6143D6A6469B768A79221A08221A21B6A
:105F9000668909491969A7E6860A8B999261A086E4
:105FA0000700000000C2A22492C110B221A6A221C3
:105FB000A4CAC9A59205562A6282A1F48A81826187
:105FC000A00C066044534042C01C08E6143B861FE8
:105FD00000000000C221A0A2CA10B90C891CA9B7F8
:105FE00069A7A6861EC2A234B221A6A221A41ACCF9
:105FF0008261B8A58E058221B856FA5D92A1E4D2DD
:10600000C1109A9D42C4F09261A0E2C11072DE02FA
:10601000B221A068A78B9BA8B71B66B1C0AC47286C
:10602000B28221A069A74918AA44B90849B7926168
:10603000A0A6861BC2A224B221A6A221A4CACEE594
:106040008905566A5942A1E492C1104A999261A009
:106050004221A26221A12A2442A1E4A7660286531A
:1060600000065A008C430B33860200008221AD0BE0
:10607000550B888261AD9221A06221B58221B16960
:106080000962218F89198A6662618F62218E92C1AD
:10609000101B6662618E72D902E6860B6221A08BAC
:1060A000666261A0C6060000C2A234B221A6A22187
:1060B000A410CC80658205561A5282C11040888097
:1060C0008261A09221A28221A78069809221AD20C5
:1060D00066C0720900606743A6163D72218F922147
:1060E000A07A7672618F72218E29091B77691972E5
:1060F000618EE687078B999261A0C60600C2A23422
:10610000B221A6A221A41ACC101120257D0556AAE1
:106110004C82C1104A888261A09221AD0C07706642
:10612000537209001C096067C0E61638061E00009D
:10613000D221A0A2CA10C26D00926D01A9B879A89F
:10614000A6871BC2A234B221A6A221A41ACC9261B6
:10615000B9A578059221B9561A48E2C1104ABE6223
:10616000C6F0B261A0A2C11082DA02C221A078A852
:106170008BBCA8B81B77C169AC6729B39221A07901
:10618000A86919AA66C90969B8B261A0A68718C228
:10619000A234B221A6A221A41ACC25740556BA4372
:1061A00062C1104A666261A08221AD6208006A2263
:1061B000506F315066C096A6EA306F313066C09697
:1061C00016EA9221A24221A74A3930226332219550
:1061D0005221A75723056221A107664E8221A032D2
:1061E00021AF6221AF391832218F9221B36A333245
:1061F000618F32218E99081B3332618E52C110E6B5
:10620000830A8B888261A0060800000000C2A224D5
:1062100082C110B221A6A221A4C0C880E56B055698
:106220009A3B92A1F49091809261A04221A25221C6
:10623000A75034802043C03221953035C0403343CD
:10624000A6134152218F8221A062C11029085A232E
:1062500022618F22218E39181B2222618EE682084C
:106260008B888261A006070000C2A22492C110B2EE
:1062700021A6A221A4CAC965660556EA3542A1F441
:106280004A414261A00C022033535221A72221959A
:106290002025C03022C01C05E61231868B0000008C
:1062A0000072C710591979B439A4A68319C2A2344F
:1062B000B221A6A221A41ACC25620556DA3162A128
:1062C000E4A2C110606A8022C2F06261A08221A0B3
:1062D000B2C11042DB028B689221A08110AC38A4BD
:1062E000890978B41B332725B729197A2229B439AB
:1062F000A46261A0E68302867400C2A224CACBA273
:1063000021A4B221A6655D05560A2D22A1E432C161
:10631000102A333261A0C66C004221A038A7522156
:10632000A78B241B661B330C14E625088221A107CA
:10633000E802864C009221A08221A2426901826972
:106340000062618F32618E92C110A68315C2A224B1
:10635000B221A6A221A4CAC925580556DA27A2A1AE
:10636000F4AA213221B36221AF390232218F4221B6
:10637000AF6A3332618F32218E49121B3332618E04
:1063800052C1108B22A68318C2A22482C110B2214E
:10639000A6A221A4CAC865540556FA2392A1F49A6C
:1063A000214221A7C124A7D123A7A221AAB221ABB0
:1063B00032C4FF81DDABE00800167A0452C11072CE
:1063C000D50252218F62270A8221A29221A752C5AB
:1063D000FF1B661B489A554902391259B769A78BAA
:1063E00022E68602062700C2A224A2C110CACAB2AF
:1063F00021A6A221A4654E05560A1E22A1F42A2137
:10640000062000001C06E6132FC61D0082C810627D
:10641000620182650B42650AA68418C2A234B221C9
:10642000A6A221A41ACC654B0556FA1A72A1E4B2B1
:10643000C1107A7B32C3F02D07C2C11052DC029129
:10644000B7AB48A5990288B51B448B723726BC3977
:10645000128A3339B549A52D07A68427C2A224D2B2
:10646000C110CACDC6E1FF005221A08221A2491568
:10647000890569B739A7A6830AC2A22492C110CAA6
:10648000C986DAFFA2A247AA3139023221B76221B6
:10649000B7391232218F52C1106A3332618F3221E3
:1064A0008E1B3332618EE683078B222261A0C606E3
:1064B00000C2A22482C110B221A6A221A4CAC8E5AA
:1064C0004105566A1192A1F49A919261A02221A1EC
:1064D00027E21C3221AC4221B05221AE4023532A84
:1064E0005522218F5261AE16F20886280000000066
:1064F0006221AC8221B01C048026C0E6123E46F424
:10650000FF9221A062C6107909491969B539A5E63B
:1065100083098B999261A0C607000000C2A234B221
:1065200021A6A221A410CC80253B0556DA0A32A16F
:10653000E452C1103055805261A022C2F062C110F5
:1065400052D60238A568B51B337173AB2724B182CC
:1065500021A039A529186A22790829B5E6830206FF
:10656000DCFFC2A22492C110B221A6A221A4C0C9FC
:1065700080A5360516BAF54618000C0332618E3236
:1065800021A5EC4342A1F44A414261A006A9F400CE
:10659000C2A22452C110B221A6A221A4CAC5E533C9
:1065A00005165AFD060D00000000B221A5A221A487
:1065B00062A1F46A61E5C8A56261A0469DF400008D
:1065C00022218FAC2282C110C2A224B221A6A22114
:1065D000A4CAC8A53005C603000000009221A58CFE
:1065E00069A221A4BD09E5C5A53221A64221AE229A
:1065F00013067CF32026042043934261AE460D002F
:1066000062219F82219F1BA662219767A80286F0C4
:10661000F4C6F1F492219F6221971BB967A9024643
:1066200033F58634F54221A37221A10C122604020F
:106630004676FC4696FC2221AE1DF0003641002530
:10664000AFA220B22030C320654C9EA02A201DF0AE
:1066500036810082211029215931280598215808B6
:10666000503593990146E1001B338203000C1580DD
:1066700059835050748CC552C8DB0C1A50A983A0A2
:1066800050745625FE16B8410C051BA3ED057CF988
:10669000DD05591186000000AD03C10EAB820A0072
:1066A0001B3A8ABCF20B00B811D0CB11BACCB10A9C
:1066B000ABCABBFABBB20B00B911B108ABCABBFA8B
:1066C000BBB20B000BBBB0B074B68B0206C500C1E9
:1066D00018ABE0BB11BABCB80BA00B000C9A46BCBF
:1066E00000B2A06AB71831873B0D4CCBB71824B263
:1066F000A068B7982AC6BA00B2A074B7980286B844
:1067000000B2A07AB7980246B600B2A071B71808D6
:10671000060300000C880607002C08C605000000D0
:10672000B20A0182A06C879B0A2C0330DD202B3A31
:1067300006AC00001C0880DD20C6A90082C8BF800E
:1067400080743C7A202044873A26A1FAAAE0881176
:106750008A8A8808A00800476D02C6DB00576D02D0
:1067600006DD0006E2000000476D0246DD0046DF60
:1067700000260909E089118A8759084699000B8586
:10678000B66802462E00A1ECAAE088118A8A880821
:10679000A00800D082111B9228241C854BA2A9249A
:1067A0008A86A725072814C60200000000272503B3
:1067B0002C422924280458245A2222C2FC28020CE4
:1067C0001529082D097CF94686005824D082111B12
:1067D000927B557C822055108BA5A9241C828A8629
:1067E000A722052814460200005722032C822924E0
:1067F000280458245A2222C2F8A802B8120C252DC7
:1068000009A908B9187CF9467600D082111B922894
:10681000241C854BA2A9248A86A7250428140602D5
:10682000002725032C422924280458245A2222C256
:10683000FC28020C6529082D097CF9466900000036
:10684000D082111B9228241C854BA2A9248A86A7DA
:10685000250428140602002725032C422924280495
:1068600058245A2222C2FC28020C0529082D097C32
:10687000F9C65B00D082111B9228241C854BA2A96B
:10688000248A86A7250628148602000000272503EF
:106890002C422924280458245A2222C2FC28020C03
:1068A0003529082D097CF9464E005824D082111B49
:1068B000927B557C822055108BA5A9241C828A8648
:1068C000A722052814460200005722032C822924FF
:1068D000280458245A2222C2F8A802B8120C452DC6
:1068E00009A908B9187CF9463E0088247C8A7B886F
:1068F000A088108BB8B9241C8AB72A0488144602D1
:1069000000872A042C888264028804A824AA88822A
:10691000C8F8A808B818D082118A86A908B9181B27
:1069200022C62F00822700660813C2A080B2A000F2
:1069300070A720D951E961E5579FE861D8518801D6
:106940000B9E908853460B00822700660817C2A052
:1069500080B2A00070A7209941D951E96165559F87
:10696000E861D85198410BEEE08E118A870C0AA994
:10697000088801E088538901061A003D0AD0821177
:106980001BB228241C8A4BC2C9248A86C72A052820
:106990001446020000272A032C4229242804A82494
:1069A000AA2222C2FC280229082D0B460D00E2C8AB
:1069B000D00C9A4603000000E0BE11EAEBF0EE11A5
:1069C0008AEE1B338203009C9882C8D087BAE846BF
:1069D00004000082030082C8D0808074873A041BC0
:1069E0003386FBFFA8110CB8871A02462AFF8821BC
:1069F0005203002728068C350C09061BFF880198D6
:106A0000215098839901862600E058115A5758055D
:106A100028240B55D09811F66565A148AAE05511B8
:106A20005A5A5805A005007B22F022108B52592497
:106A3000572C042814860100272C01E92428045827
:106A4000249A965A2222C2F8A802B812A909B919A2
:106A50004617007B22F022108B525924572C042811
:106A600014860100272C01E924280458249A965AF8
:106A70002222C2F8A802B812A909B919460C0000CE
:106A80004B525924572C042814860100272C01D975
:106A900024280458249A965A2222C2FC2802290942
:106AA000460300008D021C8C2C4D7C8F2C8E4600E2
:106AB000001B88280187220246D3FF58319821897C
:106AC00005822110D0291139082A261DF00C15261F
:106AD00009028627FF862EFF0C25260902C624FF01
:106AE0008639FF000C65260902C621FF8646FF0C89
:106AF00005260902061FFF4651FF0C3526090246EE
:106B00001CFF865BFF0C452609028619FF4666FFBF
:106B10003621062261A4A221A43261A24261A352BD
:106B2000619C62619D72619E25F403A22A00A261AC
:106B3000B3657D9F8221A4A261AF8C782868CC3296
:106B4000AD0865BC9E21DCA99221A22799092221CA
:106B5000A42812060900000021D9A93221A22793F6
:106B60000A8221A488288261A246040021D5A99224
:106B700021A22799082221A42222032261A2B2A2E3
:106B80004432C110B0B3800C1AE589098221A222D7
:106B9000281907E20B22180697E205A22816E5EA53
:106BA0009D9221A2221906376205222904569203DA
:106BB000B221A2A221A4259C9F16DA023221A22290
:106BC000231907E20B22130697E205A2231665E9B3
:106BD0009DB2A24442C110A22195BAB47CF5A5840D
:106BE000095261AE46B50B0000008221A21CA23200
:106BF000180620231066923F2298079692032228B7
:106C00001907E20897E305A22816A5E59D92C11091
:106C1000B2A244A22195BAB9E58009D2219CE22111
:106C20009DF2219EC221A3B221A2A221A465EB0262
:106C3000A261AE86A10B00007CF4B2C11032A1E4C7
:106C400042614451FCA441FBA40C023A3B32618DE9
:106C500022618F22618E2261972261982261A74270
:106C600061AA5261AB3261A02261B52261B7226193
:106C7000AD2261B12261B62261AE22619F46010060
:106C80005221A95261A33221A34600001B332203E3
:106C9000008C4222C2DB5622FF8221A38023C01631
:106CA000220542218F9221A02A4442618F42218EE7
:106CB000A2C1101B448909291942618E52DA02E6E9
:106CC00084098B999261A08608000000B2C110C2AD
:106CD000A224C0CB80A221A4B221A2651807162A43
:106CE0000006590B52A1F45051805261A06221AEAE
:106CF0002A666261AE220300CC1286460B52C11096
:106D00000C0922D5020C047CF84242561B63222156
:106D10009F8261A59261AC4D099261A1460200007B
:106D2000007261A90C046221A91B866206008261BF
:106D3000A96261A85CAAD188A90C982C492CAB0641
:106D4000010000006261ACC221A862CCE067BA0217
:106D5000063C08E066116A6D6806A00600A221A440
:106D6000A5D003A22A01A261B6E5599FA261B1A2F2
:106D700021A4A5CF03A82A6221B1A261AD1656FABB
:106D8000162AFA620A0016C6F962A40086B40062E6
:106D9000D50272065656D7F82C07C642000C16C606
:106DA000B3006221A90C9872060062C7D067B802CE
:106DB00046340B9221A90C0A1B699D08E08A11AA8E
:106DC000A872C7D0F0AA11AAA77206001B6682C7D4
:106DD000D087B9E72C48871702C6D1FF2C07A7A791
:106DE0000206190B7221980BAA77AA08D0AA11AA39
:106DF000A5C606000072A24C7A75D2A260C2A2603B
:106E00007901F2D501ED051ADDCAC5BD032584FF60
:106E1000A80A6261A9A261ACA2219F461C000000E1
:106E2000D062116A6586180072D502B2271A1CFC5E
:106E30004B9B1C88672C341BC6C2619892671A97BB
:106E40002805722719860200B728042C4882671A81
:106E500072259882259AD066118A7772C7FC8807B6
:106E60006A658261AC8906460900000092671A973C
:106E70002805622719860200B728042C4662671A83
:106E800062259872259A7A6662C6FC68066261ACD1
:106E90009221ACA2619FD6C9E89090609261AC0C3F
:106EA00046466F0062D5022CB7724656869DFF6239
:106EB00021A91B766206006261A8B716070C06625C
:106EC00061A58642009221A98209010C9962C8D06D
:106ED00067B90286F00AA221A92B6A0C0AE0BA114E
:106EE000AAAB82C8D0F0AA11AAA88206001B66B27B
:106EF000C8D0B7B9E72C49971802C688FF2C07A756
:106F0000A702C6D00A7221980BAA77AA07D0AA11A5
:106F1000AAA586060072A24C7A75D2A260C2A260AF
:106F20007901F2D501ED051ADDCAC5BD032572FF51
:106F3000880A7D06B2219F861A00D062116A650612
:106F4000180082D502C2281A1CFD4BAC1C89672D83
:106F5000321BD6D26198A2681AA72907822819067F
:106F600003000000C729042C4992681A82259892D0
:106F7000259AD066119A8882C8FC88086A658906B5
:106F800046080000A2681AA729056228198602008F
:106F9000C729042C4662681A62259882259A8A6657
:106FA00062C6FC88067CF66068536261A5B2619F88
:106FB0007261A9C65BFF0000E221A5E06E11EA66DE
:106FC000F06611CA666261A56207001B776261A85C
:106FD0006221A87261A9C2C6D0C7B8DB6221AC46E3
:106FE00058FF62A080461E007221A90C06E221A86B
:106FF000E0C6116A6CF06611C2CED06A6CC221A9DB
:10700000E207001BCCC261A97D0CE261A8C2CED010
:10701000C7B8D9971E02864AFF2C0267A202C6890A
:107020000A0B260C14463FFF0C86060D009221A980
:1070300062A06872090067970A1B999261A962A20F
:10704000004607004C06060A006221A9720600628B
:10705000A06C67970A8221A91B888261A9C60300D8
:107060001C068221A16088208261A1C62DFF00003C
:107070002C069221A16099209261A1C629FF52217C
:1070800098BC8457A20DD02211A2C1102A2A220234
:1070900000860800C2C110B2A25CD2A250ED0CBAA8
:1070A00041F2DC01DADCC2A260AD024901CACEBD08
:1070B00003E559FF220A0062219F461F0032219FEB
:1070C0001B6357A30AD0221142C1102A24C61900FB
:1070D00082C11022D80272221A1CF84B471C835717
:1070E00028361B8582619842621A4723062222199C
:1070F000C60200007723042C4332621A22219C32FC
:10710000219ED055113A2222C2FC280292C1105A67
:1071100059290520207446080042621A4723052297
:1071200022198602007723042C4332621A22219C02
:1071300032219E3A2222C2FC220200A2C11032DA7F
:107140000122438022DA020C033242560C020C1355
:1071500062619F3261A52261A66D023D025D020659
:1071600043079221A11C055099209261A15221A1AF
:1071700062219857E502863300BCB467A20ED02284
:107180001162C1102A2638025812C6080082A25C79
:1071900092C1108A41D2A250C2A260BD034901F23D
:1071A000D901ED09DAD9CAC9AD02654AFF380A58D2
:1071B0001A42219F06C2000032219F1B4367A30B86
:1071C000D0221152C1102A25C61C000082C11022F3
:1071D000D80232221A7C857B335033101CF88B7313
:1071E0001C8567283A1B8682619872621A77250788
:1071F00022221906030000003725042C8332621A6C
:1072000022219C32219ED066113A2222C2F83802F5
:10721000581292C1106A693906591646A800000032
:1072200072621A7725052222198602003725042C5E
:107230008332621A22219C32219E3A2222C2F838DD
:10724000025812469E0000005221A147652616E40E
:107250001E67A20BD0221162C1102A26866C000084
:1072600082A25C92C1108A414901F2D901D2A25096
:10727000ED09066D005221A167E502462F00BC64AE
:1072800067A20DD0221162C1102A26329200066A2E
:107290000082A25C92C1108A41D2A250C2A260BDFB
:1072A000034901F2D901ED09DAD9CAC9AD02253A7B
:1072B000FF329A008660000032219F1B4367A30AB9
:1072C000D0221152C1102A25061A0082C11022D8DC
:1072D0000272221A1CF84B571C836728371B8682C0
:1072E000619852621A5723072222190603000000F0
:1072F0007723042C4332621A22219C32219ED066CD
:10730000113A2222C2FC380292C1106A6939068001
:107310003323C6690052621A5723052222198602B6
:10732000007723042C4332621A22219C32219E3A98
:107330002222C2FC32920086600000005221A197F6
:10734000E502C62F00BC8467A20DD0221162C110D5
:107350002A2632020086080082A25C92C1108A416D
:10736000D2A250C2A260BD034901F2D901ED09DAEF
:10737000D9CAC9AD02A52DFF320A0042219F461F7E
:107380000032219F1B4367A30AD0221152C1102A49
:1073900025C6190082C11022D80272221A1CF84B8D
:1073A000571C836728361B8682619852621A5723BE
:1073B00006222219C60200007723042C4332621AE7
:1073C00022219C32219ED066113A2222C2FC380230
:1073D00092C1106A69390630307446080052621A48
:1073E0005723052222198602007723042C43326298
:1073F0001A22219C32219E3A2222C2FC3202000033
:107400003323C62D00BC7467A20DD02211A2C11077
:107410002A2A380286080000B2A25CC2C110BA4112
:107420004901F2DC01D2A250ED0CC2A260BD03DA28
:10743000DECACEAD02A521FF380A42219F061F00F9
:1074400032219F1B4367A30BD0221152C1102A2562
:10745000C619000082C11022D80272221A1CF84BF1
:10746000571C836728351B8682619852621A5723FE
:1074700006222219C60200007723042C4332621A26
:1074800022219C32219ED066113A2222C2FC38026F
:1074900092C1106A693906860800000052621A57C4
:1074A00023052222198602007723042C4332621A14
:1074B00022219C32219E3A2222C2FC3802305F31C6
:1074C00042619F9625008678093030600C120C04CA
:1074D000304293505060A2C1104055C02CD642DAC1
:1074E0000262445606DC0500006221A15221983751
:1074F000665EBCE457A214D0221182C1102A28482B
:107500000258124261AA5261ABC64D0052A25C629F
:10751000C1105A41D2A250C2A2604901F2D601ED77
:1075200006DAD6CAC6BD03AD026512FF880A981AEC
:10753000C60B000092219F1B7957A90BD02211A2E4
:10754000C1102A2AC63B000062C11022D602061BC7
:107550000016440457A214D0221152C1102A2588C3
:107560000298128261AA9261ABC6350092A25CA217
:10757000C1109A41D2A250C2A260F2DA01ED0ADA39
:10758000DACACABD03AD024901650CFF280A381AE0
:107590002261AA3261AB862A0032219F1B7357A356
:1075A00016D0221142C1102A24880298128261AAA0
:1075B0009261AB862200000092C11022D9023222D1
:1075C0001A7C847B334033101CF88B631C8457284F
:1075D000461B8582619862621A6724072222190677
:1075E000030000003724042C8332621A22219C32CB
:1075F000219ED055113A2222C2F898128802926137
:10760000AB8261AA2221AA3221AB92C1105A592918
:10761000053915860A00000062621A6724052222D5
:10762000198602003724042C8332621A22219C32EC
:10763000219E3A2222C2F8480258124261AA52619F
:10764000AB72619F41FFA26221AB5221AA21FDA230
:1076500031FEA2404610CD02DD03AD05BD0481031D
:10766000A3E00800EC8ACD02DD03AD05BD04810076
:10767000A3E00800A61A18C16FA2D16EA2A221AA87
:10768000B221AB81FDA2E00800D64A0286050000C7
:10769000C221AAD221ABAD0CBD0D81F4A2E008003D
:1076A000164A08460E0082C11022D8022CD332425C
:1076B000569123A73221A84C729261A337A20541AB
:1076C00021A74261A35221A122AF7F2055100C06B1
:1076D0000C385261A16261A68261A5C6E605000070
:1076E00021E0A29221AB97020AA2C11022DA022C59
:1076F000D33242563115A74221A84C723261A347BA
:10770000A2058112A78261A39221A122AF7F2099B5
:10771000100C330C023261A59261A12261A66D02A8
:107720003D025D0206D605004221A822AFDF20748B
:10773000104C1227974C52C11032D5023C026221E4
:10774000A122435452A07822C49F5C842045830C1C
:10775000222066208221A54243556261A122A063B6
:1077600087A249A221A4B2C801E5ACA4A261A35694
:107770009A049221A24C0322190630222022590693
:1077800046B1082221A526023B4221A50C132D0A51
:107790004023832020748CB222C7B95D0A20538312
:1077A000502074EC920C066261A6060A0082A19039
:1077B0008A81A261A68261A3860600009221A3921B
:1077C00061A60604000C62A261A62261A546010022
:1077D000A261A63261A53221A122A100202320228C
:1077E00061B02221AB3221AAD60201219DA2422101
:1077F000AB2CD52024305261B20601000C06626128
:10780000B24C14471702065000C2A258CAC1AD03B9
:10781000BD02E5BA03C107A2D1BDA6819DA2E008C1
:1078200000C104A2D104A22D0AB03B2081BEA6E073
:107830000800CC3A0C144261968221A852A0614102
:10784000C4A657180241C3A65221A59221A30B85B5
:10785000C1F9A1D1AFA6AD02BD038261B89261B9F1
:10786000818CA2E008003D0BA02A20818AA2E008BA
:1078700000A261A78189A2E00800CD0ADD0BAD025C
:1078800030B3208182A2E00800E221A79221B9EA68
:10789000646206001B596249008221B85261B42D0E
:1078A0000A3D0B6D0826081CC1E3A1D1E2A10B889B
:1078B0008261B85261B9819CA6E008008221B89229
:1078C00021B956AAF8C1DBA1D15CA2AD02BD0381EA
:1078D00069A2E00800E61A18C1D7A1D157A2AD02EB
:1078E000BD038190A6E00800560A042221A7076282
:1078F0003A52619032040F3C058600005242002249
:1079000021900B222261906202003716EE32C601EE
:1079100052A03930307457960232040A32420006BF
:10792000060000004242001B224601002D055A6657
:107930003C042261B42036C0D683FE3221B44221F9
:10794000A34033C03261A7862D004C654221A50CAF
:107950003E5717084C550C2E5797011B4462A24006
:1079600060518082A25052610292A2588051805987
:1079700011A221A49A515901FD04CD03DD02A53EB7
:1079800002A261A34C755797165221A107E5102258
:1079900021908221A38022C02261A78618000000C6
:1079A0009221A34C664A5967972662090062C6D0A5
:1079B000DC86C1A0A1D19FA1AD03BD02815BA6E081
:1079C00008008C6A0C164046C04261964221964AD5
:1079D00055C198A1D198A1AD03BD028152A6E0087E
:1079E00000CCFA5261908602001B42426190324202
:1079F000004600003C032221905732ECC6E3FF0012
:107A0000004C732221963797237CD33722113221E1
:107A1000A527230B4221A747A202C65B00465500BB
:107A20005221A852C5FE5261A8060200004C6337DD
:107A300097028640006221A80B3252AFDF505610E9
:107A40006040743261964C16679504FB4440407464
:107A500082C11062D8024246372CB4D663000C13A0
:107A60002033C02CD492C11062D9024246380C9205
:107A700037A26022A2372A2981E8A172A063C6003A
:107A8000002D063D048043B2305F31404221504416
:107A9000C0E054114A55F055115053C00B6252C505
:107AA000305246003727D9A2C11022C2FE42C4304C
:107AB00032A23952A2374242003A3A5A5A4602009A
:107AC0004202001B224243001B334D035732F08613
:107AD0000800000042A237B2C1104A2B4C172B22DB
:107AE0007715093C022246394A2B22C20332C330A1
:107AF0001B4232420022A2472A213221A72024C061
:107B00002261B73A222261A5E623054221A107643A
:107B10000A5221A56221AF6A555261A58221A12294
:107B2000ABFF20281032A1003032203261B00C03AC
:107B30005D032D03463800009221A14221A590301B
:107B400004403320A612151653065221AF62A066D8
:107B50005A323A444261A56261A8861A0016C305EA
:107B60008221AF9221A51B383A9932A0669261A575
:107B70003261A846140042A0676221AF5221A122BF
:107B800061A54261A86A6207E51D860E009221A7E1
:107B90003221AF42A0673099809261A54261A8E688
:107BA00012252069C062C6016261A5460600000078
:107BB00052A0662261A55261A8C602000062A066BA
:107BC0000C186261A88261A59221A152A4005059AB
:107BD000100C033715425D03E61221860E000000EB
:107BE00027A4258221AD4022C04208018C841B8835
:107BF0001B558261ADC601001B3386000062A0FFE9
:107C00009221AD4209006794D66221B13A458221A2
:107C1000A56044828A848261A59221B06221B292D9
:107C200061A1CC16069604A2C1102CD642DA0262DB
:107C300044560C060692046221A152219857E6028E
:107C4000063100BC6457A20CD0221182C1102A2830
:107C5000280246080092A25CA2C1109A41D2A2500A
:107C6000C2A260F2DA01ED0ADADACACA4901AD024B
:107C7000BD03E59DFE280A62219FC61E0032219F9A
:107C80001B6357A30AD0221142C1102A248619006F
:107C900082C11022D80272221A1CF84B471C83574B
:107CA00028331B8582619842621A472306222219D3
:107CB000C60200007723042C4332621A22219C3230
:107CC000219ED055113A2222C2FC280292C1105A9C
:107CD00059290586080042621A47230722221906FD
:107CE000030000007723042C4332621A22219C32C5
:107CF000219E3A2222C2FC28023221AE39024D03D3
:107D0000303F31391246B7006221A147E602862092
:107D100000AC3457A20AD0221182C1102A2846850D
:107D20000092A25CA2C1109A414901F2DA01D2A2EA
:107D300050ED0AC68500000032219F1B6357A30B3C
:107D4000D0221142C1102A24C6A4000082C11022F0
:107D5000D80272221A1CF84B471C8357A802869738
:107D6000001B8582619842621A4723072222190666
:107D7000030000007723042C4332621A22219C3234
:107D8000219ED055113A2222C2FC92C11028025ADB
:107D9000590689006221A167E602863000BC74574B
:107DA000A20DD0221182C1102A28280286080000C4
:107DB00092A25CA2C1109A41D2A250C2A260F2DA91
:107DC00001ED0ADADACACA4901AD02BD032588FE0F
:107DD000280A62219F061F0032219F1B6357A30BB5
:107DE000D0221142C1102A24C619000082C11022DB
:107DF000D80272221A1CF84B471C835728351B8562
:107E000082619842621A472305222219C60200772E
:107E1000230532A02432621A22219C32219ED055A1
:107E2000113A2222C2FC280292C1105A5929058611
:107E30000800000042621A47230522221986020028
:107E40007723042C4332621A22219C32219E3A224B
:107E500022C2FC28023221AE325200C6610000006C
:107E60006221A197E602063000BC7457A20DD02211
:107E70001182C1102A2828028608000092A25CA262
:107E8000C1109A41D2A250C2A260F2DA01ED0ADA20
:107E9000DACACA4901AD02BD03657BFE280A622128
:107EA0009F061F0032219F1B6357A30BD022114254
:107EB000C1102A24C619000082C11022D8027222E1
:107EC0001A1CF84B471C835728351B858261984242
:107ED000621A472306222219C60200007723042CC7
:107EE0004332621A22219C32219ED055113A22221D
:107EF000C2FC280292C1105A5929058608000000C8
:107F000042621A4723052222198602007723042C95
:107F10004332621A22219C32219E3A2222C2FC283C
:107F2000023221AE324200C62E00BC6457A20CD0F1
:107F3000221142C1102A24280246080052A25C6283
:107F4000C1105A414901F2D601D2A250ED06C2A297
:107F500060AD02DADECACEBD03656FFE280A62217B
:107F60009F061F0082219F1B6857A80BD0221192E9
:107F7000C1102A29C6190000A2C11022DA027222F9
:107F80001A1CF84B471C835728351B858261984281
:107F9000621A472306222219C60200007723042C06
:107FA0004332621A22219C32219ED055113A22225C
:107FB000C2FCB2C11028025A5B29058608000000E5
:107FC00042621A4723052222198602007723042CD5
:107FD0004332621A22219C32219E3A2222C2FC287C
:107FE000023221AE390262619FC624FB6221A11CCC
:107FF000055066206261A18221A162219857E802A2
:10800000063400BCD467A20FD0221192C1102A29D5
:108010003802581206090000A2A25CB2C110AA419F
:10802000D2A250C2A260F2DB01ED0BDADBCACB496F
:1080300001BD03AD02A561FE380A581A42219F0610
:10804000C100000032219F1B4367A30BD0221152B5
:10805000C1102A25C61C000082C11022D80232227B
:108060001A7C857B335033101CF88B731C85672872
:10807000381B8682619872621A77250722221906B8
:10808000030000003725042C8332621A22219C321F
:10809000219ED066113A2222C2F83802581292C1AB
:1080A000106A693906591606A70072621A77250701
:1080B00022221906030000003725042C8332621A9D
:1080C00022219C32219E3A2222C2F83802581206FE
:1080D0009D0000005221A147652616A41E67A20B31
:1080E000D0221162C1102A26C66B000082A25C92C7
:1080F000C1108A414901F2D901D2A250ED09066CA2
:10810000005221A167E502C62E00BC6467A20DD013
:10811000221162C1102A2632120006690082A25C76
:1081200092C1108A41D2A250C2A260BD034901F29D
:10813000D901ED09DAD9CAC9AD026551FE321A007A
:10814000865F000032219F1B4367A30BD022115290
:10815000C1102A25061A000082C11022D8027222FC
:108160001A1CF84B571C836728361B86826198526D
:10817000621A572306222219C60200007723042C14
:108180004332621A22219C32219ED066113A222269
:10819000C2FC380292C1106A6939063030F4C668F0
:1081A0000052621A572305222219860200772304FF
:1081B0002C4332621A22219C32219E3A2222C2FC96
:1081C000321200865F005221A197E502862F00BC83
:1081D0009467A20FD0221162C1102A26320200C673
:1081E0003700000082A25C92C1108A41D2A250C224
:1081F000A260BD034901F2D901ED09DAD9CAC9ADBE
:1082000002E544FE320A00C62D00000032219F1B09
:108210004367A30BD0221152C1102A25061A000071
:1082200082C11022D80272221A1CF84B571C836795
:1082300028361B8682619852621A57230622221919
:10824000C60200007723042C4332621A22219C329A
:10825000219ED066113A2222C2FC380292C1106AD5
:10826000693906303074C6360052621A5723052227
:1082700022198602007723042C4332621A22219CA1
:1082800032219E3A2222C2FC320200862D00BC64BA
:1082900067A20CD02211A2C1102A2A380246080077
:1082A000B2A25CC2C110BA414901F2DC01D2A250B3
:1082B000ED0CC2A260BD03DADECACEAD022539FEE6
:1082C000380A42219F061F0032219F1B4367A30BE0
:1082D000D0221152C1102A25C619000082C11022D5
:1082E000D80272221A1CF84B571C836728351B864C
:1082F00082619852621A572305222219C60200771A
:10830000230532A02432621A22219C32219ED0669B
:10831000113A2222C2FC380292C1106A69390686DB
:108320000800000052621A57230522221986020013
:108330007723042C4332621A22219C32219E3A2256
:1083400022C2FC38020C056221A122ABFF2066107C
:108350006261A10C02463C02522198BC6457A20CF7
:10836000D0221182C1102A28380246080092A25C4D
:10837000A2C1109A41D2A250C2A260F2DA01ED0A63
:10838000DADACACABD034901AD02652CFE380A42D9
:10839000219FC61E0032219F1B4357A30AD02211E2
:1083A00052C1102A2586190062C11022D6027222FB
:1083B0001A1CF84B671C835728351B85826198620D
:1083C000621A672306222219C60200007723042CB2
:1083D0004332621A22219C32219ED055113A222228
:1083E000C2FC380282C1105A5839058608000000C4
:1083F00062621A6723052222198602007723042C61
:108400004332621A22219C32219E3A2222C2FC3837
:1084100002A2C11062DA023C079221A17246547294
:10842000A0780C2272465561CAA320992082A078B8
:108430000C059261A16261B58261A8C60202522157
:1084400098BCB457A20FD0221192C1102A29280239
:108450002261A3462B00A2A25CB2C110AA41D2A203
:1084600050C2A260F2DB01ED0BDADBCACB4901BDE1
:1084700003AD02E51DFEA80AA261A346210000008B
:1084800032219F1B6357A30BD0221142C1102A2413
:10849000061A000082C11022D80272221A1CF84B60
:1084A000471C835728361B8582619842621A4723EE
:1084B00006222219C60200007723042C4332621AD6
:1084C00022219C32219ED055113A2222C2FC280240
:1084D00092C1105A592261A32905C6080042621AA6
:1084E0004723052222198602007723042C43326297
:1084F0001A22219C32219E3A2222C2FC28022261A9
:10850000A362619FA2C11022DA020C0332425622FA
:1085100021A526022BA221A3CD02B2A00065789D41
:10852000A261A66221A6CC1A8653023221A30C04B2
:10853000303AC03261A54261A66D04C64E02000009
:1085400000A221A352A00025DC9DA261A55261A634
:108550005065205035200649026221A11C05506655
:10856000206261A18221A162219857E802C63200EF
:10857000BCC467A20ED0221192C1102A2938025819
:1085800012C60800A2A25CB2C110AA41D2A250C277
:10859000A260F2DB01ED0BDADBCACB4901BD03AD12
:1085A00002E50AFE380A581A42219F86910000000F
:1085B00032219F1B4367A30BD0221152C1102A25E1
:1085C000C61B000082C11022D80232221A7C857B91
:1085D000335033101CF88B731C856728361B86823A
:1085E000619872621A7725052222198602003725C2
:1085F000042C8332621A22219C32219ED066113AC9
:108600002222C2F83802581292C1106A69390659FA
:108610001606780072621A77250522221986020052
:108620003725042C8332621A22219C32219E3A2261
:1086300022C2F838025812866E0000005221A1476B
:10864000652616E41E67A20BD0221162C1102A26ED
:10865000C66C000082A25C92C1108A414901F2D925
:1086600001D2A250ED09066D005221A167E5024634
:108670002F00BC6467A20DD0221162C1102A2632DD
:108680001200066A0082A25C92C1108A41D2A250F6
:10869000C2A260BD034901F2D901ED09DAD9CAC904
:1086A000AD02E5FAFD321A008660000032219F1B00
:1086B0004367A30BD0221152C1102A25061A0000CD
:1086C00082C11022D80272221A1CF84B571C8367F1
:1086D00028361B8682619852621A57230622221975
:1086E000C60200007723042C4332621A22219C32F6
:1086F000219ED066113A2222C2FC380292C1106A31
:108700006939063030F4463A0052621A572305227E
:1087100022198602007723042C4332621A22219CFC
:1087200032219E3A2222C2FC3212000631000000A1
:108730005221A197E502063000BC7467A20DD02239
:108740001162C1102A2632020046380082A25C92D1
:10875000C1108A41D2A250C2A260BD034901F2D920
:1087600001ED09DAD9CAC9AD0265EEFD320A00C6CB
:108770002E00000032219F1B4367A30BD022115211
:10878000C1102A25061A000082C11022D8027222C6
:108790001A1CF84B571C836728361B868261985237
:1087A000621A572306222219C60200007723042CDE
:1087B0004332621A22219C32219ED066113A222233
:1087C000C2FC380292C1106A69390630307446081A
:1087D0000052621A572305222219860200772304C9
:1087E0002C4332621A22219C32219E3A2222C2FC60
:1087F0003202000C050C12C61301BC6467A20CD037
:108800002211A2C1102A2A3802460800B2A25CC274
:10881000C110BA414901F2DC01D2A250ED0CC2A252
:1088200060BD03DADECACEAD0265E2FD380A422140
:108830009F86EFFF32219F1B4367A30AD02211526C
:10884000C1102A25C6190082C11022D80272221A2C
:108850001CF84B571C836728361B8682619852622E
:108860001A57230722221906030000007723042C3D
:108870004332621A22219C32219ED066113A222272
:10888000C2FC380292C1106A69390606D9FF00009D
:1088900052621A5723052222198602007723042CDC
:1088A0004332621A22219C32219E3A2222C2FC3893
:1088B0000286CFFF0051A7A25261B546010061A414
:1088C000A26261B58221A162219857E802C63300F5
:1088D000BCC467A20ED0221192C1102A29380258B6
:1088E00012C60800A2A25CB2C110AA41D2A250C214
:1088F000A260F2DB01ED0BDADBCACB4901BD03ADAF
:1089000002E5D4FD380A581A42219F06C100000032
:1089100032219F1B4367A30BD0221152C1102A257D
:10892000C61C000082C11022D80232221A7C857B2C
:10893000335033101CF88B731C8567283A1B8682D2
:10894000619872621A772507222219060300000037
:108950003725042C8332621A22219C32219ED06654
:10896000113A2222C2F83802581292C1106A6939AB
:1089700006591606A700000072621A772505222202
:10898000198602003725042C8332621A22219C3278
:10899000219E3A2222C2F838025812069D00000099
:1089A0005221A147652616A41E67A20BD022116290
:1089B000C1102A26C66B000082A25C92C1108A41B7
:1089C0004901F2D901D2A250ED09066C005221A151
:1089D00067E502462F00BC6467A20DD0221162C178
:1089E000102A2632120006690082A25C92C1108A07
:1089F00041D2A250C2A260BD034901F2D901ED09E2
:108A0000DAD9CAC9AD02A5C4FD321A00865F0000DA
:108A100032219F1B4367A30BD0221152C1102A257C
:108A2000061A000082C11022D80272221A1CF84BCA
:108A3000571C836728361B8682619852621A572317
:108A400006222219C60200007723042C4332621A40
:108A500022219C32219ED066113A2222C2FC380289
:108A600092C1106A6939063030F4C6680052621A41
:108A70005723052222198602007723042C433262F1
:108A80001A22219C32219E3A2222C2FC32120086F6
:108A90005F0000005221A197E502062F00BC746719
:108AA000A20DD0221162C1102A26320200463700E0
:108AB00082A25C92C1108A41D2A250C2A260BD03C0
:108AC0004901F2D901ED09DAD9CAC9AD0225B8FDCB
:108AD000320A00C62D00000032219F1B4367A30B02
:108AE000D0221152C1102A25061A000082C110227C
:108AF000D80272221A1CF84B571C836728361B8633
:108B000082619852621A572306222219C602000077
:108B10007723042C4332621A22219C32219ED06694
:108B2000113A2222C2FC380292C1106A6939063019
:108B30003074C6360052621A572305222219860263
:108B4000007723042C4332621A22219C32219E3A60
:108B50002222C2FC320200862D00BC6467A20CD027
:108B60002211A2C1102A2A3802460800B2A25CC211
:108B7000C110BA414901F2DC01D2A250ED0CC2A2EF
:108B800060BD03DADECACEAD0265ACFD380A422113
:108B90009F061F0032219F1B4367A30BD022115257
:108BA000C1102A25C619000082C11022D8027222E3
:108BB0001A1CF84B571C836728331B868261985216
:108BC000621A572306222219C60200007723042CBA
:108BD0004332621A22219C32219ED066113A22220F
:108BE000C2FC380292C1106A6939068608005262D6
:108BF0001A57230722221906030000007723042CAA
:108C00004332621A22219C32219E3A2222C2FC382F
:108C1000020C055023201622022221A107621C62A9
:108C2000C1108221A822D6029221A13C06624254A0
:108C300082425522A0022099209261A16221A122A4
:108C4000ABFF2066106261A10C2282C11062D802C3
:108C50000C0772465642619F9221A5260926722171
:108C6000A16221A142AF7F4066106261A150432002
:108C70000C160C08408693804074CC748221A58029
:108C8000469316241626125B92A1901A9942C96443
:108C90006622080647000000004221A30B2422613F
:108CA000A33065013020248221A330334122C23019
:108CB0003036205053412248005063205696FD2202
:108CC000C2D00C1320639360207416A2159221A1C8
:108CD00007E90246540042C4FE3C022244004261BD
:108CE000A3C65000DC850C92373214A2C11022DAE0
:108CF0000132C33042A1E33242E34A2AC6440000B3
:108D00000C046221A14261A722A40042A1F44A41BD
:108D100020261006020000004221A33D0A5D0BC17F
:108D20007DA1D1C49C0B44AD03BD054261A3817FED
:108D3000A1E008008221A7A2CA301B88A2440082B9
:108D400061A716F2049221AD0C1872090056750045
:108D500042A0093734018D0542AF014A470C060C89
:108D60001940968387092D4221A74797278221A37F
:108D70009221B1B221B69088C0AD0890C92082611D
:108D8000A325669D8221AD6261A742080167140494
:108D90001B888261ADC15FA1D1A79CAD03BD0581D8
:108DA0004D9DE0080056F5F60C9437B402C6D9FF85
:108DB000061D0092C9649261A32221A34221B50B32
:108DC000222261A33020342A242202008221A330EF
:108DD0003441224800402501303220505441502374
:108DE000205642FD0610000032A180ECA2A2C11064
:108DF0003A4A70900442C4649261A54261A3AC698E
:108E00002261A522A19042DA013C051A225244E3D4
:108E100022C2632261A386030032A1901033803204
:108E2000C3644261A53261A322A1F44221A32A2195
:108E30000C054022C06221A55261A62261A53D0514
:108E4000860E00006221A8CC16C6F20282C1102252
:108E5000D8016242800C0322D8020C093242560C1F
:108E6000122261A59261A66D093D095D092D098255
:108E7000A1908A818261A34601003D065D062D0511
:108E80009221A5A2C11042DA029096534204569252
:108E900061B08C341B999261B08221A10C244048AE
:108EA000104261B21684009221B092C9029261B060
:108EB0008221A142A0844048104261B456540992D4
:108EC00021ACE221B0E049C01C09E6143C062100B7
:108ED000D221A0B2CB10C26D00926D01B9B879A8B1
:108EE000A68720C2A234B221A2A221A41ACC9261E8
:108EF000B9E5F6049221B98C1AC6CF02A2A1E4E228
:108F0000C110AAAE42C4F0A261A0A2C11082DA02CE
:108F1000C221A078A88BACB8B81B77C110A1472993
:108F2000AE9221A079A84919BA44C90949B8A261E9
:108F3000A0A68720A2C110C2A224CACAB221A2A29E
:108F400021A4E5F1048C1A46BC0242A1E482C110BE
:108F50004A888261A092C11042D9027204561677E3
:108F6000049221A0A2A26672218FAA8189090C18FD
:108F70008A7779B478A489198A7779A4E687088BE7
:108F8000999261A046080000A2C110C2A224C0CAE2
:108F900080B221A2A221A4A5EC04162A00C6A60232
:108FA00082A1F48081808261A09221B2161905927B
:108FB00021A0B2A26442218FBA8189090C288A4477
:108FC00042618F42218EA2C1101B44891942618ED9
:108FD00072DA02E684098B999261A086080000008B
:108FE000A2C110C2A224C0CA80B221A2A221A4257B
:108FF000E704162A00C6900282A1F4808180826173
:10900000A09221B426E9028625009221B08221ACEB
:109010009048C01C09E6143D46210000D221A0B2B0
:10902000CB10C26D00926D01B9B879A8A68720C295
:10903000A234B221A2A221A41ACC9261B925E204E1
:109040009221B98C1AC67C02A2A1E4E2C110AAAE98
:1090500042C4F0A261A0A2C11082DA02C221A078AB
:10906000A88BACB8B81B77C1BEA04729AE9221A08F
:1090700079A84919BA44C90949B8A261A0A68720AC
:10908000A2C110C2A224CACAB221A2A221A425DD73
:10909000048C1A46690242A1E482C1104A888261A6
:1090A000A09221A51C089066C0E6163B0620000091
:1090B000C221A0A2CA10B90C891CA9B749A7A684CD
:1090C00020C2A234B221A2A221A41ACC8261B82566
:1090D000D9048221B88C1A46580292A1E4D2C11058
:1090E0009A9D62C6F09261A0E2C11072DE02B221C6
:1090F000A048A78B9BA8B71B44B199A06728B08252
:1091000021A049A76918AA66B90869B79261A0A603
:10911000841DC2A224B221A2A221A4CACE25D404B5
:109120008C1A86450242A1E492C1104A999261A02C
:10913000A2C1104221A172DA0268B787E4429221EB
:10914000A528A75221A08221A36A691B228905991B
:109150001569B729A7E682078B555261A006F3016E
:10916000A2C110C2A224C0CA80B221A2A221A425F9
:10917000CF04162A00C6300232A1F4303180467A7C
:10918000018221A842A065872402C67801C1A99B5B
:10919000D1A99BA221AAB221AB8162A0E00800560E
:1091A000DA0F2170A09221A029090C122A66291930
:1091B00028A769B71B2229A7E682098B999261A08B
:1091C0008608000000A2C110C2A224C0CA80B22139
:1091D000A2A221A4A5C804162A0086170232A1F46F
:1091E0003031803261A02221964221A747220852C5
:1091F00021A107E50206CD019221AF22218F622134
:10920000A09A2222618F22218E8221B31B228906FD
:10921000991622618EE682078B666261A0060800BD
:10922000B2C110C2A224C0CB80A221A4B221A22527
:10923000C304162A00C6000232A1F4303180326124
:10924000A04221A71C050B24E6123486B7010000BA
:1092500072C71052690172640B32640AA6831AC283
:10926000A234B221A2A221A41ACC65BF048C1A4652
:10927000F20162A1E4A2C1106A6A22C2F06261A096
:109280008221A0B2C11042DB028B689221A08134FE
:10929000A038A4890978B41B332725B346280100D8
:1092A000422196A61402C64900212EA04221A029DF
:1092B000040C122A66291428A769B71B2229A7E6DD
:1092C00082078B444261A0460700C2A22452C1100B
:1092D000B221A2A221A4C0C58065B80456CA756295
:1092E000A1F46061806261A02221969221A762218F
:1092F000A120292060500482C11050222032D802BF
:1093000042218F1662622221AF8221A020522029A1
:10931000184A2229B328A39221B31B22990829A312
:10932000E682048B28860600C2A22462C110B22104
:10933000A2A221A4C0C680A5B20456EA6F82A1F4FD
:10934000802180322196D6E3063030602072201CC6
:1093500005460A0082C810591789B649A6A684187E
:10936000C2A234B221A2A221A41ACC65AF0456AA8B
:109370006C22A1E492C1102A2932C3F07D02A2C15D
:109380001062DA0291F79F48A6990788B61B448BB2
:10939000223725BF39178A3339B649A6A68418C2A1
:1093A000A224CACAB221A2A221A465AB0456BA68FB
:1093B00022A1E4B2C1102A2B3221A34221A752C11B
:1093C000103902491232218F42D5026221A7864903
:1093D000018221A7804243A6143A6A6469B768A74C
:1093E0009221A08221A31B668909491969A7E686F3
:1093F000078B999261A0C60600C2A22492C110B246
:1094000021A2A221A4CAC9A5A50456EA6282A1F498
:109410008A818261A00C066044534042C01C08E669
:10942000143B861F00000000C221A0A2CA10B90C84
:10943000891CA9B769A7A6861EC2A234B221A2A21E
:1094400021A41ACC8261B8A5A1048221B856BA5EC3
:1094500092A1E4D2C1109A9D42C4F09261A0E2C1EF
:109460001072DE02B221A068A78B9BA8B71B66B161
:10947000BC9F4728B28221A069A74918AA44B9080D
:1094800049B79261A0A6861BC2A224B221A2A22142
:10949000A4CACEE59C04562A5A42A1E492C1104ABD
:1094A000999261A04221A36221A12A2442A1E4A7AA
:1094B0006602865300065A008C430B338602000076
:1094C0008221AD0B550B888261AD9221A06221B63D
:1094D0008221B1690962218F89198A6662618F626E
:1094E000218E92C1101B6662618E72D902E6860BD4
:1094F0006221A08B666261A0C6060000C2A234B2DF
:1095000021A2A221A410CC8065950456DA5282C112
:10951000104088808261A09221A38221A780698067
:109520009221AD2066C0720900606743A6163D72A5
:10953000218F9221A07A7672618F72218E29091B68
:1095400077691972618EE687078B999261A0C606CA
:1095500000C2A234B221A2A221A41ACC101120254B
:109560009004566A4D82C1104A888261A09221AD52
:109570000C077066537209001C096067C0E6163854
:10958000061E0000D221A0A2CA10C26D00926D0179
:10959000A9B879A8A6871BC2A234B221A2A221A48D
:1095A0001ACC9261B9A58B049221B956DA48E2C16E
:1095B000104ABE62C6F0B261A0A2C11082DA02C235
:1095C00021A078A88BBCA8B81B77C1659F6729B379
:1095D0009221A079A86919AA66C90969B8B261A0DF
:1095E000A68718C2A234B221A2A221A41ACC258730
:1095F00004567A4462C1104A666261A08221AD625B
:1096000008006A22506F315066C096A6EA306F316A
:109610003066C09616EA9221A34221A74A39302229
:10962000633221965221A75723056221A107664E76
:109630008221A03221AF6221AF391832218F9221CD
:10964000B36A3332618F32218E52C1101B339908B5
:1096500032618E42D502E683078B888261A046077D
:1096600000C2A22482C110B221A2A221A4C0C8803B
:10967000E57E04565A3C92A1F49091809261A042FA
:1096800021A35221A75034802043C0322196303587
:10969000C0403343A6134552218F8221A062C110DE
:1096A00029085A2322618F22218E39181B22226118
:1096B0008E42D602E682098B888261A046070000AE
:1096C00000C2A22492C110B221A2A221A4CAC9251B
:1096D0007904566A3642A1F44A414261A00C022044
:1096E00033535221A72221962025C03022C01C05C9
:1096F000E61231868D0000000072C710591979B446
:1097000039A4A68319C2A234B221A2A221A41ACCE0
:10971000E57404565A3262A1E4A2C110606A802244
:10972000C2F06261A08221A0B2C11042DB028B684C
:109730009221A0810B9F38A4890978B41B33272577
:10974000B729197A2229B439A46261A0E683028676
:109750007600C2A224CACBA221A4B221A225700401
:10976000568A2D22A1E432C1102A333261A0C66E7E
:10977000004221A038A75221A78B241B661B330C63
:1097800014E625088221A107E802864D009221A057
:109790008221A34919890962618F92C11032618EB9
:1097A00042D902A68315C2A224B221A2A221A4CA30
:1097B000C9E56A04564A28A2A1F4AA213221B3625B
:1097C00021AF390232218F4221AF6A3332618F32A9
:1097D000218E49121B3352C11032618E42D5028B49
:1097E00022A68318C2A22482C110B221A2A221A45F
:1097F000CAC8E56604563A2492A1F49A214221A7E8
:10980000C10D9AD10C9AA221AAB221AB32C4FF8118
:10981000C69EE00800167A0452C11072D502522189
:109820008F62270A8221A39221A752C5FF1B661BC4
:10983000489A554902391259B769A78B22E6860220
:10984000062700C2A224A2C110CACAB221A2A22124
:10985000A4E56004564A1E22A1F42A210620000035
:109860001C06E6132FC61D0082C8106262018265C5
:109870000B42650AA68418C2A234B221A2A221A476
:109880001ACCE55D04563A1B72A1E4B2C1107A7B92
:1098900032C3F02D07C2C11052DC0291B19E48A51F
:1098A000990288B51B448B723726BC39128A33392A
:1098B000B549A52D07A68427C2A224D2C110CACDBE
:1098C000C6E1FF005221A08221A34915890569B78D
:1098D00039A7A6830AC2A22492C110CAC986DAFF98
:1098E000A2A247AA3139023221B752C110391262FD
:1098F00021B732218F42D5026A3332618F32218EF5
:109900001B3332618EE683088B222261A00607009A
:1099100000C2A22482C110B221A2A221A4CAC825D9
:109920005404566A1192A1F49A919261A02221A145
:1099300027E21C3221AC4221B05221AE4023532AEF
:109940005522218F5261AE16B20886270000000012
:109950006221AC8221B01C048026C0E6123A46F493
:10996000FF9221A062C6107909491969B539A5E6A7
:1099700083078B999261A0C60600C2A234B221A2CD
:10998000A221A41ACCA54D04560A0B32A1E452C15F
:10999000103A555261A022C2F062C11052D602386C
:1099A000A568B51B33716D9E2724B58221A039A50A
:1099B00029186A22790829B5E6830206DDFFC2A2CA
:1099C0002492C110B221A2A221A4C0C980254904B9
:1099D00016FAF54619000C0332618E3221A6EC23EB
:1099E00042A1F44A414261A006A5F400C2A2245259
:1099F000C110B221A2A221A4CAC5654604165AFD0F
:109A0000060E0000B221A6A221A462A1F46A61653B
:109A100083A26261A0C699F422218FCC620C03322A
:109A2000618EC60800C2A22492C110B221A2A22156
:109A3000A4CAC9E54204163AFE0603002221A68CF8
:109A400062A221A4BD02E57FA23221A2222319072E
:109A5000E20E22130697E208A223161011206500D9
:109A60009BB2A254A22195BAB1E59B068221A29293
:109A700021AE2218067CF32026042093939261AE37
:109A8000460E00000062219F82219F1BA662219842
:109A900067A80246E2F486E3F492219F6221981BB4
:109AA000B967A9028624F5C625F500004221A572F2
:109AB00021A10C122604028669FC8689FC2221AEB3
:109AC0001DF0000036610049015911692125669F8A
:109AD000D801E811F821BD02CD036503FD2D0A1D53
:109AE000F000000036410282130692AFFD9088100C
:109AF00082514682231952613C8261398213079256
:109B0000A000825147888392612682612888A362DF
:109B1000613D82612A82A080105880A2C55882616E
:109B20002282612572613E12612012612425EF9A22
:109B3000D2213CE2213DF2213EB2A080CD041ABBED
:109B4000AD02E5FCFC4D0A96EA00B2A080AD021A17
:109B5000BB25A19B7CF2A0429322114682A04087A4
:109B60000208221306802220225306A22136402416
:109B70002065EC9A9000000036610032610042617D
:109B800001526102A55A9F3D0A8C5A886ACC18A5D9
:109B9000B79BD22100E22101F22102B823CD02AD10
:109BA00003E5F6FC2D0A1DF03661004261005261AA
:109BB000016261028C828862564800AD02A5B49BA6
:109BC000B22202D22100E22101F821CD03AD02250B
:109BD000F4FC2D0A1DF00000362101CD05D6B4009D
:109BE00032A08B39027CFAC60F00000082A20882E4
:109BF0005106390139410C088714010B84D2212404
:109C0000E22125F2212632AFFF10B12020A22089C7
:109C100021895132510765B7F9E60A0432A08B3920
:109C2000028C5428010C033242002D0A1DF0000062
:109C3000368100594169517961654F9F8841BD0264
:109C400089018851DD0489118861CD038921A5F836
:109C5000FF2D0A1DF00000003661005D0248432818
:109C6000420C0C47A202063E000B44E09411D2C302
:109C7000149A2D72C5149A978802A8091B88806AC5
:109C8000C2873A6DED07FD0C880D4BDD80B0F460A6
:109C9000BB828080F5CABB608882B0A0F5AA88A884
:109CA0000EB0B0F4A0A0F4FAFAB0AFC0F80E80C0C5
:109CB000F5F0B0F58080F4808BC0A0B031BA888018
:109CC000F031A0A0F4008811A0A820A90E4BEED777
:109CD000B2B588098C48060600000B4492C9FC976F
:109CE0003705494586020000880916C8FE46FCFF74
:109CF000000030B32050A520E52F01961A0662C659
:109D000001B2C51432C3140C0C980BD80390A0F404
:109D1000D080F4CAAA80AAC0D0D0F59080F5D088AF
:109D2000C0A090319A8880C031A0A0F4008811A012
:109D30008820890B4B334BBB37B2CDE024112A2747
:109D400038028C630606000000000B4422C2FC2788
:109D50003705494506020000380216C3FE46FCFFDF
:109D6000CD062D0C1DF00000364101726108322134
:109D700008207220326116389769E1494159512211
:109D80002129DCA31C0A6548A2A997CC9AD17B9D06
:109D9000CD0AB2A0EA06BE00391A392A390A393A80
:109DA0003897B8039C8B68130C130016400033A13E
:109DB000691B392B70A720E5D90038970C06690379
:109DC000D6E5000C133902211E995022102951C6E4
:109DD00000000C0339023851216B9D30421027944A
:109DE0002842212821699D6841290441DB9C5D03AB
:109DF000304410604420CC1406F00206F402000047
:109E000000215C9D82212A860C0048415851C1895D
:109E100098D18898AD04BD05426112526113814109
:109E20009DE00800DCCA52212861539D0C1282215A
:109E30002A290569B1CC1846E80221549D29084613
:109E4000E6020000C22112D22113F2C10410E12067
:109E500070A720A53A01A9A13024A59CD231BE9CAF
:109E6000922113614B9D90331060532032AC013A24
:109E7000220C03422112326118C610004811280139
:109E80002C052A2442A4324A42684140A5C0001A47
:109E90004000A6A147A514404060A2C21200144091
:109EA0000043A1000A4060A091A0A42081F798E09F
:109EB000080031389D0C184D0ABA530B22826118E4
:109EC000C15D98D1359DAD04BD0581F098E00800D5
:109ED000C1339DD1339D81EE98E00800C1329DD100
:109EE000329D81E798E008004D0AAD025D0B81EAE2
:109EF00098E00800C12E9DD12E9D81E598E00800D4
:109F0000CD0ADD0BAD04BD0581DE98E008004D0AE9
:109F1000B05B2081E098E00800C14698D14698A93E
:109F20006150B52040A42081D498E00800D69A0161
:109F3000A86181D998E00800CD04DD0581FB9CE093
:109F400008008C4A98610B9999610C1458611C6344
:109F500042611757332E31179DD045114A33C22322
:109F600000D22301A22112B2211381C398E008007C
:109F7000D6CA000B550C06596162611746010000F4
:109F80000C0882611738112023C00B920C0399D161
:109F900039C137A90A0C132033C00C0439C149D187
:109FA000586196050168D10C085A6669D152611151
:109FB000826110C6040098C128610C042099C02059
:109FC000306099C132611042611158E10C920C135A
:109FD000573275A6650652C5FC59E10C0368E126A7
:109FE000364EE646180C0889F12626317CF20C190B
:109FF0002981297199F11C22826116C6190058E144
:10A000002645160C1669F126552A7CF80C0989811B
:10A0100089711C22926116C612000C1229F18881E6
:10A02000E6183C0C19998199712D09926116060D5B
:10A03000000C0229F1888148610C128A441B944962
:10A040008199712029530607000C0229E158E17C0F
:10A05000F439F1498149711C2252611686010000D0
:10A06000688169712D0658970C0449150C448601C6
:10A07000001BBBB915F0441162C414B81567B2F0E7
:10A08000AD07A5A400A9B1CCCAD1CB9CCD0AB2A181
:10A09000AAA1BB9CA506A2289788B1987189020C39
:10A0A000E40C1297B4010C0220331016F33328612C
:10A0B000A61270202034D03211686121BE9C3A2251
:10A0C000603421480258120C2247633F21BC9CA2F5
:10A0D0002112C882D892B22113303034816898E0BE
:10A0E0000800A941B9510C32060800076315C806DB
:10A0F000D81640A42050B520816698E008001B22A5
:10A100004D0A5D0B3031218B6686000061AC9C5698
:10A1100083FDA841B851CD04DD05815898E00800C1
:10A12000C614000088610C2216180580406040505B
:10A1300034D0651151A09CA221126A55C805D815CA
:10A14000B22113404421815298E00800A941B9513D
:10A15000519B9C0C0646060000076410C805D225DA
:10A160000122C201814B98E0080030632040412168
:10A170008B555634FE8C46A26104B26105922117BC
:10A1800016690448415851C1AB97D1819CAD045028
:10A19000B520813998E00800D6EA023871AC93689E
:10A1A00081E61602068F008861C1A297D12E98AD74
:10A1B00004BD0532C8FF813698E00800A941B951B5
:10A1C0001B22488186010000000038614871AD0201
:10A1D000813298E00800C841D851812D98E00800EC
:10A1E000C19597D1779C812698E0080021769CED57
:10A1F0000ABA2220F220562405C18E97D1739CA260
:10A200002104B22105E2611B22611C812098E00833
:10A2100000E2211BDD02CD0EA2611DB2611A811583
:10A2200098E0080082211D92211AE2211BA61A0241
:10A23000064601310B98CD0E30D230AD08BD0981F4
:10A240000E98E00800961A4F066600000B24D052C4
:10A250001121589C98F15A22C802D81216990CA1C3
:10A260007597B1F597E2611BF2611C810498E008D3
:10A2700000E2211BF2211CCD0EF0DF20810498E0CA
:10A28000080068B1A261146A44B26115426119B84C
:10A2900051A84122C60181FF97E00800A2611D81FB
:10A2A000FE97E00800CD0ADD0BA841B2210581F739
:10A2B00097E0080082211DC2211482C830D22115E6
:10A2C0008246004D0A5D0B81EC97E00800967A6C9F
:10A2D000A15997B12F9CCD04DD0581EC97E00800D2
:10A2E000C22114D2211581E497E0080096CA1E62AB
:10A2F0002119279602C63A00C14F97D1DA97A221B9
:10A3000014B221156D0281E297E00800C14A97D18D
:10A31000D597A26114B26115AD04BD0581DD97E04A
:10A320000800A941B95146D9FFBD0F81D997E0086E
:10A330000058B1A26114B261154A25B851A84181F3
:10A34000D597E008006D0A81D497E00800CD0ADDBA
:10A350000BA841B85162C63081CD97E00800A941F1
:10A36000624500B9511B5557926182210BC131974B
:10A37000D1B297A22114B2211540288081C197E063
:10A380000800CD0ADD0BA841B85181BA97E008005A
:10A39000A61A02465100C22114D22115A12697B156
:10A3A000A6973C0581BA97E00800CD0ADD0BA841CD
:10A3B000B85181B197E00800964A004609002D0483
:10A3C0000B426204005716F506730100A841B8510C
:10A3D000C11997D1A49781AE97E00800A941B9515E
:10A3E000C6D5FF002221123221132941395148617B
:10A3F0000CE2380147A202C6480096031221ED9BE9
:10A40000D034113A2298128802999122211698711B
:10A4100089810B69D6520060292096C20038B14864
:10A42000416A6358516941460A003871568330C108
:10A430000197D1E59BA22108B891819597E008008A
:10A44000C841D85181E29BE0080048713D04D6AA7A
:10A450002EC6BE00C881D89140A42050B520818767
:10A4600097E00800818C97E008006D0A818B97E0E7
:10A470000800C881D8911B23818697E00800CD0A87
:10A48000DD0B40A420BD0542C630818097E0080066
:10A49000424300484137945FCD0ADD0B817997E054
:10A4A0000800C881D8914D0A5D0B817297E00800C1
:10A4B000E61A26C881D891AD04BD05819A9BE008B3
:10A4C00000565A4D07E612C6330168B14796113C53
:10A4D000051B335246004604000038613C95460097
:10A4E000002D040B426204005716DE5204001B5577
:10A4F0005244004628010000C1CF96D15A973D0230
:10A50000816497E00800C1CB96D1CA96A04A20B0DA
:10A510005B2081849BE00800568AF3C61E0188F107
:10A5200016C80698E1E6291B2221188C6222A43362
:10A530002A3386010028113C632033C042211028B1
:10A54000C1C60B0038715221100B43472506404508
:10A55000C0C604000062211082211160C4C0CA88F4
:10A560004261108261110C04387128C1D643003059
:10A5700022C00C0392210C52210D3099803A550CC7
:10A580001BAD0799C159D1E57D003D0AC601000008
:10A5900042211028C138F1205F312055C0D6C501B5
:10A5A00068D1605F316055C0D6150188C1605243E3
:10A5B0005088C05066C089C15022C069D192211014
:10A5C00016490452210FACF5A61420BD03CD04ADED
:10A5D00007A58D00C8A1BD0AA03A2070A720E57A82
:10A5E00000B8A15D0AAD07E5560059A162211040EF
:10A5F000C6C09C2C0601000000C22110B2210A70C6
:10A60000A720A58A00A2610AB2A00170A7206575E3
:10A61000008221114D0AA61814BD0ACD08AD07E528
:10A62000880098E14D0A0C05E6293586010068E1AD
:10A630000C05E6262388410C0557981C61C79A989B
:10A640005197861461509B97060E58C168D11B55CF
:10A650001B6659C169D152A0018221110C1A16281A
:10A660000168443B66E066116A64A8162C06E5633F
:10A6700000A0A6C098D1AAA9A0A0449CBA2C06A06C
:10A6800066C0A6560F1CC6A0A6C068C1AA22AA66AC
:10A6900069C1860400264614AD0688C1A2CA1CAA58
:10A6A0008898D189C1A02280AA9992610D68C1A61B
:10A6B000160BB8A1CD0670A720658900A9A188D185
:10A6C000A6180DBD0480C82070A720658800A04A88
:10A6D00020922117162903A8A140B420A59100D6E5
:10A6E0007A026861B8A10B660C0D0CACAD0769610C
:10A6F000254A00888198F1A9A189718CB9BD030C04
:10A700000D0CACAD07E548003D0A82210762C8FF89
:10A71000606820D6D60498E1A63948DCD8BD04DDAF
:10A72000080C5CAD07E546004D0ABD0AA8A1A58C42
:10A7300000E61A1B060100000C043D045221167CA1
:10A74000F2502230296128B1C604000039613D046D
:10A75000886168B13C151B881B2652460089610C34
:10A760000506850098F1CC7968B15D09465E000068
:10A7700000A6120D30B32020C22070A720257D0036
:10A780003D0A30A320161503B22301AD07E53300BF
:10A790002D0ACCBAD1099BCD0AB2A2EA463CFE00F2
:10A7A00000C22304B2C30C2BCCE0CC11CBAA655A57
:10A7B0009B0C1CBD02AD07A5790028B158B168718A
:10A7C00088416A551B2280800459D129815D038903
:10A7D000C13D0A9881A8A10B99BD049941A547FFE5
:10A7E00082CA30A971A8A1BD0582611DA580006D36
:10A7F0000ACD03BD04AD07A583002D0AA83A98F140
:10A8000082211DCCAAA8A1BD02E57E0082211D9D4A
:10A810000ABD02AD0782611D92611AA53300B8E13D
:10A8200092211A288190AB20B8C182211DB0AA20A4
:10A83000CC9A3C9997184DA61657C60D0096B600AF
:10A84000A8E1B8C1606A20B06620ECF6A61942B251
:10A85000210AC2A001AD0782611D656F00BD04A27F
:10A86000610A65790082211DE61A04EC3A07682125
:10A870003C9667180F687182C631060500A6191943
:10A880003C9667980A88413C966248004630000032
:10A890001B88984182490086370092210862C9FFCF
:10A8A00082460068D1971671B8A10C0D0CAC70A748
:10A8B00020252E00A9A10C0D0CACBD05AD073795C8
:10A8C00009252D005D0A3D0AC60400A52C0030B301
:10A8D00020A05A200C0D0CACAD07A52B003D0A881A
:10A8E000811B88898186BAFF00A2210A40B420A575
:10A8F00036FF92210B82CA301B268246009062C02E
:10A90000987197A612B8A1DD050CACAD07652800BB
:10A91000A9A16D0246F4FF000C05B2210AC2A001F4
:10A9200070A72082611DA56200BD04A9A1A56C00CD
:10A9300082211DE61A1AECEA07E815460A0098B1CA
:10A9400067991268611B6669613C16624900C60915
:10A95000003C984600002D060B629206008719DD28
:10A960001B898246000604003C0986000060262000
:10A9700062C2FF8206009718F3BD04AD07651D0093
:10A980009C638C85371506BD05AD07A51C00BD036E
:10A99000AD07251C004600003961B2210A70A720CE
:10A9A000251B008221060C039221283242001B380D
:10A9B000390932212AAC332903C60700416B9A5268
:10A9C000212A49B1216A9A8C15C60DFD0603002182
:10A9D000689A62212A29B18C160609FD28B11DF05A
:10A9E00036410082030052A07257183852A07757A0
:10A9F000183D52A0615718431C6339020C02061718
:10AA000000B71A07571A148611000000C02210E080
:10AA10008810D02220F08820460D00006112996035
:10AA20008820C60A000C098D090C4246050000006A
:10AA300092A6000C180C82460200000092A2080C9C
:10AA40001822A1082CBB6C3C1C0D7CCE0C2F52A0F4
:10AA5000781B33A20300567AFA90882089041DF0EF
:10AA600036410082A0F08A221DF00000364100210C
:10AA7000589A82A0F028028A221DF0003641002157
:10AA8000549A82A0F028028A221DF00036410081EB
:10AA9000509AED068808DD05822839CD04BD03AD46
:10AAA00002E008002D0A1DF03661005613003D013A
:10AAB0002D049C447CE29C052204002253002204C5
:10AAC000000C030C142034932D031DF03641004874
:10AAD00092DCD41C0A6573A1A992CCCACD0AD13DDF
:10AAE0009AA13D9AB2A066A561A1491A492A490ACC
:10AAF000493A489288348CE88892E0431188384A71
:10AB000048A804DCBA860800C2A021B2A00420A292
:10AB1000202575A1A9344892483456A4FD0C0A8614
:10AB20000A00280A29044607000000B2A001001309
:10AB300040004BA1C2C405E0CC1120A2206572A147
:10AB4000169AFD391A492A0C02294A293A2D0A1D5A
:10AB5000F000000036410042220956F401A2A01084
:10AB6000A56AA1A992CCCACD0AD11A9AA11B9AB200
:10AB7000A08AE558A1491A492A490A493A8CF3287A
:10AB8000924813E0841148328A4428042903390486
:10AB90001DF0000036410068430C1AB2C31460AACD
:10ABA00053768A23880B8090F44099828080F55AEE
:10ABB000994088829050F55A888050F59090F40022
:10ABC00088119A88890B4BBB1645044823472631C8
:10ABD000B813AD021BBB65EFFF4D0ACCCACD0AD13D
:10ABE000FF99A1FD99B2A0B56551A1C843CBB32B84
:10ABF000CCE0CC11CBAAE5159BBD03AD0265F5FFFA
:10AC00003D044B26E022112A2359121B666263047D
:10AC10002D031DF036610081F2998B958089B290E9
:10AC20009F318081219088C00C0B0C198601000097
:10AC300000F099111BBB8729F7AD0225E9FFCCCAAB
:10AC4000CD0AD1E699A1E499B2A0CE654BA1695A8B
:10AC50000C16694A0C9647A6276A736D074A330C8F
:10AC6000A8D20600CD08BD0AD2CDD0AD0289011B05
:10AC70006625F2FF88013796E732C4F83A37C600F6
:10AC800000AB334D066D040CA74605004086C08A14
:10AC900083D20800BD0AD2CDD0CD07AD0265EFFF4B
:10ACA0001B665726E62D0A1DF00000003641009174
:10ACB0000B9620822022A00097880500881122A0F0
:10ACC0001091E79797880522C20880881191C5994D
:10ACD00097880522C204C088119179969788042B21
:10ACE00022E088119698001B22808E052C0980296D
:10ACF000831DF0003641008802AD028090249CE95B
:10AD00000C0227D85C0C29970809808141890A0C1C
:10AD100012461300808241890A2D09C610000000E6
:10AD200080B0F42D09CC3B8080F51C0280907456D5
:10AD3000590022C20880884180903456590022C2AE
:10AD40000480844180901456590022C202808241BE
:10AD500007E8068081411B228C48890A8600000092
:10AD60002C021DF0364100B2A00120A220E5D5FF43
:10AD700056DA00CD0AD19999A19899B2A140253807
:10AD8000A10C18395A894A2D0A1DF0003661006855
:10AD900043584457A6065D033D04504520722304E2
:10ADA0006224048223026A57B81357A8011BBBAD63
:10ADB00002A5D1FFCCCACD0AD18999A18799B2A1A8
:10ADC0005DE533A192CA14E0B511BAB92D090C089A
:10ADD0000601000089024B22B732F822C314E07743
:10ADE0001142C414E066117A826A642901891169EA
:10ADF00021C6250000621400165604F801CD092270
:10AE0000A000E80FD80CE080F4608882D070F4E0F5
:10AE1000E0F560EE827A882A88D0D0F5DADE80E02C
:10AE2000F5EADDC931D020F58080F400DD11808D98
:10AE300020D8314BFF890D88114BCC873FC3226C42
:10AE400000C21401160C04280982C3147D090C0DDC
:10AE5000621800F21701C066822020F4FA66DAD682
:10AE6000006D11ED07202620290E221801621E0216
:10AE7000C02282D0D0F56A226811DA224B884B7743
:10AE800020D0F56738C929074B444B99882187B4EE
:10AE90000206D8FF860000000B55A61507B2CBFCB2
:10AEA000280B1622FF594A2D0A1DF000364100409A
:10AEB00050149C65814D990B55E055115A58C805A1
:10AEC000BD030C0D20A220E5CCFF3D0A4042211617
:10AED000840752220956F5011C0A2533A1A992566E
:10AEE000DA00CD0AD13C99A13C99B2A1AE2521A1AD
:10AEF000591A592A590A593A68925826CCE5B2A2E9
:10AF000071AD0225E6FFA9260C065D0A690A0C064A
:10AF10000601000000005D0A076415BD03CD05AD04
:10AF200002A5E6FF7D0ABD0320A220A5C2FF70375F
:10AF3000204041219C34A80556AAFDCD05BD05AD94
:10AF400002A5E4FFA905690A86F2FF2D031DF000A2
:10AF5000366100405521CD044843B8134A451B745F
:10AF600068230601001BBBF066117726F7AD02C906
:10AF700001A5B5FF6D0A92CA140C08AD09BD08C839
:10AF800001879613D11699A11499CD06B2A1D9259E
:10AF900017A1B90A1B884BAA5728F6B05553E0559C
:10AFA000115A99584382C314E05511C0B0445A58FD
:10AFB000ACAB2C0CB0CCC00C0AD808001B4000DD98
:10AFC000A1A0AD20A909A8084B88000C40A0A09121
:10AFD0004B995738E3A9098CEA2B7486020048087C
:10AFE0004B8849094B995738F40B77AD027946BD28
:10AFF0000325B6FF2D061DF0364100884298439088
:10B0000088C0EC68E0991122C21432C3149AA29A43
:10B0100033A2CAFC32C3FCB80A9803971B0A7CF817
:10B02000973B080C18C6000000A732E42D081DF05D
:10B03000364100BD04AD0325FCFF5D0ADCDABD0A24
:10B04000AD02A5A8FFCC9AD1E598CD0AB2A23206EE
:10B050000A000C12294A595A862B0000000C169639
:10B060007A005D040C064D033D05B814AD02E5A55C
:10B07000FFCCCAD1DA98CD0AB2A240A1D798250850
:10B08000A1E844C843D2C31442C414E0FE11E0CC8A
:10B0900011693AFAF4CACD22CA140C039804580D67
:10B0A00090B0F45080F43ABB80BBC05050F5908013
:10B0B000F5B030315088C03A88803031B0B0F400FB
:10B0C0008811B088204B9289024BDD4B442D09C773
:10B0D0003DC906080088044B448020F43A22203001
:10B0E000318080F53A888030312020F400881120AA
:10B0F000882089094B992D09F734D94600000BEEB9
:10B1000022C2FC38021653FFE94A2D0A1DF0000046
:10B11000364100819C9830881031AA983A883D08C1
:10B12000E6181480806080843122A01387220D915C
:10B1300050970008409030B10C0206060082C8EC1F
:10B140001CEA31BC9392A001872A0891459400081B
:10B15000409090912D091DF0364100784262C21452
:10B16000E077117A7652C7FC48052C02AD04E5B3AE
:10B17000FFA022C029030CA2318698A7222B0CB273
:10B18000A0B2C0000B4040209130922022A0005776
:10B19000B60572C7F8222700A2CA15001A4000A4FB
:10B1A000A1000B402020914611000C0C57B6045210
:10B1B000C7F8C805A2CAF53094208D0CBC6A2C02D1
:10B1C000A072C0000740C02091001A4000B4A12026
:10B1D000BB20216F98209B2022A00057B60532C5C6
:10B1E000FC222300001A4000ACA10007402020915F
:10B1F000208A20C6FFFF2D083D091DF0366100ADF5
:10B20000020C1BA58CFF2D0ACCCACD0AD17498A1C3
:10B210007298B2A30AA5EEA031D0975033105054C3
:10B22000A5CC35C60100000081119780332039017B
:10B23000BC844BA14911E5ABFF48119C9A8801A041
:10B2400030600013400038A1403320000A40808065
:10B250009139528901460000495238010C280C14DA
:10B26000304893396249423D04C60300AD0165A8E8
:10B27000FF3801A2CA2039520C1339429C1532AB57
:10B28000CD3A55AA553C535906A0A3C0A9070606B6
:10B290000042ABCE4AAAE043114A42A906A844B0F4
:10B2A0003311A5A0FFA033C039071DF03661004B54
:10B2B000B1AD0265EAFF6D034D0A3D0BAD065D0BB6
:10B2C000BD0165E9FF7D028847684678016088C056
:10B2D0006811B088117066C06A88CD0ADD0BA618A7
:10B2E00007C088013A58460100C0880180DBC0AD24
:10B2F00004BD0581E293E008002D0A3D0B1DF0001E
:10B300003641001C78A14B93B1229827280E812941
:10B3100098D022112A28A802B812460400C14593E9
:10B32000D1D19322C2FF81DA93E0080056D2FE2DDC
:10B330000A3D0B1DF00000003641000B8380852183
:10B34000A8441B88E0881192C414E0AA118A82AA3A
:10B35000A9C6010048094B9949024B22A739F40CB0
:10B3600004C6000049024B228732F81DF00000009D
:10B3700036410092C214284230852187222327A813
:10B38000223030449CC3E028112A29A8020003403F
:10B39000A020910013400032A10C12379A1F8600A2
:10B3A00000008D02E088118A8986010082C8FC288D
:10B3B00008CC728739F50C02860000000C121DF0D3
:10B3C0003641000C0CAD02219E93C904C19F9330FD
:10B3D0008210BD039D03872C3CA0C820BC6CC1E932
:10B3E00097C78317C11493D1029881A993E00800ED
:10B3F000B0821022AFCAB09B2022640022AC02802F
:10B4000084312A8821FC97C804209910218B938AC3
:10B410008C890420B9202D0A3D0B1DF03681008255
:10B420002110292159312805982158085035939920
:10B430000146E1001B338203000C158059835050F4
:10B44000748CC552C8DB0C1A50A983A050745625C1
:10B45000FE16B8410C051BA3ED057CF9DD0559115D
:10B4600086000000AD03C19B97820A001B3A8ABC8C
:10B47000F20B00B811D0CB11BACCB19797CABBFA76
:10B48000BBB20B00B911B19597CABBFABBB20B00A6
:10B490000BBBB0B074B68B0206C500C1D797E0BB3A
:10B4A00011BABCB80BA00B000C9A46BC00B2A06A43
:10B4B000B71831873B0D4CCBB71824B2A068B798AA
:10B4C0002AC6BA00B2A074B7980286B800B2A07AB1
:10B4D000B7980246B600B2A071B71808060300007C
:10B4E0000C880607002C08C605000000B20A01827D
:10B4F000A06C879B0A2C0330DD202B3A06AC0000A1
:10B500001C0880DD20C6A90082C8BF8080743C7AF8
:10B51000202044873A26A1B997E088118A8A8808B2
:10B52000A00800476D02C6DB00576D0206DD00066D
:10B53000E2000000476D0246DD0046DF00260909F3
:10B54000E089118A8759084699000B85B66802463A
:10B550002E00A1AB97E088118A8A8808A00800D045
:10B5600082111B9228241C854BA2A9248A86A72518
:10B57000072814C602000000002725032C422924B6
:10B58000280458245A2222C2FC28020C1529082D0E
:10B59000097CF94686005824D082111B927B557C89
:10B5A000822055108BA5A9241C828A86A7220528F3
:10B5B00014460200005722032C8229242804582410
:10B5C0005A2222C2F8A802B8120C252D09A908B9DE
:10B5D000187CF9467600D082111B9228241C854BDA
:10B5E000A2A9248A86A72504281406020027250379
:10B5F0002C422924280458245A2222C2FC28020C56
:10B600006529082D097CF94669000000D082111BCC
:10B610009228241C854BA2A9248A86A725042814D5
:10B620000602002725032C422924280458245A22E4
:10B6300022C2FC28020C0529082D097CF9C65B00F2
:10B64000D082111B9228241C854BA2A9248A86A78C
:10B650002506281486020000002725032C422924F1
:10B66000280458245A2222C2FC28020C3529082D0D
:10B67000097CF9464E005824D082111B927B557CE0
:10B68000822055108BA5A9241C828A86A722052812
:10B6900014460200005722032C822924280458242F
:10B6A0005A2222C2F8A802B8120C452D09A908B9DD
:10B6B000187CF9463E0088247C8A7B88A088108B01
:10B6C000B8B9241C8AB72A048814460200872A04C1
:10B6D0002C888264028804A824AA8882C8F8A80852
:10B6E000B818D082118A86A908B9181B22C62F0063
:10B6F000822700660813C2A080B2A00070A720D9DC
:10B7000051E961257B9AE861D85188010B9E9088A8
:10B7100053460B00822700660817C2A080B2A00023
:10B7200070A7209941D951E961A5789AE861D8516B
:10B7300098410BEEE08E118A870C0AA9088801E077
:10B7400088538901061A003D0AD082111BB22824B1
:10B750001C8A4BC2C9248A86C72A052814460200BF
:10B7600000272A032C4229242804A824AA2222C222
:10B77000FC280229082D0B460D00E2C8D00C9A4681
:10B7800003000000E0BE11EAEBF0EE118AEE1B337D
:10B790008203009C9882C8D087BAE84604000082E1
:10B7A000030082C8D0808074873A041B3386FBFF75
:10B7B000A8110CB8871A02462AFF882152030027D5
:10B7C00028068C350C09061BFF88019821509883A8
:10B7D0009901862600E058115A57580528240B5520
:10B7E000D09811F66565A10797E055115A5A58058A
:10B7F000A005007B22F022108B525924572C0428DC
:10B8000014860100272C01E924280458249A965A0A
:10B810002222C2F8A802B812A909B9194617007B5A
:10B8200022F022108B525924572C04281486010030
:10B83000272C01E924280458249A965A2222C2F877
:10B84000A802B812A909B919460C00004B52592494
:10B85000572C042814860100272C01D924280458C9
:10B86000249A965A2222C2FC280229094603000083
:10B870008D021C8C2C4D7C8F2C8E4600001B882842
:10B880000187220246D3FF58319821890582211071
:10B89000D0291139082A261DF00C15260902862701
:10B8A000FF862EFF0C25260902C624FF8639FF00DD
:10B8B0000C65260902C621FF8646FF0C05260902F3
:10B8C000061FFF4651FF0C35260902461CFF865B0A
:10B8D000FF0C452609028619FF4666FF3661007D8A
:10B8E0000448248CB4480749010C0449116D04C66E
:10B8F00005000C022917463900422100422400426B
:10B900006101480168148B44490116B6FE982397DB
:10B91000B602862200A2130642A480478A02C61EEF
:10B920000098535803B843B045C0F059119A555088
:10B930009F055A591B945051216A99905573A76AD3
:10B940002EBD05AD02258FA0CC1A860D00B22304B2
:10B9500040C420A26102E53F9AA21306B2AB7FB0B9
:10B96000AA10B2A080B0AA20A253069821460700D0
:10B9700050C52020A220A58DA09D0ACCFAB843ADC9
:10B9800002258CA00CC44902061000000000994357
:10B9900059534A994055C0990359239D0697B601BA
:10B9A0009D06B22101A2230090C9209921E5499A60
:10B9B000982148239044C0492348039A94482799E2
:10B9C000036084C0892756F8F246C9FF2213064C4B
:10B9D000044022202253060C02292729177CF21D3D
:10B9E000F000000036810532619B82219B22619C20
:10B9F00022180642619A5261946261957261963290
:10BA0000C11077622A222804564202A2219CB2A0C9
:10BA1000406582A092219BA909A949CCAA82219CB8
:10BA20000CC229087CF9C6CD0732219B4C02295350
:10BA300062A19052C11032A1E41A660C023A357C20
:10BA4000F462C66432618D22618F22618E22619020
:10BA50004261442261913261982261A02261A12257
:10BA600061A22261A322619E5D026261A422219AE9
:10BA7000860000001B223202008C4332C3DB5623B7
:10BA8000FF82219A8032C016230542218F9221988D
:10BA90003A4442618F42218EA2C1101B4489093968
:10BAA0001942618E62DA02E684098B999261988666
:10BAB00008000000B2C110C2A224CACBA2219CB2CD
:10BAC000219BA5E1FF8C1A46A10742A1E462C110A7
:10BAD0004A6662619882219E3A8882619E320200A3
:10BAE000CC1386940792C11032D9020C0672A2348C
:10BAF0000C0862433A7A997CF66261991B423D05D3
:10BB000082619D6D0882619792619F8602000000AC
:10BB10000072619A0C0642219A1B8482619A420447
:10BB200000E13B960C090C9A2C4C2CADC600000091
:10BB300072619D72C4E05CAB77BB02468506E0771C
:10BB4000117A7E7807A007008131968261A0862253
:10BB500005A2219C65F1FEA22A01A261A3A57A9A01
:10BB6000A261A2A2219C65F0FEA82A9221A2A26154
:10BB7000A11619FA16EAF9420A001684F942A4003D
:10BB800086B70092C11042D90272043A5667F82C67
:10BB900007C644000C1406B20092219A0C97820941
:10BBA0000042C8D047B702466F071B490C0A9D07E1
:10BBB000E07A11AAA782C8D0F0AA11AAA88204002C
:10BBC0001B4472C8D077B9E72C47771802C6D0FF5C
:10BBD0002C07A7A702C65D077221910BAA77AA0BB3
:10BBE000D0AA11B2C110AAAB06070000C2C11072E0
:10BBF000A2307A7CED0CF2DC01D2219FC2A2407906
:10BC000001CACEBD026581FFA80A9D05A2619D42C1
:10BC1000619AC61D00D04311D2C1104A4DC6190009
:10BC2000E2C11052DE02A225121CFB4B8A1C874780
:10BC30002B361BB4B26191826512872706522511FB
:10BC4000C6020000A727042C477265125221947285
:10BC50002196D044117A5552C5FC5805F2C1104ABC
:10BC60004F52619D5904C60800826512872705421C
:10BC70002511860200A727042C4442651242219414
:10BC80005221965A4442C4FC480442619D42219D7F
:10BC90005D09D604E840406042619D0C4446700056
:10BCA00092C1102CB742D90272443AC699FF0042A1
:10BCB000219A1B74420400D71405926199464400EE
:10BCC00092219A8209010C9942C8D047B90286296B
:10BCD00007A2219A2B4A0C0AE0BA11AAAB82C8D05B
:10BCE000F0AA11AAA88204001B44B2C8D0B7B9E7D1
:10BCF0002C499718020686FF2C07A7A702C6130730
:10BD00007221910BAA77AA0BD0AA11B2C110AAABCB
:10BD100006070000C2C11072A2307A7CED0CF2DC82
:10BD200001D2219FC2A2407901CACEBD02E56EFFB9
:10BD3000880A7D04AD05C61C00D04311D2C1104A4B
:10BD40004D861900E2C11052DE02B225121CFC4BD6
:10BD50009B1C88472C351BC4C261919265129728A1
:10BD600006522511C6020000B728042C488265122D
:10BD7000522194822196D044118A5552C5FC8805DF
:10BD8000F2C1104A4F89048608000000926512979C
:10BD90002805422511860200B728042C444265126A
:10BDA0004221945221965A4442C4FC88047CF440B7
:10BDB00048534261995D0A72619A0656FFB2219911
:10BDC000E04B11BA44F044118A44426199420700A1
:10BDD0001B7772619A82C4D087BAE172219D865323
:10BDE000FF42A080861E00B2219A7D09E087117A69
:10BDF0007842C4D0F077117A7442219A1B44426190
:10BE00009A420B00B2219A82C4D087BADEC71402CC
:10BE10000647FF2C0377A30206CD060B370C16C688
:10BE20003CFF82219A42A06872080047970A1B884B
:10BE300082619A42A2008606004C04C60800922144
:10BE40009A42A06C7209004797071B9992619A4623
:10BE500003001C04922197409920926197462DFF80
:10BE60002C04822197408820826197C629FF722185
:10BE700091BC7677A30DD0331192C1103A393203B9
:10BE800000860800A2C11042A2304A4AD2A234C29F
:10BE9000A240F2DA01ED0ADADACACA4901AD03BDFD
:10BEA00002A557FF320A002D05861E001B2577A527
:10BEB0000AD03311B2C1103A3BC61900C2C11042B8
:10BEC000DC026224121CF84B561C837728361B8731
:10BED000826191526412572306322411C602000077
:10BEE0006723042C43326412322194422196D2C13A
:10BEF000104A3332C3FC4803D037113A3D4903405E
:10BF00003074460800526412572305322411860209
:10BF1000006723042C433264123221944221964A52
:10BF20003332C3FC320300E2C11042DE01324480EE
:10BF30000C0432DE0242433A868B058221971C04B0
:10BF400040882082619792219742219157E90246C9
:10BF50003200BCB647A310D03311A2C1103A3A68E0
:10BF60000378134609000000B2C11042A2304A4BC8
:10BF7000D2A234C2A240F2DB01ED0BDADBCACB491C
:10BF800001BD02AD036549FF680A781A2D0586D305
:10BF9000001B2547A50AD03311C2C1103A3C461CEC
:10BFA00000D2C11032DD025223127C867B556055CF
:10BFB000101CF88B751C864728391B84826191728E
:10BFC0006312772606322311C60200005726042C7E
:10BFD00085526312322194522196D044115A333241
:10BFE000C3F868037813E2C1104A4E690479144615
:10BFF000BB0000007263127726053223118602000F
:10C000005726042C844263123221944221964A33EB
:10C0100032C3F86803781346B100000082219747C5
:10C02000687DAC0647A30CD0331192C1103A39C6D3
:10C0300080000000A2C11042A2304A4A4901F2DA4F
:10C0400001ED0A4681001B2547A50CD03311B2C172
:10C05000103A3B06A1000000C2C11032DC0272237C
:10C06000121CF84B671C8547A8020693001B8482AC
:10C0700061916263126725073223110603000000F5
:10C080007725042C45526312322194522196D044D4
:10C09000115A3332C3FCD2C11068034A4D068500E1
:10C0A00082219767E802862E00BC5647A30DD03345
:10C0B0001192C1103A39629300866800A2C1104201
:10C0C000A2304A4AD2A234C2A240F2DA01ED0ADA20
:10C0D000DACACA4901BD02AD032534FF629A0006DF
:10C0E0005F001B2547A50CD03311B2C1103A3B4667
:10C0F0001A000000C2C11032DC027223121CF84B7D
:10C10000671C854728361B8482619162631267250C
:10C1100006322311C60200007725042C4552631213
:10C12000322194522196D044115A3332C3FC680311
:10C13000D2C1104A4D6904806623C667006263124B
:10C140006725053223118602007725042C444263BB
:10C15000123221944221964A3332C3FC6293008604
:10C160005E00000082219797E802C62E00BC764749
:10C17000A30DD0331192C1103A3962030086080032
:10C18000A2C11042A2304A4AD2A234C2A240F2DA7C
:10C1900001ED0ADADACACA4901BD02AD03E527FF9B
:10C1A000620A002D05861E001B2547A50AD0331103
:10C1B000B2C1103A3BC61900C2C11032DC02722370
:10C1C000121CF84B671C854728361B8482619162DC
:10C1D0006312672506322311C60200007725042C5E
:10C1E00045526312322194522196D044115A33326F
:10C1F000C3FC6803D2C1104A4D69046060744608EC
:10C200000062631267250532231186020077250438
:10C210002C444263123221944221964A3332C3FCA9
:10C22000620300006623C62C00BC7647A30DD03302
:10C2300011E2C1103A3E6803C6080000F2C1104284
:10C24000A2304A4F4901F2DF01E2C110D2A234C24A
:10C25000A240DADECACEBD02AD03251CFF680A2D5E
:10C2600005061E001B2547A50AD0331142C1103A0E
:10C270003486190052C11032D5027223121CF84BB9
:10C28000671C854728331B8482619162631267258E
:10C2900006322311C60200007725042C4552631292
:10C2A000322194522196D044115A3332C3FC82C1B8
:10C2B0001068034A4869048608006263126725070C
:10C2C00032231106030000007725042C4442631238
:10C2D0003221944221964A3332C3FC6803607F3195
:10C2E00096270046A8056060600C140C0360349328
:10C2F00070706092C1103077C02CD532D902862A76
:10C30000040082219742219157E802463100BC6621
:10C3100047A30CD0331192C1103A393803460800B4
:10C32000A2C11042A2304A4AD2A234C2A240F2DADA
:10C3300001ED0ADADACACA4901AD03BD02E50DFF13
:10C34000380A6D05461F00001B6547A50ED0331146
:10C35000B2C1103A3B3803861A000000C2C1102255
:10C36000DC027222121CF84B571C834728351B84B1
:10C37000826191526212572306222211C6020000E6
:10C380007723042C43326212222194322196D2C1A7
:10C39000103A2222C2FC3802D024112A2D390286FA
:10C3A0000800000052621257230522221186020063
:10C3B0007723042C433262122221943221963A22AE
:10C3C00022C2FC380222219E29034D02202F31294E
:10C3D0001346B50082219747687DAC0647A30CD071
:10C3E000331192C1103A390684000000A2C11042F4
:10C3F000A2304A4A4901F2DA01ED0A0684001B65BF
:10C4000047A50CD03311B2C1103A3B868900000019
:10C41000C2C11022DC027222121CF84B571C834747
:10C42000A8020697001B848261915262125723076B
:10C4300022221106030000007723042C43326212EB
:10C44000222194322196D2C1103A2222C2FC380213
:10C45000D024112A2D06890082219767E8028630B0
:10C4600000BC7647A30DD0331192C1103A3938037E
:10C4700086080000A2C11042A2304A4AD2A234C2A9
:10C48000A240F2DA01ED0ADADACACA4901AD03BD07
:10C4900002A5F8FE380A6D05461F00001B6547A57A
:10C4A0000ED03311B2C1103A3B3803861A00000097
:10C4B000C2C11022DC027222121CF84B571C8347A7
:10C4C00028351B8482619152621257230622221161
:10C4D000C60200007723042C4332621222219432D8
:10C4E0002196D2C1103A2222C2FC3802D024112A4D
:10C4F0002D390286080000005262125723052222BD
:10C50000118602007723042C4332621222219432D6
:10C5100021963A2222C2FC380222219E225300C6D2
:10C520006100000082219797E802063000BC764740
:10C53000A30CD0331192C1103A393803860800A2F7
:10C54000C11042A2304A4AD2A234C2A240F2DA0159
:10C55000ED0ADADACACA4901AD0320B220E5EBFEE2
:10C56000380A6D05461F00001B6547A50ED0331124
:10C57000B2C1103A3B3803861A000000C2C1102233
:10C58000DC027222121CF84B571C834728351B848F
:10C59000826191526212572306222211C6020000C4
:10C5A0007723042C43326212222194322196D2C185
:10C5B000103A2222C2FC3802D024112A2D390286D8
:10C5C0000800000052621257230522221186020041
:10C5D0007723042C433262122221943221963A228C
:10C5E00022C2FC380222219E224300C62E00BC66D5
:10C5F00047A30CD0331142C1103A34380346080027
:10C6000062C11042A2304A464901F2D601ED06D27B
:10C61000A234C2A240AD03DADECACEBD02E5DFFE1F
:10C62000380A6D05461F00001B6547A50ED0331163
:10C6300082C1103A383803861A00000092C11022D5
:10C64000D9027222121CF84B571C834728331B84D3
:10C65000826191526212572306222211C602000003
:10C660007723042C43326212222194322196A2C1F4
:10C67000103A2222C2FC3802D024112A2A3902861A
:10C6800008005262125723072222110603000000FD
:10C690007723042C433262122221943221963A22CB
:10C6A00022C2FC380222219E29035D0646EFFC824D
:10C6B00021971C0440882082619792219742219102
:10C6C00057E902463200BCB647A310D03311A2C1CD
:10C6D000103A3A680378134609000000B2C11042CC
:10C6E000A2304A4BD2A234C2A240F2DB01ED0BDAF7
:10C6F000DBCACB4901BD02AD0325D2FE680A781A18
:10C700002D0546D2001B2547A50AD03311C2C11002
:10C710003A3C461C00D2C11032DD025223127C8604
:10C720007B556055101CF88B751C864728391B8477
:10C73000826191726312772606322311C6020000CD
:10C740005726042C85526312322194522196D044EC
:10C75000115A3332C3F868037813E2C1104A4E69A4
:10C7600004791406BA00000072631277260532239A
:10C77000118602005726042C84426312322194420F
:10C7800021964A3332C3F86803781306B0000000DC
:10C7900082219747687DAC0647A30CD0331192C124
:10C7A000103A390680000000A2C11042A2304A4A65
:10C7B0004901F2DA01ED0A4680001B2547A50CD09D
:10C7C0003311B2C1103A3B06A0000000C2C11032C2
:10C7D000DC027223121CF84B671C8547A8020692E4
:10C7E000001B848261916263126725073223110660
:10C7F000030000007725042C455263123221945225
:10C800002196D044115A3332C3FCD2C11068034A76
:10C810004D06840082219767E802862E00BC5647A9
:10C82000A30DD0331192C1103A396213008667000C
:10C83000A2C11042A2304A4AD2A234C2A240F2DAC5
:10C8400001ED0ADADACACA4901BD02AD03E5BCFE50
:10C85000621A00065E001B2547A50CD03311B2C139
:10C86000103A3B461A000000C2C11032DC027223AB
:10C87000121CF84B671C854728361B848261916225
:10C880006312672506322311C60200007725042CA7
:10C8900045526312322194522196D044115A3332B8
:10C8A000C3FC6803D2C1104A4D69046060F4C666D7
:10C8B0000062631267250532231186020077250482
:10C8C0002C444263123221944221964A3332C3FCF3
:10C8D000621300865D00000082219797E802062E11
:10C8E00000BC5647A30DD0331192C1103A396203F0
:10C8F00000863600A2C11042A2304A4AD2A234C2F7
:10C90000A240F2DA01ED0ADADACACA4901BD02AD83
:10C9100003A5B0FE620A00062D001B2547A50CD01A
:10C920003311B2C1103A3B461A000000C2C11032A6
:10C93000DC027223121CF84B671C854728361B84C7
:10C94000826191626312672506322311C6020000DC
:10C950007725042C45526312322194522196D044FB
:10C96000115A3332C3FC6803D2C1104A4D690460C6
:10C970006074C63500626312672505322311860292
:10C98000007725042C444263123221944221964AB6
:10C990003332C3FC620300862C00BC6647A30CD074
:10C9A0003311E2C1103A3E6803860800F2C110421A
:10C9B000A2304A4F4901F2DF01E2C110D2A234C2D3
:10C9C000A240DADECACEBD02AD0325A5FE680A2D5F
:10C9D00005061E001B2547A50AD0331142C1103A97
:10C9E0003486190052C11032D5027223121CF84B42
:10C9F000671C854728331B84826191626312672517
:10CA000006322311C60200007725042C455263121A
:10CA1000322194522196D044115A3332C3FC82C140
:10CA20001068034A48690486080062631267250794
:10CA300032231106030000007725042C44426312C0
:10CA40003221944221964A3332C3FC68030C079288
:10CA5000219732ABFF3099109261970C04865002F7
:10CA6000722191BC5677A30CD03311A2C1103A3A6F
:10CA70006803460800B2C11042A2304A4BD2A23429
:10CA8000C2A240F2DB01ED0BDADBCACB4901BD02E9
:10CA9000AD03A598FE680A2D05061E001B2577A587
:10CAA0000AD03311C2C1103A3C861900D2C11042DB
:10CAB000DD026224121CF84B561C837728351B8735
:10CAC000826191526412572306322411C60200007B
:10CAD0006723042C43326412322194422196E2C12E
:10CAE000104A3332C3FC6803D037113A3E690386DB
:10CAF00008000000526412572305322411860200F8
:10CB00006723042C433264123221944221964A3323
:10CB100032C3FC68033221970C2440332082C110B9
:10CB20003C0532619791399232D80252433852A073
:10CB3000780C075243399261A0861902422191BCB8
:10CB40005647A30CD03311A2C1103A3A3803460815
:10CB500000B2C11042A2304A4BD2A234C2A240F26B
:10CB6000DB01ED0BDADBCACBAD034901BD02E58A7F
:10CB7000FE380A2D05861E001B2547A50AD0331155
:10CB8000C2C1103A3CC61900D2C11032DD02722374
:10CB9000121CF84B671C854728351B848261916203
:10CBA0006312672506322311C60200007725042C84
:10CBB00045526312322194522196D044115A333295
:10CBC000C3FC3803E2C1104A4E39040609000000D4
:10CBD0006263126725053223118602007725042C33
:10CBE0004442631232219442219640338032C3FC86
:10CBF000322300F2C11042DF0252A00052443A42F6
:10CC0000219926041ACD040C0BAD03A509990C0437
:10CC1000479A0286580230AAC0A26199465602007D
:10CC2000AD03656E99A261990C04C6520200000022
:10CC30008221971C0440882082619792219742218B
:10CC40009157E902063200BCA647A30FD03311A2C8
:10CC5000C1103A3A6803781306090000B2C11042C5
:10CC6000A2304A4BD2A234C2A240F2DB01ED0BDA71
:10CC7000DBCACB4901BD02AD03257AFE680A781AEA
:10CC80002D05C6A4001B2547A50AD03311C2C1102B
:10CC90003A3C461C00D2C11032DD025223127C867F
:10CCA0007B556055101CF88B751C864728371B84F4
:10CCB000826191726312772606322311C602000048
:10CCC0005726042C85526312322194522196D04467
:10CCD000115A3332C3F868037813E2C1104A4E691F
:10CCE000047914868C0072631277260732231106AA
:10CCF000030000005726042C844263123221944220
:10CD000021964A3332C3F868037813868200000004
:10CD100082219747687DAC0647A30CD0331192C19E
:10CD2000103A390681000000A2C11042A2304A4ADE
:10CD30004901F2DA01ED0A4681001B2547A50CD016
:10CD40003311B2C1103A3B06A1000000C2C110323B
:10CD5000DC027223121CF84B671C8547A8028693DD
:10CD6000001B8482619162631267250732231106DA
:10CD7000030000007725042C45526312322194529F
:10CD80002196D044115A3332C3FCD2C11068034AF1
:10CD90004D06850082219767E802862E00BC564723
:10CDA000A30DD0331192C1103A3962130086680086
:10CDB000A2C11042A2304A4AD2A234C2A240F2DA40
:10CDC00001ED0ADADACACA4901BD02AD03E564FE23
:10CDD000621A00065F001B2547A50CD03311B2C1B3
:10CDE000103A3B461A000000C2C11032DC02722326
:10CDF000121CF84B671C854728361B8482619162A0
:10CE00006312672505322311C6020077250552A05B
:10CE100024526312322194522196D044115A333253
:10CE2000C3FC6803D2C1104A4D69046060F44639FE
:10CE300000626312672505322311860200772504FC
:10CE40002C444263123221944221964A3332C3FC6D
:10CE5000621300063000000082219797E802062F37
:10CE600000BC5647A30DD0331192C1103A3962036A
:10CE700000863700A2C11042A2304A4AD2A234C270
:10CE8000A240F2DA01ED0ADADACACA4901BD02ADFE
:10CE900003A558FE620A00062E001B2547A50CD0EC
:10CEA0003311B2C1103A3B461A000000C2C1103221
:10CEB000DC027223121CF84B671C854728361B8442
:10CEC000826191626312672506322311C602000057
:10CED0007725042C45526312322194522196D04476
:10CEE000115A3332C3FC6803D2C1104A4D69046041
:10CEF00060744608006263126725053223118602BA
:10CF0000007725042C444263123221944221964A30
:10CF10003332C3FC6203000C070C14062101BC660B
:10CF200047A30CD03311E2C1103A3E6803860800D3
:10CF3000F2C11042A2304A4F4901F2DF01E2C110B2
:10CF4000D2A234C2A240DADECACEBD02AD03E54CA5
:10CF5000FE680A2D0586EFFF1B2547A50AD0331171
:10CF600042C1103A3486190052C11032D5027223E0
:10CF7000121CF84B671C854728351B84826191621F
:10CF80006312672506322311C60200007725042CA0
:10CF900045526312322194522196D044115A3332B1
:10CFA000C3FC82C11068034A48690406DAFF000026
:10CFB0006263126725053223118602007725042C4F
:10CFC000444263123221944221964A3332C3FC68B0
:10CFD0000386D0FF0000910C919261A0922197826C
:10CFE000219157E902C63100BC9687A30ED03311B8
:10CFF000A2C1103A3A68037813C60800B2C11062A1
:10D00000A2306A6BD2A234C2A2406901F2DB01ED08
:10D010000BDADBCACBAD03BD022540FE680A781AE5
:10D020002D0586D2001B2587A50AD03311C2C11059
:10D030003A3C461C00D2C11052DD023225127C86D9
:10D040007B336033101CF98B731C868729371B9840
:10D05000926191726512772606322511C602000090
:10D060003726042C83326512322194522196D088BF
:10D07000115A3332C3F868037813E2C1108A8E69FB
:10D0800008791846BA00726512772607322511060C
:10D09000030000003726042C83326512322194529B
:10D0A00021965A3332C3F86803781346B000000063
:10D0B00092219747697DAC0687A30CD03311A2C19A
:10D0C000103A3A0680000000B2C11062A2306A6BCA
:10D0D0006901F2DB01ED0B0680001B2587A50CD052
:10D0E0003311C2C1103A3C46A0000000D2C1103238
:10D0F000DD027223121CF94B671C8587A9028692F8
:10D10000001B989261916263126725073223110612
:10D11000030000007725042C4552631232219452FB
:10D120002196D088115A3332C3FCE2C11068038AB9
:10D130008E06840092219767E902862E00BC5687EE
:10D14000A30DD03311A2C1103A3A62130046670012
:10D15000B2C11062A2306A6BD2A234C2A24069018D
:10D16000F2DB01ED0BDADBCACBAD03BD02E52AFE33
:10D17000621A00C65D001B2587A50CD03311C2C101
:10D18000103A3C461A000000D2C11032DD02722370
:10D19000121CF94B671C858729361B989261916296
:10D1A0006312672505322311C6020077250552A0B8
:10D1B00024526312322194522196D088115A33326C
:10D1C000C3FC6803E2C1108A8E69086060F40667D8
:10D1D0000062631267250532231186020077250459
:10D1E0002C455263123221945221965A3332C3FC99
:10D1F000621300C65D00000092219797E902062E97
:10D2000000BC5687A30DD03311A2C1103A3A620375
:10D2100000463600B2C11062A2306A6BD2A234C29C
:10D22000A2406901F2DB01ED0BDADBCACBAD03BD35
:10D2300002A51EFE620A00C62C001B2587A50CD085
:10D240003311C2C1103A3C461A000000D2C110325C
:10D25000DD027223121CF94B671C858729361B9847
:10D26000926191626312672506322311C6020000A3
:10D270007725042C45526312322194522196D0888E
:10D28000115A3332C3FC6803E2C1108A8E69086008
:10D290006074063600626312672505322311860228
:10D2A000007725042C455263123221945221965A5C
:10D2B0003332C3FC620300C62C00BC6687A30CD0CB
:10D2C0003311F2C1103A3F680346080082C1106270
:10D2D000A2306A686901F2D801ED08D2A234C2A274
:10D2E00040DADECACEBD02AD032513FE680A2D0565
:10D2F000861E00001B2587A50AD0331192C1103A63
:10D3000039C61900A2C11032DA027223121CF94B7D
:10D31000671C858729351B98926191626312672586
:10D3200006322311C60200007725042C45526312F1
:10D33000322194522196D088115A3332C3FCB2C1A3
:10D340001068038A8B6908C60800000062631267D0
:10D350002506322311C60200007725042C455263AE
:10D36000123221945221965A3332C3FC68030C07BF
:10D370007036209CD332219707631882C11032D8AF
:10D38000029221973C055243384243390C2330998D
:10D390002092619742219732ABFF3044104261974F
:10D3A00042A00282C11052A00032D80292219952AA
:10D3B000433A26092652219782219732AF7F30883F
:10D3C000108261977036200C180C093098939030B9
:10D3D00074CC7392219990389316131426144C52DE
:10D3E00021A466240606420000005D033087016028
:10D3F00040246063410B3542C43060682070734143
:10D400004243007086205608FE42C4D00C16408667
:10D410009380407416C41242219707E402C6480064
:10D4200032C5FE3C0442430006460000DC870C93F4
:10D4300067331452C11062C63032D5016243E362D1
:10D44000A1901A66463E000092219742A4000C0863
:10D450003221A4404910C600006D0A7D0BC1AD8F7A
:10D46000D1F58AAD06BD078261A781B08FE00800C3
:10D470000B33A2CA30A243008221A71B8816C40422
:10D480005221A10C1BA20500CC570C95673501BD9C
:10D490000752AF015A5A0C090C1C50C983B70C2C07
:10D4A000879A298221A2B221A38033C0CD08AD037F
:10D4B0009261A625F3988221A19221A65208018D9E
:10D4C000091685009221A192C9019261A1C1918F93
:10D4D000D1D98AAD06BD078261A7817E8BE00800A5
:10D4E0008221A75627F70C9567B50286DAFF8614C6
:10D4F00000A2A1901AAA32CA645221A06040344A04
:10D50000454204000B3342430060644140470160E0
:10D51000642070744170462056D4FD46090062A113
:10D52000903261991A6632C664DC745050045261BC
:10D53000998CF582C1103C0532D8015243E3426117
:10D540009932C6639221A44221993099C09261997F
:10D550004609000016043EA2C11022DA01424280B0
:10D560000C0322DA0232423A2D0532A00152A19078
:10D5700032619942A00050318062219982C11060CD
:10D58000545362D80262063A8C061B559221970CBE
:10D59000277079108C072B5582219762A0846068D0
:10D5A0001056160A92219D5089C0E61802462500A1
:10D5B0001C0ED2A224EAF1DAFFF2619FC60F00002E
:10D5C000D22198F1948FC2CC10F90DE26D01C26A9C
:10D5D0000B99AAA68922C2219FB2219BA2219C82DB
:10D5E00061A7E261A5652FFE8221A7E221A556EA87
:10D5F00035B2A1E492C110BAB982C8F0B26198B252
:10D60000C110A2DB0298AAD22198C8BA1B998BBD7F
:10D61000872EACE1808F891DCA88E90D89BA926A8C
:10D620000AB26198A6891EC2A224F2C110B2219B3F
:10D63000A2219CCACF652AFE564A3182A1E492C13A
:10D64000108A99926198B2C110A2DB02820A3A163E
:10D650009804D2219892A23AC2C11082218FB2219D
:10D660008E9A9C990D0C191BBB9A88991D89BAB981
:10D67000AAE68B078BDDD26198C60700C2A224E21E
:10D68000C110B2219BA2219CCACE2525FE56FA2BA1
:10D6900082A1E492C110809980926198168704D289
:10D6A0002198C2A24872218F92218ECA81890D0CC5
:10D6B000281B998A77891D72618F92618EE689078E
:10D6C0008BDDD26198C60700C2A224E2C110B2214C
:10D6D0009BA2219CCACE6520FE563A2772A1E48205
:10D6E000C11070888082619826E602C627009221C8
:10D6F0009D5069C0E61602C624001C0D92A224DAD1
:10D70000A19A9A060F000000E22198B2CB10C90E30
:10D71000D91EB2680B72680AA68721B2219BA2218A
:10D720009CCD099261A6D261A5251BFE9221A6D2AD
:10D7300021A556AA21A2A1E4F2C110AAAF62C6F0A7
:10D74000A26198A2C11082DA02C2219878A88BAC9B
:10D75000B8B81B77C1318F672DAD92219879A86930
:10D7600019BA66C90962680BA26198A6871FA2C18F
:10D7700010C2A224C0CA80B2219BA2219CE515FE42
:10D7800056CA1C62A1E482C1106A88826198922103
:10D79000999044C0E61402C623001C0982A2249A70
:10D7A000A18A8A060F000000D22198B2CB10C90DC1
:10D7B000991DB2670B62670AA68621B2219BA2213E
:10D7C0009CCD088261A79261A62511FE8221A792B5
:10D7D00021A656AA17A2A1E4E2C110AAAE42C4F043
:10D7E000A26198F2C11072DF02C2219868A78BACC7
:10D7F000B8B71B66C1098F4729AD82219869A7492F
:10D8000018BA44C90842670BA26198A6861BC2A237
:10D8100024B2219BA2219CCACF250CFE560A13429A
:10D82000A1E492C1104A999261984221986221998B
:10D83000390432218F69146A3332618F32218E822A
:10D84000C1101B3332618E42D802E68307922198C1
:10D850008B39060700A2C110C2A224CACAB2219BFA
:10D86000A2219CA507FE566A0E32A1E4B2C1103077
:10D870003B8042219727E41762219D82219E5056CA
:10D88000535A8832218F82619E16F3074624000086
:10D8900092219D5049C0A614DE1C0872A2248AA1C0
:10D8A0007A7A460B00A2CA108913A9B969A98B33E9
:10D8B000A6861CB2219BA2219CCD078261A7E5010F
:10D8C000FE8221A7568A0832A1E4B2C110303B8003
:10D8D00042C4F0C2C11092DC02B1CE8E68A9B90375
:10D8E000A8B91B664728BD4913AA4449B969A9A626
:10D8F0008685C2A224D2C110B2219BA2219CC0CD98
:10D9000080A5FDFD160AF74611000000E2C1105D7A
:10D910000222A1E40C042A3E42618E326198C65272
:10D92000F8C2A22442C110B2219BA2219CCAC4E524
:10D93000FAFD166AFDC6050022218F161201C2A249
:10D940002452C110B2219BA2219CC0C580E5F8FDE4
:10D9500082219B92219E2218067CF320260420938C
:10D960009392619E460C00004221911B9547A502AF
:10D9700046A8F846AAF800004221911BA547A50237
:10D9800046EDF846EFF800003221995221970C1429
:10D990002603024688FE86A4FE22219E1DF000007A
:10D9A00036810082211029215931280598215808F3
:10D9B000503593990146E1001B338203000C15801A
:10D9C00059835050748CC552C8DB0C1A50A983A0DF
:10D9D00050745625FE16B8410C051BA3ED057CF9C5
:10D9E000DD05591186000000AD03C13A8E820A00A0
:10D9F0001B3A8ABCF20B00B811D0CB11BACCB136AD
:10DA00008ECABBFABBB20B00B911B1348ECABBFAD5
:10DA1000BBB20B000BBBB0B074B68B0206C500C125
:10DA20007F8EE0BB11BABCB80BA00B000C9A46BCB1
:10DA300000B2A06AB71831873B0D4CCBB71824B29F
:10DA4000A068B7982AC6BA00B2A074B7980286B880
:10DA500000B2A07AB7980246B600B2A071B7180813
:10DA6000060300000C880607002C08C6050000000D
:10DA7000B20A0182A06C879B0A2C0330DD202B3A6E
:10DA800006AC00001C0880DD20C6A90082C8BF804B
:10DA900080743C7A202044873A26A1618EE0881168
:10DAA0008A8A8808A00800476D02C6DB00576D020D
:10DAB00006DD0006E2000000476D0246DD0046DF9D
:10DAC00000260909E089118A8759084699000B85C3
:10DAD000B66802462E00A1538EE088118A8A880813
:10DAE000A00800D082111B9228241C854BA2A924D7
:10DAF0008A86A725072814C60200000000272503F0
:10DB00002C422924280458245A2222C2FC28020C20
:10DB10001529082D097CF94686005824D082111B4E
:10DB2000927B557C822055108BA5A9241C828A8665
:10DB3000A722052814460200005722032C8229241C
:10DB4000280458245A2222C2F8A802B8120C252D03
:10DB500009A908B9187CF9467600D082111B9228D1
:10DB6000241C854BA2A9248A86A725042814060212
:10DB7000002725032C422924280458245A2222C293
:10DB8000FC28020C6529082D097CF9466900000073
:10DB9000D082111B9228241C854BA2A9248A86A717
:10DBA000250428140602002725032C4229242804D2
:10DBB00058245A2222C2FC28020C0529082D097C6F
:10DBC000F9C65B00D082111B9228241C854BA2A9A8
:10DBD000248A86A72506281486020000002725032C
:10DBE0002C422924280458245A2222C2FC28020C40
:10DBF0003529082D097CF9464E005824D082111B86
:10DC0000927B557C822055108BA5A9241C828A8684
:10DC1000A722052814460200005722032C8229243B
:10DC2000280458245A2222C2F8A802B8120C452D02
:10DC300009A908B9187CF9463E0088247C8A7B88AB
:10DC4000A088108BB8B9241C8AB72A04881446020D
:10DC500000872A042C888264028804A824AA888267
:10DC6000C8F8A808B818D082118A86A908B9181B64
:10DC700022C62F00822700660813C2A080B2A0002F
:10DC800070A720D951E961E52298E861D85188014F
:10DC90000B9E908853460B00822700660817C2A08F
:10DCA00080B2A00070A7209941D951E96165209800
:10DCB000E861D85198410BEEE08E118A870C0AA9D1
:10DCC000088801E088538901061A003D0AD08211B4
:10DCD0001BB228241C8A4BC2C9248A86C72A05285D
:10DCE0001446020000272A032C4229242804A824D1
:10DCF000AA2222C2FC280229082D0B460D00E2C8E8
:10DD0000D00C9A4603000000E0BE11EAEBF0EE11E1
:10DD10008AEE1B338203009C9882C8D087BAE846FB
:10DD200004000082030082C8D0808074873A041BFC
:10DD30003386FBFFA8110CB8871A02462AFF8821F8
:10DD40005203002728068C350C09061BFF88019812
:10DD5000215098839901862600E058115A5758059A
:10DD600028240B55D09811F66565A1AF8DE05511AB
:10DD70005A5A5805A005007B22F022108B525924D4
:10DD8000572C042814860100272C01E92428045864
:10DD9000249A965A2222C2F8A802B812A909B919DF
:10DDA0004617007B22F022108B525924572C04284E
:10DDB00014860100272C01E924280458249A965A35
:10DDC0002222C2F8A802B812A909B919460C00000B
:10DDD0004B525924572C042814860100272C01D9B2
:10DDE00024280458249A965A2222C2FC280229097F
:10DDF000460300008D021C8C2C4D7C8F2C8E46001F
:10DE0000001B88280187220246D3FF5831982189B8
:10DE100005822110D0291139082A261DF00C15265B
:10DE200009028627FF862EFF0C25260902C624FF3D
:10DE30008639FF000C65260902C621FF8646FF0CC5
:10DE400005260902061FFF4651FF0C35260902462A
:10DE50001CFF865BFF0C452609028619FF4666FFFC
:10DE60003641008824AD02BD03CC588914AD084664
:10DE7000030040C420659B9782A00082640289143D
:10DE80002D0A1DF036810522619C82219C32619908
:10DE900042619B5261946261957261968C88286898
:10DEA000564200AD0825869721048D922199279925
:10DEB0000722219C281246080021008D3221992733
:10DEC000930A82219C882882619906040021FC8C97
:10DED00092219927990722219C2832226199B2A286
:10DEE0003032C110BAB30C1AE553028221992228AC
:10DEF0001907E20B22180697E205A22816E5B49648
:10DF0000922199221906376205222904569203B2FA
:10DF10002199A2219C25669816DA023221992223A2
:10DF20001907E20B22130697E205A2231665B396A2
:10DF3000B2A23042C110A22190BAB47CF5A54E0223
:10DF400052619E86F2070000008221991CA23218BD
:10DF50000620231066924022980796A203222819D1
:10DF600007E20897E305A22816A5AF9692C110B262
:10DF7000A230A22190BAB9254B02D22194E2219578
:10DF8000F22196C2219BB22199A2219CA5FA01A25D
:10DF9000619EC6DE070000000C0222618F22618EA6
:10DFA0002261912261922261A02261A12261A222BA
:10DFB00061A322619E5D0222A190B2C11032A1E450
:10DFC0001A223A3B7CF422C26432618D42614432AF
:10DFD00061982261A422219B860000001B2232024C
:10DFE000008C4332C3DB5623FF42219B4032C016D4
:10DFF000530562219882C110490642218F39163A91
:10E000004442618F42218E62D8021B4442618EE6F7
:10E01000840A9221988B99926198460800A2C110B7
:10E02000C2A224CACAB22199A2219C65E3FF8C1A1C
:10E03000069D0742A1E462C1104066806261988239
:10E04000219E30888082619E320200CC13C68C07EC
:10E0500092C11032D9020C0672A2380C0862433EFB
:10E060007A997CF662619A1B423D0582619D6D083A
:10E0700082619792619FC6010072619B0C064221EA
:10E080009B1B8482619B420400E1EA8C0C090C9A80
:10E090002C4C2CADC600000072619D72C4E05CABDC
:10E0A00077BB02467E06E077117A7E7807A00700EC
:10E0B00081E08C8261A0862005A2219CE59AFCA2C9
:10E0C0002A01A261A3252498A261A2A2219CE5991C
:10E0D000FCA82A9221A2A261A11619FA16EAF94215
:10E0E0000A001684F942A40086B70092C11042D9F2
:10E0F0000272043E5667F82C07C644000C1406B2A0
:10E100000092219B0C9782090042C8D047B7028633
:10E1100073071B490C0A9D07E07A11AAA782C8D091
:10E12000F0AA11AAA88204001B4472C8D077B9E7EC
:10E130002C47771802C6D0FF2C07A7A702C659079D
:10E140007221920BAA77AA0BD0AA11B2C110AAAB66
:10E1500006070000C2C11072A2347A7CED0CF2DC1A
:10E1600001D2219FC2A2407901CACEBD022583FF00
:10E17000A80A9D05A2619D42619BC61D00D0431166
:10E18000D2C1104A4DC61900E2C11052DE02A225CA
:10E19000121CFB4B8A1C87472B361BB4B261928240
:10E1A0006512872706522511C6020000A727042CF6
:10E1B00047726512522194722196D044117A5552B9
:10E1C000C5FC5805F2C1104A4F52619D5904C6085A
:10E1D00000826512872705422511860200A72704C1
:10E1E0002C444265124221945221965A4442C4FC66
:10E1F000480442619D42219D5D09D604E84040608B
:10E2000042619D0C4446700092C1102CB742D90265
:10E2100072443EC699FF42219B1B74420400D714EE
:10E220000592619A86440092219B8209010C9942D1
:10E23000C8D047B902C62D07A2219B2B4AA2A00035
:10E24000E0BA11AAAB82C8D0F0AA11AAA882040031
:10E250001B44B2C8D0B7B9E72C499718020686FF0D
:10E260002C07A7A702C60F077221920BAA77AA0B49
:10E27000D0AA11B2C110AAAB06070000C2C1107229
:10E28000A2347A7CED0CF2DC01D2219FC2A240794B
:10E2900001CACEBD02A570FF880A7D04AD05C61C6B
:10E2A00000D04311D2C1104A4D861900E2C110526C
:10E2B000DE02B225121CFC4B9B1C88472C351BC46C
:10E2C000C26192926512972806522511C60200007B
:10E2D000B728042C48826512522194822196D0449A
:10E2E000118A5552C5FC8805F2C1104A4F8904862F
:10E2F0000800000092651297280542251186020049
:10E30000B728042C444265124221945221965A4463
:10E3100042C4FC88047CF440485342619A5D0A720E
:10E32000619B0656FFB2219AE04B11BA44F04411AA
:10E330008A4442619A4207001B7772619B82C4D073
:10E3400087BAE172219D8653FF42A080861E00B2EB
:10E35000219B7D09E087117A7842C4D0F077117A49
:10E360007442219B1B4442619B420B00B2219B8261
:10E37000C4D087BADEC714020647FF2C0377A30276
:10E3800006C9060B370C16C63CFF82219B42A068CB
:10E3900072080047970A1B8882619B42A20086068A
:10E3A000004C04C6080092219B42A06C72090047F1
:10E3B00097071B9992619B4603001C04922197408A
:10E3C0009920926197462DFF2C0482219740882046
:10E3D000826197C629FF722192BC7677A30DD03354
:10E3E0001192C1103A39320300860800A2C11042CE
:10E3F000A2344A4AD2A238C2A240F2DA01ED0ADAC5
:10E40000DACACA4901AD03BD026559FF320A002DBF
:10E4100005861E001B2577A50AD03311B2C1103A1C
:10E420003BC61900C2C11042DC026224121CF84B28
:10E43000561C837728361B878261925264125723B9
:10E4400006322411C60200006723042C43326412F2
:10E45000322194422196D2C1104A3332C3FC480380
:10E46000D037113A3D4903403074460800526412D7
:10E470005723053224118602006723042C4332649B
:10E48000123221944221964A3332C3FC320300E215
:10E49000C11042DE013244800C0432DE0242433EAF
:10E4A0008684058221971C044088208261979221EE
:10E4B0009742219257E902463200BCB647A310D0DA
:10E4C0003311A2C1103A3A680378134609000000DC
:10E4D000B2C11042A2344A4BD2A238C2A240F2DBEF
:10E4E00001ED0BDADBCACB4901BD02AD03254BFFC1
:10E4F000680A781A2D0586D3001B2547A50AD03354
:10E5000011C2C1103A3C461C00D2C11032DD025289
:10E5100023127C867B556055101CF88B751C864732
:10E5200028391B8482619272631277260632231186
:10E53000C60200005726042C8552631232219452E1
:10E540002196D044115A3332C3F868037813E2C1DC
:10E55000104A4E6904791446BB00000072631277BA
:10E5600026053223118602005726042C84426312AA
:10E570003221944221964A3332C3F8680378134615
:10E58000B100000082219747687DAC0647A30CD0FC
:10E59000331192C1103A39C680000000A2C1104266
:10E5A000A2344A4A4901F2DA01ED0A4681001B25EC
:10E5B00047A50CD03311B2C1103A3B06A1000000B0
:10E5C000C2C11032DC027223121CF84B671C854753
:10E5D000A8028693001B84826192626312672505FC
:10E5E0003223118602007725042C45526312322112
:10E5F00094522196D044115A3332C3FCD2C11068D0
:10E60000034A4D868500000082219767E802862E26
:10E6100000BC5647A30DD0331192C1103A39629312
:10E6200000866800A2C11042A2344A4AD2A238C26F
:10E63000A240F2DA01ED0ADADACACA4901BD02AD36
:10E6400003E535FF629A00065F001B2547A50CD045
:10E650003311B2C1103A3B461A000000C2C1103259
:10E66000DC027223121CF84B671C854728361B847A
:10E67000826192626312672506322311C60200008E
:10E680007725042C45526312322194522196D044AE
:10E69000115A3332C3FC6803D2C1104A4D69048059
:10E6A0006623C6670062631267250532231186025E
:10E6B000007725042C444263123221944221964A69
:10E6C0003332C3FC629300865E000000822197977C
:10E6D000E802C62E00BC7647A30DD0331192C110BC
:10E6E0003A39620300860800A2C11042A2344A4AA5
:10E6F000D2A238C2A240F2DA01ED0ADADACACA4975
:10E7000001BD02AD03A529FF620A002D05861E008A
:10E710001B2547A50AD03311B2C1103A3BC61900D8
:10E72000C2C11032DC027223121CF84B671C8547F1
:10E7300028361B8482619262631267250632231198
:10E74000C60200007725042C4552631232219452F0
:10E750002196D044115A3332C3FC6803D2C1104A07
:10E760004D690460607446080062631267250532D3
:10E7700023118602007725042C444263123221942F
:10E780004221964A3332C3FC620300006623C62C42
:10E7900000BC7647A30DD03311E2C1103A3E6803A6
:10E7A000C6080000F2C11042A2344A4F4901F2DF0C
:10E7B00001E2C110D2A238C2A240DADECACEBD0246
:10E7C000AD03E51DFF680A2D05061E001B2547A5A4
:10E7D0000AD0331142C1103A3486190052C11032A6
:10E7E000D5027223121CF84B671C854728351B8401
:10E7F000826192626312672506322311C60200000D
:10E800007725042C45526312322194522196D0442C
:10E81000115A3332C3FC82C11068034A4869048626
:10E82000080000006263126725053223118602008A
:10E830007725042C444263123221944221964A33B4
:10E8400032C3FC6803607F3196270046AC056060E8
:10E85000600C140C0360349370706092C1103077B8
:10E86000C02CD532D90286270482219742219257A3
:10E87000E802863100BC7647A30DD0331192C11057
:10E880003A39380386080000A2C11042A2344A4A2D
:10E89000D2A238C2A240F2DA01ED0ADADACACA49D3
:10E8A00001AD03BD02A50FFF380A6D05461F00002C
:10E8B0001B6547A50ED03311B2C1103A3B38038611
:10E8C0001A000000C2C11022DC027222121CF84B96
:10E8D000571C834728351B8482619252621257234A
:10E8E00006222211C60200007723042C4332621252
:10E8F000222194322196D2C1103A2222C2FC38023F
:10E90000D024112A2D3902860800000052621257C5
:10E9100023052222118602007723042C433262123F
:10E920002221943221963A2222C2FC380222219ED0
:10E930002903202F312913C6B400000082219747F4
:10E94000687DAC0647A30CD0331192C1103A39064A
:10E9500083000000A2C11042A2344A4A4901F2DAFF
:10E9600001ED0A0683001B6547A50CD03311B2C127
:10E97000103A3B8688000000C2C11022DC027222DD
:10E98000121CF84B571C8347A8028696001B8482F2
:10E9900061925262125723052222118602007723C8
:10E9A000042C43326212222194322196D2C1103AB1
:10E9B0002222C2FC3802D024112A2D8688000000B1
:10E9C00082219767E802863000BC7647A30DD033DA
:10E9D0001192C1103A39380386080000A2C11042D2
:10E9E000A2344A4AD2A238C2A240F2DA01ED0ADACF
:10E9F000DACACA4901AD03BD0265FAFE380A6D05DF
:10EA0000461F00001B6547A50ED03311B2C1103A56
:10EA10003B3803861A000000C2C11022DC027222B9
:10EA2000121CF84B571C834728351B848261925275
:10EA30006212572306222211C60200007723042CFB
:10EA400043326212222194322196D2C1103A2222FC
:10EA5000C2FC3802D024112A2D3902860800000099
:10EA60005262125723052222118602007723042CBA
:10EA7000433262122221943221963A2222C2FC3879
:10EA80000222219E225300C6600000008221979737
:10EA9000E802062F00BC7647A30DD0331192C110B7
:10EAA0003A39380386080000A2C11042A2344A4A0B
:10EAB000D2A238C2A240F2DA01ED0ADADACACA49B1
:10EAC00001AD03BD02A5EDFE380A6D05461E00002E
:10EAD0001B6547A50CD03311B2C1103A3B380386F1
:10EAE0001900C2C11022DC027222121CF84B571C02
:10EAF000834728331B848261925262125723052276
:10EB000022118602007723042C43326212222194C0
:10EB1000322196D2C1103A2222C2FC3802D02411EE
:10EB20002A2D39024608000052621257230522227C
:10EB3000118602007723042C433262122221943280
:10EB400021963A2222C2FC380222219E224300C68C
:10EB50002E00BC6647A30CD0331142C1103A3438A2
:10EB60000346080062C11042A2344A464901F2D667
:10EB700001ED06D2A238C2A240AD03DADECACEBD94
:10EB800002E5E1FE380A6D05461F00001B6547A53A
:10EB90000ED0331182C1103A383803861A000000B3
:10EBA00092C11022D9027222121CF84B571C8347C3
:10EBB00028351B8482619252621257230622221149
:10EBC000C60200007723042C4332621222219432C1
:10EBD0002196A2C1103A2222C2FC3802D024112A66
:10EBE0002A390286080000005262125723052222A9
:10EBF000118602007723042C4332621222219432C0
:10EC000021963A2222C2FC380222219E29035D0667
:10EC100046F0FC8221971C04408820826197922153
:10EC20009742219257E902463200BCB647A310D062
:10EC30003311A2C1103A3A68037813460900000064
:10EC4000B2C11042A2344A4BD2A238C2A240F2DB77
:10EC500001ED0BDADBCACB4901BD02AD0325D4FEC1
:10EC6000680A781A2D0546D2001B2547A50AD0331D
:10EC700011C2C1103A3C461C00D2C11032DD025212
:10EC800023127C867B556055101CF88B751C8647BB
:10EC900028391B848261927263127726063223110F
:10ECA000C60200005726042C85526312322194526A
:10ECB0002196D044115A3332C3F868037813E2C165
:10ECC000104A4E6904791406BA0000007263127784
:10ECD00026053223118602005726042C8442631233
:10ECE0003221944221964A3332C3F86803781306DE
:10ECF000B000000082219747687DAC0647A30CD086
:10ED0000331192C1103A39C67F000000A2C11042EF
:10ED1000A2344A4A4901F2DA01ED0A4680001B2575
:10ED200047A50CD03311B2C1103A3B06A000000039
:10ED3000C2C11032DC027223121CF84B671C8547DB
:10ED4000A8028692001B8482619262631267250585
:10ED50003223118602007725042C4552631232219A
:10ED600094522196D044115A3332C3FCD2C1106858
:10ED7000034A4D868400000082219767E802862EB0
:10ED800000BC5647A30DD0331192C1103A3962131B
:10ED900000866700A2C11042A2344A4AD2A238C2F9
:10EDA000A240F2DA01ED0ADADACACA4901BD02ADBF
:10EDB00003E5BEFE621A00065E001B2547A50CD0C7
:10EDC0003311B2C1103A3B461A000000C2C11032E2
:10EDD000DC027223121CF84B671C854728361B8403
:10EDE000826192626312672506322311C602000017
:10EDF0007725042C45526312322194522196D04437
:10EE0000115A3332C3FC6803D2C1104A4D69046001
:10EE100060F4C6660062631267250532231186021C
:10EE2000007725042C444263123221944221964AF1
:10EE30003332C3FC621300865D0000008221979785
:10EE4000E802C62D00BC5647A30DD0331192C11065
:10EE50003A39620300863600A2C11042A2344A4AFF
:10EE6000D2A238C2A240F2DA01ED0ADADACACA49FD
:10EE700001BD02AD03A5B2FE620A00062D001B25EE
:10EE800047A50AD03311B2C1103A3B061A00C2C1DD
:10EE90001032DC027223121CF84B671C854728379E
:10EEA0001B848261926263126725053223118602F8
:10EEB000007725042C45526312322194522196D0BA
:10EEC00044115A3332C3FC6803D2C1104A4D69045D
:10EED0006060748636000000626312672505322385
:10EEE000118602007725042C444263123221944299
:10EEF00021964A3332C3FC620300C62C00BC76471D
:10EF0000A30DD03311E2C1103A3E6803C6080000D9
:10EF1000F2C11042A2344A4F4901F2DF01E2C110AE
:10EF2000D2A238C2A240DADECACEBD02AD0325A706
:10EF3000FE680A2D05061E001B2547A50AD03311C1
:10EF400042C1103A3486190052C11032D5027223E0
:10EF5000121CF84B671C854728351B84826192621E
:10EF60006312672506322311C60200007725042CA0
:10EF700045526312322194522196D044115A3332B1
:10EF8000C3FC82C11068034A486904860800000077
:10EF90006263126725053223118602007725042C4F
:10EFA000444263123221944221964A3332C3FC68B0
:10EFB000030C0792219732ABFF3099109261970CA6
:10EFC00004864E02722192BC5677A30CD03311A254
:10EFD000C1103A3A6803460800B2C11042A2344A4E
:10EFE0004BD2A238C2A240F2DB01ED0BDADBCACB76
:10EFF0004901BD02AD03A59AFE680A2D05061E0053
:10F000001B2577A50AD03311C2C1103A3C861900DE
:10F01000D2C11042DD026224121CF84B561C8377C9
:10F0200028351B87826192526412572306322411BD
:10F03000C60200006723042C43326412322194423A
:10F040002196E2C1104A3332C3FC6803D037113A2B
:10F050003E690386080000005264125723053224DB
:10F06000118602006723042C433264123221944239
:10F0700021964A3332C3FC68033221970C24403373
:10F080002082C1103C0532619791E98832D8025242
:10F09000433C52A0780C0752433D9261A086170270
:10F0A000422192BC5647A30CD03311A2C1103A3A68
:10F0B0003803460800B2C11042A2344A4BD2A238EB
:10F0C000C2A240F2DB01ED0BDADBCACBAD03490192
:10F0D000BD02E58CFE380A2D05861E001B2547A5BE
:10F0E0000AD03311C2C1103A3CC61900D2C1103245
:10F0F000DD027223121CF84B671C854728351B84E0
:10F10000826192626312672505322311C60200777D
:10F11000250552A024526312322194522196D044E4
:10F12000115A3332C3FC3803E2C1104A4E39040687
:10F130000900000062631267250532231186020070
:10F140007725042C444263123221944221964033A5
:10F150008032C3FC322300F2C11042DF0252A00011
:10F1600052443E42219A26041ACD040C0BAD03658D
:10F17000B3960C04479A0286520230AAC0A2619A42
:10F1800046500200AD03251897A2619A0C04C64CA4
:10F19000020000008221971C04408820826197921F
:10F1A000219742219257E902863100BCA647A30F5E
:10F1B000D03311A2C1103A3A68037813060900004F
:10F1C000B2C11042A2344A4BD2A238C2A240F2DBF2
:10F1D00001ED0BDADBCACB4901BD02AD03257CFE94
:10F1E000680A781A2D05C6A3001B2547A50AD03347
:10F1F00011C2C1103A3C461C00D2C11032DD02528D
:10F2000023127C867B556055101CF88B751C864735
:10F2100028391B8482619272631277260632231189
:10F22000C60200005726042C8552631232219452E4
:10F230002196D044115A3332C3F868037813E2C1DF
:10F24000104A4E69047914868B00000072631277AD
:10F2500026053223118602005726042C84426312AD
:10F260003221944221964A3332C3F86803781386D8
:10F27000810082219747687B9CE647A30AD033111F
:10F2800092C1103A39868000A2C11042A2344A4A83
:10F290004901F2DA01ED0A4681001B2547A50CD091
:10F2A0003311B2C1103A3B06A1000000C2C11032B6
:10F2B000DC027223121CF84B671C8547A802869358
:10F2C000001B848261926263126725073223110654
:10F2D000030000007725042C45526312322194521A
:10F2E0002196D044115A3332C3FCD2C11068034A6C
:10F2F0004D06850082219767E802862E00BC56479E
:10F30000A30DD0331192C1103A3962130086680000
:10F31000A2C11042A2344A4AD2A238C2A240F2DAB2
:10F3200001ED0ADADACACA4901BD02AD032567FE5A
:10F33000621A00065F001B2547A50CD03311B2C12D
:10F34000103A3B461A000000C2C11032DC027223A0
:10F35000121CF84B671C854728361B848261926219
:10F360006312672506322311C60200007725042C9C
:10F3700045526312322194522196D044115A3332AD
:10F38000C3FC6803D2C1104A4D69046060F4463979
:10F390000062631267250532231186020077250477
:10F3A0002C444263123221944221964A3332C3FCE8
:10F3B000621300063000000082219797E802062FB2
:10F3C00000BC5647A30DD0331192C1103A396203E5
:10F3D00000863700A2C11042A2344A4AD2A238C2E3
:10F3E000A240F2DA01ED0ADADACACA4901BD02AD79
:10F3F00003E55AFE620A00062E001B2547A50CD025
:10F400003311B2C1103A3B461A000000C2C110329B
:10F41000DC027223121CF84B671C854728361B84BC
:10F42000826192626312672506322311C6020000D0
:10F430007725042C45526312322194522196D044F0
:10F44000115A3332C3FC6803D2C1104A4D690460BB
:10F450006074460800626312672505322311860234
:10F46000007725042C444263123221944221964AAB
:10F470003332C3FC6203000C070C14062001BC6687
:10F4800047A30CD03311E2C1103A3E68038608004E
:10F49000F2C11042A2344A4F4901F2DF01E2C11029
:10F4A000D2A238C2A240DADECACEBD02AD03254FD9
:10F4B000FE680A2D0586EFFF1B2547A50AD03311EC
:10F4C00042C1103A3486190052C11032D50272235B
:10F4D000121CF84B671C854728351B848261926299
:10F4E0006312672506322311C60200007725042C1B
:10F4F00045526312322194522196D044115A33322C
:10F50000C3FC82C11068034A48690406DAFF0000A0
:10F510006263126725053223118602007725042CC9
:10F52000444263123221944221964A3332C3FC682A
:10F530000386D0FF000091BD879261A0922197823F
:10F54000219257E902463100BC9687A30ED03311B1
:10F55000A2C1103A3A68037813C60800B2C110621B
:10F56000A2346A6BD2A238C2A2406901F2DB01ED7B
:10F570000BDADBCACBAD03BD026542FE680A781A1E
:10F580002D0586D1001B2587A50AD03311C2C110D5
:10F590003A3C461C00D2C11052DD023225127C8654
:10F5A0007B336033101CF98B731C868729391B98B9
:10F5B000926192726512772606322511C60200000A
:10F5C0003726042C83326512322194522196D0883A
:10F5D000115A3332C3F868037813E2C1108A8E6976
:10F5E00008791846B90000007265127726053225A1
:10F5F000118602003726042C833265123221945280
:10F6000021965A3332C3F86803781346AF0092212B
:10F610009747697B9CE687A30AD03311A2C1103AB1
:10F620003A867F00B2C11062A2346A6B6901F2DBD4
:10F6300001ED0B0680001B2587A50CD03311C2C13C
:10F64000103A3C46A0000000D2C11032DD02722305
:10F65000121CF94B671C8587A9028692001B9892A1
:10F6600061926263126725073223110603000000CE
:10F670007725042C45526312322194522196D0886A
:10F68000115A3332C3FCE2C11068038A8E0684002B
:10F6900092219767E902862E00BC5687A30DD033CE
:10F6A00011A2C1103A3A621300466700B2C110625B
:10F6B000A2346A6BD2A238C2A2406901F2DB01ED2A
:10F6C0000BDADBCACBAD03BD02652DFE621A00C6A4
:10F6D0005D001B2587A50CD03311C2C1103A3C46F2
:10F6E0001A000000D2C11032DD027223121CF94B45
:10F6F000671C858729361B98926192626312672581
:10F7000006322311C60200007725042C45526312ED
:10F71000322194522196D088115A3332C3FC6803A7
:10F72000E2C1108A8E69086060F4066700626312A5
:10F730006725053223118602007725042C45526384
:10F74000123221945221965A3332C3FC621300C6FE
:10F750005D00000092219797E902062E00BC5687B3
:10F76000A30DD03311A2C1103A3A6203004636000D
:10F77000B2C11062A2346A6BD2A238C2A24069013F
:10F78000F2DB01ED0BDADBCACBAD03BD022521FEB6
:10F79000620A00C62C001B2587A50CD03311C2C1FC
:10F7A000103A3C461A000000D2C11032DD0272232A
:10F7B000121CF94B671C858729361B98926192624F
:10F7C0006312672506322311C60200007725042C38
:10F7D00045526312322194522196D088115A333205
:10F7E000C3FC6803E2C1108A8E6908606074063643
:10F7F0000062631267250532231186020077250413
:10F800002C455263123221945221965A3332C3FC52
:10F81000620300C62C00BC6687A30CD03311F2C172
:10F82000103A3F680346080082C11062A2346A6839
:10F830006901F2D801ED08D2A238C2A240DADECACC
:10F84000CEBD02AD03A515FE680A2D05861E00007B
:10F850001B2587A50AD0331192C1103A39C6190069
:10F86000A2C11032DA027223121CF94B671C858781
:10F8700029351B9892619262631267250632231123
:10F88000C60200007725042C45526312322194529F
:10F890002196D088115A3332C3FCB2C11068038A52
:10F8A0008B6908C6080000006263126725063223D0
:10F8B00011C60200007725042C45526312322194B0
:10F8C0005221965A3332C3FC68030C077036209CD1
:10F8D000D332219707631882C11032D80292219740
:10F8E0003C0552433C42433D0C23309920926197A2
:10F8F00042219732ABFF30441042619742A002820E
:10F90000C11052A00032D80292219A52433E2609D9
:10F910002652219782219732AF7F308810826197DB
:10F920007036200C180C09309893903074CC739278
:10F93000219A90389316031326144C5221A466245E
:10F9400006C63D0000005D0330870160402460630F
:10F95000410B3542C43060682070734142430070EF
:10F9600086205608FE42C4D00C1640869380407410
:10F9700016C41142219707E402C6440032C5FE3C7A
:10F980000442430006420000DC870C9367331452A4
:10F99000C11062C63032D5016243E362A1901A669B
:10F9A000463A000082219742A4000C053221A4406F
:10F9B0004810060100006D0A7D0BC15686D19D815D
:10F9C000AD06BD07815A86E008000B33A2CA30A2FB
:10F9D00043001B551654049221A10C18A209009251
:10F9E000AF019A9A0C0B90B8939D0BCC570C9B6768
:10F9F0003B018D07870925579A225221A2B221A3E4
:10FA00005033C050C52030A320A59D969221A1520D
:10FA1000A0008209015718041B999261A1C13D867B
:10FA2000D18581AD06BD07812B82E008005657F8CD
:10FA30000C9767B70246DFFF06150000A2A1901AD7
:10FA4000AA32CA645221A06040344A454204000BE5
:10FA50003342430060644140470160642070744158
:10FA600070462056D4FD86090062A19032619A1A30
:10FA70006632C664DC8450500452619A9C0582C18F
:10FA80001052A03032D8015243E342619A32C66329
:10FA90009221A442219A3099C092619A46090000AD
:10FAA00016043EA2C11022DA014242800C0322DA7F
:10FAB0000232423E2D0532A00152A19032619A429B
:10FAC000A00050318062219A82C11060545362D8E4
:10FAD0000262063E8C061B559221970C2770791006
:10FAE0008C072B5582219762A08460681056D60936
:10FAF00092219D5089C0E618024624001C0ED2A215
:10FB000024EAF1DAFFF2619F060F00D22198F14A50
:10FB100086C2CC10F90DE91DC9BA99AAA68922C2DC
:10FB2000219FB22199A2219C8261A7E261A5253380
:10FB3000FE8221A7E221A556DA36B2A1E492C110D5
:10FB4000BAB982C8F0B26198B2C110A2DB0298AA19
:10FB5000D22198C8BA1B998BBD872EAEE137868912
:10FB60001DCA88E90D89BA99AAB26198A6891EC2F0
:10FB7000A224F2C110B22199A2219CCACF252EFE47
:10FB8000564A3282A1E492C1108A99926198B2C118
:10FB900010A2DB02820A3E169804D2219892A23E5D
:10FBA000C2C11082218FB2218E9A9C990D0C191B13
:10FBB000BB9A88991D89BAB9AAE68B078BDDD261F9
:10FBC00098C60700C2A224E2C110B22199A2219CCA
:10FBD000CACEE528FE56FA2C82A1E492C110809983
:10FBE00080926198168704D22198C2A24C72218F0C
:10FBF00092218ECA81890D0C281B998A77891D72E2
:10FC0000618F92618EE689078BDDD26198C607000D
:10FC1000C2A224E2C110B22199A2219CCACE2524FD
:10FC2000FE563A2872A1E482C110708880826198E1
:10FC300026E602C6270092219D5069C0E61602C63C
:10FC400024001C0D92A224DAA19A9A060F0000004B
:10FC5000E22198B2CB10C90ED91EB2680B72680AA5
:10FC6000A68721B22199A2219CCD099261A6D261D9
:10FC7000A5E51EFE9221A6D221A556AA22A2A1E4A4
:10FC8000F2C110AAAF62C6F0A26198A2C11082DAD6
:10FC900002C2219878A88BACB8B81B77C1E88567F9
:10FCA0002DAD92219879A86919BA66C90962680BC5
:10FCB000A26198A6871FA2C110C2A224C0CA80B2A6
:10FCC0002199A2219CA519FE56CA1D62A1E482C1F8
:10FCD000106A8882619892219A9044C0E61402C604
:10FCE00023001C0982A2249AA18A8A060F00000020
:10FCF000D22198B2CB10C90D991DB2670B62670A69
:10FD0000A68621B22199A2219CCD088261A7926189
:10FD1000A6E514FE8221A79221A656AA18A2A1E464
:10FD2000E2C110AAAE42C4F0A26198F2C11072DF23
:10FD300002C2219868A78BACB8B71B66C1C08547C3
:10FD400029AD82219869A74918BA44C90842670BAE
:10FD5000A26198A6861BC2A224B22199A2219CCAA4
:10FD6000CFE50FFE560A1442A1E492C1104A9992BF
:10FD7000619842219862219A3904691432218E4295
:10FD8000218F92219A1B339A4482C11042618F3293
:10FD9000618E62D802E683074221988B34C6060042
:10FDA000C2A22462C110B22199A2219CCAC6250B0D
:10FDB000FE563A0F32A1E482C1103A3892219727B9
:10FDC000E91632219D42219E5053535A4432218FCD
:10FDD00042619E16D30746240062219D5046C0A66C
:10FDE00014DF1C0872A2248A917A79860B00000025
:10FDF000A2CA108913A9B969A98B33A6861BB2219F
:10FE000099A2219CCD078261A76505FE8221A75694
:10FE10005A0932A1E4A2C1103A3A42C4F0B2C11068
:10FE200092DB02B1858568A9B903A8B91B6647288A
:10FE3000BE4913AA4449B969A9A68685C2A224D29B
:10FE4000C110B22199A2219CCACD6501FE161AF7F4
:10FE500006150000E2C1105D0222A1E40C042A3E56
:10FE600042618E326198C65AF80000C2A22442C193
:10FE700010B22199A2219CCAC465FEFD164AFD4616
:10FE80000900000022218FCC920C0352C110326174
:10FE90008EC60400C2A22462C110B22199A2219C84
:10FEA000CAC6E5FBFD160AFE82219922281907E23F
:10FEB0000B22180697E205A22816A5BA94B2A24012
:10FEC000A22190BAB125560092219942219E221971
:10FED000067CF320260420439342619E460C0000DA
:10FEE000004221921B9547A50206A4F806A6F80039
:10FEF0004221921BA547A50246E9F846EBF800000F
:10FF000082219A5221970C142608024681FE869D72
:10FF1000FE22219E1DF00000366100490159116941
:10FF200021E52099D801E811F821BD02CD0365F53E
:10FF3000FD2D0A1DF000000036410282130692AF2B
:10FF4000FD90881082514682231952613C826139AA
:10FF500082130792A00082514788839261268261B2
:10FF60002888A362613D82612A82A080105880A205
:10FF7000C55882612282612572613E126120126140
:10FF800024E5A994D2213CE2213DF2213EB2A08099
:10FF9000CD041ABBAD02E5EEFD4D0A96EA00B2A013
:10FFA00080AD021ABBE55B957CF2A042932211461C
:10FFB00082A040870208221306802220225306A234
:10FFC000213640242025A794900000003641000CE3
:10FFD000021DF0003641001DF00000003641001DFA
:10FFE000F00000003641005D024A430C0247131343
:10FFF0008805B203008828AD05E00800AA221B335B
:02000004400FAB
:1000000046FAFF001DF000003641008802AD028272
:10001000280230B074E008002D0A1DF03641001DA2
:10002000F00000003641001DF00000003641000CD9
:10003000121DF0003641000C021DF0003641000C8C
:10004000021DF0003641000C0ABD0A0C1CA0DA208B
:10005000BA82820800CC38AA221DF00092C8D13D95
:100060000D903C833090741BBBCC7982C8A4809CDB
:100070008316B9FDAD0B86F5FF00000036410098F0
:10008000020C18260909986292C9FDB629010C08CC
:100090008020041DF00000003641000C1A0C0820DE
:1000A0008A838080749D02404074FC28308A83ECEF
:1000B000D8220300B20301CC527CF2B02A931DF087
:1000C0002D08168BFF888928098032638C148032B2
:1000D000733022C00C180C032038932D0346F7FF11
:1000E0007CF206F6FF0000003641001DF000000023
:1000F00036410028120C190C082089932D081DF098
:1001000036410088128C083918881289030C088936
:100110001388023912CC08390238221B333922C025
:1001200020001DF03641001DF0000000364100287F
:100130003222C2141DF00000364100883228381DDA
:10014000F0000000364100883228481DF000000011
:100150003641001DF0000000364100881398238CC2
:10016000F899289C39891988220B888922C0200097
:100170001DF09902C0200006FAFF8912C020000677
:10018000F9FF00003641000C08890289128922C05B
:1001900020001DF03641000C08890292A0FF891250
:1001A0008922CB221CD876880399024B22C02000DA
:1001B0001DF00000364100880398138CF899189CB4
:1001C00039890988220B888922C020001DF09902F4
:1001D000C0200006FAFF8912C0200006F9FF0000C7
:1001E00036410020207482C2BF8080740C19B6286A
:1001F0000292A0000C1A22C2DF0C08208A839028E9
:1002000020A022101DF0000036610082A07D7CFA43
:1002100037384A309034303441F09911E033110CC2
:10022000383AB200194000A8A17CF8A08830A86B29
:100230000019400044A1A088104048200C4DA22283
:1002400014CBC1496B4931B822B2CB203ABB480A22
:100250004854C02000E004008C2A0C0339322D0AD7
:10026000C020001DF000000036610047B36E62A0A0
:100270007E4736680B4440B4410C373724654094C0
:100280004140A034E09911F0AA119A92001A40005E
:1002900087A1C8697CF6808630C08810001A4000AB
:1002A000A5A1A08820896947130560648060644126
:1002B000671B22E0BB11BA8288680C4DCBC1A22219
:1002C000148931980A882282C820BAB89859C02067
:1002D00000E00900CC8A0B44BD0646E7FFA2AFFF51
:1002E0002D0A1DF00C0A86FDFF0000003641008239
:1002F000A07DCD047CFA373816A22214B033113217
:10030000C3402C0DB822BAB3280A222204E002000E
:100310002D0A1DF036410092A07D8D027CF2373906
:100320001E302441E022112A888808303034F0330E
:100330001100034080309130301432640022A0005C
:10034000C020001DF000000036410088128C1832D9
:10035000680189030C08891388023912CC08390214
:1003600038221B333922C020001DF000364100889E
:100370000398138CF899189C39890988220B88896D
:1003800022C020001DF09902C0200006FAFF891249
:10039000C0200006F9FF00003641001DF0000000FB
:1003A0003641001DF00000003641001DF000000045
:1003B0003641001DF00000003641001DF000000035
:1003C0003641001DF00000003641000C021DF00017
:1003D00036410028121DF0003641002222141DF083
:1003E0003641003912C020001DF000003641001DCA
:1003F000F000000036410088729D020C0227181799
:100400008809A819A0882098299088203088103061
:1004100088C032A0018023831DF0000036410028EF
:100420000288038022C01DF03641000C021DF0003E
:100430003641001DF00000003641005C8889027CD6
:10044000F2C020001DF000003641001DF000000049
:100450003641001DF00000003641000C021DF00086
:100460003641008D020C022718094B8892C8FC986F
:10047000095639001DF000009219019A2246FAFF30
:100480003641003092F2908F319088C0808F0530D5
:1004900022D22A281DF000003641000070001DF015
:1004A0003641005CE21DF00036410022A1001DF043
:1004B0003641000C421DF000364100302201261367
:1004C0000AAC4326231126331A1DF0000C0330E238
:1004D0005030200046FCFF000C33306250002000FA
:1004E00046F9FF000C2306F9FF0CF33062500020A0
:1004F0000046F6FF364100880266332B0C49C020C7
:100500000032281190332092AFCFC0200032681102
:10051000C0200038889033101C09303920C02000DA
:100520003988C020001DF000C020009228117CBA3C
:10053000A09910303014A2AFCFC02000926811C033
:100540003311C020009888A09910C0200046F2FF07
:100550003641009802C0200082291127680D0C380E
:10056000C02000A22908A0A414261A07C0200088D1
:10057000898084148903C020001DF0003641009852
:10058000023030147C3AE03311C020008889A08802
:1005900010308820C020008989C020001DF0000094
:1005A0003641008802C0200088888082148903C0F8
:1005B00020001DF0364100A8029C337CEB30800403
:1005C000C02000988AB09910808920C02000898AB4
:1005D0003031047CD9F03311C02000888A90881013
:1005E000303820C02000398AC020001DF0000000F3
:1005F00036410098020C08C02000A889176A0CC078
:10060000200088890C298080049088208903C020DC
:10061000001DF0003641000C0880A8209202001B4B
:100620002290B064001A4000BBA1009923B088203A
:100630007BAA9669FE89031DF00000003641000C7C
:1006400008BD029D08A20B001B2BA0B0640019403E
:1006500000BBA100CA23B088207B99BD02964CFE46
:100660001CFB973B0E676A0BA2AFFF001940009A74
:10067000A190882089031DF03661008804AD0389AC
:1006800001822300822802E008008C4A8801880841
:10069000890188020C1D8848CD01BD0320A220E0FD
:1006A00008008C2A280129042D0A1DF03641001D5E
:1006B000F00000003641000C021DF0003661001C05
:1006C00008892188020C058868C804AD02590159BF
:1006D000115931DD01BD03E0080028110C682088A4
:1006E000102D05666805280129040C121DF0000074
:1006F0003641004026C00C190C682089932D081D36
:10070000F00000003621005012FA5023FA7032FA3D
:10071000B042FA3051FA30546A0063FA0072FAB00B
:1007200021FA60656A3051FA3000FA6082FA60544A
:100730006A30086AD071FA60656A00846A3031FAFA
:1007400060346A60086A6022FA60636A00246AF0B2
:1007500007FAE067FA60027A4020FA1DF000000014
:100760003641009D038D026625117CF28022302ADD
:10077000284A220C132043A3060800004042410BE4
:10078000940C189048A398038802990289034B227D
:100790004B330B4456E4FE8605000000320900226C
:1007A00008003248002249001B881B990B4456A4BC
:1007B000FE1DF000364100BD03AD02E00500BD04A2
:1007C000D6EA0130A320E00500D65A004D03860882
:1007D0000000BD04AD02E00500967A014D028604DA
:1007E0000000AD03E00500E61AE1BD04AD02E0053E
:1007F00000967AFE2D041DF0360101BD036D040C38
:1008000023404220526111404014326110CC943296
:10081000C6FC0C153045934261100C054600002DB6
:100820000A609B826A429A82826114F67B49460F73
:1008300000922110CC99B803A807B907A903C602F2
:1008400000D22110CD06BD03AD0765F1FF7D034643
:1008500000007D047732046A448604006037C08259
:100860002111BD07AD03E00800E61AC4C6F9FF92E6
:1008700021149734DC868E00B0E14160EE826099ED
:10088000C0EAE29A32267B5F2C87AD03FD02B7B740
:1008900048B07341607782D2211170B2807ACB2048
:1008A000A220E26116E5F0FFE22116D22111FD0A35
:1008B0007ACEBD0E70AEC0F26117A5EFFFED0AF063
:1008C000A711A0A3C0D2211130C32070BA80E26169
:1008D0001625EEFFF22117E22116D22111CD0ABD15
:1008E0000EAD0F25EDFFED0A822110CC98A80E78F1
:1008F00002A902790EC60200D22110CD06BD0EADAE
:1009000002E5E5FF7D043261134261120C0C060C16
:1009100000ECBA922110CCE9822112B807A808B9DC
:1009200008A9078603000000D22110A22112CD06DB
:10093000BD07E5E2FF9221126099809261120C1CC2
:100940006A7777334C822111C2611620B22070A7DA
:1009500020E00800C22116E61A3DC6ECFFECBA9270
:100960002110CCE9822113A803B808B903A908868D
:1009700003000000D22110B22113CD06AD0325DE05
:10098000FF9221130C1C6099C092611332211577DC
:10099000B305567C08C61E00822111C26116BD0235
:1009A000AD03E008006093C0926115C22116D6BA6B
:1009B000FA064100B803A807B907A9030603000017
:1009C000D22110CD06BD03AD0765D9FF322115C672
:1009D000DAFF822110CCB8B803A807B907A90346EB
:1009E00003000000D22110CD06BD03AD0725D7FFBF
:1009F0007D034600007D047732056A440605000049
:100A00006037C0922111BD07AD03E00900E61AC1AD
:100A100086F9FF003221143734DA4625008221128C
:100A20008047C020B8C040BB438CBBD22110CD0B47
:100A3000AD02B0B7C0A5D2FF922113822114303984
:100A4000C090B8C060BBC030BB638CBBD22110CD9E
:100A50000BAD07B0B8C0A5D0FF9221147D0430A91A
:100A6000C037B40B7D033D044D02A02A2040A420D2
:100A700037B63C60B3C2F68513D045114A41607762
:100A8000C2290479141B550665FF000000D221110C
:100A9000CD0665D6FF77360F0B55D025112A21A834
:100AA00002B812065EFF000060B7C2AD02865BFFAF
:100AB0007736F45615FE0602008221101648EF46DE
:100AC000BFFF1DF0364100415E82815E82C0200082
:100AD0003804803310C02000390420407580440160
:100AE000315A8291C87EC0200088039088108044CB
:100AF00020C020004903204874204411C0200088F1
:100B000003915282908810804420C0200049032025
:100B10004074A04411C020008803914D8290881039
:100B2000804420C020004903314B82814B82C02089
:100B3000004803804420C020004903C0200048032F
:100B400081B67F804420C020004903414482814413
:100B500082C020003804803310817A7E803320C028
:100B600020003904C020003804813E828033108187
:100B7000AE7E803320C020003904878202062C001C
:100B8000413A82AD04C02000E5119331388230AA89
:100B900010C02000A904413682AD04C02000A51079
:100BA0009330AA10313482C02000A904AD03C020C4
:100BB00000650F9342AF0340AA10C02000A903AD07
:100BC00003C02000250E937CD440AA10C02000A9A9
:100BD00003AD03C02000250D937CE440AA10C02083
:100BE00000A903312582AD03C02000E50B930C085A
:100BF000C020008903312182AD03C02000A50A93E3
:100C000040AA10C02000A903311E8230A320C020BA
:100C10000065099382AEFF80AA10C02000A90330AE
:100C2000A320C0200025089340AA10C02000A26382
:100C30000097F20206760041138281877FC0200070
:100C40003804803310811082C020003904C0200095
:100C50003808410E82403310C020003908C02000FF
:100C60003808410B82403310C020003908C02000F2
:100C70003808410882403310C020003908C02000E5
:100C8000380841EC7E403310C020003908C02000F5
:100C90003808417680403320C020003908C0200049
:100CA0003808410B7E403320C020003908C02000A6
:100CB0003808415C7D403320C02000390831E08194
:100CC00091F681C020004803904410C020004903E1
:100CD000C020004803916480904420C02000490354
:100CE000C02000380841E18140331042ADFFC020F0
:100CF000003908C020003808403310C020003908EF
:100D000081D781414F7DC020003808403310C0207A
:100D1000003908C02000380841E181403310C0206C
:100D2000003908A7F202864A00C02000280831FDD9
:100D30007D3022206CF3C02000290881D981C02099
:100D4000002808302210C020002908C020002808F0
:100D500031D581302210C020002908C02000280889
:100D600031077E302210C020002908C0200028084A
:100D700031CE8130221091CD81C020002908C020C1
:100D800000280931CB81302210C020002909C02061
:100D900000280931C08130221081C681C02000297D
:100DA00009C02000280831267D302210C0200029EB
:100DB00008C02000280831B981302210C020002945
:100DC00008C02000280831BC813022107CA3C0203C
:100DD000002908C02000280930221032AFDFC020CF
:100DE000002909C020002809302210C0200029094C
:100DF000C02000280831157F302210C020002908AB
:100E0000C02000280831AD81302210C02000290800
:100E100031A98141C47DC020002803402220C02088
:100E2000002903319F8141AA7DC020002803402270
:100E300020C0200029030C0321A27DC0200039021C
:100E40007CF3219D7DC020003902C0200025DDEA11
:100E50001DF00000C02000280831C47D302210465B
:100E6000B4FF0000364100A196810C09CD0AB2A062
:100E700005768B18880A27181ACCC8E099119A9C15
:100E800029092D08C020001DF01B994BAA22A101A1
:100E900006FCFF0022A10346FAFF00003641006570
:100EA000389925CD981DF00036410080EB03808DE8
:100EB00004918481A62805101120A51B9BC0200049
:100EC00088091678FFE588E7A569E765FD9846F982
:100ED000FF000000364100B0EB03B0BD0432A001BA
:100EE00022A000B0238320B220217781AD02A5701B
:100EF000E7317681C020008203008080741638FFBD
:100F0000B0EB03B0BD0432A00182A000B0838380A7
:100F1000B820AD022579E725ECE9BD030C5AE50BB5
:100F2000E78CDAE16B81C2A079D16A81B16B81254E
:100F30005B96659F978CFAA519E78CAAE16881C238
:100F4000A082D16481C6F8FF656EE2A2A000E52C04
:100F50009890000036410020B22030D320C160813B
:100F6000562400C16081E2CBF8A15F81250AF2908E
:100F700000000000364100CC13315C8122C2FC7CB1
:100F8000C68C52881260B810CC0B1DF07CFC8B52C2
:100F900080CC30DD04C0C004AD05E0030028122081
:100FA00026102A2522C2FC86F5FF00003641009C4F
:100FB000D39CB281AB7C90F34000094080809128A3
:100FC00042202E542028D22020603022101DF00014
:100FD0000C02C6FDFF00000036410042C4F87CC68A
:100FE0003050146044108CC5A142810C4B2502F294
:100FF0000C032D031DF0AD02101120E5299A0CB849
:1010000047B80247BA0D8BCAA13B811C4B2500F2A1
:1010100006F7FF00B2C3FC981B7CD890901440994F
:10102000208089100C14408820891B609910884208
:1010300080477547B930806E546044D24099D2AD34
:1010400005808E54A08882C8829A88E088118A8C94
:101050004808560404B2A0E9D12881C12881A128FA
:1010600081C02000A5099BAD0516790040F9402CF0
:101070000A40AAC080C4250B5AC055C00C14001CDD
:10108000400044A100054090909140993080452453
:1010900040AAC086EAFF492B7CCE8BDB293BB934C2
:1010A000BB4BE04410471D0FB2A0EFD11681C11316
:1010B00081C0200086E9FF0088420C14808E54A075
:1010C0008882001A400064A19A885862E088118AD8
:1010D0008C605520E0AA11B9080019400094A1596C
:1010E000622872AAA2480A9094200C24990A281B0C
:1010F000202E10DA2222C2FCB9024912C02000C6FA
:10110000BBFF0000364100CC220C021DF0208014F1
:101110008CC8A1FD800C4BA5EFF1C6FAFF000000C2
:101120002C3837B8E380F3402C098099C090907434
:1011300090805480A811B1F5808842B08810A088B2
:1011400020B1387C8942A1F28037BB02062C00A076
:101150008810A1F080A08820E2AF1F826204A22242
:1011600004A0B42582CB02808024E0AA100C1E804B
:10117000D074001B4000BEA1B0CD11B0B05441E707
:1011800080C0AA20B0C074808EC020FC1140AA107C
:10119000F0AA208A896C09808044909A10001D4032
:1011A00000DEA1E1DF80809920D0A07490AA01E048
:1011B0009910A09920B0A88299429B98AA99E09989
:1011C000119952CB9997B30246CFFF7CC392C227A5
:1011D000309910E088118A893B883088100C0A29E0
:1011E000222C032932A96299728982C7B326B2A13F
:1011F000FBD1CC80C1CD80A1C280C0200025F09A57
:10120000B1CF7CA08810A1507E373B0246D1FFA110
:10121000C280C6CFFFB0BDD2CD0A264B1ED1C3803F
:10122000B2A1FEC1C18046F3FFE03A119A33C9036F
:101230000C0B3842303E54372B111BAA3842303049
:1012400044372AE4C0200006B0FF0000303A82BADA
:1012500033E033113A3829031BBBC0200046F4FFAA
:101260003641005D02BD04CC1430B32050A520658A
:10127000E9FFA02A208C8AB85AB0C3C0BAB5A5D558
:10128000FF1DF00036410056E200D1A980B2A06FE8
:10129000C1A980A1A980A5E69A1C383738060C029E
:1012A0001DF000000032C3ECC2A00030B320A2C287
:1012B00014E5FAFFA26204163AFE0C088902C02067
:1012C0000025999AA0A3C0A9123932A922C02000F2
:1012D00006F3FF003641001CCCB2A00030A320650D
:1012E000BD9416820420A220A59F9AA842652B9A3D
:1012F000CD03B19280E5C7FF5843E5F799A0558229
:10130000A8424832E5949A98129084C0A0A8C05090
:10131000AAC04822A913B823A84249339903C02080
:1013200000A5C8FFA923AD02C02000A59C9A1DF00E
:101330003641009C1488451B8882650488651B889B
:101340008965C020001DF00088551B8889558825B7
:1013500037B8E83925C0200006F8FF0036410030D4
:10136000B32020A220E5F1FFA02A201DF0000000FC
:1013700036410020A22030B320A5F5FF9223040CB3
:10138000CAF089119A88E0881198138089C098233F
:1013900089130C0897BA0282C9F4980389230C08B0
:1013A00097BA0282C9F40CCA983389030C0897BA19
:1013B0000282C9F48933C020001DF000366100911B
:1013C00060800CED27AD011DF0F082111BA8D0BA92
:1013D00011BAB92B88C81BD0B811BAB9C0C341B86B
:1013E0001BB0B341B73C01AD08D08A118A89D02225
:1013F000112A29F808E818C802B812F902E9122DD2
:101400000AC921B931C908B918C0200006EDFF008A
:10141000364100414C806D020C0A2149805D023248
:101420002400379A0F214B80280256820721AC7C7A
:101430002802C61F0016CA0282CAFF808141D088D6
:10144000118085809818D08A118A859093418818D8
:1014500080834187390EB2A0DCD13B80C13C80A1A2
:101460003C80E5C99A8B2282C2F888088716041B43
:10147000AA46EBFFD02A112A5528151CF420202457
:1014800047931B41358038041B636904D0431138EE
:10149000153030244033203915C02000E5F1FF25F8
:1014A000B79A1DF00000B2C20560A620E5C59456AB
:1014B0005AF72202048128809228001BA9D0991192
:1014C000A9081CFA208024A7131ED0A311AA5590A6
:1014D00088201B3369058915390441208038041B95
:1014E000333904C0200046EDFF90882069050C0ABE
:1014F0008915C0200065ECFF86F7FF0036410065C6
:10150000AB9AB1178020A22025C094511280562A90
:101510000321737C3902A805DC8A210A80A90221F3
:101520000E80A902210E80A902C0200025AE9A1DBE
:10153000F0000000280A2905C0200025CF9A06F5F2
:10154000FF0000006225004D06ECB4AD02A5DB945F
:101550001B7A6BAA65CB9A4D0A16CAFC324404C0AA
:101560002000CD07BD025BA4C02000A57E946904C5
:101570004905C02000C60300BD025BA4E5B894562F
:101580002A04324404C0200041EF7F61ED7F7804DB
:101590000C04471793D05411ACE40B84808141D0E4
:1015A00088118A8698185A869093418818808341BA
:1015B000873916B2A086D1E47FC1EA7FA1E57FC05A
:1015C0002000E5B39A480486DFFF505680A225002C
:1015D00020B220A5B394DC3A30202438157C844016
:1015E00033102033203915C02000C6CEFF1B44C65F
:1015F000E7FF00003661005261016261027931C08B
:101600002000A59D9A9C7A30A32065E0FF273A0F21
:1016100081D67FAD048808B811C821D831E0080010
:101620001DF00000368100000000000000000000F6
:0716300000000000000000B3
:04000005400828C0C7
:00000001FF
