:020000043C03BB
:100020003254CDAB000000000000000000000000D2
:100030006573702D6964663A2076342E342E37202D
:1000400033386565626132313361000000000000C1
:1000500061726475696E6F2D6C69622D6275696C71
:100060006465720000000000000000000000000055
:1000700031323A31323A35330000000000000000DE
:100080004D617220203520323032340000000000F3
:1000900076342E342E372D64697274790000000096
:1000A0000000000000000000000000000000000050
:1000B0000000000000000000000000000000000040
:1000C0000000000000000000000000000000000030
:1000D0000000000000000000000000000000000020
:1000E0000000000000000000000000000000000010
:1000F0000000000000000000000000000000000000
:1001000000000000000000000000000000000000EF
:1001100000000000000000000000000000000000DF
:100120005056204F564552564F4C54004F5645524C
:1001300043555252454E54004F56455254454D502A
:10014000004E4F20424154544552590042415420E0
:100150004F564552564F4C540049444C4500425569
:100160004C4B204D50505400464C4F41540050537E
:10017000552043432F4356004641554C54004142BD
:10018000534F525054494F4E004F4B3D4D656E7585
:10019000004241434B3D5265736574206661756C46
:1001A00074004641554C543A200050563A005620AF
:1001B000004241543A003E20004D41494E204D45F9
:1001C0004E55005053553A20434F4E5354414E54D0
:1001D00020562F49004D50505420535441545553EC
:1001E00000505620503A005720443A0025005461F0
:1001F000726765743A0043204241434B3D4D656E42
:100200007500424154544552592054595045003EBE
:100210002042756C6B20566F6C74616765002020FE
:1002200042756C6B20566F6C74616765003E2046AA
:100230006C6F617420566F6C746167650020204696
:100240006C6F617420566F6C74616765003E204D61
:1002500061782043757272656E740020204D61785C
:100260002043757272656E74002053455454494E94
:1002700047530020410020560055502F444E204F38
:100280004B3D53415645005345542042554C4B205D
:10029000564F4C544147450053455420464C4F411E
:1002A0005420564F4C5441474500534554204D412E
:1002B000582043555252454E540000008702033CDB
:1002C0009802033CAA02033CB403033CBF03033C73
:1002D000CF03033CDF03033CF203033C3E204F7596
:1002E0007470757420566F6C746167650020204FC0
:1002F000757470757420566F6C74616765003E206C
:1003000043757272656E74204C696D6974002020AB
:1003100043757272656E74204C696D697400416337
:10032000746976617465202A00416374697661742A
:100330006500504F57455220535550504C59003E80
:1003400020566F6C746167653A20002020566F6CF0
:10035000746167653A20003E2043757272656E7461
:100360003A2000202043757272656E743A20005066
:10037000535520414354495645202A004F4B3D4593
:10038000646974204241434B3D4C6561766500537E
:100390004554204F555450555420564F4C544147C6
:1003A00045005345542043555252454E54204C4924
:1003B0004D4954005056204D6178696D756D00426D
:1003C000617474657279204D696E696D756D004256
:1003D000617474657279204D6178696D756D004343
:1003E00068617267652043757272656E74204D6135
:1003F000780054656D7065726174757265204D6129
:1004000078696D756D0020430053595354454D2054
:100410004C494D4954530055502F444E204F4B3DAD
:100420004544495400534554200053595354454DB5
:1004300020494E464F00546976616E61204D505000
:10044000540056657273696F6E20310054495641ED
:100450004E4120534F4C4152204D50505400496E54
:10046000697469616C697A696E672E2E2E00486F17
:100470006D65004D50505420537461747573004283
:10048000617474657279205479706500506F776576
:100490007220537570706C790053797374656D2098
:1004A0004C696D6974730053797374656D20496E7E
:1004B000666F004C69746869756D0047656C004C27
:1004C0006561642041636964000000006E04033CC0
:1004D0007304033C7F04033C8C04033C9904033CF9
:1004E000A704033C0000000000000000942F02421B
:1004F000602D00422C3000429C2F0242842F024289
:100500008C2F02426E616E00696E66006F76660027
:10051000433A2F55736572732F6C756361732F2E79
:10052000706C6174666F726D696F2F7061636B615F
:100530006765732F6672616D65776F726B2D61727F
:100540006475696E6F657370726573736966333253
:100550002F636F7265732F65737033322F657370FD
:1005600033322D68616C2D6164632E63005B253628
:10057000755D5B455D5B25733A25755D20257328A8
:10058000293A2050696E202575206973206E6F749A
:10059000204144432070696E210D0A005B253675A9
:1005A0005D5B455D5B25733A25755D2025732829C4
:1005B0003A204750494F25753A2025733A20414447
:1005C0004332206E6F7420696E697469616C697A58
:1005D0006564207965742E0D0A005B2536755D5BB8
:1005E000455D5B25733A25755D20257328293A20E2
:1005F0004750494F25753A2025733A2041444332EC
:1006000020697320696E20757365206279205769AF
:100610002D46692E20506C656173652073656520D9
:1006200068747470733A2F2F646F63732E657370E0
:100630007265737369662E636F6D2F70726F6A6572
:100640006374732F6573702D6964662F656E2F6CEC
:1006500061746573742F65737033322F6170692D07
:100660007265666572656E63652F70657269706824
:100670006572616C732F6164632E68746D6C2361A5
:1006800064632D6C696D69746174696F6E73206643
:100690006F72206D6F726520696E666F0D0A005B68
:1006A0002536755D5B455D5B25733A25755D2025B7
:1006B0007328293A204750494F25753A2025730D54
:1006C0000A005F5F616E616C6F67526561644D69BE
:1006D0006C6C69566F6C7473005F5F616E616C6FF8
:1006E0006752656164526177005F5F616463417462
:1006F0007461636850696E00433A2F557365727375
:100700002F6C756361732F2E706C6174666F726DE0
:10071000696F2F7061636B616765732F6672616DBE
:1007200065776F726B2D61726475696E6F6573703A
:1007300072657373696633322F636F7265732F65E9
:10074000737033322F65737033322D68616C2D678F
:1007500070696F2E63005B2536755D5B455D5B25BB
:10076000733A25755D20257328293A20496E7661F4
:100770006C69642070696E2073656C656374656470
:100780000D0A005B2536755D5B455D5B25733A257B
:10079000755D20257328293A204750494F20636F03
:1007A0006E666967206661696C65640D0A005F5F4B
:1007B00070696E4D6F646500433A2F5573657273AF
:1007C0002F6C756361732F2E706C6174666F726D20
:1007D000696F2F7061636B616765732F6672616DFE
:1007E00065776F726B2D61726475696E6F6573707A
:1007F00072657373696633322F636F7265732F6529
:10080000737033322F65737033322D68616C2D6DC8
:100810006973632E63005B2536755D5B455D5B2503
:10082000733A25755D20257328293A204661696C45
:10083000656420746F20616464206C6F6F70207435
:1008400061736B20746F205744540D0A005B25368A
:10085000755D5B455D5B25733A25755D20257328C5
:10086000293A204F54412076657269666963617444
:10087000696F6E206661696C6564212053746172D2
:100880007420726F6C6C6261636B20746F2074688B
:10089000652070726576696F75732076657273690D
:1008A0006F6E202E2E2E0D0A005B2536755D5B4582
:1008B0005D5B25733A25755D20257328293A20460E
:1008C00061696C656420746F20666F726D6174205D
:1008D0007468652062726F6B656E204E565320708F
:1008E0006172746974696F6E210D0A005B2536753B
:1008F0005D5B455D5B25733A25755D202573282971
:100900003A20436F756C64206E6F742066696E6464
:10091000204E565320706172746974696F6E0D0AAF
:10092000005B2536755D5B455D5B25733A25755D1E
:1009300020257328293A204661696C656420746F0C
:1009400020696E697469616C697A65204E5653211D
:10095000204572726F723A2025750D0A00696E6922
:100960007441726475696E6F00433A2F55736572F6
:10097000732F6C756361732F2E706C6174666F7268
:100980006D696F2F7061636B616765732F6672614C
:100990006D65776F726B2D61726475696E6F6573CB
:1009A0007072657373696633322F636F7265732F6C
:1009B00065737033322F65737033322D68616C2D1F
:1009C0007267622D6C65642E63005B2536755D5B16
:1009D000455D5B25733A25755D20257328293A20EE
:1009E000524742204C454420647269766572206902
:1009F0006E697469616C697A6174696F6E20666191
:100A0000696C6564210D0A006E656F706978656CAC
:100A1000577269746500433A2F55736572732F6C72
:100A2000756361732F2E706C6174666F726D696F80
:100A30002F7061636B616765732F6672616D657797
:100A40006F726B2D61726475696E6F65737072651C
:100A50007373696633322F636F7265732F657370BA
:100A600033322F65737033322D68616C2D726D7463
:100A70002E63005B2536755D5B455D5B25733A250E
:100A8000755D20257328293A20202D2D20496E617F
:100A900076616C696420417267756D656E740D0ACC
:100AA000005B2536755D5B455D5B25733A25755D9D
:100AB00020257328293A20202D2D204661696C6558
:100AC0006420746F2067657420524D542072696EE3
:100AD000676275666665722068616E646C650D0A92
:100AE000005B2536755D5B455D5B25733A25755D5D
:100AF00020257328293A2043616E27742077726974
:100B00007465206F6E206120525820524D5420434E
:100B100068616E6E656C0D0A005B2536755D5B4520
:100B20005D5B25733A25755D20257328293A20439E
:100B3000616E27742072656164206F6E206120549D
:100B40005820524D54204368616E6E656C0D0A004A
:100B50005B2536755D5B455D5B25733A25755D20CC
:100B6000257328293A20726D496E6974204661699F
:100B70006C6564202D206E6F7420656E6F756768DC
:100B8000206368616E6E656C730D0A005B253675B7
:100B90005D5B455D5B25733A25755D2025732829CE
:100BA0003A20524D54206661696C656420746F2050
:100BB000696E6974696C697A652E0D0A00726D74CC
:100BC000496E6974005F726D74436865636B545855
:100BD0006E6F745258006C6F6F705461736B00438A
:100BE0003A2F55736572732F6C756361732F2E7076
:100BF0006C6174666F726D696F2F7061636B616792
:100C000065732F6672616D65776F726B2D617264AB
:100C100075696E6F65737072657373696633322FB1
:100C2000636F7265732F65737033322F6573703322
:100C3000322D68616C2D6370752E63005B253675EF
:100C40005D5B455D5B25733A25755D20257328291D
:100C50003A2043616C6C6261636B204F626A65632A
:100C600074204D616C6C6F63204661696C65640D26
:100C70000A005B2536755D5B455D5B25733A25751E
:100C80005D20257328293A206475706C696361744E
:100C9000652066756E633D253870206172673D255D
:100CA00038700D0A005B2536755D5B455D5B25730D
:100CB0003A25755D20257328293A20426164206613
:100CC00072657175656E63793A202575204D487A95
:100CD00021204F7074696F6E73206172653A203203
:100CE00034302C203136302C2038302C2025752CF7
:100CF00020257520616E64202575204D487A0D0AE7
:100D0000005B2536755D5B455D5B25733A25755D3A
:100D100020257328293A2042616420667265717526
:100D2000656E63793A202575204D487A21204F70F1
:100D300074696F6E73206172653A203234302C20F2
:100D40003136302C2038302C20257520616E6420FF
:100D50002575204D487A0D0A005B2536755D5B458B
:100D60005D5B25733A25755D20257328293A20435C
:100D7000505520636C6F636B20636F756C64206EDD
:100D80006F742062652073657420746F2025752050
:100D90004D487A0D0A00736574437075467265712B
:100DA00075656E63794D687A0028707852696E6750
:100DB0006275666665722D3E784974656D7357611C
:100DC0006974696E67203E20302920262620282855
:100DD000707852696E676275666665722D3E7075D1
:100DE000635265616420213D20707852696E6762AC
:100DF00075666665722D3E707563577269746529F4
:100E0000207C7C2028707852696E67627566666502
:100E1000722D3E757852696E6762756666657246B8
:100E20006C61677320262028202820554261736555
:100E3000547970655F742029203420292929002FD6
:100E40004944462F636F6D706F6E656E74732F65C6
:100E500073705F72696E676275662F72696E676222
:100E600075662E6300707852696E67627566666596
:100E7000722D3E70756352656164203E3D2070782E
:100E800052696E676275666665722D3E707563485D
:100E900065616420262620707852696E67627566E7
:100EA0006665722D3E70756352656164203C2070EA
:100EB0007852696E676275666665722D3E707563FD
:100EC0005461696C00707852696E67627566666518
:100ED000722D3E70756352656164203D3D207078CF
:100EE00052696E676275666665722D3E70756346FF
:100EF00072656500282028202820554261736554BA
:100F00007970655F742029202820707563497465A5
:100F10006D20292026202830783033292029203DB3
:100F20003D20302029007075634974656D203C3D7B
:100F300020707852696E676275666665722D3E70C4
:100F400075635461696C00707843757248656164BB
:100F500065722D3E784974656D4C656E203C3D2070
:100F6000707852696E676275666665722D3E784D5F
:100F700061784974656D53697A65002870784375A6
:100F8000724865616465722D3E75784974656D4679
:100F90006C616773202620282028205542617365E4
:100FA000547970655F7420292032202929203D3D25
:100FB0002030002870784375724865616465722D31
:100FC0003E75784974656D466C61677320262028EC
:100FD0002028205542617365547970655F7420291B
:100FE0002031202929203D3D203000707852696E43
:100FF000676275666665722D3E70756346726565DB
:10100000203C3D20707852696E6762756666657235
:101010002D3E70756348656164202B20707852699D
:101020006E676275666665722D3E7853697A6500F3
:101030007078497353706C697420213D202828769C
:101040006F6964202A29302900282028202820556B
:1010500042617365547970655F742029202820707F
:101060007852696E676275666665722D3E7075634B
:1010700052656164202920262028307830332920C9
:1010800029203D3D20302029002870784865616482
:1010900065722D3E784974656D4C656E203C3D202F
:1010A000707852696E676275666665722D3E784D1E
:1010B00061784974656D53697A6529207C7C2028A4
:1010C00070784865616465722D3E75784974656D08
:1010D000466C6167732026202820282055426173C2
:1010E00065547970655F74202920322029290070A9
:1010F000784865616465722D3E784974656D4C650C
:101100006E203C3D20707852696E67627566666538
:10111000722D3E784D61784974656D53697A65002A
:10112000706352657475726E203E3D20707852690E
:101130006E676275666665722D3E7075634865619F
:101140006420262620706352657475726E203C3DC3
:1011500020707852696E676275666665722D3E70A2
:1011600075635461696C00706352657475726E20AA
:101170003E3D20707852696E676275666665722DB5
:101180003E70756348656164202626207063526551
:101190007475726E203C20707852696E6762756655
:1011A0006665722D3E7075635461696C0028202855
:1011B0002028205542617365547970655F74202939
:1011C000202820707852696E676275666665722D98
:1011D0003E70756341637175697265202920262010
:1011E0002830783033292029203D3D203020290027
:1011F000707852696E676275666665722D3E7075AD
:101200006341637175697265203E3D207078526953
:101210006E676275666665722D3E707563486561BE
:101220006420262620707852696E6762756666654E
:10123000722D3E70756341637175697265203C2043
:10124000707852696E676275666665722D3E70755C
:10125000635461696C007852656D4C656E203E3D4B
:101260002073697A656F66284974656D48656164A5
:1012700065725F74290028707843757248656164EF
:1012800065722D3E75784974656D466C6167732093
:101290002620282028205542617365547970655FA7
:1012A0007420292038202929203D3D2030007078E5
:1012B00052696E676275666665722D3E707563571A
:1012C00072697465203C3D20707852696E67627562
:1012D000666665722D3E70756348656164202B20DB
:1012E000707852696E676275666665722D3E7853D6
:1012F000697A65002A70764974656D32203C202A2F
:1013000070764974656D310078497353706C6974F7
:10131000203D3D2028202820426173655479706566
:101320005F74202920302029002875696E74385F89
:1013300074202A297075634974656D203E3D2070C4
:101340007852696E676275666665722D3E70756368
:1013500048656164002875696E74385F74202A29B5
:101360007075634974656D203C20707852696E67B2
:101370006275666665722D3E7075635461696C00B6
:101380007852657475726E203C3D20707852696E9B
:10139000676275666665722D3E7853697A65007876
:1013A00042756666657253697A65203E2030007822
:1013B00042756666657254797065203C2052494ECC
:1013C000474255465F545950455F4D41580070782B
:1013D00052696E67627566666572007070764974F0
:1013E000656D20213D202828766F6964202A2930E8
:1013F00029207C7C20784974656D53697A65203D8D
:101400003D20300028707852696E676275666665A7
:10141000722D3E757852696E6762756666657246B2
:101420006C6167732026202828202820554261738C
:1014300065547970655F74202920322029207C2032
:10144000282028205542617365547970655F7420A7
:1014500029203120292929203D3D2030007076495E
:1014600074656D20213D202828766F6964202A2923
:101470003029007652696E676275666665725265DC
:101480007475726E4974656D00707276526563652D
:1014900069766547656E65726963007852696E6743
:1014A0006275666665725265636569766500785235
:1014B000696E6762756666657253656E6446726FC3
:1014C0006D495352007852696E676275666665723F
:1014D00053656E6400707276476574467265655335
:1014E000697A6500707276436865636B4974656DEF
:1014F0004669747344656661756C740070727653E6
:10150000656E644974656D446F6E654E6F53706CA3
:1015100069740070727641637175697265497465AA
:101520006D4E6F53706C69740070727647657449C4
:1015300074656D44656661756C7400707276526591
:101540007475726E4974656D44656661756C74007E
:10155000707276436F70794974656D416C6C6F770A
:1015600053706C697400707276436865636B49747C
:10157000656D466974734279746542756666657215
:1015800000707276436F70794974656D4279746545
:10159000427566007072764765744974656D42796C
:1015A00074654275660070727652657475726E4924
:1015B00074656D42797465427566007852696E672C
:1015C000627566666572437265617465006770690D
:1015D0006F004520282575292025733A202573287A
:1015E0002564293A2025730A004750494F206E751B
:1015F0006D626572206572726F72004750494F20AC
:101600006F7574707574206770696F5F6E756D208B
:101610006572726F72004750494F20696E7465722F
:10162000727570742074797065206572726F7200C3
:101630004520282575292025733A204750494F5FBA
:1016400050494E206D61736B206572726F72200A73
:1016500000696F5F72656720213D2028696E747094
:1016600074725F74294E554C4C002F4944462F63C9
:101670006F6D706F6E656E74732F647269766572CC
:101680002F6770696F2E63006770696F5F636F6E9D
:10169000666967006770696F5F6F645F6469736133
:1016A000626C65006770696F5F6F645F656E616231
:1016B0006C65006770696F5F6F75747075745F64D7
:1016C000697361626C65006770696F5F6F757470D4
:1016D00075745F656E61626C65006770696F5F69E4
:1016E0006E7075745F64697361626C6500677069C0
:1016F0006F5F696E7075745F656E61626C650067BF
:1017000070696F5F7365745F646972656374696F34
:101710006E006770696F5F7365745F6C6576656C8A
:10172000006770696F5F696E74725F64697361628C
:101730006C65006770696F5F696E74725F656E617A
:10174000626C655F6F6E5F636F7265006770696F73
:101750005F696E74725F656E61626C650067706967
:101760006F5F7365745F696E74725F747970650022
:101770006770696F5F70756C6C646F776E5F6469BA
:1017800073006770696F5F70756C6C646F776E5F04
:10179000656E006770696F5F70756C6C75705F6403
:1017A0006973006770696F5F70756C6C75705F65E9
:1017B0006E00726D74004520282575292025733A26
:1017C00020524D54205258204255464645522046FC
:1017D000554C4C0A004520282575292025733A20B0
:1017E000524D5420525820425546464552204552AB
:1017F000524F520A004520282575292025733A208A
:101800002D2D2D52582062756666657220746F6F9B
:1018100020736D616C6C3A2025640A0045202825F0
:1018200075292025733A202573282564293A2052EA
:101830004D54204348414E4E454C204552520A00DB
:101840004520282575292025733A202573282564ED
:10185000293A20524D542041444452455353204587
:1018600052520A004520282575292025733A202543
:1018700073282564293A20524D54204D454D20426D
:101880004C4F434B204E554D204552520A004520A7
:10189000282575292025733A202573282564293A9F
:1018A00020524D54204D454D204F574E45525F45D7
:1018B00052520A004520282575292025733A2025F3
:1018C00073282564293A20524D5420424153454300
:1018D0004C4B204552520A004520282575292025C9
:1018E000733A202573282564293A20524D54204507
:1018F000565420544852455348204552520A0045F8
:1019000020282575292025733A2025732825642948
:101910003A20524D54204D4F4445204552524F528B
:101920000A004520282575292025733A202573288B
:101930002564293A20524D54204750494F204552A2
:10194000524F520A004520282575292025733A2038
:101950002573282564293A20736574206770696FA0
:1019600020666F7220524D54206472697665722031
:101970006661696C65640A00452028257529202563
:10198000733A202573282564293A20524D54204368
:101990004C4B20444956204552520A0045202825E8
:1019A00075292025733A202573282564293A205269
:1019B0004D5420636172726965722066726571753B
:1019C000656E63792063616E2774206265207A6595
:1019D000726F0A004520282575292025733A202595
:1019E00073282564293A20696E697469616C697A83
:1019F0006520524D54206472697665722066616973
:101A00006C65640A004520282575292025733A2035
:101A10002573282564293A20524D542050415241C3
:101A20004D204C454E204552524F520A0045202829
:101A30002575292025733A202573282564293A2005
:101A4000524D54205752204D454D204F5645524639
:101A50004C4F570A004520282575292025733A2028
:101A60002573282564293A20524D542064726976E2
:101A7000657220696E7374616C6C65642C2063619F
:101A80006E206E6F7420696E7374616C6C20676574
:101A90006E65726963204953522068616E646C659B
:101AA000720A004520282575292025733A20524DB9
:101AB0005420647269766572206D616C6C6F63206E
:101AC0006572726F720A00452028257529202573DA
:101AD0003A20524D54206D616C6C6F6320666169D1
:101AE0006C0A004520282575292025733A20257386
:101AF000282564293A20524D5420445249564552D3
:101B0000204552520A004520282575292025733A80
:101B1000205573696E672062756666657220616C18
:101B20006C6F63617465642066726F6D2070737290
:101B3000616D0A00726D745F77726974655F6974B4
:101B4000656D7300726D745F6472697665725F694A
:101B50006E7374616C6C00726D745F6973725F7226
:101B60006567697374657200726D745F696E746520
:101B7000726E616C5F636F6E66696700726D745F31
:101B8000636F6E66696700726D745F7365745F671B
:101B900070696F00726D745F7365745F74785F74E1
:101BA00068725F696E74725F656E00726D745F73E8
:101BB00065745F736F757263655F636C6B00726DE4
:101BC000745F7365745F74785F6C6F6F705F6D6F57
:101BD000646500726D745F7365745F6D656D6F72BF
:101BE000795F6F776E657200726D745F74785F7382
:101BF000746F7000726D745F74785F737461727467
:101C000000726D745F7365745F636C6B5F6469769B
:101C100000525443494F004520282575292025733B
:101C20003A202573282564293A20525443494F20ED
:101C30006E756D626572206572726F720A007274E1
:101C4000635F6770696F5F70756C6C646F776E5FF0
:101C5000646973007274635F6770696F5F70756C3D
:101C60006C75705F646973007274635F6770696F2D
:101C70005F7365745F646972656374696F6E007227
:101C800074635F6770696F5F6465696E6974007221
:101C900074635F6770696F5F696E69740041444384
:101CA000004144434144435F4E554D5F31206368DA
:101CB000616E6E656C206572726F720041444341C3
:101CC00044435F4E554D5F32206368616E6E656CB4
:101CD000206572726F7200452028257529202573B2
:101CE0003A2025733A25640A0A005749445448208B
:101CF0004552523A2073656520606164635F626992
:101D000074735F77696474685F746020666F7220B3
:101D1000737570706F72746564206269742077697E
:101D20006474680041444320417474656E204572B8
:101D3000720061646331206C6F636B2072656C6547
:101D40006173652063616C6C6564206265666F72A7
:101D500065206163717569726500414443322041B9
:101D60007474656E2045727200414443206F75742F
:101D70002076616C75652065727200414443204392
:101D800068616E6E656C2045727200000100000093
:101D900001000200616463325F6765745F7261779E
:101DA00000616463325F636F6E6669675F63686179
:101DB0006E6E656C5F617474656E00616463315F43
:101DC0006765745F72617700616463315F6C6F6334
:101DD0006B5F72656C6561736500616463315F633D
:101DE0006F6E6669675F6368616E6E656C5F617474
:101DF00074656E006164635F636F6D6D6F6E5F67C6
:101E000070696F5F696E697400735F706C6174668E
:101E10006F726D2E67726F7570735B67726F75701E
:101E20005F69645D002F4944462F636F6D706F6E6C
:101E3000656E74732F6472697665722F67646D6165
:101E40002E630067726F75702D3E70616972735BEF
:101E5000706169725F69645D0045202825752920DD
:101E600025733A202573282564293A20696E766106
:101E70006C696420617267756D656E740A00452037
:101E8000282575292025733A202573282564293AA9
:101E9000206E6F206D656D20666F722067646D61C6
:101EA000207478206368616E6E656C0A0045202896
:101EB0002575292025733A202573282564293A2081
:101EC0006E6F206D656D20666F722067646D612096
:101ED0007278206368616E6E656C0A004520282563
:101EE00075292025733A202573282564293A20690D
:101EF0006E76616C6964207369626C696E672063D9
:101F000068616E6E656C0A004520282575292025BC
:101F1000733A202573282564293A207369626C6915
:101F20006E67206368616E6E656C2073686F756C98
:101F30006420686176652061206469666665726503
:101F40006E7420646972656374696F6E0A0045205F
:101F5000282575292025733A202573282564293AD8
:101F6000206E6F206D656D20666F722067726F75D1
:101F700070282564290A0045202825752920257305
:101F80003A202573282564293A206E6F206D656DEF
:101F900020666F7220706169722825642C2564297F
:101FA0000A004520282575292025733A2025732805
:101FB0002564293A206E6F20667265652067646D1E
:101FC00061206368616E6E656C2C2073656172635D
:101FD0006820636F64653D25640A00706169722042
:101FE00026262067726F75700045202825752920E8
:101FF00025733A202573282564293A206368616E89
:102000006E656C206973207573696E672062792034
:102010007065726970686572616C3A2025640A00A7
:102020004520282575292025733A20257328256405
:10203000293A207065726970686572616C20256448
:1020400020697320616C72656164792075736564C1
:1020500020627920616E6F74686572206368616EBA
:102060006E656C0A004520282575292025733A20C5
:102070002573282564293A206E6F20706572697077
:10208000686572616C20697320636F6E6E6563743E
:10209000656420746F20746865206368616E6E6586
:1020A0006C0A004520282575292025733A202573C0
:1020B000282564293A20696E76616C696420737200
:1020C000616D20616C69676E6D656E743A20257A6A
:1020D000750A004520282575292025733A20257387
:1020E000282564293A20696E76616C6964207073D2
:1020F00072616D20616C69676E6D656E743A202542
:102100007A750A0067646D615F7374617274006749
:10211000646D615F7365745F7472616E736665721E
:102120005F6162696C6974790067646D615F64699D
:1021300073636F6E6E6563740067646D615F636F78
:102140006E6E6563740067646D615F6765745F637D
:1021500068616E6E656C5F69640067646D615F6481
:10216000656C5F6368616E6E656C0067646D615F6E
:1021700072656C656173655F67726F75705F6861CA
:102180006E646C650067646D615F72656C65617338
:10219000655F706169725F68616E646C6500676439
:1021A0006D615F6E65775F6368616E6E656C006719
:1021B000646D615F6E65775F6368616E6E656C000C
:1021C000706572697068203C205045524950485FE4
:1021D0004D4F44554C455F4D4158002F4944462FC3
:1021E000636F6D706F6E656E74732F647269766560
:1021F000722F7065726970685F6374726C2E630011
:102200007065726970685F6D6F64756C655F72652B
:10221000736574007065726970685F6D6F64756C6A
:10222000655F64697361626C65007065726970688E
:102230005F6D6F64756C655F656E61626C6500658E
:1022400073705F6F74615F6F707300452028257530
:10225000292025733A206E6F7420666F756E642096
:102260006F7461646174610A004520282575292016
:1022700025733A206D6D6170206F746164617461C3
:102280002066696C65642E204572723D3078253871
:10229000780A00706879735F6F66667320213D204D
:1022A0005350495F464C4153485F43414348453290
:1022B000504859535F4641494C002F4944462F63CB
:1022C0006F6D706F6E656E74732F6170705F757077
:1022D000646174652F6573705F6F74615F6F707395
:1022E0002E6300697420213D204E554C4C006F74C4
:1022F000615F6170705F636F756E74203C20313672
:1023000020262620226D7573742065726173652006
:1023100074686520706172746974696F6E2062659B
:10232000666F72652077726974696E6720746F20BA
:10233000697422004520282575292025733A2052EA
:102340006F6C6C6261636B206973206E6F742070B8
:102350006F737369626C652C20646F206E6F7420DC
:102360006861766520616E79207375697461626C4D
:1023700065206170707320696E20736C6F74730ACE
:10238000004520282575292025733A2052756E6E48
:10239000696E67206669726D776172652069732066
:1023A000666163746F72790A006573705F6F746140
:1023B0005F6765745F72756E6E696E675F7061727C
:1023C000746974696F6E006573705F6F74615F67C5
:1023D00065745F6170705F706172746974696F6E4B
:1023E0005F636F756E7400626F6F745F636F6D6DA6
:1023F000004520282575292025733A206D69736DC5
:102400006174636820636869702049442C20657892
:102410007065637465642025642C20666F756E6436
:102420002025640A004520282575292025733A2097
:10243000496D6167652072657175697265732063A6
:1024400068697020726576203E3D207625642E25D1
:10245000642C20627574206368697020697320762B
:1024600025642E25640A004520282575292025731A
:102470003A20496D6167652072657175697265738F
:10248000206368697020726576203C3D2076256463
:102490002E25642C2062757420636869702069732E
:1024A000207625642E25640A00626F6F746C6F615C
:1024B0006465725F6D6D6170004520282575292067
:1024C00025733A20747269656420746F20626F6F9F
:1024D000746C6F616465725F6D6D61702074776993
:1024E00063650A004520282575292025733A207345
:1024F00070695F666C6173685F6D6D6170206661A5
:10250000696C65643A20307825780A006D6F7369CC
:102510005F6C656E203C3D203332002F4944462FCE
:10252000636F6D706F6E656E74732F626F6F746C16
:102530006F616465725F737570706F72742F737200
:10254000632F626F6F746C6F616465725F666C613C
:1025500073682E63006D69736F5F6C656E203C3D20
:10256000203332006D69736F5F627974655F6E75D9
:102570006D203C3D203400626F6F746C6F61646548
:10258000725F666C6173685F657865637574655FBB
:10259000636F6D6D616E645F636F6D6D6F6E00650F
:1025A00073705F696D616765004520282575292076
:1025B00025733A20436865636B73756D20666169A6
:1025C0006C65642E2043616C63756C617465642076
:1025D00030782578207265616420307825780A008B
:1025E0004520282575292025733A20696D61676586
:1025F00020617420307825782068617320696E76B8
:10260000616C6964206D616769632062797465201B
:10261000286E6F7468696E6720666C6173686564A4
:1026200020686572653F290A004520282575292004
:1026300025733A20696D61676520617420307825C3
:1026400078207365676D656E7420636F756E742096
:1026500025642065786365656473206D6178202545
:10266000640A004520282575292025733A20496DE4
:10267000616765206C656E67746820256420646FEF
:1026800065736E27742066697420696E20706172AC
:10269000746974696F6E206C656E67746820256458
:1026A0000A004520282575292025733A20626F6F7E
:1026B000746C6F616465725F666C6173685F72658C
:1026C0006164206661696C656420617420307825DE
:1026D0003038780A004520282575292025733A20AE
:1026E000696E76616C6964207365676D656E7420D0
:1026F0006C656E67746820307825780A004520285C
:102700002575292025733A205365676D656E742001
:102710002564206C6F61642061646472657373204A
:102720003078253038782C20646F65736E277420DC
:102730006D6174636820646174612030782530387D
:10274000780A004520282575292025733A20626FD4
:102750006F746C6F616465725F6D6D617028307845
:1027600025782C203078257829206661696C65648D
:102770000A004520282575292025733A20696D61B6
:102780006765206F66667365742068617320777271
:1027900061707065640A004520282575292025731D
:1027A0003A20706172746974696F6E2073697A651A
:1027B000203078257820696E76616C69642C206CF5
:1027C0006172676572207468616E2031364D420A0D
:1027D0000043616C63756C61746564206861736843
:1027E000004520282575292025733A20496D616709
:1027F000652068617368206661696C6564202D20BE
:10280000696D61676520697320636F72727570749A
:102810000A004578706563746564206861736800B8
:1028200068616E646C6520213D204E554C4C002F34
:102830004944462F636F6D706F6E656E74732F62BF
:102840006F6F746C6F616465725F737570706F72B7
:10285000742F7372632F6964662F626F6F746C6F6D
:10286000616465725F7368612E6300726574203DF8
:102870003D203000626F6F746C6F616465725F73CE
:1028800068613235365F66696E69736800626F6FC2
:10289000746C6F616465725F7368613235365F6452
:1028A00061746100706172746974696F6E004520B3
:1028B000282575292025733A204E6F204D44352058
:1028C000666F756E6420696E2070617274697469D8
:1028D0006F6E207461626C650A0045202825752999
:1028E0002025733A20506172746974696F6E207488
:1028F00061626C65204D4435206D69736D61746350
:10290000680A004520282575292025733A206C6F18
:1029100061645F706172746974696F6E732072654F
:102920007475726E656420307825780A002F4944EA
:10293000462F636F6D706F6E656E74732F73706961
:102940005F666C6173682F706172746974696F6E11
:102950002E63006974657261746F7220213D204E90
:10296000554C4C00706172746974696F6E20213D22
:10297000204E554C4C006573705F706172746974C1
:10298000696F6E5F6D6D6170006573705F7061720D
:10299000746974696F6E5F65726173655F72616E91
:1029A0006765006573705F706172746974696F6EDA
:1029B0005F77726974655F726177006573705F70CD
:1029C0006172746974696F6E5F726561645F726170
:1029D00077006573705F706172746974696F6E5FA0
:1029E0007772697465006573705F70617274697481
:1029F000696F6E5F72656164006573705F706172AC
:102A0000746974696F6E5F676574006573705F7079
:102A10006172746974696F6E5F6E65787400735F5C
:102A20006D6D61705F706167655F726566636E741E
:102A30005B695D203D3D2030207C7C2028656E74E4
:102A400072795F70726F203D3D20534F435F4D4D53
:102A5000555F504147455F494E5F464C41534828BA
:102A600070616765735B706167656E6F5D292029B2
:102A7000002F4944462F636F6D706F6E656E7473DF
:102A80002F7370695F666C6173682F666C61736821
:102A90005F6D6D61702E630044504F52545F53451B
:102AA0005155454E43455F5245475F524541442885
:102AB0002875696E7433325F742926534F435F4D16
:102AC0004D555F44504F52545F50524F5F464C41FA
:102AD00053485F4D4D555F5441424C455B695D29FC
:102AE0002026204D4D555F494E56414C49440073B8
:102AF0005F6D6D61705F706167655F726566636E63
:102B0000745B695D203E203000302026262022693B
:102B10006E76616C69642068616E646C652C206FF0
:102B2000722068616E646C6520616C7265616479A5
:102B300020756E6D617070656422007370695F66E8
:102B40006C6173685F6D756E6D6170007370695F45
:102B5000666C6173685F6D6D61705F7061676573EE
:102B6000004520282575292025733A20756E657843
:102B70007065637465642073706920666C61736846
:102B8000206572726F7220636F64653A2030782519
:102B9000780A004520282575292025733A2066618A
:102BA000696C656420746F20676574206368697060
:102BB0002073697A650A006C656E5F72656D616984
:102BC0006E203C206C656E002F4944462F636F6D6C
:102BD000706F6E656E74732F7370695F666C61736E
:102BE000682F6573705F666C6173685F6170692ED2
:102BF00063006C656E5F72656D61696E203C206C70
:102C0000656E677468004520282575292025733A6C
:102C100020666C61736820656E6372797074656498
:102C20002077726974652061646472657373206DC6
:102C30007573742062652031362062797465732063
:102C4000616C69676E65640A004520282575292036
:102C500025733A20666C61736820656E63727970C3
:102C6000746564207772697465206C656E6774683A
:102C7000206D757374206265206D756C7469706C5D
:102C800065206F662031360A006275735F6163717B
:102C90007569726564006573705F666C6173685F07
:102CA00077726974655F656E6372797074656400CC
:102CB0006573705F666C6173685F777269746500D5
:102CC0006573705F666C6173685F65726173655F81
:102CD000726567696F6E007370695F666C617368B7
:102CE000004520282575292025733A204465746500
:102CF000637465642073697A652825646B29207381
:102D00006D616C6C6572207468616E2074686520FA
:102D100073697A6520696E207468652062696E61E6
:102D2000727920696D6167652068656164657228E4
:102D300025646B292E2050726F6265206661696C74
:102D400065642E0A007370695F666C617368006366
:102D50006869705F737461747573203D3D20300045
:102D60002F4944462F636F6D706F6E656E74732FBD
:102D70007370695F666C6173682F7370695F666CEE
:102D80006173685F6F735F66756E635F6170702EED
:102D90006300737069315F666C6173685F6F735F46
:102DA000636865636B5F7969656C6400735F666C0B
:102DB0006173685F6F705F6D7574657820213D2069
:102DC0004E554C4C002F4944462F636F6D706F6E0B
:102DD000656E74732F7370695F666C6173682F63BF
:102DE000616368655F7574696C732E6300657370E9
:102DF0005F7461736B5F737461636B5F69735F733F
:102E0000616E655F63616368655F64697361626C6D
:102E10006564282900735F666C6173685F6F705F1B
:102E2000637075203D3D202D31006F746865725FC1
:102E30006370756964203D3D2031006573705F6982
:102E400070635F63616C6C286F746865725F637038
:102E50007569642C20267370695F666C6173685FA6
:102E60006F705F626C6F636B5F66756E632C20289A
:102E7000766F6964202A29206F746865725F6370B9
:102E8000756964290078506F7274476574436F7276
:102E90006549442829203D3D2063707569640063BD
:102EA00070756964203D3D20735F666C6173685F77
:102EB0006F705F637075002128785461736B47658C
:102EC000745363686564756C6572537461746528C6
:102ED00029203D3D207461736B5343484544554C54
:102EE00045525F4E4F545F5354415254454420263F
:102EF0002620637075696420213D2030290073709D
:102F0000695F666C6173685F656E61626C655F695D
:102F10006E74657272757074735F636163686573F4
:102F20005F616E645F6F746865725F637075007374
:102F300070695F666C6173685F64697361626C6518
:102F40005F696E74657272757074735F63616368D4
:102F500065735F616E645F6F746865725F637075DF
:102F6000007370695F666C6173685F696E69745F36
:102F70006C6F636B006E7673000000000000000051
:102F800000000000DC300242348B0042E430024298
:102F9000F48A0042448B00420C8B0042648B004256
:102FA000248B0042F0300242FC300242000000005C
:102FB0000000000008310242A08B00426D506167A2
:102FC000654C6973742E6261636B28292E67657482
:102FD0005365714E756D626572286C6173745365CB
:102FE000714E6F29004944462F636F6D706F6E6597
:102FF0006E74732F6E76735F666C6173682F737275
:10300000632F6E76735F706167656D616E61676572
:10301000722E637070006573705F6572725F7420EA
:103020006E76733A3A506167654D616E616765729D
:103030003A3A6C6F6164286E76733A3A50617274F2
:103040006974696F6E2A2C2075696E7433325F74EF
:103050002C2075696E7433325F7429007074687245
:10306000656164004520282575292025733A20468E
:1030700061696C656420746F20616C6C6F6361744E
:1030800065207461736B2061726773210A004520AB
:10309000282575292025733A204661696C656420CE
:1030A000746F20616C6C6F636174652070746872FA
:1030B0006561642064617461210A004520282575DA
:1030C000292025733A204661696C656420746F205D
:1030D000637265617465207461736B210A006661B7
:1030E0006C736520262620224661696C6564207415
:1030F0006F206C6F636B2074687265616473206C01
:103100006973742122002F4944462F636F6D706FDD
:103110006E656E74732F707468726561642F70745D
:1031200068726561642E6300452028257529202575
:10313000733A2025733A206E6F7420737570706F28
:1031400072746564210A0066616C7365202626200E
:10315000224661696C656420746F2072656C6561DC
:103160007365206D7574657821220066616C7365E6
:1031700020262620224661696C656420746F2075C4
:103180006E6C6F636B206D757465782122007074AE
:1031900068726561645F6D757465785F756E6C6F7C
:1031A000636B00707468726561645F6D75746578D7
:1031B0005F64657374726F790070746872656164BE
:1031C0005F63616E63656C00746C7320213D204EFB
:1031D000554C4C002F4944462F636F6D706F6E65E0
:1031E0006E74732F707468726561642F7074687286
:1031F0006561645F6C6F63616C5F73746F7261674C
:10320000652E6300707468726561645F6C6F6361E2
:103210006C5F73746F726167655F74687265616417
:103220005F64656C657465645F63616C6C62616347
:103230006B007461736B5F7764740045202825759B
:10324000292025733A205461736B20776174636879
:10325000646F6720676F7420747269676765726551
:10326000642E2054686520666F6C6C6F77696E679A
:10327000207461736B7320646964206E6F742072B4
:103280006573657420746865207761746368646F22
:103290006720696E2074696D653A0A00452028250B
:1032A00075292025733A20202D2025732028257389
:1032B000290A004520282575292025733A202573E1
:1032C0000A004520282575292025733A20435055AA
:1032D0002025643A2025730A0045202825752920D9
:1032E00025733A2041626F7274696E672E0A004539
:1032F00020282575292025733A205072696E742084
:10330000435055202564202863757272656E7420C1
:10331000636F726529206261636B74726163650A11
:10332000004520282575292025733A205072696EA2
:103330007420435055202564206261636B74726170
:1033400063650A006573705F696E74725F616C6CAF
:103350006F63284554535F5447305F5744545F4C64
:103360004556454C5F494E54525F534F5552434565
:103370002C20302C207461736B5F7764745F6973E9
:10338000722C204E554C4C2C2026747764745F634D
:103390006F6E6669672D3E696E74725F68616E64F8
:1033A0006C6529004944462F636F6D706F6E656EC2
:1033B00074732F6573705F73797374656D2F7461A7
:1033C000736B5F7764742E63006573705F726567FB
:1033D00069737465725F6672656572746F735F6935
:1033E000646C655F686F6F6B5F666F725F6370754B
:1033F0002869646C655F686F6F6B5F63622C20691E
:1034000029006573705F7461736B5F7764745F61CB
:103410006464006573705F7461736B5F7764745F7D
:10342000696E6974006370755F73746172740045CE
:1034300020282575292025733A2052756E6E696EF5
:1034400067206F6E2073696E676C6520636F7265AD
:103450002076617269616E74206F662061206368F6
:1034600069702C206275742061707020697320620D
:1034700075696C742077697468206D756C74692D3A
:10348000636F726520737570706F72742E0A0045D9
:1034900020282575292025733A20436865636B2011
:1034A0007468617420434F4E4649475F4652454514
:1034B00052544F535F554E49434F52452069732034
:1034C000656E61626C656420696E206D656E756302
:1034D0006F6E6669670A007274635F636C6B5F7816
:1034E00074616C5F667265715F6765742829203D41
:1034F0003D205254435F5854414C5F465245515F02
:1035000034304D002F4944462F636F6D706F6E65E8
:103510006E74732F6573705F73797374656D2F703C
:103520006F72742F736F632F657370333273332F21
:10353000636C6B2E630072657300000014641427C3
:103540006573705F636C6B5F696E6974002868698E
:103550006E74202620287E5253545F524541534FAB
:103560004E5F4D41534B2929203D3D2030002F49CE
:1035700044462F636F6D706F6E656E74732F657345
:10358000705F73797374656D2F706F72742F736FC2
:10359000632F657370333273332F72657365745F95
:1035A000726561736F6E2E63006573705F72657311
:1035B00065745F726561736F6E5F7365745F686970
:1035C0006E7400000100000000F0016002000000C5
:1035D000000002600D0A0D0A4261636B7472616340
:1035E000653A003A307800203078253038583A3043
:1035F000782530385800207C3C2D434F525255508E
:1036000054454400207C3C2D434F4E54494E554573
:1036100053000D0A0D0A00636F72655F69643C70A8
:103620006F72744E554D5F50524F434553534F5236
:1036300053002F4944462F636F6D706F6E656E7433
:10364000732F6573705F73797374656D2F63726F19
:103650007373636F72655F696E742E630065737058
:103660005F63726F7373636F72655F696E745F73AC
:10367000656E64006573705F63726F7373636F72FE
:10368000655F696E745F696E697400000100000017
:1036900000F00160020000000000026047757275D2
:1036A000204D656469746174696F6E204572726F34
:1036B000723A20436F726520002070616E69632743
:1036C0006564202800292E200053657474696E6794
:1036D00020627265616B706F696E74206174203056
:1036E000780020616E642072657475726E696E6711
:1036F0002E2E2E0D0A000D0A454C462066696C657B
:10370000205348413235363A200052652D656E749B
:103710006572656420636F72652064756D70212029
:10372000457863657074696F6E2068617070656E4E
:10373000656420647572696E6720636F72652064CA
:10374000756D70210D0A005265626F6F74696E6746
:103750002E2E2E0D0A007666735F657272203D3D37
:10376000204553505F4F4B20262620224661696C2E
:10377000656420746F207265676973746572207662
:10378000667320636F6E736F6C6522002F49444629
:103790002F636F6D706F6E656E74732F6573705FDE
:1037A00073797374656D2F737461727475702E63A1
:1037B000002F6465762F636F6E736F6C652F0077D3
:1037C00000657272203D3D204553505F4F4B2026CF
:1037D0002620224661696C656420746F20696E69D9
:1037E000742070746872656164206D6F64756C65B7
:1037F000212200666C6173685F726574203D3D2014
:103800004553505F4F4B00646F5F636F72655F6934
:103810006E69740098AE004274773740556E6B6ED7
:103820006F776E0007010101014D656D6F727920A0
:1038300064756D702061742030780049636163683D
:10384000652073796E6320706172616D6574657255
:1038500020636F6E66696775726174696F6E20654B
:1038600072726F722C20746865206572726F72209C
:103870006164647265737320616E642073697A6534
:103880002069732030780028307800290D0A00491B
:103890006361636865207072656C6F61642070613C
:1038A00072616D6574657220636F6E6669677572AB
:1038B0006174696F6E206572726F722C2074686516
:1038C000206572726F722061646472657373206127
:1038D0006E642073697A65206973203078004463D0
:1038E000616368652073796E6320706172616D65D4
:1038F00074657220636F6E66696775726174696F53
:103900006E206572726F722C207468652065727209
:103910006F72206164647265737320616E642073DA
:10392000697A652069732030780044636163686553
:10393000207072656C6F616420706172616D657476
:10394000657220636F6E66696775726174696F6E08
:10395000206572726F722C20746865206572726FB8
:1039600072206164647265737320616E6420736990
:103970007A65206973203078005772697465206217
:1039800061636B206572726F72206F636375727210
:103990006564207768696C6520646361636865208D
:1039A000747269657320746F207772697465206220
:1039B00061636B20746F20666C6173680D0A004D43
:1039C0004D5520656E747279206661756C74206542
:1039D00072726F72206F63637572726564207768AC
:1039E000696C6520616363657373696E67207468D1
:1039F00065206164647265737320307800202869E3
:103A00006E76616C6964206D6D7520656E74727977
:103A10002900446562756720657863657074696F15
:103A20006E20726561736F6E3A200053696E676C29
:103A3000655374657020004877427265616B706FE2
:103A4000696E742000537461636B2063616E6172F0
:103A500079207761746368706F696E74207472691D
:103A600067676572656420280029200057617463C8
:103A700068706F696E742030207472696767657250
:103A800065642000425245414B20696E7374722078
:103A900000425245414B4E20696E737472200044BF
:103AA00065627567496E747220002072656769737C
:103AB0007465722064756D703A00207761732072AE
:103AC000756E6E696E6720696E2049535220636F70
:103AD0006E746578743A0D0A0045504331202020F9
:103AE000203A2030780020204550433220202020EA
:103AF0003A20307800202045504333202020203ABF
:103B000020307800202045504334202020203A20C7
:103B100030780050432020202020200050532020C7
:103B20002020202000413020202020202000413172
:103B30002020202020200041322020202020200092
:103B4000413320202020202000413420202020202C
:103B50002000413520202020202000413620202038
:103B60002020200041372020202020200041382024
:103B7000202020202000413920202020202000412A
:103B800031302020202020004131312020202020F1
:103B900000413132202020202000413133202020DC
:103BA00020200041313420202020200041313520C8
:103BB0002020202000534152202020202000455862
:103BC00043434155534500455843564144445200F0
:103BD0004C42454720202020004C454E44202020C8
:103BE00020004C434F554E5420200000133B033C13
:103BF0001C3B033C253B033C2E3B033C373B033C37
:103C0000403B033C493B033C523B033C5B3B033C96
:103C1000643B033C6D3B033C763B033C7F3B033CF6
:103C2000883B033C913B033C9A3B033CA33B033C56
:103C3000AC3B033CB53B033CBE3B033CC73B033CB6
:103C4000D03B033CD93B033CE23B033C45786365F6
:103C50007074696F6E2077617320756E68616E6431
:103C60006C65642E00556E6B6E6F776E20726561A9
:103C7000736F6E00556E68616E646C656420646578
:103C800062756720657863657074696F6E00446F54
:103C900075626C6520657863657074696F6E005538
:103CA0006E68616E646C6564206B65726E656C2015
:103CB000657863657074696F6E00436F70726F63CF
:103CC0006573736F7220657863657074696F6E00D9
:103CD000496E7465727275707420776474207469AB
:103CE0006D656F7574206F6E204350553000496EBE
:103CF00074657272757074207764742074696D6570
:103D00006F7574206F6E20435055310043616368B6
:103D1000652064697361626C6564206275742063F8
:103D20006163686564206D656D6F72792072656787
:103D3000696F6E20616363657373656400496C6CC1
:103D40006567616C496E737472756374696F6E0038
:103D500053797363616C6C00496E7374727563742C
:103D6000696F6E46657463684572726F72004C6F5E
:103D7000616453746F72654572726F72004C657640
:103D8000656C31496E7465727275707400416C6C4B
:103D90006F636100496E7465676572446976696432
:103DA0006542795A65726F00504356616C756500C3
:103DB00050726976696C65676564004C6F61645325
:103DC000746F7265416C69676E6D656E7400496EE3
:103DD0007374725044416464724572726F72004C25
:103DE0006F616453746F72655049464461746145F4
:103DF00072726F7200496E73747250494641646406
:103E0000724572726F72004C6F616453746F7265A9
:103E1000504946416464724572726F7200496E7314
:103E200074544C424D69737300496E7374544C4220
:103E30004D756C746948697400496E737446657495
:103E4000636850726976696C65676500496E737462
:103E500072466574636850726F68696269746564FC
:103E6000004C6F616453746F7265544C424D6973BA
:103E700073004C6F616453746F7265544C424D759E
:103E80006C7469686974004C6F616453746F726517
:103E900050726976696C656765004C6F6164507239
:103EA0006F686962697465640053746F72655072FB
:103EB0006F686962697465640043703044697300B7
:103EC0004370314469730043703244697300437036
:103ED000334469730043703444697300437035445C
:103EE00069730043703644697300437037446973E3
:103EF00000000000653C033C743C033C8E3C033CEA
:103F00009F3C033CBA3C033CD03C033CEE3C033CAE
:103F10000C3D033C3D3D033C503D033C583D033CC0
:103F20006E3D033C7D3D033C8D3D033C943D033C95
:103F3000A83D033CB03D033CBB3D033C3635033C50
:103F40003635033CCE3D033CDF3D033CF53D033CB1
:103F5000073E033C1D3E033C293E033C393E033CE7
:103F60003635033C4C3E033C3635033C3635033C8A
:103F70003635033C613E033C723E033C873E033CC6
:103F80003635033C9A3E033CA93E033C3635033CA0
:103F90003635033CB93E033CC03E033CC73E033CC0
:103FA000CE3E033CD53E033CDC3E033CE33E033CBB
:103FB000EA3E033C10000000CFF1000008000000C2
:103FC000C770000004000000433000000300000040
:103FD00002200000020000000110000001000000AB
:103FE0000000008000000000000000001000000041
:103FF0000F070F000800000007030700040000007F
:1040000003010300030000000200020002000000A0
:10401000010001000100000000000080000000001D
:10402000000000007374726E636D70287372635FBA
:10403000706174682C207666732D3E706174685FC1
:104040007072656669782C207666732D3E70617497
:10405000685F7072656669785F6C656E29203D3DAA
:104060002030002F4944462F636F6D706F6E656E70
:1040700074732F7666732F7666732E630074726185
:104080006E736C6174655F70617468002F6465762F
:104090002F75617274002F30002F6465762F736561
:1040A000636F6E64617279002F6465762F636F6E43
:1040B000736F6C650000000000000000A4C70042A0
:1040C000000000001CC800420000000000000000CA
:1040D00070C70042F0C70042D8C70042000000008D
:1040E00000000000000000000000000000000000D0
:1040F00000000000000000000000000000000000C0
:104100000000000000000000000000003CC8004269
:104110000000000060C8004280C8004200000000AB
:104120000000000000000000C0C80042E4C80042D7
:1041300000C9004220C90042000000000000000049
:10414000000000003CC90042000000000000000028
:104150000000000000000000A0C80042735F63740C
:10416000782E7065656B5F63686172203D3D204EFF
:104170004F4E45002F4944462F636F6D706F6E653B
:104180006E74732F7666732F7666735F7573625FD6
:1041900073657269616C5F6A7461672E6300757321
:1041A000625F73657269616C5F6A7461675F726593
:1041B0007475726E5F636861720000000000000039
:1041C00074CA004200000000F8CB0042000000006A
:1041D00000000000C0C900423C340242E4C9004271
:1041E00000000000000000000000000000000000CF
:1041F00000000000000000000000000000000000BF
:1042000000000000000000000000000000000000AE
:10421000DCCA00420000000000CA004200000000AA
:1042200000000000000000000000000014CB00426D
:1042300098CC004268CA0042D0C900420000000089
:10424000000000000000000000000000000000006E
:10425000000000000000000000000000000000005E
:104260002F31002F32006664203E3D30202626206C
:104270006664203C2033002F4944462F636F6D70E5
:104280006F6E656E74732F7666732F7666735F75C7
:104290006172742E6300735F6374785B66645D2D76
:1042A0003E7065656B5F63686172203D3D204E4FD7
:1042B0004E45006664203E3D203020262620666460
:1042C000203C203300756172745F777269746500F9
:1042D000756172745F72657475726E5F6368617226
:1042E00000756172745F7265616400756172745FFC
:1042F000636C6F736500756172745F66737461746B
:1043000000756172745F66636E746C0075617274BF
:104310005F6673796E630000000000004CD70042B6
:1043200000000000B4D700420000000000000000C0
:10433000F8D50042D8D60042A8D6004200000000BE
:10434000000000000000000000000000000000006D
:10435000000000000000000000000000000000005D
:104360000000000000000000000000004CD60042E9
:10437000000000000CD70042A8D500420000000059
:10438000000000000000000004D300424CD00042B6
:104390005CD800427CD50042000000000000000014
:1043A000000000000CCE00420000000000000000F1
:1043B000000000000000000074CD0042B81BC93F9F
:1043C000DC1BC93F001CC93F69203D3D2030207CDB
:1043D0007C20735F6C6F675F63616368655B2869EE
:1043E000202D203129202F20325D2E67656E6572C9
:1043F0006174696F6E203C20735F6C6F675F6361EF
:104400006368655B695D2E67656E65726174696F6F
:104410006E002F4944462F636F6D706F6E656E742A
:10442000732F6C6F672F6C6F672E63006765745F07
:104430006361636865645F6C6F675F6C6576656C0C
:10444000006573705F6C6F675F6C6576656C5F733A
:104450006574006573705F7074725F696E5F646924
:1044600072616D5F6472616D2828766F6964202ABD
:104470002964737461727429002F4944462F636F55
:104480006D706F6E656E74732F686561702F6865EF
:1044900061705F636170732E63006573705F707429
:1044A000725F696E5F646972616D5F6472616D28CD
:1044B00028766F6964202A2964656E64290028645F
:1044C00073746172742026203329203D3D20300012
:1044D0002864656E642026203329203D3D2030006D
:1044E0006865617020213D204E554C4C20262620C9
:1044F0002266726565282920746172676574207070
:104500006F696E746572206973206F757473696466
:10451000652068656170206172656173220068655D
:10452000617020213D204E554C4C202626202272C1
:1045300065616C6C6F63282920706F696E74657299
:10454000206973206F757473696465206865617094
:1045500020617265617322006F6C645F73697A65B4
:10456000203E203000686561705F636170735F6337
:10457000616C6C6F6300686561705F636170735F2D
:104580007265616C6C6F6300686561705F63617018
:10459000735F6672656500686561705F6361707303
:1045A0005F7265616C6C6F635F6261736500686503
:1045B00061705F636170735F7265616C6C6F635F84
:1045C00064656661756C7400686561705F636170D5
:1045D000735F6D616C6C6F635F64656661756C744D
:1045E000006472616D5F616C6C6F635F746F5F69B3
:1045F00072616D5F6164647200686561705F6361C0
:1046000070735F6D616C6C6F6300686561705F7380
:10461000697A65203C3D20484541505F53495A45E1
:104620005F4D4158002F4944462F636F6D706F6E88
:10463000656E74732F686561702F686561705F6364
:104640006170735F696E69742E6300686561705F85
:10465000696478203C3D206E756D5F68656170739C
:1046600000686561705F696478203D3D206E756DFE
:104670005F686561707300534C4953545F454D50FA
:1046800054592826726567697374657265645F683A
:1046900065617073290068656170735F6172726132
:1046A0007920213D204E554C4C00686561705F6358
:1046B0006170735F696E69740072656769737465B0
:1046C000725F6865617000434F52525550542048E4
:1046D0004541503A206D756C74695F686561702E54
:1046E000633A25642064657465637465642061744D
:1046F000203078253038780A0073746172745F70E6
:104700007472002F4944462F636F6D706F6E656E33
:1047100074732F686561702F6D756C74695F68655F
:1047200061702E63006865617020213D204E554CFC
:104730004C006D756C74695F686561705F7265616E
:104740006C6C6F635F696D706C006D756C74695F24
:10475000686561705F72656769737465725F696DC2
:10476000706C00757365640066726565000925707C
:104770002025732073697A653A20257820282570D2
:10478000290A00746C73665F6164645F706F6F6C9C
:104790003A204D656D6F7279206D75737420626576
:1047A00020616C69676E65642062792025752062DE
:1047B000797465732E0A00746C73665F6164645F5C
:1047C000706F6F6C3A204D656D6F72792073697AE6
:1047D00065206D7573742062652062657477656508
:1047E0006E20257520616E642025752062797465C0
:1047F000732E0A0063757272656E7420262620225D
:1048000066726565206C6973742063616E6E6F7487
:1048100020686176652061206E756C6C20656E7411
:10482000727922002F4944462F636F6D706F6E6559
:104830006E74732F686561702F686561705F746C4A
:1048400073662E6300626C6F636B5F746F5F70746E
:104850007228626C6F636B29203D3D20616C696733
:104860006E5F70747228626C6F636B5F746F5F70E1
:10487000747228626C6F636B292C20414C49474E3F
:104880005F53495A45292026262022626C6F636BAC
:10489000206E6F7420616C69676E65642070726F42
:1048A0007065726C792200626C6F636B5F69735F15
:1048B0006672656528626C6F636B2920262620224C
:1048C000626C6F636B2073686F756C642062652027
:1048D00066726565220021626C6F636B5F69735F4E
:1048E0006672656528626C6F636B5F6E65787428AD
:1048F000626C6F636B292920262620226E657874EE
:1049000020626C6F636B2073686F756C64206E6FD0
:104910007420626520667265652200626C6F636B4D
:104920005F73697A6528626C6F636B5F6E6578741C
:1049300028626C6F636B2929203D3D20302026269C
:1049400020226E65787420626C6F636B2073697AC5
:10495000652073686F756C64206265207A65726F7C
:104960002200707265762026262022707265765F9E
:1049700066726565206669656C642063616E206E91
:104980006F74206265206E756C6C22006E657874A1
:1049900020262620226E6578745F66726565206623
:1049A00069656C642063616E206E6F74206265209F
:1049B0006E756C6C2200746C73665F6372656174F3
:1049C000653A204D656D6F7279206D757374206244
:1049D0006520616C69676E656420746F20257520A1
:1049E00062797465732E0A0073697A656F6628753B
:1049F0006E7369676E656420696E7429202A20438E
:104A00004841525F424954203E3D20636F6E7472AC
:104A10006F6C2D3E736C5F696E6465785F636F7554
:104A20006E742026262022434841525F424954207A
:104A30006C657373207468616E20736C5F696E645B
:104A400065785F636F756E742200414C49474E5F15
:104A500053495A45203D3D20636F6E74726F6C2D33
:104A60003E736D616C6C5F626C6F636B5F73697AD0
:104A700065202F20636F6E74726F6C2D3E736C5FB8
:104A8000696E6465785F636F756E742026262022D8
:104A9000414C49474E5F53495A4520646F65732026
:104AA0006E6F74206D617463682200736C5F6D615A
:104AB000702026262022696E7465726E616C2065F6
:104AC00072726F72202D207365636F6E64206C6547
:104AD00076656C206269746D6170206973206E75F3
:104AE0006C6C2200626C6F636B5F73697A6528621D
:104AF0006C6F636B29203E3D2073697A6500626CA0
:104B00006F636B5F69735F6672656528626C6F6364
:104B10006B292026262022626C6F636B206D7573D3
:104B20007420626520667265652200626C6F636B3B
:104B30005F746F5F7074722872656D61696E696E03
:104B40006729203D3D20616C69676E5F7074722833
:104B5000626C6F636B5F746F5F7074722872656DE7
:104B600061696E696E67292C20414C49474E5F533D
:104B7000495A4529202626202272656D61696E6991
:104B80006E6720626C6F636B206E6F7420616C695E
:104B9000676E65642070726F7065726C7922006256
:104BA0006C6F636B5F73697A6528626C6F636B29E6
:104BB000203D3D2072656D61696E5F73697A652085
:104BC0002B2073697A65202B20626C6F636B5F68A2
:104BD00065616465725F6F766572686561640062C5
:104BE0006C6F636B5F73697A652872656D61696E5E
:104BF000696E6729203E3D20626C6F636B5F73694D
:104C00007A655F6D696E2026262022626C6F636B69
:104C10002073706C6974207769746820696E76619E
:104C20006C69642073697A65220021626C6F636B22
:104C30005F69735F6672656528626C6F636B2920BC
:104C400026262022626C6F636B20616C7265616442
:104C500079206D61726B6564206173206672656591
:104C600022007072657620262620227072657620DA
:104C7000706879736963616C20626C6F636B206329
:104C8000616E2774206265206E756C6C2200626C08
:104C90006F636B5F69735F667265652870726576B6
:104CA0002920262620227072657620626C6F636B45
:104CB000206973206E6F7420667265652074686F5A
:104CC000756768206D61726B656420617320737510
:104CD0006368220021626C6F636B5F69735F6C6154
:104CE00073742870726576292026262022707265DA
:104CF00076696F757320626C6F636B2063616E27DA
:104D000074206265206C61737422006E6578742073
:104D1000262620226E657874207068797369636135
:104D20006C20626C6F636B2063616E277420626518
:104D3000206E756C6C220021626C6F636B5F69730F
:104D40005F6C61737428626C6F636B292026262068
:104D50002270726576696F757320626C6F636B2069
:104D600063616E2774206265206C61737422002178
:104D7000626C6F636B5F69735F6672656528626CF6
:104D80006F636B292026262022626C6F636B206D77
:104D900075737420626520757365642200626C6FA0
:104DA000636B5F7472696D5F7573656400746C73B7
:104DB000665F7265616C6C6F6300626C6F636B5FE2
:104DC0006D657267655F6E65787400626C6F636BAA
:104DD0005F6162736F726200626C6F636B5F6D65BF
:104DE0007267655F7072657600746C73665F667279
:104DF000656500626C6F636B5F73706C69740062F1
:104E00006C6F636B5F7472696D5F6672656500736A
:104E100065617263685F7375697461626C655F6216
:104E20006C6F636B00626C6F636B5F6C6F6361745C
:104E3000655F6672656500636F6E74726F6C5F6349
:104E40006F6E7374727563740072656D6F76655FF3
:104E5000667265655F626C6F636B00696E73657225
:104E6000745F667265655F626C6F636B00434F527F
:104E70005255505420484541503A204261642068C0
:104E80006561642061742025702E2045787065630B
:104E90007465642030782530387820676F7420304E
:104EA00078253038780A00434F52525550542048E4
:104EB0004541503A20426164207461696C206174FC
:104EC0002025702E204578706563746564203078E5
:104ED0002530387820676F74203078253038780A8C
:104EE000006865616420213D204E554C4C002F49DF
:104EF00044462F636F6D706F6E656E74732F6865B7
:104F000061702F6D756C74695F686561705F706F3B
:104F100069736F6E696E672E63006D756C74695F7F
:104F2000686561705F6765745F616C6C6F63617405
:104F300065645F73697A65006D756C74695F686537
:104F400061705F7265616C6C6F63006D756C746924
:104F50005F686561705F6672656500726573657232
:104F60007665645B695D2E7374617274203C3D20CC
:104F700072657365727665645B695D2E656E64004B
:104F80002F4944462F636F6D706F6E656E74732F7B
:104F9000686561702F706F72742F6D656D6F7279B7
:104FA0005F6C61796F75745F7574696C732E6300E3
:104FB00072657365727665645B69202B20315D2EA6
:104FC0007374617274203E207265736572766564D5
:104FD0005B695D2E7374617274006D656D6F7279BB
:104FE0005F6C61796F75740045202825752920252F
:104FF000733A20534F435F524553455256455F4DD8
:10500000454D4F52595F524547494F4E2072656793
:10501000696F6E2072616E67652030782530387850
:10502000202D20307825303878206F7665726C61BD
:105030007073207769746820307825303878202D97
:10504000203078253038780A00735F70726570619F
:1050500072655F72657365727665645F72656769B4
:105060006F6E73000C0000000000003D00000001A6
:105070000500000000000000004037400040000034
:1050800004000000000000000080C83F0080000015
:1050900002000000008037400000C93F000001000E
:1050A00002000000000038400000CA3F000001007C
:1050B00002000000000039400000CB3F000001006A
:1050C0000200000000003A400000CC3F0000010058
:1050D0000200000000003B400000CD3F0000010046
:1050E0000200000000003C400000CE3F109700008E
:1050F0000200000000003D401097CE3FF068000025
:105100000300000010973D400000CF3F00800000EA
:10511000000000000000000000E00F600020000020
:105120000700000000000000535441434B2F44523D
:10513000414D00442F4952414D00535441434B2FA0
:10514000444952414D0053504952414D004E4F4E3B
:105150005F444D415F4452414D0052544352414DD2
:10516000000000002E51033C041000000A0800005B
:1051700000000000000000002851033C0450000023
:105180000A08000000000000000100003351033C49
:10519000000000000C1800000340000001000000A7
:1051A0003A51033C045000000B08000000000000CE
:1051B000010100003551033C03080000000000001D
:1051C00000000000000000004651033C00140000F5
:1051D0000000000006000000000000004D51033CEC
:1051E00004100000020800000000000000000000A1
:1051F0005A51033C00800000041000000208000027
:105200000000000001000000020000000300000098
:105210000400000005000000060000000700000078
:1052200008000000090000000A0000000B00000058
:105230000C0000000D0000000E0000000F00000038
:105240001000000011000000120000001300000018
:10525000140000002500000042000000470000008C
:105260004300000048000000440000004900000026
:10527000450000004A000000460000004B0000000E
:1052800004900060089000600C9000601090006036
:1052900014900060189000601C90006020900060E6
:1052A00024900060289000602C9000603090006096
:1052B00034900060389000603C9000604090006046
:1052C00044900060489000604C90006050900060F6
:1052D0005490006058900060000000000000000042
:1052E00000000000000000006C9000607090006002
:1052F00074900060789000607C9000608090006006
:1053000084900060889000608C90006090900060B5
:1053100094900060989000609C900060A090006065
:10532000A4900060A8900060AC900060B090006015
:10533000B4900060B8900060BC900060C0900060C5
:10534000C49000602800000012000000510000001E
:10535000FFFFFFFF52000000FFFFFFFF53000000B0
:10536000FFFFFFFF54000000FFFFFFFFFFFFFFFFF5
:1053700051000000FFFFFFFF52000000FFFFFFFF92
:1053800053000000FFFFFFFF540000008484006012
:1053900000000800110000000020000000000008CC
:1053A000000000100000010000800000004000002C
:1053B0000000000001000000030000001D000000CC
:1053C0000000000088840060000008001100000058
:1053D0000020000000000008000000100000010094
:1053E00000800000004000000000000002000000FB
:1053F000030000001D000000010000008C8400601C
:10540000000008001100000000200000000000085B
:1054100000000010000001000080000000400000BB
:105420000000000004000000030000001D00000058
:1054300002000000908400600000080011000000DD
:105440000020000000000008000000100000010023
:105450000080000000400000000000000800000084
:10546000030000001D0000000300000094840060A1
:1054700000000800110000000020000000000008EB
:10548000000000100000010000800000004000004B
:105490000000000010000000030000001D000000DC
:1054A0000400000098840060000008001100000063
:1054B00000200000000000080000001000000100B3
:1054C00000800000004000000000000020000000FC
:1054D000030000001D000000050000009C84006027
:1054E000000008001100000000200000000000087B
:1054F00000000010000001000080000000400000DB
:105500000000000040000000030000001D0000003B
:1055100006000000A08400600000080011000000E8
:105520000020000000000008000000100000010042
:10553000008000000040000000000000800000002B
:10554000030000001D00000007000000A4840060AC
:10555000000008001100000000200000000000080A
:10556000000000100000010000800000004000006A
:105570000000000000010000030000001D0000000A
:1055800008000000A884006000000800110000006E
:1055900000200000000000080000001000000100D2
:1055A0000080000000400000000000000002000039
:1055B000030000001D00000009000000AC84006032
:1055C000000008001100000000200000000000089A
:1055D00000000010000001000080000000400000FA
:1055E0000000000000040000030000001D00000097
:1055F0000A000000B08400600000080011000000F4
:105600000020000000000008000000100000010061
:1056100000800000004000000000000000080000C2
:10562000030000001D0000000B000000B4840060B7
:105630000000080011000000002000000000000829
:105640000000001000000100008000000040000089
:105650000000000000100000030000001D0000001A
:105660000C000000B8840060000008001100000079
:1056700000200000000000080000001000000100F1
:10568000008000000040000000000000002000003A
:10569000030000001D0000000D000000BC8400603D
:1056A00000000800110000000020000000000008B9
:1056B0000000001000000100008000000040000019
:1056C0000000000000400000030000001D0000007A
:1056D0000E000000C08400600000080011000000FF
:1056E0000020000000000008000000100000010081
:1056F000008000000040000000000000008000006A
:10570000030000001D0000000F000000C4840060C2
:105710000000080011000000002000000000000848
:1057200000000010000001000080000000400000A8
:105730000000000000000100030000001D00000048
:1057400010000000C8840060000008001100000084
:105750000020000000000008000000100000010010
:105760000080000000400000000000000000020077
:10577000030000001D00000011000000CC84006048
:1057800000000800110000000020000000000008D8
:105790000000001000000100008000000040000038
:1057A0000000000000000400030000001D000000D5
:1057B00012000000D084006000000800110000000A
:1057C00000200000000000080000001000000100A0
:1057D0000080000000400000000000000000080001
:1057E000030000001D00000013000000D4840060CE
:1057F0000000080011000000002000000000000868
:1058000000000010000001000080000000400000C7
:105810000000000000001000030000001D00000058
:1058200014000000D884006000000800110000008F
:10583000002000000000000800000010000001002F
:105840000080000000400000000000000000200078
:10585000030000001D000000150000000000000013
:10586000010000000200000003000000040000002E
:10587000050000000600000007000000080000000E
:10588000090000000A0000000B0000000C000000EE
:105890000D0000000E0000000F00000010000000CE
:1058A00011000000120000001300000014000000AE
:1058B00015000000FFFFFFFFFFFFFFFFFFFFFFFFDF
:1058C000FFFFFFFFFFFFFFFFFFFFFFFFFFFFFFFFE8
:1058D000FFFFFFFFFFFFFFFFFFFFFFFFFFFFFFFFD8
:1058E000FFFFFFFFFFFFFFFFFFFFFFFFFFFFFFFFC8
:1058F000FFFFFFFFFFFFFFFFFFFFFFFFFFFFFFFFB8
:10590000FFFFFFFFFFFFFFFFFFFFFFFFFFFFFFFFA7
:10591000FFFFFFFFFFFFFFFFFFFFFFFFFFFFFFFF97
:10592000FFFFFFFF01000000020000000300000075
:105930000400000005000000060000000700000051
:1059400008000000090000000A0000000B00000031
:105950000C0000000D0000000E0000007265737561
:105960006C74203D3D20636F72655F6964207C7CB0
:1059700020726573756C74203D3D205350494E4C28
:105980004F434B5F46524545002F4944462F636FB6
:105990006D706F6E656E74732F6573705F68775F7F
:1059A000737570706F72742F696E636C7564652F98
:1059B000736F632F7370696E6C6F636B2E68002852
:1059C000726573756C74203D3D205350494E4C4FA9
:1059D000434B5F4652454529203D3D20286C6F636F
:1059E0006B2D3E636F756E74203D3D203029006C39
:1059F0006F636B2D3E636F756E74203C203078466C
:105A00004600636F72655F6964203D3D206C6F6383
:105A10006B2D3E6F776E6572006C6F636B2D3E630E
:105A20006F756E74203C20307831303000737069AF
:105A30006E6C6F636B5F72656C656173650073702C
:105A4000696E6C6F636B5F6163717569726500008D
:105A50000000000004000000050000000600000037
:105A60000700000021282876642D3E666C6167736C
:105A700026564543444553435F464C5F5348415285
:105A800045442926262876642D3E666C6167732678
:105A9000564543444553435F464C5F4E4F4E534833
:105AA000415245442929002F4944462F636F6D70A8
:105AB0006F6E656E74732F6573705F68775F737553
:105AC00070706F72742F696E74725F616C6C6F634B
:105AD0002E630073766420213D204E554C4C00739C
:105AE0007664006573705F696E74725F6469736178
:105AF000626C65006573705F696E74725F66726573
:105B0000650069735F766563745F646573635F7571
:105B10007361626C650066696E645F646573635F80
:105B2000666F725F736F7572636500657272203D98
:105B30003D204553505F4F4B002F4944462F636F24
:105B40006D706F6E656E74732F6573705F68775FCD
:105B5000737570706F72742F706F72742F657370BD
:105B6000333273332F7274635F696E69742E63000E
:105B70007365745F6F636F64655F62795F65667597
:105B80007365007361725F7065726970685F6374DA
:105B9000726C004520282575292025733A2025732D
:105BA0002063616C6C65642C2062757420735F7374
:105BB00061725F706F7765725F6F6E5F636E742086
:105BC0003D3D20300A00735F7361725F706F7765CF
:105BD000725F72656C6561736500556E68616E64B5
:105BE0006C656420696E74657272757074202564CA
:105BF000206F6E20637075202564210A0045525283
:105C00004F52004553505F4641494C004553505F49
:105C10004552525F4E4F5F4D454D004553505F45D5
:105C200052525F494E56414C49445F4152470045EC
:105C300053505F4552525F494E56414C49445F5361
:105C400054415445004553505F4552525F494E56AA
:105C5000414C49445F53495A45004553505F4552B2
:105C6000525F4E4F545F464F554E44004553505F70
:105C70004552525F4E4F545F535550504F5254450A
:105C800044004553505F4552525F54494D454F556E
:105C900054004553505F4552525F494E56414C495E
:105CA000445F524553504F4E5345004553505F4556
:105CB00052525F494E56414C49445F43524300455E
:105CC00053505F4552525F494E56414C49445F56CE
:105CD000455253494F4E004553505F4552525F491C
:105CE0004E56414C49445F4D4143004553505F453A
:105CF00052525F4E4F545F46494E49534845440007
:105D00004553505F4552525F4E56535F4241534593
:105D1000004553505F4552525F4E56535F4E4F54AD
:105D20005F494E495449414C495A454400455350F6
:105D30005F4552525F4E56535F4E4F545F464F552C
:105D40004E44004553505F4552525F4E56535F5488
:105D50005950455F4D49534D4154434800455350B8
:105D60005F4552525F4E56535F524541445F4F4E1E
:105D70004C59004553505F4552525F4E56535F4E4B
:105D80004F545F454E4F5547485F53504143450080
:105D90004553505F4552525F4E56535F494E5641F0
:105DA0004C49445F4E414D45004553505F4552526A
:105DB0005F4E56535F494E56414C49445F48414EF1
:105DC000444C45004553505F4552525F4E56535F19
:105DD00052454D4F56455F4641494C454400455359
:105DE000505F4552525F4E56535F4B45595F544F7B
:105DF0004F5F4C4F4E47004553505F4552525F4EE8
:105E000056535F504147455F46554C4C00455350F3
:105E10005F4552525F4E56535F494E56414C49447E
:105E20005F5354415445004553505F4552525F4EB5
:105E300056535F494E56414C49445F4C454E47547A
:105E400048004553505F4552525F4E56535F4E4F88
:105E50005F465245455F5041474553004553505FAB
:105E60004552525F4E56535F56414C55455F544F15
:105E70004F5F4C4F4E47004553505F4552525F4E67
:105E800056535F504152545F4E4F545F464F554EEC
:105E900044004553505F4552525F4E56535F4E4546
:105EA000575F56455253494F4E5F464F554E44003B
:105EB0004553505F4552525F4E56535F5854535F9F
:105EC000454E43525F4641494C4544004553505F5F
:105ED0004552525F4E56535F5854535F44454352A8
:105EE0005F4641494C4544004553505F4552525F1F
:105EF0004E56535F5854535F4346475F4641494CA3
:105F00004544004553505F4552525F4E56535F58CB
:105F100054535F4346475F4E4F545F464F554E4480
:105F2000004553505F4552525F4E56535F454E43B6
:105F3000525F4E4F545F535550504F52544544009A
:105F40004553505F4552525F4E56535F4B45595330
:105F50005F4E4F545F494E495449414C495A45445C
:105F6000004553505F4552525F4E56535F434F5268
:105F7000525550545F4B45595F5041525400455360
:105F8000505F4552525F4E56535F434F4E54454EFD
:105F9000545F44494646455253004553505F45526D
:105FA000525F4E56535F57524F4E475F454E4352D6
:105FB000595054494F4E004553505F4552525F551A
:105FC0004C505F42415345004553505F4552525F2C
:105FD000554C505F53495A455F544F4F5F424947B4
:105FE000004553505F4552525F554C505F494E56E5
:105FF000414C49445F4C4F41445F41444452004549
:1060000053505F4552525F554C505F4455504C4978
:10601000434154455F4C4142454C004553505F4518
:1060200052525F554C505F554E444546494E45448B
:106030005F4C4142454C004553505F4552525F55BD
:106040004C505F4252414E43485F4F55545F4F465C
:106050005F52414E4745004553505F4552525F4F96
:1060600054415F42415345004553505F4552525F92
:106070004F54415F504152544954494F4E5F434F32
:106080004E464C494354004553505F4552525F4F72
:1060900054415F53454C4543545F494E464F5F4919
:1060A0004E56414C4944004553505F4552525F4F54
:1060B00054415F56414C49444154455F4641494C27
:1060C0004544004553505F4552525F4F54415F5322
:1060D0004D414C4C5F5345435F564552004553502C
:1060E0005F4552525F4F54415F524F4C4C424143C7
:1060F0004B5F4641494C4544004553505F45525221
:106100005F4F54415F524F4C4C4241434B5F494EAD
:1061100056414C49445F5354415445004553505FE8
:106120004552525F4546555345004553505F4F4BCE
:106130005F45465553455F434E54004553505F45B8
:1061400052525F45465553455F434E545F49535F36
:1061500046554C4C004553505F4552525F4546559D
:1061600053455F52455045415445445F50524F4757
:10617000004553505F4552525F434F44494E4700DC
:106180004553505F4552525F4E4F545F454E4F55F9
:1061900047485F554E555345445F4B45595F424C08
:1061A0004F434B53004553505F4552525F44414D5E
:1061B000414745445F52454144494E47004553508D
:1061C0005F4552525F494D4147455F42415345004B
:1061D0004553505F4552525F494D4147455F464CDC
:1061E0004153485F4641494C004553505F45525228
:1061F0005F494D4147455F494E56414C4944004532
:1062000053505F4552525F574946495F424153459B
:10621000004553505F4552525F574946495F4E4FC4
:10622000545F494E4954004553505F4552525F57A1
:106230004946495F4E4F545F5354415254454400C0
:106240004553505F4552525F574946495F4E4F5440
:106250005F53544F50504544004553505F45525290
:106260005F574946495F4946004553505F45525282
:106270005F574946495F4D4F4445004553505F4580
:1062800052525F574946495F535441544500455364
:10629000505F4552525F574946495F434F4E4E004B
:1062A0004553505F4552525F574946495F4E5653DA
:1062B000004553505F4552525F574946495F4D4133
:1062C00043004553505F4552525F574946495F531B
:1062D000534944004553505F4552525F5749464920
:1062E0005F50415353574F5244004553505F4552FE
:1062F000525F574946495F54494D454F55540045F3
:1063000053505F4552525F574946495F57414B458D
:106310005F4641494C004553505F4552525F5749D3
:1063200046495F574F554C445F424C4F434B0045E5
:1063300053505F4552525F574946495F4E4F545F35
:10634000434F4E4E454354004553505F4552525FB4
:10635000574946495F504F5354004553505F45528B
:10636000525F574946495F494E49545F535441541F
:1063700045004553505F4552525F574946495F5368
:10638000544F505F5354415445004553505F45525C
:10639000525F574946495F4E4F545F4153534F43F5
:1063A000004553505F4552525F574946495F545824
:1063B0005F444953414C4C4F57004553505F455241
:1063C000525F574946495F4449534341524400454F
:1063D00053505F4552525F574946495F524F435FA2
:1063E000494E5F50524F4752455353004553505FFB
:1063F0004552525F574946495F52454749535452A7
:106400004152004553505F4552525F574946495FDC
:106410005750535F54595045004553505F455252B1
:106420005F574946495F5750535F534D004553509E
:106430005F4552525F4553504E4F575F424153455F
:10644000004553505F4552525F4553504E4F575F82
:106450004E4F545F494E4954004553505F45525288
:106460005F4553504E4F575F415247004553505F71
:106470004552525F4553504E4F575F4E4F5F4D450B
:106480004D004553505F4552525F4553504E4F5754
:106490005F46554C4C004553505F4552525F455343
:1064A000504E4F575F4E4F545F464F554E44004538
:1064B00053505F4552525F4553504E4F575F494EC0
:1064C0005445524E414C004553505F4552525F4532
:1064D00053504E4F575F4558495354004553505FF2
:1064E0004552525F4553504E4F575F494600455302
:1064F000505F4552525F4450505F4641494C55529F
:1065000045004553505F4552525F4450505F5458C8
:106510005F4641494C555245004553505F455252E4
:106520005F4450505F494E56414C49445F4154547A
:1065300052004553505F4552525F4D4553485F42AC
:10654000415345004553505F4552525F4D455348B6
:106550005F574946495F4E4F545F53544152540070
:106560004553505F4552525F4D4553485F4E4F541F
:106570005F494E4954004553505F4552525F4D4567
:1065800053485F4E4F545F434F4E46494700455373
:10659000505F4552525F4D4553485F4E4F545F53D5
:1065A00054415254004553505F4552525F4D45533C
:1065B000485F4E4F545F535550504F52540045530F
:1065C000505F4552525F4D4553485F4E4F545F41B7
:1065D0004C4C4F574544004553505F4552525F4D18
:1065E0004553485F4E4F5F4D454D4F5259004553FF
:1065F000505F4552525F4D4553485F415247554D9C
:10660000454E54004553505F4552525F4D455348E7
:106610005F4558434545445F4D5455004553505FD1
:106620004552525F4D4553485F54494D454F55546F
:10663000004553505F4552525F4D4553485F4449B2
:1066400053434F4E4E4543544544004553505F45D8
:1066500052525F4D4553485F51554555455F464140
:10666000494C004553505F4552525F4D4553485F7A
:1066700051554555455F46554C4C004553505F4577
:1066800052525F4D4553485F4E4F5F504152454E09
:10669000545F464F554E44004553505F4552525F3C
:1066A0004D4553485F4E4F5F524F5554455F464FDF
:1066B000554E44004553505F4552525F4D45534837
:1066C0005F4F5054494F4E5F4E554C4C0045535010
:1066D0005F4552525F4D4553485F4F5054494F4EAE
:1066E0005F554E4B4E4F574E004553505F455252EB
:1066F0005F4D4553485F584F4E5F4E4F5F57494E71
:10670000444F57004553505F4552525F4D455348E3
:106710005F494E54455246414345004553505F45FD
:1067200052525F4D4553485F444953434152445F81
:106730004455504C4943415445004553505F4552E0
:10674000525F4D4553485F444953434152440045CD
:1067500053505F4552525F4D4553485F564F544921
:106760004E47004553505F4552525F4D4553485F79
:10677000584D4954004553505F4552525F4D455363
:10678000485F51554555455F52454144004553507A
:106790005F4552525F4D4553485F5053004553503B
:1067A0005F4552525F4D4553485F524543565F52D5
:1067B000454C45415345004553505F4552525F4556
:1067C00053505F4E455449465F424153450045533F
:1067D000505F4552525F4553505F4E455449465FA6
:1067E000494E56414C49445F504152414D5300453A
:1067F00053505F4552525F4553505F4E4554494692
:106800005F49465F4E4F545F5245414459004553DE
:10681000505F4552525F4553505F4E455449465F65
:1068200044484350435F53544152545F4641494C9E
:106830004544004553505F4552525F4553505F4EAB
:10684000455449465F444843505F414C524541449A
:10685000595F53544152544544004553505F45528B
:10686000525F4553505F4E455449465F444843503C
:106870005F414C52454144595F53544F5050454439
:10688000004553505F4552525F4553505F4E45544B
:1068900049465F4E4F5F4D454D004553505F455251
:1068A000525F4553505F4E455449465F44484350FC
:1068B0005F4E4F545F53544F505045440045535022
:1068C0005F4552525F4553505F4E455449465F44C1
:1068D00052495645525F4154544143485F464149ED
:1068E0004C4544004553505F4552525F4553505FFD
:1068F0004E455449465F494E49545F4641494C45CF
:1069000044004553505F4552525F4553505F4E45DA
:106910005449465F444E535F4E4F545F434F4E467B
:10692000494755524544004553505F4552525F45D3
:1069300053505F4E455449465F4D4C44365F464187
:10694000494C4544004553505F4552525F455350B2
:106950005F4E455449465F4950365F414444525F5B
:106960004641494C4544004553505F4552525F45AE
:1069700053505F4E455449465F44484350535F531C
:10698000544152545F4641494C4544004553505F81
:106990004552525F464C4153485F42415345004582
:1069A00053505F4552525F464C4153485F4F505FD2
:1069B0004641494C004553505F4552525F464C4159
:1069C00053485F4F505F54494D454F555400455310
:1069D000505F4552525F464C4153485F4E4F545FA3
:1069E000494E495449414C49534544004553505F31
:1069F0004552525F464C4153485F554E5355505097
:106A00004F525445445F484F5354004553505F45DF
:106A100052525F464C4153485F554E535550504F6C
:106A2000525445445F43484950004553505F4552D6
:106A3000525F464C4153485F50524F544543544572
:106A400044004553505F4552525F485454505F4292
:106A5000415345004553505F4552525F485454508E
:106A60005F4D41585F524544495245435400455398
:106A7000505F4552525F485454505F434F4E4E450D
:106A80004354004553505F4552525F485454505F41
:106A900057524954455F44415441004553505F4566
:106AA00052525F485454505F46455443485F4845EE
:106AB00041444552004553505F4552525F4854543B
:106AC000505F494E56414C49445F5452414E5350D9
:106AD0004F5254004553505F4552525F48545450F2
:106AE0005F434F4E4E454354494E47004553505F18
:106AF0004552525F485454505F45414741494E000A
:106B00004553505F4552525F485454505F434F4E77
:106B10004E454354494F4E5F434C4F534544004507
:106B200053505F4552525F4553505F544C535F4240
:106B3000415345004553505F4552525F4553505FA6
:106B4000544C535F43414E4E4F545F5245534F4C4C
:106B500056455F484F53544E414D45004553505F95
:106B60004552525F4553505F544C535F43414E4E24
:106B70004F545F4352454154455F534F434B455437
:106B8000004553505F4552525F4553505F544C533C
:106B90005F554E535550504F525445445F50524FDD
:106BA000544F434F4C5F46414D494C59004553505B
:106BB0005F4552525F4553505F544C535F464149C5
:106BC0004C45445F434F4E4E4543545F544F5F48DE
:106BD0004F5354004553505F4552525F4553505FE9
:106BE000544C535F534F434B45545F5345544F50A0
:106BF000545F4641494C4544004553505F4552520D
:106C00005F4553505F544C535F434F4E4E45435482
:106C1000494F4E5F54494D454F5554004553505FC1
:106C20004552525F4553505F544C535F53455F4646
:106C300041494C4544004553505F4552525F4553CE
:106C4000505F544C535F5443505F434C4F53454443
:106C50005F46494E004553505F4552525F4D424595
:106C600044544C535F434552545F504152544C5925
:106C70005F4F4B004553505F4552525F4D42454474
:106C8000544C535F4354525F445242475F5345450F
:106C9000445F4641494C4544004553505F4552527C
:106CA0005F4D424544544C535F53534C5F534554DE
:106CB0005F484F53544E414D455F4641494C454412
:106CC000004553505F4552525F4D424544544C532A
:106CD0005F53534C5F434F4E4649475F44454641DF
:106CE000554C54535F4641494C4544004553505F11
:106CF0004552525F4D424544544C535F53534C5F91
:106D0000434F4E465F414C504E5F50524F544F439D
:106D10004F4C535F4641494C4544004553505F45F5
:106D200052525F4D424544544C535F583530395FA1
:106D30004352545F50415253455F4641494C45448C
:106D4000004553505F4552525F4D424544544C53A9
:106D50005F53534C5F434F4E465F4F574E5F434523
:106D600052545F4641494C4544004553505F45529B
:106D7000525F4D424544544C535F53534C5F53450F
:106D80005455505F4641494C4544004553505F457A
:106D900052525F4D424544544C535F53534C5F57DE
:106DA000524954455F4641494C4544004553505F64
:106DB0004552525F4D424544544C535F504B5F50D7
:106DC000415253455F4B45595F4641494C4544004C
:106DD0004553505F4552525F4D424544544C535FBA
:106DE00053534C5F48414E445348414B455F4641E5
:106DF000494C4544004553505F4552525F4D424512
:106E000044544C535F53534C5F434F4E465F505373
:106E10004B5F4641494C4544004553505F455252F3
:106E20005F4D424544544C535F53534C5F54494368
:106E30004B45545F53455455505F4641494C45447A
:106E4000004553505F4552525F574F4C4653534C89
:106E50005F53534C5F5345545F484F53544E414D1D
:106E6000455F4641494C4544004553505F455252A9
:106E70005F574F4C4653534C5F53534C5F434F4EF9
:106E8000465F414C504E5F50524F544F434F4C530E
:106E90005F4641494C4544004553505F4552525F5F
:106EA000574F4C4653534C5F434552545F564552DF
:106EB0004946595F53455455505F4641494C4544F6
:106EC000004553505F4552525F574F4C4653534C09
:106ED0005F4B45595F5645524946595F5345545596
:106EE000505F4641494C4544004553505F4552521E
:106EF0005F574F4C4653534C5F53534C5F48414E82
:106F0000445348414B455F4641494C454400455335
:106F1000505F4552525F574F4C4653534C5F43545A
:106F2000585F53455455505F4641494C45440045D0
:106F300053505F4552525F574F4C4653534C5F532B
:106F4000534C5F53455455505F4641494C454400AE
:106F50004553505F4552525F574F4C4653534C5F19
:106F600053534C5F57524954455F4641494C454441
:106F7000004553505F4552525F48545450535F4F41
:106F800054415F42415345004553505F4552525F63
:106F900048545450535F4F54415F494E5F50524FD5
:106FA0004752455353004553505F4552525F504935
:106FB0004E475F42415345004553505F4552525F33
:106FC00050494E475F494E56414C49445F504152EB
:106FD000414D53004553505F4552525F50494E4713
:106FE0005F4E4F5F4D454D004553505F4552525FD8
:106FF00048545450445F42415345004553505F4507
:1070000052525F48545450445F48414E444C45529C
:10701000535F46554C4C004553505F4552525F48B4
:10702000545450445F48414E444C45525F45584982
:10703000535453004553505F4552525F4854545087
:10704000445F494E56414C49445F524551004553B7
:10705000505F4552525F48545450445F5245535517
:107060004C545F5452554E43004553505F45525265
:107070005F48545450445F524553505F4844520057
:107080004553505F4552525F48545450445F5245F7
:1070900053505F53454E44004553505F4552525F35
:1070A00048545450445F414C4C4F435F4D454D0054
:1070B0004553505F4552525F48545450445F5441C9
:1070C000534B004553505F4552525F48575F435200
:1070D0005950544F5F42415345004553505F45520C
:1070E000525F48575F43525950544F5F44535F4873
:1070F0004D41435F4641494C004553505F45525214
:107100005F48575F43525950544F5F44535F494E55
:1071100056414C49445F4B4559004553505F4552D9
:10712000525F48575F43525950544F5F44535F4931
:107130004E56414C49445F444947455354004553DA
:10714000505F4552525F48575F43525950544F5F0A
:1071500044535F494E56414C49445F504144444971
:107160004E47004553505F4552525F4D454D50527A
:107170004F545F42415345004553505F4552525F63
:107180004D454D50524F545F4D454D4F52595F54F0
:107190005950455F494E56414C4944004553505F54
:1071A0004552525F4D454D50524F545F53504C49DC
:1071B000545F414444525F494E56414C4944004556
:1071C00053505F4552525F4D454D50524F545F539F
:1071D000504C49545F414444525F4F55545F4F46B1
:1071E0005F52414E4745004553505F4552525F4DF7
:1071F000454D50524F545F53504C49545F414444A5
:10720000525F554E414C49474E4544004553505FEF
:107210004552525F4D454D50524F545F554E494D6A
:10722000474D545F424C4F434B5F494E56414C498A
:1072300044004553505F4552525F4D454D50524FAB
:10724000545F574F524C445F494E56414C4944009D
:107250004553505F4552525F4D454D50524F545F1C
:10726000415245415F494E56414C4944000000009F
:10727000FFFFFFFF035C033C00000000325B033CA8
:10728000010100000C5C033C020100001B5C033C9C
:10729000030100002F5C033C04010000455C033C3B
:1072A000050100005A5C033C060100006C5C033CD5
:1072B00007010000825C033C08010000925C033C73
:1072C00009010000AB5C033C0A010000BF5C033C09
:1072D0000B010000D75C033C0C010000EB5C033C9D
:1072E00000110000005D033C01110000115D033C32
:1072F000021100002D5D033C03110000435D033CBF
:10730000041100005D5D033C05110000735D033C4A
:1073100006110000905D033C07110000A95D033CCD
:1073200008110000C45D033C09110000DE5D033C50
:107330000A110000F75D033C0B1100000D5E033CD9
:107340000C110000275E033C0D110000425E033C5F
:107350000E1100005C5E033C0F110000775E033CE1
:1073600010110000925E033C11110000B05E033C5E
:1073700012110000CC5E033C13110000E85E033CD8
:1073800014110000035F033C15110000215F033C52
:1073900016110000405F033C17110000615F033CC1
:1073A000181100007E5F033C191100009A5F033C36
:1073B00000120000B75F033C01120000C85F033CED
:1073C00002120000E15F033C03120000FF5F033C78
:1073D000041200001B60033C051200003760033CF0
:1073E000001500005760033C011500006860033C75
:1073F000021500008760033C03150000A760033CF2
:1074000004150000C360033C05150000DD60033C6B
:1074100006150000F960033C001600001C61033CE7
:10742000011600002A61033C021600003B61033C88
:10743000031600005561033C041600007161033C13
:10744000051600008061033C06160000A561033CA0
:1074500000200000BD61033C01200000D061033C1E
:1074600002200000E961033C00300000FF61033CA2
:10747000013000001162033C023000002762033C2F
:10748000033000004062033C043000005962033CBA
:10749000053000006962033C063000007B62033C5B
:1074A000073000008E62033C08300000A062033CFD
:1074B00009300000B162033C0A300000C262033CA4
:1074C0000B300000D462033C0C300000EA62033C45
:1074D0000D300000FF62033C0E3000001663033CD9
:1074E0000F3000002F63033C123000004863033C60
:1074F000133000005A63033C143000007263033CF5
:10750000153000008A63033C16300000A163033C81
:1075100017300000BA63033C1C300000CF63033C0B
:1075200033300000EC63033C343000000364033C60
:10753000353000001964033C643000002D64033CC6
:10754000653000004164033C663000005964033C30
:10755000673000006C64033C683000008264033CC8
:10756000693000009664033C6A300000AF64033C5D
:107570006B300000C764033C6C300000DC64033CEB
:1075800097300000EE64033C983000000265033C35
:10759000993000001965033C004000003265033C4F
:1075A000014000004465033C024000006065033C6C
:1075B000034000007665033C044000008E65033CF8
:1075C00005400000A565033C06400000BE65033C85
:1075D00007400000D765033C08400000EE65033C0F
:1075E000094000000466033C0A4000001C66033C9E
:1075F0000B4000003166033C0C4000004B66033C2E
:107600000D4000006366033C0E4000007B66033CB7
:107610000F4000009866033C10400000B466033C35
:1076200011400000CD66033C12400000E966033CB7
:10763000134000000467033C144000001B67033C38
:10764000154000003A67033C164000004F67033CBA
:10765000174000006367033C184000007567033C57
:10766000194000008D67033C1A4000009D67033CF1
:1076700000500000B767033C01500000CE67033C98
:1076800002500000EF67033C035000000E68033C0B
:10769000045000003368033C055000005A68033C66
:1076A000065000008168033C075000009A68033CC4
:1076B00008500000BD68033C09500000E468033C2A
:1076C0000A5000000269033C0B5000002769033C8C
:1076D0000C5000004569033C0D5000006769033CF5
:1076E000006000008C69033C016000009F69033C5E
:1076F00002600000B569033C03600000CE69033CF2
:1077000004600000EC69033C056000000B6A033C68
:10771000066000002A6A033C00700000426A033CD5
:1077200001700000546A033C027000006E6A033C62
:1077300003700000836A033C047000009B6A033CF2
:1077400005700000B56A033C06700000D46A033C73
:1077500007700000EC6A033C08700000006B033CFB
:10776000008000001F6B033C01800000346B033C71
:10777000028000005C6B033C03800000816B033CD3
:1077800004800000AD6B033C05800000D46B033C1B
:1077900006800000F96B033C078000001C6C033C72
:1077A00008800000366C033C10800000556C033CE0
:1077B00011800000746C033C12800000996C033C43
:1077C00013800000C16C033C14800000EC6C033C8F
:1077D000158000001B6D033C16800000416D033CCA
:1077E000178000006A6D033C188000008B6D033C1D
:1077F00019800000AC6D033C1A800000D06D033C82
:107800001B800000F56D033C1C800000196E033CDA
:1078100031800000416E033C32800000696E033C01
:1078200033800000986E033C34800000C16E033C3E
:1078300035800000E96E033C368000000E6F033C8B
:10784000378000002F6F033C38800000506F033CEE
:1078500000900000716F033C01900000886F033CB2
:1078600000A00000A66F033C01A00000B86F033C1D
:1078700002A00000D46F033C00B00000E86F033C9E
:1078800001B00000FB6F033C02B000001770033C26
:1078900003B000003470033C04B000004E70033CA1
:1078A00005B000006970033C06B000008070033C26
:1078B00007B000009870033C08B00000B070033CB3
:1078C00000C00000C370033C01C00000DA70033C3C
:1078D00002C00000F970033C04C000001A71033CB0
:1078E00005C000003E71033C00D000006371033C02
:1078F00001D000007871033C02D000009C71033C71
:1079000003D00000BF71033C04D00000E771033CCA
:1079100005D000000C72033C06D000003272033C1C
:1079200007D000005072033C6573705F74696D6529
:1079300072006573705F74696D65725F73797374DB
:10794000696D6572004520282575292025733A2028
:107950006573705F696E74725F616C6C6F632066D3
:1079600061696C6564202830782578290A004520F3
:10797000282575292025733A206573705F696E7418
:10798000725F656E61626C65206661696C6564201A
:107990002830782578290A00282075696E743332DA
:1079A0005F7420292070203E3D206672616D652D38
:1079B0003E6131002F4944462F636F6D706F6E65D5
:1079C0006E74732F6672656572746F732F706F7249
:1079D000742F7874656E73612F706F72742E6300EC
:1079E0006C6F636B000000002F4944462F636F6D7E
:1079F000706F6E656E74732F6573705F68775F73F9
:107A00007570706F72742F696E636C7564652F7317
:107A10006F632F7370696E6C6F636B2E680000006C
:107A2000726573756C74203D3D20636F72655F698C
:107A300064207C7C20726573756C74203D3D2053FE
:107A400050494E4C4F434B5F4652454500000000A5
:107A500028726573756C74203D3D205350494E4C1F
:107A60004F434B5F4652454529203D3D20286C6FD2
:107A7000636B2D3E636F756E74203D3D2030290091
:107A80006C6F636B2D3E636F756E74203C20307895
:107A900046460000636F72655F6964203D3D206C5F
:107AA0006F636B2D3E6F776E657200006C6F636B5A
:107AB0002D3E636F756E74203C203078313030007D
:107AC0002A2A2A4552524F522A2A2A2041207374C8
:107AD00061636B206F766572666C6F7720696E20CC
:107AE0007461736B200020686173206265656E208D
:107AF00064657465637465642E007370696E6C6F81
:107B0000636B5F72656C65617365007370696E6C41
:107B10006F636B5F61637175697265007078506F38
:107B20007274496E697469616C69736553746163D9
:107B30006B000000000000000000000000000000DA
:107B40000000000048000000480000005000000055
:107B500020010000200100002001000020010000A1
:107B60000100000002000100040002000800030000
:107B70006573705F7461736B5F7764745F696E695E
:107B80007428434F4E4649475F4553505F54415315
:107B90004B5F5744545F54494D454F55545F532CE8
:107BA000207472756529006573705F7461736B5F13
:107BB0007764745F6164642869646C655F30290070
:107BC0006D61696E00726573203D3D207064545292
:107BD0005545002F4944462F636F6D706F6E656E7B
:107BE00074732F6672656572746F732F706F727421
:107BF0002F706F72745F636F6D6D6F6E2E630070A8
:107C00007854434242756666657254656D702021F2
:107C10003D204E554C4C007078537461636B427537
:107C20006666657254656D7020213D204E554C4C42
:107C300000764170706C69636174696F6E4765743A
:107C400049646C655461736B4D656D6F7279006D3D
:107C500061696E5F7461736B006573705F737461EB
:107C6000727475705F73746172745F6170705F635A
:107C70006F6D6D6F6E006573705F696E74725F61BA
:107C80006C6C6F63284554535F53595354494D45A9
:107C9000525F544152474554305F454447455F4920
:107CA0004E54525F534F55524345202B20637075FD
:107CB00069642C204553505F494E54525F464C41F5
:107CC000475F4952414D207C206C6576656C2C20C5
:107CD0005379735469636B49737248616E646C6560
:107CE000722C202673797374696D65725F68616C9C
:107CF0002C204E554C4C29004944462F636F6D7023
:107D00006F6E656E74732F6672656572746F732F14
:107D1000706F72742F706F72745F737973746963AC
:107D20006B2E630076506F7274536574757054696E
:107D30006D65720070785175657565536574436F34
:107D40006E7461696E6572002F4944462F636F6DD2
:107D5000706F6E656E74732F6672656572746F7383
:107D60002F71756575652E63007078517565756541
:107D7000536574436F6E7461696E65722D3E7578DC
:107D80004D6573736167657357616974696E6720C8
:107D90003C2070785175657565536574436F6E74DA
:107DA00061696E65722D3E75784C656E677468000A
:107DB0007078517565756500757851756575654C98
:107DC000656E677468203E202820554261736554B3
:107DD0007970655F74202920300070785374617465
:107DE0006963517565756520213D202828766F6986
:107DF00064202A2930290021282028207075635109
:107E00007565756553746F7261676520213D202823
:107E100028766F6964202A293029202920262620E7
:107E2000282075784974656D53697A65203D3D2039
:107E300030202920290021282028207075635175C1
:107E400065756553746F72616765203D3D20282814
:107E5000766F6964202A29302920292026262028A7
:107E60002075784974656D53697A6520213D20300D
:107E700020292029007853697A65203D3D207369C7
:107E80007A656F66282051756575655F74202900D5
:107E9000282075784974656D53697A65203D3D20C9
:107EA000302029207C7C20282075785175657565E7
:107EB0004C656E677468203D3D20282078517565BB
:107EC000756553697A65496E4279746573202F2010
:107ED00075784974656D53697A65202920290028D1
:107EE0002073697A656F66282051756575655F74C2
:107EF0002029202B2078517565756553697A65496D
:107F00006E42797465732029203E2078517565751D
:107F10006553697A65496E42797465730075784D69
:107F20006178436F756E7420213D2030007578496B
:107F30006E697469616C436F756E74203C3D207589
:107F4000784D6178436F756E740021282028207069
:107F5000764974656D546F5175657565203D3D209A
:107F60002828766F6964202A29302920292026268E
:107F7000202820707851756575652D3E7578497497
:107F8000656D53697A6520213D2028205542617333
:107F900065547970655F7420292030552029202987
:107FA00000212820282078436F7079506F736974FE
:107FB000696F6E203D3D2028202820426173655462
:107FC0007970655F742029203220292029202626F7
:107FD000202820707851756575652D3E75784C6543
:107FE0006E67746820213D20312029202900212836
:107FF000202820785461736B476574536368656407
:10800000756C657253746174652829203D3D202884
:1080100020282042617365547970655F742029209F
:108020003020292029202626202820785469636BB7
:1080300073546F5761697420213D20302029202915
:1080400000707851756575652D3E70634865616493
:1080500020213D202828766F6964202A2930292094
:108060007C7C20707851756575652D3E752E785332
:10807000656D6170686F72652E784D7574657848AE
:108080006F6C646572203D3D202828766F696420FE
:108090002A293029207C7C20707851756575652DE2
:1080A0003E752E7853656D6170686F72652E784DE0
:1080B00075746578486F6C646572203D3D20785416
:1080C00061736B47657443757272656E7454617346
:1080D0006B48616E646C6528290070784D75746515
:1080E0007800707851756575652D3E7578497465B1
:1080F0006D53697A65203D3D2030002128202820DD
:10810000707851756575652D3E70634865616420B2
:108110003D3D202828766F6964202A2930292029AE
:10812000202626202820707851756575652D3E75AE
:108130002E7853656D6170686F72652E784D757419
:108140006578486F6C64657220213D202828766F21
:108150006964202A293029202920290028207078C4
:108160005175657565202900212820282028207058
:10817000764275666665722029203D3D2028287666
:108180006F6964202A2930292029202626202820CA
:1081900028207078517565756520292D3E757849C0
:1081A00074656D53697A6520213D20282055426110
:1081B0007365547970655F7420292030552029201B
:1081C0002900212820282070764275666665722075
:1081D0003D3D202828766F6964202A2930292029EE
:1081E000202626202820707851756575652D3E75EE
:1081F000784974656D53697A6520213D20282055A2
:1082000042617365547970655F7420292030552070
:108210002920290076517565756544656C6574651E
:108220000078517565756552656365697665467256
:108230006F6D4953520078517565756553656D6171
:1082400070686F726554616B65007851756575650E
:108250004769766546726F6D495352007072764E6B
:108260006F746966795175657565536574436F6E92
:108270007461696E65720078517565756547656EE4
:108280006572696353656E64007851756575654301
:108290007265617465436F756E74696E6753656D61
:1082A0006170686F726553746174696300785175A9
:1082B00065756554616B654D757465785265637558
:1082C000727369766500785175657565476976657D
:1082D0004D7574657852656375727369766500785B
:1082E000517565756547656E657269634372656151
:1082F00074650078517565756547656E657269636B
:108300004372656174655374617469630078517573
:1083100065756547656E657269635265736574005E
:108320007078544342002F4944462F636F6D706F3D
:108330006E656E74732F6672656572746F732F74D9
:1083400061736B732E630070785443422D3E7563E6
:10835000537461746963616C6C79416C6C6F6361B7
:10836000746564203D3D202820282075696E74388E
:108370005F742029203220290078506F727443687E
:1083800065636B56616C69645443424D656D28703A
:10839000785461736B427566666572290078506F18
:1083A0007274636865636B56616C6964537461636E
:1083B0006B4D656D287078537461636B42756666AA
:1083C000657229002878436F726549443E3D30202C
:1083D00026262078436F726549443C3229207C7CF4
:1083E000202878436F726549443D3D282030783716
:1083F00046464646464646202929007853697A650E
:10840000203D3D2073697A656F6628205443425FA2
:10841000742029006370756964203C203200282094
:108420007849646C655461736B48616E646C655B1C
:1084300063707569645D20213D202828766F69642A
:10844000202A2930292029002820282028202820F7
:10845000707844656C617965645461736B4C6973C1
:108460007420292D3E75784E756D6265724F664990
:1084700074656D73203D3D2028205542617365541D
:108480007970655F74202920302029203F20282022
:10849000282042617365547970655F74202920310A
:1084A0002029203A202820282042617365547970C1
:1084B000655F742029203020292029202900785444
:1084C00061736B5363686564756C6564203D3D2022
:1084D0007064545255450070784576656E744C69E9
:1084E0007374007078556E626C6F636B656454438F
:1084F0004200707854696D654F75740070785469E6
:10850000636B73546F5761697400282075784E65EA
:10851000775072696F72697479203C202820323557
:108520002029202900785461736B47657453636870
:108530006564756C65725374617465282920213DEA
:10854000202820282042617365547970655F74206B
:10855000292030202900785461736B476574536378
:10856000686564756C65725374617465282920218F
:108570003D202820282042617365547970655F741E
:1085800020292032202900784E6578745461736B5D
:10859000556E626C6F636B54696D65203E3D20784B
:1085A0005469636B436F756E740070785443422056
:1085B0003D3D20707843757272656E745443425B22
:1085C00078506F7274476574436F72654944282907
:1085D0005D0070785443422D3E75784D7574657812
:1085E000657348656C6400707854434220213D20D7
:1085F000707843757272656E745443425B78506F45
:108600007274476574436F7265494428295D00752B
:1086100078496E646578546F57616974203C2031E5
:10862000007578496E646578546F4E6F7469667929
:10863000203C203100785461736B546F4E6F746925
:1086400066790070785443422D3E756C4E6F7469A4
:108650006669656456616C75655B207578496E6402
:108660006578546F4E6F74696679205D203D3D20BA
:108670007E30554C0028202820262820707854432E
:10868000422D3E784576656E744C69737449746505
:108690006D202920292D3E7076436F6E7461696EBE
:1086A00065722029203D3D202828766F6964202AA4
:1086B000293029002F4944462F636F6D706F6E6516
:1086C0006E74732F6672656572746F732F65737045
:1086D0005F6164646974696F6E732F70726976612B
:1086E00074655F696E636C7564652F66726565722B
:1086F000746F735F7461736B735F635F61646469EC
:1087000074696F6E732E68007852657475726E208E
:10871000213D2028202D312029007072765461736C
:108720006B5072696F726974795261697365007612
:108730005461736B47656E657269634E6F746966E9
:10874000794769766546726F6D49535200756C546E
:1087500061736B47656E657269634E6F74696679A4
:1087600054616B6500765461736B5072696F726906
:108770007479446973696E68657269744166746579
:108780007254696D656F757400785461736B5072C3
:10879000696F72697479446973696E686572697426
:1087A00000785461736B436865636B466F725469FC
:1087B0006D654F757400785461736B52656D6F769B
:1087C0006546726F6D4576656E744C69737400769C
:1087D0005461736B506C6163654F6E4576656E7462
:1087E0004C697374007461736B53656C6563744892
:1087F0006967686573745072696F726974795461DE
:10880000736B534D5000A5A5A5A5A5A5A5A5A5A528
:10881000A5A5A5A5A5A5A5A5A5A5785461736B4992
:108820006E6372656D656E745469636B0078546134
:10883000736B47657449646C655461736B48616E12
:10884000646C65466F724350550070635461736B7E
:108850004765744E616D6500785461736B52657342
:10886000756D65416C6C00765461736B5374617205
:10887000745363686564756C657200765461736BDC
:108880005072696F726974795365740076546173BC
:108890006B44656C61790070727644656C657465D3
:1088A0005443420070727644656C657465544C5351
:1088B00000765461736B44656C657465007854612F
:1088C000736B437265617465537461746963506955
:1088D0006E6E6564546F436F7265006820213D20A1
:1088E0002828766F6964202A293029002F494446B8
:1088F0002F636F6D706F6E656E74732F6E65776C1E
:1089000069622F6C6F636B732E63006C6F636B20F7
:10891000213D204E554C4C2026262022556E696E56
:10892000697469616C697A6564206C6F636B20752A
:1089300073656422007851756575654765744D757A
:10894000746578486F6C6465722820282068202937
:108950002029203D3D202828766F6964202A29306F
:10896000290068616E646C65203D3D202853656D6B
:108970006170686F726548616E646C655F74292010
:1089800026735F636F6D6D6F6E5F6D7574657800D4
:1089900068616E646C65203D3D202853656D617093
:1089A000686F726548616E646C655F742920267318
:1089B0005F636F6D6D6F6E5F7265637572736976FD
:1089C000655F6D75746578006573705F6E65776C53
:1089D00069625F6C6F636B735F696E697400636873
:1089E00065636B5F6C6F636B5F6E6F6E7A65726FE2
:1089F000006C6F636B5F72656C656173655F676563
:108A00006E65726963006C6F636B5F61637175693A
:108A100072655F67656E65726963005F6C6F636B3B
:108A20005F636C6F7365007472795F686561705F16
:108A3000636170735F6164645F726567696F6E28FC
:108A40006D656D5F73746172742C206D656D5F650B
:108A50006E6429004944462F636F6D706F6E656EBA
:108A600074732F62742F636F6E74726F6C6C6572A7
:108A70002F657370333263332F62742E6300657316
:108A8000705F62745F636F6E74726F6C6C65725F3F
:108A90006D656D5F72656C656173650045202825A5
:108AA00075292025733A202573282564293A204901
:108AB0006E76616C696420756E6974206E756D0ADE
:108AC000004520282575292025733A20257328255F
:108AD00064293A204976616C696420636861726137
:108AE0006374657269737469630A0045202825758B
:108AF000292025733A202573282564293A20496EB8
:108B000076616C696420617474656E756174696FF7
:108B10006E0A004520282575292025733A202573E3
:108B2000282564293A204E6F2063616C6962726166
:108B300074696F6E206566757365206275726E74F8
:108B40000A002F4944462F636F6D706F6E656E7417
:108B5000732F6573705F6164635F63616C2F65730E
:108B600070333273332F6573705F6164635F636169
:108B70006C2E6300636861727320213D204E554C5A
:108B80004C006164635F72656164696E67203C20BC
:108B900034303936006573705F6164635F63616CA4
:108BA0005F7261775F746F5F766F6C746167650089
:108BB0006765745F7265666572656E63655F706F29
:108BC000696E74006573705F6164635F63616C5F9D
:108BD000636861726163746572697A6500000000A0
:108BE000FFFFFFFF01000000010000000000000087
:108BF00000000000FFFFFFFFFFFFFFFF010000007C
:108C00000000000000000000FFFFFFFFFFFFFFFF6C
:108C10000100000000000000000000000100000052
:108C2000FFFFFFFF01000000FFFFFFFF010000004A
:108C3000FFFFFFFFFFFFFFFF01000000000000003B
:108C400000000000FFFFFFFFFFFFFFFF010000002B
:108C50000000000000000000FFFFFFFFFFFFFFFF1C
:108C6000010000000000000000000000FFFFFFFF07
:108C7000FFFFFFFF01000000FFFFFFFF01000000FA
:108C80005F32B8AF80315B000000C16FF286230015
:108C9000EFAFCC253B0100000000C16FF28623003E
:108CA000A59B7086080000000000C16FF2862300BB
:108CB00000000000000000000000000000000000B4
:108CC00000000000000000000000000000000000A4
:108CD00024EE20F3182A54000000C16FF28623000E
:108CE00009A5BC4D513C00000000C16FF286230075
:108CF00077C7DDB21B0000000000C16FF2862300C1
:108D00000000000000000000000000000000000063
:108D10000000000000000000000000000000000053
:108D2000C98BCC84FF9421000000C16FF286230020
:108D300053035035CEB600000000C16FF286230009
:108D4000B45A494E3C0000000000C16FF286230077
:108D50000000000000000000000000000000000013
:108D60000000000000000000000000000000000003
:108D70001CA1DC793C832B000000C16FF28623002C
:108D80006649464952AF02000000C16FF2862300D7
:108D9000AFCAD24E580100000000C16FF286230016
:108DA000D0B4BF04000000000080C6A47E8D030084
:108DB000BE3A0000000000000080C6A47E8D0300C3
:108DC000A8A3EF235EF762000000C16FF2862300C4
:108DD000B8D51A74442E00000000C16FF28623003B
:108DE000756C0548020000000080C6A47E8D03005B
:108DF0000000000000000000000000000000000073
:108E00000000000000000000000000000000000062
:108E1000D706234428FB69000000C16FF2862300B7
:108E2000064C4C3FEC2C00000000C16FF286230082
:108E30009458AF9A170000000000C16FF28623001B
:108E40000000000000000000000000000000000022
:108E50000000000000000000000000000000000012
:108E600061EE9B9A14BA52000000C16FF286230093
:108E700076C08B28478600000000C16FF286230071
:108E800042C6BE84300000000000C16FF28623009D
:108E900000000000000000000000000000000000D2
:108EA00000000000000000000000000000000000C2
:108EB0002687D6DC144A02000080C6A47E8D0300FB
:108EC000707B27E8044A02000000C16FF28623008D
:108ED0003BD35B302E0100000000C16FF2862300FF
:108EE00036DC3704000000000080C6A47E8D03003D
:108EF000CB340000000000000080C6A47E8D03007B
:108F00004144435F43414C490061726475696E6F2F
:108F10002D657370333200776966690001AB050017
:108F200001A30800019B080001940700018D0700C0
:108F300002F8070002F1070002E9080002E1080058
:108F400002D9080002D1080002C9080002C30600C5
:108F500002BD060002B7060002AF080002A9060023
:108F600002A30600029D060002950800028D08007B
:108F70000280020001BA0600017803006573705F89
:108F800065667573655F726561645F6669656C646B
:108F90005F626C6F62284553505F45465553455F8D
:108FA000424C4B5F56455253494F4E5F4D414A4FDD
:108FB000522C2026626C6B5F7665725F6D616A6F02
:108FC000722C204553505F45465553455F424C4BEC
:108FD0005F56455253494F4E5F4D414A4F525B30A9
:108FE0005D2D3E6269745F636F756E7429007665EE
:108FF0007273696F6E203D3D2031002F4944462F2A
:10900000636F6D706F6E656E74732F6566757365D3
:109010002F657370333273332F6573705F656675B8
:1090200073655F7274635F63616C69622E63006174
:109030007474656E203C2034006164635F756E69F2
:1090400074203C204144435F4E554D5F4D415800D4
:109050006573705F65667573655F726561645F6691
:1090600069656C645F626C6F6228646573635B64DE
:109070006573635F696E6465785D2C202661646347
:109080005F69636F64655F646966665B6469666691
:109090005F696E6465785D2C2065667573655F69D0
:1090A000636F64655F626974732900009432C93F1D
:1090B0008C32C93F8432C93F7C32C93F7432C93FC8
:1090C0006C32C93F6432C93F5C32C93F5432C93F38
:1090D0004C32C93F4432C93F3C32C93F3432C93FA8
:1090E0002C32C93F2432C93FAC32C93F6573705F2F
:1090F00065667573655F726561645F6669656C64FA
:109100005F626C6F6228646573635B695D2C202607
:109110006164635F766F6C5F646966665B695D2C32
:109120002065667573655F766F6C5F62697473291D
:10913000006573705F65667573655F7274635F6306
:10914000616C69625F6765745F63616C5F766F6CA9
:1091500074616765006573705F65667573655F72DE
:1091600074635F63616C69625F6765745F696E6990
:10917000745F636F6465006573705F6566757365C2
:109180005F7274635F63616C69625F6765745F7669
:10919000657200626C6B203E3D20302026262062E6
:1091A0006C6B203C2045465553455F424C4B5F4D10
:1091B0004158002F4944462F636F6D706F6E656E86
:1091C00074732F65667573652F7372632F65737083
:1091D0005F65667573655F7574696C6974792E6314
:1091E000006E756D5F726567203C3D202872616E70
:1091F00067655F726561645F616464725F626C6F12
:10920000636B735B626C6B5D2E656E64202D2072E8
:10921000616E67655F726561645F616464725F62FD
:109220006C6F636B735B626C6B5D2E7374617274D5
:1092300029202F2073697A656F662875696E7433EB
:10924000325F7429006566757365004520282575B1
:10925000292025733A2052616E6765206F6620646D
:1092600061746120646F6573206E6F74206D61742A
:1092700063682074686520636F64696E6720736338
:1092800068656D650A00626974735F636F756E74FB
:109290006572203C3D207265715F73697A65006577
:1092A00073705F65667573655F7574696C697479F1
:1092B0005F726561645F726567006573705F6566A4
:1092C0007573655F7574696C6974795F70726F63CB
:1092D000657373002C700060407000604470006023
:1092E000587000605C700060787000607C70006096
:1092F000987000609C700060B8700060BC70006086
:10930000D8700060DC700060F8700060FC70006075
:10931000187100601C710060387100603C71006061
:10932000587100605C7100607871006063707569ED
:1093300064203D3D2078506F7274476574436F72AE
:109340006549442829002F4944462F636F6D706F8B
:109350006E656E74732F6573705F6970632F7372BF
:10936000632F6573705F6970632E63006970632596
:1093700064006970635F7461736B006573705F692B
:1093800070635F696E697400000000004520282545
:1093900075292025733A202573282564293A2075DC
:1093A0006172745F6E756D206572726F720A00452E
:1093B00020282575292025733A202573282564291E
:1093C0003A206461746120626974206572726F7200
:1093D0000A004520282575292025733A2025732861
:1093E0002564293A2073746F702062697420657255
:1093F000726F720A004520282575292025733A20AE
:109400002573282564293A20756172742064726975
:10941000766572206572726F720A00212869735F27
:1094200072733438355F6D6F646520262620646959
:109430007361626C656420262620756172745F68B2
:10944000616C5F6765745F696E747261775F6D618F
:10945000736B282628756172745F636F6E7465780C
:10946000745B756172745F6E756D5D2E68616C29D9
:1094700029202620554152545F494E54525F54587A
:109480005F444F4E4529002F4944462F636F6D704E
:109490006F6E656E74732F6472697665722F756175
:1094A00072742E63004520282575292025733A20E3
:1094B00072785F62756666657265645F6C656E2062
:1094C0006572726F720A00756172745F666C757393
:1094D000685F696E70757400756172745F6765743A
:1094E0005F62756666657265645F646174615F6C16
:1094F000656E00756172745F7265656E61626C6540
:109500005F696E74725F6D61736B00756172745F19
:10951000776169745F74785F646F6E6500756172FE
:10952000745F776169745F74785F646F6E650075EE
:109530006172745F6765745F62617564726174659E
:1095400000756172745F7365745F626175647261E6
:10955000746500756172745F6765745F70617269CC
:10956000747900756172745F7365745F706172699C
:10957000747900756172745F6765745F73746F707E
:109580005F6269747300756172745F7365745F7391
:10959000746F705F6269747300756172745F676580
:1095A000745F776F72645F6C656E67746800756175
:1095B00072745F7365745F776F72645F6C656E67FA
:1095C000746800737461727420213D202828766FBE
:1095D0006964202A293029002F4944462F636F6D82
:1095E000706F6E656E74732F657370636F726564F0
:1095F000756D702F7372632F636F72655F64756D25
:10960000705F636F6D6D6F6E2E63006573705F6367
:109610006F72655F64756D705F6765745F757365A4
:10962000725F72616D5F696E666F00636865636B20
:1096300073756D5F73697A65203C3D203332002F6E
:109640004944462F636F6D706F6E656E74732F653E
:109650007370636F726564756D702F7372632F63BF
:109660006F72655F64756D705F666C6173682E63A1
:109670000043616C63756C61746564206368656345
:109680006B73756D00496D61676520636865636B19
:1096900073756D006573705F636F72655F64756D80
:1096A000705F696D6167655F636865636B00434FF9
:1096B0005245004553505F434F52455F44554D500E
:1096C0005F494E464F0045585452415F494E464F00
:1096D00000656C665F77726974655F636F72655F62
:1096E00064756D705F696E666F00656C665F77723A
:1096F0006974655F636F72655F64756D705F7573C4
:1097000065725F6461746100656C665F6164645F6B
:109710007365676D656E7400656C665F7361766511
:109720005F7461736B00656C665F77726974655F07
:109730007365676D656E745F686561646572006509
:109740006C665F70726F636573735F6E6F74655F75
:109750007365676D656E7400656C665F77726974BA
:10976000655F6E6F746500656C665F6164645F6EF3
:109770006F746500656C665F70726F636573735FAD
:109780007461736B735F7265677300656C665F7796
:10979000726974655F7461736B735F646174610097
:1097A000656C665F77726974655F66696C655F6832
:1097B0006561646572006573705F636F72655F6495
:1097C000756D705F646F5F77726974655F656C66F5
:1097D0005F70617373006573705F636F72655F6460
:1097E000756D705F77726974655F656C6600737420
:1097F0006B5F706164647220213D202828766F6958
:1098000064202A2930292026262073746B5F766114
:1098100064647220213D202828766F6964202A29FB
:109820003029002F4944462F636F6D706F6E656E4F
:1098300074732F657370636F726564756D702F73C9
:1098400072632F706F72742F7874656E73612F63FB
:109850006F72655F64756D705F706F72742E6300F8
:109860007461736B20213D202828766F6964202A5B
:10987000293029202626207265675F64756D702067
:10988000213D202828766F6964202A293029006527
:1098900073705F636F72655F64756D705F67657429
:1098A0005F7461736B5F726567735F64756D700081
:1098B0006573705F636F72655F64756D705F676518
:1098C000745F737461636B00636B735F63747800C0
:1098D0002F4944462F636F6D706F6E656E74732FE2
:1098E000657370636F726564756D702F7372632F2B
:1098F000636F72655F64756D705F636865636B73DA
:10990000756D2E6300636B735F63747820213D2057
:109910002828766F6964202A293029207C7C2063DE
:1099200068735F707472203D3D202828766F6964EB
:10993000202A29302900636865636B73756D2021C7
:109940003D202828766F6964202A29302900657314
:10995000705F636F72655F64756D705F7072696E62
:10996000745F636865636B73756D006573705F63C7
:109970006F72655F64756D705F636865636B737547
:109980006D5F66696E697368006573705F636F729F
:10999000655F64756D705F636865636B73756D5F3C
:1099A0007570646174650000010000000000000033
:1099B00001000000010000000100000000000000A4
:1099C0000100000001000000010000000000000094
:1099D0000000000000000000010000000000000086
:1099E0000000000000000000010000000000000076
:1099F0000100000000000000010000000000000065
:109A00000100000001000000010000000200000051
:109A1000020000000200000001000000020000003F
:109A20000200000002000000010000000000000031
:109A30000100000001000000010000000000000023
:109A40000000000000000000010000000100000014
:109A50000000000000000000030000000200000001
:109A600002000000020000000100000000000000F1
:109A700000000000000000000100000000000000E5
:109A800000000000000000000700000000000000CF
:109A900001000000010000000300000002000000BF
:109AA00002000000020000000500000002000000AB
:109AB00002000000020000000100000000000000A1
:109AC0000000000000000000010000000000000095
:109AD0000000000000000000020000000000000084
:109AE0000000000000000000020000000000000074
:109AF0000000000000000000020000000000000064
:109B00000000000000000000030000000100000051
:109B10000100000000000000030000000000000041
:109B20000000000000000000040000000000000031
:109B30000100000000000000040000000000000020
:109B4000010000000100000005000000000000000E
:109B50000000000001000000030000000000000001
:109B600001000000010000000400000001000000EE
:109B700000000000000000000300000002000000E0
:109B800002000000020000000400000001000000CC
:109B900001000000010000000500000000000000BE
:109BA00001000000010000006D65736800736D61C5
:109BB0007274636F6E666967004553504E4F57006D
:109BC0008000000000000000000000000000000015
:109BD0000000000000000000000000000000000085
:109BE0000000000000000000000000000000000075
:109BF0000000000000000000000000000000000065
:109C00006573702D7368610045202825752920250E
:109C1000733A20496E76616C6964207420666F72B5
:109C2000205348413531322F742C2074203D20259B
:109C3000752C63616E6E6F74206265203338340A50
:109C4000004520282575292025733A20496E766124
:109C50006C6964207420666F72205348413531323C
:109C60002F742C2074203D2025752C206D75737465
:109C700020657175616C206F72206C657373207440
:109C800068616E203531320A00452028257529206B
:109C900025733A2053484120444D41206275665F48
:109CA0006C656E2063616E6E6F74206578636565A8
:109CB00064206D61782073697A6520666F72206117
:109CC0002073696E676C6520626C6F636B0A004578
:109CD00020282575292025733A204661696C656422
:109CE00020746F20616C6C6F6361746520627566AF
:109CF000206D656D6F72790A004520282575292031
:109D000025733A206573705F7368615F646D615F8E
:109D10007374617274206661696C65642C206E6F67
:109D200020444D41206368616E6E656C20617661F0
:109D3000696C61626C650A0063727970746F5F733D
:109D400068617265645F67646D61004520282575F0
:109D5000292025733A204661696C656420746F2060
:109D60006163717569726520444D41206368616E5D
:109D70006E656C2C204572723D25640A00496E7632
:109D8000616C696420636F657869737420616461D4
:109D9000707465722066756E6374696F6E206D6491
:109DA000352C20696E7465726E616C3A2025732CB7
:109DB000206964663A2025730A00636F65786973C9
:109DC0007420616461707465722066756E63746975
:109DD0006F6E206973204E554C4C00636F65786937
:109DE000737420616461707465722066756E63744B
:109DF000696F6E2076657273696F6E206572726F1F
:109E000072212056657273696F6E20257820697300
:109E10002065787065637465642C206275742069B0
:109E2000742069732025780A00636F6578697374FC
:109E300020616461707465722066756E6374696F09
:109E40006E206D61676963206572726F7221204DAB
:109E50006167696320257820697320657870656380
:109E60007465642C206275742069742069732025E0
:109E7000780A00396461333639350031666432302E
:109E8000663400636F657869737420726F6D207635
:109E9000657273696F6E2025730A0000010101016C
:109EA0000101010101010103010107030501010293
:109EB000020203030404050304030405912D014277
:109EC000522D01426E2D0142912D0142B42D0142CD
:109ED000D72D0142D72D0142D72D0142D72D014266
:109EE0005F2D01427D2D0142912D0142B42D014291
:109EF00000537439657863657074696F6E00000093
:109F00002C9F033CF19E033C5374396261645F6192
:109F10006C6C6F6300000000589F033C089F033C7B
:109F2000009F033C0000000000000000D833014205
:109F3000EC3301423C3702423C370242803401425A
:109F4000EC3602426034014228340142203702429A
:109F50000000000000000000FC3501421036014204
:109F60003C3702423C37024280340142EC36024226
:109F700004370142783601424C360142B63801427C
:109F80007D38014293380142B6380142D938014246
:109F9000FC380142FC380142FC380142FC380142E5
:109FA00087380142A2380142B6380142D93801420D
:109FB000CA42014291420142A7420142CA420142C1
:109FC000ED4201421043014210430142104301425D
:109FD000104301429B420142B6420142CA42014241
:109FE000ED42014200000000000000002573000067
:109FF0002020202020202020202828282828202039
:10A000002020202020202020202020202020202050
:10A0100088101010101010101010101010101010C8
:10A0200004040404040404040404101010101010A8
:10A030001041414141414101010101010101010181
:10A0400001010101010101010101011010101010B5
:10A050001042424242424202020202020202020252
:10A06000020202020202020202020210101010207A
:10A0700000000000000000000000000000000000E0
:10A0800000000000000000000000000000000000D0
:10A0900000000000000000000000000000000000C0
:10A0A00000000000000000000000000000000000B0
:10A0B00000000000000000000000000000000000A0
:10A0C0000000000000000000000000000000000090
:10A0D0000000000000000000000000000000000080
:10A0E0000000000000000000000000000000000070
:10A0F0000000000000000000000000000000000060
:10A10000000000000000000000000000000000004F
:10A11000000000000000000000000000000000003F
:10A12000000000000000000000000000000000002F
:10A13000000000000000000000000000000000001F
:10A14000000000000000000000000000000000000F
:10A150001E6401424C61014251610142AC61014205
:10A16000ED630142EB63014294630142B863014233
:10A1700075650142E1610142546501423D6501425C
:10A18000756501427565014275650142E1610142F3
:10A19000E1610142E1610142E1610142E1610142AB
:10A1A000E1610142E16101423D650142E16101423B
:10A1B000E1610142E16101426A650142E1610142FE
:10A1C0003D650142E1610142E1610142C761014235
:10A1D000E1610142E1610142E1610142E16101426B
:10A1E000E1610142E1610142E1610142E16101425B
:10A1F00075650142E1610142D8610142C7610142D6
:10A20000756501427565014275650142E161014272
:10A21000C7610142E1610142E1610142E161014244
:10A22000E16101426A650142C76101426A6501421A
:10A23000E1610142E16101426A650142E16101427D
:10A24000C7610142E1610142E1610142C76101422E
:10A25000036201423A620142E46201421A6301422E
:10A260005A6301427A620142F064014297640142FA
:10A27000F0640142C3640142C3640142F0640142DC
:10A280003F670142F8870142F88701424D6701426A
:10A29000F8870142F8870142F887014209670142C5
:10A2A000F8870142F887014252670142546801422F
:10A2B000F88701424F6801425F680142F887014216
:10A2C0009269014298690142986901429869014284
:10A2D000986901429869014298690142986901426E
:10A2E0009869014298690142F8870142F887014262
:10A2F000F8870142F8870142F8870142F887014256
:10A30000F8870142956E0142F88701422C6A0142AA
:10A31000126B0142956E0142956E0142956E0142AB
:10A32000F8870142F8870142F8870142F887014225
:10A33000D8690142F8870142F887014298790142C1
:10A34000F8870142F8870142F8870142EC7D01421B
:10A35000F8870142097F0142F8870142F8870142EC
:10A3600065820142F8870142F8870142F88701427D
:10A37000F8870142F8870142F8870142F8870142D5
:10A38000F8870142956E0142F88701422C6A01422A
:10A390001D6B0142956E0142956E0142956E014220
:10A3A000DD6901421D6B01421E6A0142F8870142CC
:10A3B000F9690142F8870142E6750142A379014239
:10A3C000047D01421E6A0142F8870142EC7D014290
:10A3D000D2660142147F0142F8870142F8870142A8
:10A3E0006E820142F8870142D2660142303030303D
:10A3F000303030303030303030303030202020209D
:10A40000202020202020202020202020494E4600EF
:10A410004E414E003031323334353637383961628F
:10A42000636465660030313233343536373839414C
:10A430004243444546000000C2970142F094014265
:10A44000F594014250950142919701428F97014244
:10A45000389701425C970142199901428595014262
:10A46000F8980142E1980142199901421999014273
:10A4700019990142859501428595014285950142D0
:10A480008595014285950142859501428595014258
:10A49000E1980142859501428595014285950142E9
:10A4A0000E99014285950142E1980142859501424C
:10A4B000859501426B950142859501428595014242
:10A4C0008595014285950142859501428595014218
:10A4D0008595014285950142199901428595014270
:10A4E0007C9501426B9501421999014219990142EB
:10A4F00019990142859501426B950142859501426A
:10A500008595014285950142859501420E9901424A
:10A510006B9501420E990142859501428595014254
:10A520000E990142859501426B9501428595014244
:10A53000859501426B950142A7950142DE95014246
:10A5400088960142BE960142FE9601421E96014245
:10A55000949801423B9801429498014267980142C5
:10A560006798014294980142B79B014278BC01422E
:10A5700078BC0142C59B014278BC014278BC0142D3
:10A5800078BC0142819B014278BC014278BC014207
:10A59000CA9B0142CC9C014278BC0142C79C01424B
:10A5A000D79C014278BC01420A9E0142109E0142A2
:10A5B000109E0142109E0142109E0142109E0142D7
:10A5C000109E0142109E0142109E0142109E0142C7
:10A5D00078BC014278BC014278BC014278BC01429F
:10A5E00078BC014278BC014278BC014211A301420F
:10A5F00078BC0142A69E01428A9F014211A30142FA
:10A6000011A3014211A3014278BC014278BC01426E
:10A6100078BC014278BC0142509E014278BC0142A4
:10A6200078BC014218AE014278BC014278BC0142BC
:10A6300078BC01426AB2014278BC014289B301424E
:10A6400078BC014278BC0142E5B6014278BC0142C7
:10A6500078BC014278BC014278BC014278BC01421E
:10A6600078BC014278BC014278BC014211A301428E
:10A6700078BC0142A69E0142959F014211A301426E
:10A6800011A3014211A30142559E0142959F01422F
:10A69000989E014278BC0142719E014278BC014201
:10A6A00063AA014223AE014284B10142989E014255
:10A6B00078BC01426AB201424A9B014294B3014212
:10A6C00078BC014278BC0142EEB6014278BC01423E
:10A6D0004A9B014230303030303030303030303012
:10A6E000303030302020202020202020202020202A
:10A6F00020202020496E66696E697479004E614E93
:10A70000005245454E54206D616C6C6F632073752B
:10A7100063636565646564002F6275696C64732F9B
:10A720006964662F63726F7373746F6F6C2D4E471D
:10A730002F2E6275696C642F484F53542D7838362C
:10A740005F36342D7736342D6D696E677733322F4F
:10A750007874656E73612D657370333273332D6554
:10A760006C662F7372632F6E65776C69622F6E65EE
:10A77000776C69622F6C6962632F7374646C6962B1
:10A780002F64746F612E630042616C6C6F63207381
:10A79000756363656564656400504F5349580000F4
:10A7A0004300000000000000000000000000000066
:10A7B0000000000000000000000000000000000099
:10A7C0004300000000000000000000000000000046
:10A7D0000000000000000000000000000000000079
:10A7E0004300000000000000000000000000000026
:10A7F0000000000000000000000000000000000059
:10A800004300000000000000000000000000000005
:10A810000000000000000000000000000000000038
:10A8200043000000000000000000000000000000E5
:10A830000000000000000000000000000000000018
:10A8400043000000000000000000000000000000C5
:10A8500000000000000000000000000000000000F8
:10A8600043000000000000000000000000000000A5
:10A8700000000000000000000000000000000000D8
:10A880005C2F0242D4D9014200000000EF9F033C3C
:10A890006C04033CE91C033CE91C033CE91C033C3D
:10A8A000E91C033CE91C033CE91C033CE91C033C98
:10A8B000E91C033CE91C033CFFFFFFFFFFFFFFFF18
:10A8C000FFFFFFFFFFFF0000010041534349490024
:10A8D0000000000000000000000000000000000078
:10A8E00000000000000000000000415343494900FF
:10A8F0000000000000000000000000000000000058
:10A900000000000000000000000000002F627569D8
:10A910006C64732F6964662F63726F7373746F6FE7
:10A920006C2D4E472F2E6275696C642F484F53541F
:10A930002D7838365F36342D7736342D6D696E6755
:10A940007733322F7874656E73612D65737033328F
:10A9500073332D656C662F7372632F6E65776C6928
:10A96000622F6E65776C69622F6C6962632F7374F6
:10A97000646C69622F6D707265632E630000000065
:10A9800005000000190000007D000000000000002C
:10A99000BC89D897B2D29C3C33A7A8D523F64939B5
:10A9A0003DA7F444FD0FA5329D978CCF08BA5B25D7
:10A9B000436FAC642806C80A0080E03779C341437E
:10A9C000176E05B5B5B89346F5F93FE9034F384D15
:10A9D000321D30F94877825A3CBF737FDD4F1575C1
:10A9E000000000000000F03F0000000000002440D4
:10A9F00000000000000059400000000000408F40AF
:10AA0000000000000088C34000000000006AF84019
:10AA10000000000080842E4100000000D01263413D
:10AA20000000000084D797410000000065CDCD41B3
:10AA3000000000205FA00242000000E87648374294
:10AA4000000000A2941A6D42000040E59C30A24232
:10AA50000000901EC4BCD64200003426F56B0C43A7
:10AA60000080E03779C3414300A0D885573476434E
:10AA700000C84E676DC1AB43003D9160E458E143AF
:10AA8000408CB5781DAF154450EFE2D6E41A4B4424
:10AA900092D54D06CFF08044F64AE1C7022DB54469
:10AAA000B49DD9794378EA44CEE60142FCE3014201
:10AAB00001E401425CE401429DE601429BE6014261
:10AAC00044E6014268E6014225E8014291E4014280
:10AAD00004E80142EDE7014225E8014225E8014290
:10AAE00025E8014291E4014291E4014291E40142EE
:10AAF00091E4014291E4014291E4014291E4014276
:10AB0000EDE7014291E4014291E4014291E4014206
:10AB10001AE8014291E40142EDE7014291E4014269
:10AB200091E4014277E4014291E4014291E401425F
:10AB300091E4014291E4014291E4014291E4014235
:10AB400091E4014291E4014225E8014291E401428D
:10AB500088E4014277E4014225E8014225E8014208
:10AB600025E8014291E4014277E4014291E4014287
:10AB700091E4014291E4014291E401421AE8014268
:10AB800077E401421AE8014291E4014291E4014272
:10AB90001AE8014291E4014277E4014291E4014262
:10ABA00091E4014277E40142B3E40142EAE4014264
:10ABB00094E50142CAE501420AE601422AE5014262
:10ABC000A0E7014247E70142A0E7014273E70142E3
:10ABD00073E70142A0E70142DFEA0142B404024206
:10ABE000B4040242F0EA0142B4040242B404024254
:10ABF000B4040242A9EA0142B4040242B40402428B
:10AC0000F5EA0142FCEB0142B4040242F7EB0142D7
:10AC10000BEC0142B40402423DED014243ED01421E
:10AC200043ED014243ED014243ED014243ED014258
:10AC300043ED014243ED014243ED014243ED014248
:10AC4000B4040242B4040242B4040242B404024214
:10AC5000B4040242B4040242B4040242B404024204
:10AC6000B4040242CAED014297EE0142B40402422A
:10AC7000B4040242B4040242B4040242B4040242E4
:10AC8000B4040242B4040242B4040242B4040242D4
:10AC9000B40402420BF60142B4040242B40402427C
:10ACA000B404024298FA0142B40402428CFB01420D
:10ACB000B4040242B404024232FF0142B40402422C
:10ACC000B4040242B4040242B4040242B404024294
:10ACD000B4040242B4040242B4040242B404024284
:10ACE000B4040242CAED0142A2EE0142B40402429F
:10ACF000B4040242B40402427EED0142A2EE0142DB
:10AD0000BCED0142B40402429AED0142B404024295
:10AD10005EF2014216F60142BCF90142BCED01426D
:10AD2000B404024298FA01426EEA014297FB0142E2
:10AD3000B4040242B4040242A0EA0142B404024252
:10AD40006EEA014230303030303030303030303028
:10AD500030303030202020202020202020202020B3
:10AD6000202020200001000304000000000001005A
:10AD700003040000000000000703040000000000BE
:10AD800000000304000000000000000004000000B8
:10AD90000000020003040000000000010005060599
:10ADA0000000000001000506000000000000000394
:10ADB0000400000000000008000000000000000087
:10ADC000080000000000000000000000000000007B
:10ADD00001020B040B0506010B01020B040B050617
:10ADE000010B0B0B03040B050B0B0B0B0B0B040BD9
:10ADF000050B0B0B0B0B0B0B0B0B0B0B0B05080BB2
:10AE0000040B0B070B0B0B090B040B050B0B0B0BAC
:10AE10000A0B040B0B0B0B0B0B0B0B040B0B0B0B91
:10AE20000B0B0B030B0B0B0B0B0B0B0B080B0B0B7D
:10AE30000B0B0B00000000000000000008080808D1
:10AE40000808080808080808080808080808080882
:10AE50000808080808080808080808080708080774
:10AE6000020808070808060708070508000101018D
:10AE70000101010101010808080808080804080484
:10AE8000040404040808080803080804080808045F
:10AE90000804080804080808080808080804080442
:10AEA000040404040304030803080404040308045A
:10AEB0000304080804080308080808080808080824
:10AEC0000808080808080808080808080808080802
:10AED00008080808080808080808080808080808F2
:10AEE00008080808080808080808080808080808E2
:10AEF00008080808080808080808080808080808D2
:10AF000008080808080808080808080808080808C1
:10AF100008080808080808080808080808080808B1
:10AF200008080808080808080808080808080808A1
:10AF30000808080808080808080808085E0C024203
:10AF40008C09024291090242EC0902422D0C024294
:10AF50002B0C0242D40B0242F80B0242B50D024206
:10AF6000210A0242940D02427D0D0242B50D0242B9
:10AF7000B50D0242B50D0242210A0242210A0242E7
:10AF8000210A0242210A0242210A0242210A024205
:10AF9000210A02427D0D0242210A0242210A024296
:10AFA000210A0242AA0D0242210A02427D0D0242FA
:10AFB000210A0242210A0242070A0242210A0242EF
:10AFC000210A0242210A0242210A0242210A0242C5
:10AFD000210A0242210A0242210A0242B50D02421E
:10AFE000210A0242180A0242070A0242B50D024231
:10AFF000B50D0242B50D0242210A0242070A024281
:10B00000210A0242210A0242210A0242210A024284
:10B01000AA0D0242070A0242AA0D0242210A024276
:10B02000210A0242AA0D0242210A0242070A0242F2
:10B03000210A0242210A0242070A0242430A02424C
:10B040007A0A0242240B02425A0B02429A0B024233
:10B05000BA0A0242300D0242D70C0242300D0242BF
:10B06000030D0242030D0242300D0242571002420C
:10B070000C2A02420C2A0242681002420C2A0242A6
:10B080000C2A02420C2A0242211002420C2A0242DD
:10B090000C2A02426D100242741102420C2A024232
:10B0A0006F110242821102420C2A0242B512024280
:10B0B000BB120242BB120242BB120242BB1202424C
:10B0C000BB120242BB120242BB120242BB1202423C
:10B0D000BB1202420C2A02420C2A02420C2A0242F1
:10B0E0000C2A02420C2A02420C2A02420C2A024278
:10B0F0000C2A02420C2A0242421302420F1402425C
:10B100000C2A02420C2A02420C2A02420C2A024257
:10B110000C2A02420C2A02420C2A02420C2A024247
:10B120000C2A02420C2A02427F1B02420C2A0242D3
:10B130000C2A02420C2A02420C2002420C2A024231
:10B14000002102420C2A02420C2A0242A22402429C
:10B150000C2A02420C2A02420C2A02420C2A024207
:10B160000C2A02420C2A02420C2A02420C2A0242F7
:10B170000C2A02420C2A0242421302421A140242D0
:10B180000C2A02420C2A02420C2A0242F612024205
:10B190001A140242341302420C2A024212130242CF
:10B1A0000C2A0242D51702428A1B0242301F024279
:10B1B000341302420C2A02420C200242E60F0242E1
:10B1C0000B2102420C2A02420C2A024218100242AF
:10B1D0000C2A0242E60F024230303030303030303C
:10B1E00030303030303030302020202020202020DF
:10B1F0002020202020202020FFFF0100FFFF010C45
:10B20000030E0000110F2E0036060000FFFF010B99
:10B210006606D70500E701B104000000FF00190130
:10B22000105EB0020000A70406A40501C3044F008D
:10B230000001000000000000FF0015010C1B0621AA
:10B2400001421F69007706000001000000000000B5
:10B25000FFFF0100FFFF0100FFFF0100FFFF010CE6
:10B260000A060000140640004A060000FFFF010025
:10B27000FF0019010C03090C0115061B05260C0023
:10B280000001007F00007D000000000000000000C1
:10B29000FF001101041D0323030000017D000000D5
:10B2A000189F033C0C000000000000000300017C1C
:10B2B000000C01001400000014000000601A00429D
:10B2C0003500000004030000000E20001400000000
:10B2D0002C000000981A004219000000040300002E
:10B2E000000E20001400000044000000B41A0042C8
:10B2F0001900000004030000000E200014000000EC
:10B300005C000000D01A0042190000000403000095
:10B31000000E20001400000074000000EC1A00422F
:10B320002D00000004030000000E200014000000A7
:10B330008C0000001C1B00420C00000004030000F5
:10B34000000E200014000000A4000000281B004292
:10B350000C00000004030000000E20001400000098
:10B36000BC000000341B0042180000000403000071
:10B37000000E200014000000D40000004C1B00420E
:10B380006E00000004030000000E300014000000F6
:10B39000EC000000BC1B004246000000040300005B
:10B3A000000E20001400000004010000041C0042F4
:10B3B0000B00000004030000000E20001400000039
:10B3C0001C010000441C0042850000000403000032
:10B3D000000E20001400000034010000CC1C0042CC
:10B3E0001700000004030000000E200014000000FD
:10B3F0004C010000E41C0042720000000403000045
:10B40000000E20001400000064010000581D0042DE
:10B410006600000004030000000E2000140000007D
:10B420007C010000C01D00421E000000040300005B
:10B43000000E20001400000094010000E01D0042F6
:10B440005801000004030000000E2000140000005A
:10B45000AC010000381F0042360000000403000069
:10B46000000E200014000000C4010000A41F0042D0
:10B47000E600000004030000000E2000140000009D
:10B48000DC0100008C2000425F000000040300008B
:10B49000000E200014000000F4010000EC20004227
:10B4A000FA00000004030000000E20001400000059
:10B4B0000C020000E82100426600000004030000C6
:10B4C000000E200014000000240200005022004260
:10B4D0008300000004030000000E200014000000A0
:10B4E0003C020000D42200427A0000000403000065
:10B4F000000E3000140000005402000050230042EF
:10B500008500000004030000000E2000140000006D
:10B510006C020000D8230042A600000004030000D3
:10B52000000E20001400000084020000802400426D
:10B530007200000004030000000E20001400000050
:10B540009C0200007C2500428600000004030000ED
:10B55000000E200014000000B40200000426004287
:10B560007600000004030000000E2000140000001C
:10B57000CC0200007C2600425200000004030000C0
:10B58000000E200014000000E4020000D02600425B
:10B590008F00000004030000000E200014000000D3
:10B5A000FC0200006027004231000000040300009C
:10B5B000000E200014000000140300009427004235
:10B5C0007500000004030000000E200014000000BD
:10B5D0002C0300000C280042380500000403000082
:10B5E000000E30000C000000000000000300017C91
:10B5F000000C010014000000140000006C2D00423B
:10B600002F00000004030000000E200014000000C2
:10B610002C0000009C2D00422700000004030000C5
:10B62000000E20001400000044000000C42D004261
:10B630002700000004030000000E2000140000009A
:10B640005C000000EC2D00424300000004030000F9
:10B65000000E20001400000074000000302E004294
:10B660001200000004030000000E2000140000007F
:10B670008C000000442E004214000000040300006F
:10B68000000E200014000000A400000000000000D4
:10B690000000000004000000000E20001400000064
:10B6A000BC000000582E00423400000004030000DB
:10B6B000000E200014000000D40000000000000074
:10B6C0000000000004000000000E20001400000034
:10B6D000EC0000008C2E00421A0000000403000061
:10B6E000000E20001400000004010000A82E0042FB
:10B6F0004901000004030000000E200014000000B7
:10B700001C01000000000000000000000400000018
:10B71000000E2000140000003401000000000000B2
:10B720000000000004000000000E200014000000D3
:10B730004C010000000000000000000004000000B8
:10B74000000E200014000000640100000000000052
:10B750000000000004000000000E200014000000A3
:10B760007C010000F42F00423600000004030000BA
:10B77000000E2000140000009401000000000000F2
:10B780000000000004000000000E20001400000073
:10B79000AC010000000000000000000004000000F8
:10B7A000000E200014000000C40100000000000092
:10B7B0000000000004000000000E20001400000043
:10B7C000DC01000000000000000000000400000098
:10B7D000000E200014000000F40100000000000032
:10B7E0000000000004000000000E20001400000013
:10B7F0000C02000000000000000000000400000037
:10B80000000E2000140000002402000000000000D0
:10B810000000000004000000000E200014000000E2
:10B820003C020000000000000000000004000000D6
:10B83000000E200014000000540200000000000070
:10B840000000000004000000000E200014000000B2
:10B850006C02000000000000000000000400000076
:10B86000000E200014000000840200000000000010
:10B870000000000004000000000E20001400000082
:10B880009C0200002C300042140000000403000061
:10B89000000E20000C000000000000000300017CEE
:10B8A000000C010014000000140000009C2F024254
:10B8B0002200000004030000000E2000140000001D
:10B8C0002C000000403000421E0000000403000075
:10B8D000000E2000140000004400000000000000E2
:10B8E0000000000004000000000EA0011400000091
:10B8F0005C000000000000000000000004000000E8
:10B90000000E2000140000007400000060300042AF
:10B910001100000004030000000E200014000000CD
:10B920008C000000C02F024214000000040300003D
:10B93000000E200014000000A40000000000000021
:10B940000000000004000000000E200014000000B1
:10B95000BC00000000000000000000000400000027
:10B96000000E700014000000D40000000000000071
:10B970000000000004000000000E20001400000081
:10B98000EC000000000000000000000004000000C7
:10B99000000E200014000000040100000000000060
:10B9A0000000000004000000000E20001400000051
:10B9B0001C01000000000000000000000400000066
:10B9C000000E200014000000340100000000000000
:10B9D0000000000004000000000E20001400000021
:10B9E0004C01000000000000000000000400000006
:10B9F000000E2000140000006401000074300042BA
:10BA00006800000004030000000E50001400000055
:10BA10007C010000DC3000422B0000000403000029
:10BA2000000E20001400000094010000000000003F
:10BA30000000000004000000000E200014000000C0
:10BA4000AC01000000000000000000000400000045
:10BA5000000E200014000000C401000000000000DF
:10BA60000000000004000000000E20001400000090
:10BA7000DC010000000000000000000004000000E5
:10BA8000000E200014000000F4010000000000007F
:10BA90000000000004000000000E20001400000060
:10BAA0000C02000000000000000000000400000084
:10BAB000000E20001400000024020000000000001E
:10BAC0000000000004000000000E20001400000030
:10BAD0003C02000000000000000000000400000024
:10BAE000000E2000140000005402000000000000BE
:10BAF0000000000004000000000E20001400000000
:10BB00006C020000000000000000000004000000C3
:10BB1000000E8001140000008402000000000000FC
:10BB20000000000004000000000E200014000000CF
:10BB30009C02000000000000000000000400000063
:10BB4000000E200014000000B402000000000000FD
:10BB50000000000004000000000E2000140000009F
:10BB6000CC02000000000000000000000400000003
:10BB7000000E200014000000E40200000831004222
:10BB80006901000004030000000E300014000000F2
:10BB9000FC020000743200421600000004030000A2
:10BBA000000E20001400000014030000000000003C
:10BBB0000000000004000000000E20000C00000047
:10BBC000000000000300017C000C010014000000D4
:10BBD00014000000383E004227000000040300006B
:10BBE000000E2000140000002C000000683E0042FF
:10BBF0002800000004030000000E300018000000C0
:10BC000000000000037A504C00017C000600602F09
:10BC10000142000C0100000018000000200000009C
:10BC2000000000000000000004000000000400000C
:10BC300000000E20180000003C0000000000000082
:10BC400000000000040000000004000000000E20BE
:10BC50001800000058000000000000000000000074
:10BC6000040000000004000000000E201800000086
:10BC700000000000037A504C00017C000600602F99
:10BC80000142000C0100000018000000200000002C
:10BC9000000000000000000004000000000400009C
:10BCA00000000E20180000003C00000080860042CA
:10BCB0001800000004F8B1033C04030000000E204B
:10BCC0001800000058000000988600421400000090
:10BCD000040000000004030000000E201800000013
:10BCE00074000000000000000000000004000000DC
:10BCF0000004000000000E4018000000900000004A
:10BD0000AC86004221000000040000000004030093
:10BD100000000E2018000000AC0000000000000031
:10BD200000000000040000000004000000000E20DD
:10BD300018000000C8000000000000000000000023
:10BD4000040000000004000000000E2018000000A5
:10BD5000E4000000D08600423C00000004FCB10377
:10BD60003C04030000000E30180000000001000039
:10BD70000C8700420D0000000400000000040300D6
:10BD800000000E20180000001C0100000000000050
:10BD900000000000040000000004000000000E305D
:10BDA0001800000038010000000000000000000042
:10BDB000040000000004000000000E201800000035
:10BDC000540100000000000000000000040000001A
:10BDD0000004000000000E30180000007001000098
:10BDE000000000000000000004000000000400004B
:10BDF00000000E30180000008C0100000000000060
:10BE000000000000040000000004000000000E30EC
:10BE100018000000A8010000000000000000000061
:10BE2000040000000004000000000E3018000000B4
:10BE3000C401000000000000000000000400000039
:10BE40000004000000000E3018000000E0010000B7
:10BE500000000000000000000400000000040000DA
:10BE600000000E3018000000FC010000000000007F
:10BE700000000000040000000004000000000E307C
:10BE80001800000018020000000000000000000080
:10BE9000040000000004000000000E301800000044
:10BEA0003402000000000000000000000400000058
:10BEB0000004000000000E301800000050020000D6
:10BEC000000000000000000004000000000400006A
:10BED00000000E30180000006C020000000000009E
:10BEE00000000000040000000004000000000E300C
:10BEF00018000000880200000000000000000000A0
:10BF0000040000000004000000000E3018000000D3
:10BF1000A402000000000000000000000400000077
:10BF20000004000000000E3018000000C0020000F5
:10BF300000000000000000000400000000040000F9
:10BF400000000E3018000000DC02000000000000BD
:10BF500000000000040000000004000000000E309B
:10BF600018000000F80200000000000000000000BF
:10BF7000040000000004000000000E301800000063
:10BF80001403000000000000000000000400000096
:10BF90000004000000000E30180000003003000014
:10BFA0000000000000000000040000000004000089
:10BFB00000000E30180000004C03000000000000DC
:10BFC00000000000040000000004000000000E302B
:10BFD00018000000680300000000000000000000DE
:10BFE000040000000004000000000E3018000000F3
:10BFF00084030000000000000000000004000000B6
:10C000000004000000000E3018000000A003000033
:10C010000000000000000000040000000004000018
:10C0200000000E2018000000BC030000000000000B
:10C0300000000000040000000004000000000E20CA
:10C0400018000000D80300000000000000000000FD
:10C05000040000000004000000000E201800000092
:10C06000F4030000000000000000000004000000D5
:10C070000004000000000E30180000001004000052
:10C0800000000000000000000400000000040000A8
:10C0900000000E20180000002C040000000000002A
:10C0A00000000000040000000004000000000E205A
:10C0B000180000004804000000000000000000001C
:10C0C000040000000004000000000E201800000022
:10C0D00064040000000000000000000004000000F4
:10C0E0000004000000000E30180000008004000072
:10C0F0000000000000000000040000000004000038
:10C1000000000E20180000009C0400000000000049
:10C1100000000000040000000004000000000E30D9
:10C1200018000000B804000000000000000000003B
:10C13000040000000004000000000E3018000000A1
:10C14000D404000000000000000000000400000013
:10C150000004000000000E2018000000F0040000A1
:10C1600000000000000000000400000000040000C7
:10C1700000000E200C000000000000000300017C05
:10C18000000C010014000000140000001C87004295
:10C19000AE00000004030000000E60001400000068
:10C1A0002C000000CC870042360100000403000090
:10C1B000000E900214000000440000000000000087
:10C1C0000000000004000000000E500014000000F9
:10C1D0005C000000000000000000000004000000FF
:10C1E000000E900114000000740000000000000028
:10C1F0000000000004000000000E80011400000098
:10C200008C0000000000000000000000040000009E
:10C21000000E700014000000A400000000000000E8
:10C220000000000004000000000E80011400000067
:10C23000BC0000000000000000000000040000003E
:10C24000000E700014000000D40000000000000088
:10C250000000000004000000000E70001400000048
:10C26000EC000000000000000000000004000000DE
:10C27000000E600014000000040100000000000037
:10C280000000000004000000000E20001400000068
:10C290001C0100000000000000000000040000007D
:10C2A000000E6000140000003401000000000000D7
:10C2B0000000000004000000000E20001400000038
:10C2C0004C0100000000000000000000040000001D
:10C2D000000E2000140000006401000000000000B7
:10C2E0000000000004000000000E600014000000C8
:10C2F0007C010000000000000000000004000000BD
:10C30000000E600014000000940100000000000016
:10C310000000000004000000000E400014000000B7
:10C32000AC0100000000000000000000040000005C
:10C33000000E200014000000C4010000908900429B
:10C340006401000004030000000E600018000000FB
:10C3500000000000037A504C00017C000600602FB2
:10C360000142000C01000000180000002000000045
:10C3700000000000000000000400000000040000B5
:10C3800000000E20180000003C000000000000002B
:10C3900000000000040000000004000000000E2067
:10C3A000180000005800000000000000000000001D
:10C3B000040000000004000000000E20180000002F
:10C3C00074000000000000000000000004000000F5
:10C3D0000004000000000E20180000009000000083
:10C3E0000000000000000000040000000004000045
:10C3F00000000E2018000000AC000000000000004B
:10C4000000000000040000000004000000000E20F6
:10C4100018000000C800000000000000000000003C
:10C42000040000000004000000000E2018000000BE
:10C43000E400000000000000000000000400000014
:10C440000004000000000E201800000000010000A1
:10C4500000000000000000000400000000040000D4
:10C4600000000E20180000001C0100000000000069
:10C4700000000000040000000004000000000E3076
:10C48000180000003801000000000000000000005B
:10C49000040000000004000000000E20180000004E
:10C4A0005401000000000000000000000400000033
:10C4B0000004000000000E201800000070010000C1
:10C4C0000000000000000000040000000004000064
:10C4D00000000E20180000008C0100000000000089
:10C4E00000000000040000000004000000000E2016
:10C4F00018000000A801000000000000000000007B
:10C50000040000000004000000000E2018000000DD
:10C51000C401000000000000000000000400000052
:10C520000004000000000E2018000000E0010000E0
:10C5300000000000000000000400000000040000F3
:10C5400000000E200C000000000000000300017C31
:10C55000000C01001400000014000000F48A0042E6
:10C560001500000004030000000E2000140000006D
:10C570002C0000000C8B004215000000040300009A
:10C58000000E20001400000044000000248B004234
:10C590001000000004030000000E20001400000042
:10C5A0005C000000448B00421D00000004030000FA
:10C5B000000E20001400000074000000648B004294
:10C5C0001D00000004030000000E20001400000005
:10C5D0008C000000848B00421A000000040300005D
:10C5E000000E20000C000000000000000300017C91
:10C5F000000C01001400000014000000E48B004255
:10C600002200000004030000000E200014000000BF
:10C610002C000000000000000000000004000000EA
:10C62000000E40001400000044000000088C00428E
:10C63000BD00000004030000000E300014000000E4
:10C640005C000000C88C004277000000040300007A
:10C65000000E300014000000740000000000000014
:10C660000000000004000000000E20000C0000008C
:10C67000000000000300017C000C01001400000019
:10C6800014000000408D00428200000004030000FE
:10C69000000E2000140000002C000000C48D004299
:10C6A0004200000004030000000E20000C00000007
:10C6B000000000000300017C000C010014000000D9
:10C6C00014000000D48E0042290000000403000082
:10C6D000000E2000140000002C000000008F00421B
:10C6E0001400000004030000000E200014000000ED
:10C6F00044000000148F00427E000000040300008C
:10C70000000E5000140000005C000000AC3102423A
:10C710005800000004030000000E30001400000068
:10C7200074000000948F00425700000004030000D2
:10C73000000E2000140000008C00000004320242B1
:10C740007E00000004030000000E30001400000012
:10C75000A400000000000000000000000400000031
:10C76000000E200014000000BC00000000000000CB
:10C770000000000004000000000E80011400000012
:10C78000D4000000000000000000000004000000D1
:10C79000000E300014000000EC0000008432024261
:10C7A0002800000004030000000E20001400000018
:10C7B0000401000020900042330000000403000048
:10C7C000000E2000140000001C010000000000000A
:10C7D0000000000004000000000E20001400000013
:10C7E0003401000000000000000000000400000010
:10C7F000000E2000140000004C01000000000000AA
:10C800000000000004000000000E200014000000E2
:10C8100064010000000000000000000004000000AF
:10C82000000E2000140000007C0100000000000049
:10C830000000000004000000000E60001400000072
:10C8400094010000949000422A01000004030000BB
:10C85000000E600014000000AC010000C091004216
:10C86000B601000004030000000E70001400000078
:10C87000C4010000000000000000000004000000EF
:10C88000000E900114000000DC0100000000000018
:10C890000000000004000000000E900114000000E1
:10C8A000F4010000789300425300000004030000EC
:10C8B000000E6000140000000C02000000000000E8
:10C8C0000000000004000000000E600014000000E2
:10C8D00024020000CC9300421E0300000403000069
:10C8E000000E9001140000003C020000EC96004293
:10C8F0005C01000004030000000E50001400000062
:10C900005402000048980042C200000004030000E6
:10C91000000E50001800000000000000037A504C88
:10C9200000017C000600602F0142000C01000000A5
:10C9300018000000200000000000000000000000BF
:10C94000040000000004000000000E201800000099
:10C950003C0000002099004241000000040000005B
:10C960000004030000000E20180000005800000022
:10C9700000000000000000000400000000040000AF
:10C9800000000E20180000007400000064990042AE
:10C9900043030000040CB2033C04030000000E70CB
:10C9A0000C000000000000000300017C000C0100EE
:10C9B0001400000014000000A89C00423600000093
:10C9C00004030000000E20000C0000000000000026
:10C9D0000300017C000C01001400000014000000A2
:10C9E000E09C00422C00000004030000000E200028
:10C9F000140000002C0000000C9D004228000000E4
:10CA000004030000000E2000140000004400000099
:10CA1000000000000000000004000000000E2000E4
:10CA20000C000000000000000300017C000C01006D
:10CA300014000000140000000000000000000000CE
:10CA400004000000000E2000140000002C00000074
:10CA5000000000000000000004000000000E2000A4
:10CA6000140000004400000000000000000000006E
:10CA700004000000000E2000140000005C00000014
:10CA8000000000000000000004000000000E200074
:10CA90001800000000000000037A504C00017C00E8
:10CAA0000600602F0142000C010000001800000089
:10CAB00020000000B83602423400000004000000EC
:10CAC0000004030000000E30180000003C000000CD
:10CAD000202D0142DB0000000400000000040300E0
:10CAE00000000E301800000058000000FC2D01422C
:10CAF0004E000000040000000004030000000E309F
:10CB000018000000740000004C2E014238000000A4
:10CB1000040000000004030000000E4018000000A4
:10CB200090000000842E0142580000000400000024
:10CB30000004030000000E2018000000AC000000FC
:10CB4000DC2E01421C000000040000000004030071
:10CB500000000E2018000000C8000000F82E01425E
:10CB600068000000040000000004030000000E3014
:10CB700018000000E4000000602F0142C70200001E
:10CB8000041CB2033C04030000000E7018000000F7
:10CB900000010000283201427D0000000438B20389
:10CBA0003C04030000000E401800000000000000DC
:10CBB000037A504C00017C000600602F0142000CFB
:10CBC000010000001800000020000000B432014203
:10CBD00023000000040000000004030000000E20F9
:10CBE000180000003C000000D83201421A0000008A
:10CBF0000450B2033C04030000000E2018000000A3
:10CC000058000000F43201423A0000000454B2031C
:10CC10003C04030000000E20180000007400000017
:10CC200054330142120000000458B2033C040300D4
:10CC300000000E200C000000000000000300017C3A
:10CC4000000C0100140000001400000000000000AF
:10CC50000000000004000000000E2000180000008A
:10CC600000000000037A504C00017C000600602F99
:10CC70000142000C0100000018000000200000002C
:10CC8000000000000000000004000000000400009C
:10CC900000000E20180000003C0000000000000012
:10CCA00000000000040000000004000000000E204E
:10CCB0001800000058000000000000000000000004
:10CCC000040000000004000000000E301800000006
:10CCD00074000000000000000000000004000000DC
:10CCE0000004000000000E3018000000900000005A
:10CCF000000000000000000004000000000400002C
:10CD000000000E2018000000AC0000000000000031
:10CD100000000000040000000004000000000E20DD
:10CD200018000000C8000000000000000000000023
:10CD3000040000000004000000000E2018000000A5
:10CD4000E4000000000000000000000004000000FB
:10CD50000004000000000E20180000000001000088
:10CD60007833014252000000045CB2033C0403002B
:10CD700000000E20180000001C010000CC3301420E
:10CD80000B000000046CB2033C04030000000E2002
:10CD90000C000000000000000300017C000C0100FA
:10CDA0001400000014000000EC36024232000000C3
:10CDB00004030000000E3000140000002C000000EE
:10CDC000803401422000000004030000000E200017
:10CDD0000C000000000000000300017C000C0100BA
:10CDE0001400000014000000FC3401426200000046
:10CDF00004030000000E20000C00000000000000F2
:10CE00000300017C000C010014000000140000006D
:10CE1000000000000000000004000000000E2000E0
:10CE2000140000002C0000000000000000000000C2
:10CE300004000000000E2000140000004400000068
:10CE4000743501425000000004030000000E200071
:10CE50000C000000000000000300017C000C010039
:10CE600014000000140000004C3601422C000000A9
:10CE700004030000000E2000140000002C0000003D
:10CE8000783601428C00000004030000000E4000D0
:10CE90001400000044000000043701422600000096
:10CEA00004030000000E2000180000000000000035
:10CEB000037A504C00017C000600602F0142000CF8
:10CEC0000100000018000000200000002C37014283
:10CED000320000000470B2033C04030000000E2086
:10CEE000180000003C0000007C37014209000000EF
:10CEF000040000000004030000000E2018000000E1
:10CF000058000000983701420900000004000000AA
:10CF10000004030000000E201800000000000000C4
:10CF2000037A504C00017C000600602F0142000C87
:10CF3000010000001800000020000000B03701428E
:10CF4000360000000490B2033C04030000000E20F1
:10CF50000C000000000000000300017C000C010038
:10CF60001400000014000000000000000000000099
:10CF700004000000000E20000C0000000000000073
:10CF80000300017C000C01001400000014000000EC
:10CF9000000000000000000004000000000E20005F
:10CFA0000C000000000000000300017C000C0100E8
:10CFB0001400000014000000000000000000000049
:10CFC00004000000000E20000C0000000000000023
:10CFD0000300017C000C010014000000140000009C
:10CFE000000000000000000004000000000E20000F
:10CFF0000C000000000000000300017C000C010098
:10D0000014000000140000004C3A0142C20100006C
:10D0100004030000000E4000140000002C0000007B
:10D02000503C01426400000004030000000E400078
:10D030001400000044000000B43C014274000000F1
:10D0400004030000000E6000140000005C000000FB
:10D050007C3D01421500000004030000000E30007A
:10D060001800000074000000A43D0142EE00000022
:10D0700004060000000C07B00100000018000000CA
:10D0800090000000943E014296000000040600005B
:10D09000000C07A00100000018000000AC00000018
:10D0A0002C3F01429C00000004060000000C07A079
:10D0B0000100000018000000C8000000C83F014245
:10D0C0009E00000004070000000C07A00100000003
:10D0D00014000000E400000068400142100000005D
:10D0E00004030000000E200014000000FC000000FB
:10D0F000784001425400000004060000000C077054
:10D100000C000000000000000300017C000C010086
:10D110001400000014000000304101425A000000D9
:10D1200004030000000E3000140000002C0000007A
:10D130008C4101425000000004030000000E30004A
:10D140001400000044000000DC4601429603000089
:10D1500004030000000E5000140000005C000000FA
:10D16000804A01423E00000004030000000E20003F
:10D170001400000074000000C04A014210000000CA
:10D1800004030000000E2000140000008C000000CA
:10D19000D04A01421A00000004030000000E2000E3
:10D1A00014000000A4000000EC4A01423600000018
:10D1B00004030000000E200014000000BC0000006A
:10D1C000244B01421000000004030000000E200068
:10D1D00014000000D4000000344B0142160000008F
:10D1E00004030000000E200014000000EC0000000A
:10D1F0004C4B01429300000004030000000E20008D
:10D200001400000004010000E04B01420C0000008B
:10D2100004030000000E2000140000001C010000A8
:10D22000EC4B01421400000004030000000E20003B
:10D230001400000034010000004C0142CA0000004C
:10D2400004030000000E3000000000000000000099
:10D25000442D00425077004254A00042B4A700423F
:10D260008C000142A4220142303301427833014252
:10D27000FFFFFFFF54330142CC33014200000000A6
:10D28000F0FF0F600000106000E00F6000E00F6032
:10D290000000003D0000003E004037401C183840B0
:10D2A0000040C83F1C18C93F2018C93FD062C93F81
:020000043FC9F2
:101820003C773740010000000100000000007042DA
:1018300000001041000080410000F041000096428D
:101840000000A8410000C0400000A8410AD7233D85
:10185000000020400000803F0AD7233C0101010125
:101860000000A04000004041B304033C66666641AE
:101870009A9959410000A041BB04033C9A996141E7
:10188000CDCC5C4100007041BF04033C33336B415D
:10189000000058410000C84101010C030000000095
:1018A0000000000000000000000000000000000038
:1018B0000000000000000000000000000000000028
:1018C0000101000000000000000000000000000016
:1018D0000000000000000000000000000000000008
:1018E00000000000000000000101000000000000F6
:1018F00000000000000000000000000000000000E8
:1019000000000000000000000000000000000000D7
:1019100001010000000000000000000000000000C5
:1019200000000000000000000000000000000000B7
:1019300000000000000000000101000000000000A5
:101940000000000000000000000000000000000097
:101950000000000000000000000000000000000087
:101960000101000000000000000000000000000075
:101970000000000000000000000000000000000067
:101980000000000000000000010100000000000055
:101990000000000000000000000000000000000047
:1019A0000000000000000000000000000000000037
:1019B0000101000000000000000000000000000025
:1019C0000000000000000000000000000000000017
:1019D000000000000000000001010000F419C93FF0
:1019E000FFFF3FB300000000030000000000000004
:1019F0000000000000400060000000000060016086
:101A00000068016000000000FFFF3FB3000000001D
:101A100000000000000000000000000000000000C6
:101A200000000000FFFF3FB300000000FFFF3FB3D6
:101A3000000000000000000000000000FFFF3FB3B6
:101A400000000000010000004C1AC93FEC49C93FEA
:101A50009047C93F704AC93FF84CC93F0C47C93F3E
:101A6000784CC93FF04BC93F5849C93F00000000BE
:101A7000FFFF3FB300000000FFFFFFFFFFFF3FB38A
:101A800000000000FFFF3FB300000000FFFF3FB376
:101A900000000000FFFF3FB300000000FFFF3FB366
:101AA00000000000000000600000000000800060F6
:101AB0000100000000F00160FFFF3FB300000000E4
:101AC000FFFFFFFFFFFFFFFF00FFFF00FFFF00FF23
:101AD000FF00FFFF00FFFF00FFFF00FFFF00FFFF11
:101AE00000FFFF00FFFF00FFFF00FFFF00FFFF0000
:101AF000FFFF00FFFF00FFFF00FFFF00FFFF00FFF1
:101B0000FF00FFFF00FFFF00FFFF00FFFF00FFFFE0
:101B100000FFFF00FFFF00FFFF00FFFF00FFFF00CF
:101B2000FFFF00FFFF00FFFF00FFFF00FFFF00FFC0
:101B3000FF00FFFF00FFFF00FFFF00FFFF00FFFFB0
:101B400000FFFF00FFFF00FFFF00FFFF00FFFF009F
:101B5000FFFF00FFFF00FFFF00FFFF00FFFF00FF90
:101B6000FF00FFFF00FFFF00FFFF00FFFF00FFFF80
:101B700000FFFF00FFFF00FFFF00FFFF00FFFF006F
:101B8000FFFF00FFFF00FFFFFFFFFFFF000000005F
:101B90000000000000000000000000000100000044
:101BA00080CB0042DCCB00420000000000000000BF
:101BB000FFFF3FB30000000000000060FFFFFFFFD9
:101BC0000000000000000000000000000000000015
:101BD00001000000FCCC004228CD00420000016062
:101BE000FFFFFFFF000000000000000000000000F9
:101BF0000000000001000000FCCC004228CD0042A3
:101C000000E00260FFFFFFFF000000000000000096
:101C1000000000000000000001000000FCCC0042B9
:101C200028CD004202000000187B3740A8D80042AF
:101C300000D90042387B3740247B374024D900420A
:101C400090D80042F08F3740047B374088FE374001
:101C500094833740AFBEADDEB8C901420100000039
:101C6000FFFFFFFFFFFF3FB300000000FFFF3FB398
:101C700000000000FFFF3FB300000000FFFF3FB384
:101C800000000000FFFF3FB3000000001B00000049
:101C90001B0000001C0000001C00000000000000F1
:101CA0007882374000000000788237400100000051
:101CB000788237400200000078823740030000003D
:101CC0007882374004000000788237400500000029
:101CD0007882374006000000788237400700000015
:101CE0007882374008000000788237400900000001
:101CF000788237400A000000788237400B000000ED
:101D0000788237400C000000788237400D000000D8
:101D1000788237400E000000788237400F000000C4
:101D200078823740100000007882374011000000B0
:101D3000788237401200000078823740130000009C
:101D40007882374014000000788237401500000088
:101D50007882374016000000788237401700000074
:101D60007882374018000000788237401900000060
:101D7000788237401A000000788237401B0000004C
:101D8000788237401C000000788237401D00000038
:101D9000788237401E000000788237401F00000024
:101DA0007882374020000000788237402100000010
:101DB00078823740220000007882374023000000FC
:101DC00078823740240000007882374025000000E8
:101DD00078823740260000007882374027000000D4
:101DE00078823740280000007882374029000000C0
:101DF000788237402A000000788237402B000000AC
:101E0000788237402C000000788237402D00000097
:101E1000788237402E000000788237402F00000083
:101E2000788237403000000078823740310000006F
:101E3000788237403200000078823740330000005B
:101E40007882374034000000788237403500000047
:101E50007882374036000000788237403700000033
:101E6000788237403800000078823740390000001F
:101E7000788237403A000000788237403B0000000B
:101E8000788237403C000000788237403D000000F7
:101E9000788237403E000000788237403F000000E3
:101EA000D0773740D0773740D0773740D07737403A
:101EB000D0773740D0773740D0773740D07737402A
:101EC000D0773740D0773740D0773740D07737401A
:101ED000D0773740D0773740D0773740D07737400A
:101EE000D0773740D0773740D0773740D0773740FA
:101EF000D0773740D0773740D0773740D0773740EA
:101F0000D0773740D0773740D0773740D0773740D9
:101F1000D0773740D0773740D0773740D0773740C9
:101F2000D0773740D0773740D0773740D0773740B9
:101F3000D0773740D0773740D0773740D0773740A9
:101F4000D0773740D0773740D0773740D077374099
:101F5000D0773740D0773740D0773740D077374089
:101F6000D0773740D0773740D0773740D077374079
:101F7000D0773740D0773740D0773740D077374069
:101F8000D0773740D0773740D0773740D077374059
:101F9000D0773740D0773740D0773740D077374049
:101FA000D0773740D0773740D0773740D077374039
:101FB000D0773740D0773740D0773740D077374029
:101FC000D0773740D0773740D0773740D077374019
:101FD000D0773740D0773740D0773740D077374009
:101FE000D0773740D0773740D0773740D0773740F9
:101FF000D0773740D0773740D0773740D0773740E9
:10200000D0773740D0773740D0773740D0773740D8
:10201000D0773740D0773740D0773740D0773740C8
:10202000D0773740D0773740D0773740D0773740B8
:10203000D0773740D0773740D0773740D0773740A8
:10204000D0773740D0773740D0773740D077374098
:10205000D0773740D0773740D0773740D077374088
:10206000D0773740D0773740D0773740D077374078
:10207000D0773740D0773740D0773740D077374068
:10208000D0773740D0773740D0773740D077374058
:10209000D0773740D0773740D0773740D077374048
:1020A000FFFF3FB300000000FFFFFFFFFFFFFFFF48
:1020B000FFFFFFFFFFFFFFFFFFFF3FB30000000038
:1020C0000000000000000000000000000000000010
:1020D0000000000000000000000000000000000000
:1020E00000000000000000000000000000000000F0
:1020F00000000000000000000000000000000000E0
:1021000000000000000000000000000000000000CF
:1021100000000000000000000000000000000000BF
:1021200000000000000000000000000000000000AF
:10213000000000000000000000000000000000009F
:10214000000000000000000000000000000000008F
:10215000000000000000000000000000000000007F
:10216000000000000000000000000000000000006F
:10217000000000000000000000000000000000005F
:10218000000000000000000000000000000000004F
:10219000000000000000000000000000000000003F
:1021A000000000000000000000000000000000002F
:1021B000000000000000000000000000000000001F
:1021C000000000000000000000000000000000000F
:1021D00000000000000000000000000000000000FF
:1021E00000000000000000000000000000000000EF
:1021F00000000000000000000000000000000000DF
:1022000000000000000000000000000000000000CE
:1022100000000000000000000000000000000000BE
:1022200000000000000000000000000000000000AE
:10223000000000000000000000000000000000009E
:10224000000000000000000000000000000000008E
:10225000000000000000000000000000000000007E
:10226000000000000000000000000000000000006E
:10227000000000000000000000000000000000005E
:10228000000000000000000000000000000000004E
:10229000000000000000000000000000000000003E
:1022A000000000000000000000000000000000002E
:1022B000000000000000000000000000000000001E
:1022C000000000000000000000000000000000000E
:1022D00000000000000000000000000000000000FE
:1022E00000000000000000000000000000000000EE
:1022F00000000000000000000000000000000000DE
:1023000000000000000000000000000000000000CD
:1023100000000000000000000000000000000000BD
:1023200000000000000000000000000000000000AD
:10233000000000000000000000000000000000009D
:10234000000000000000000000000000000000008D
:10235000000000000000000000000000000000007D
:10236000000000000000000000000000000000006D
:10237000000000000000000000000000000000005D
:10238000000000000000000000000000000000004D
:10239000000000000000000000000000000000003D
:1023A000000000000000000000000000000000002D
:1023B000000000000000000000000000000000001D
:1023C000000000000000000000000000000000000D
:1023D00000000000000000000000000000000000FD
:1023E00000000000000000000000000000000000ED
:1023F00000000000000000000000000000000000DD
:1024000000000000000000000000000000000000CC
:1024100000000000000000000000000000000000BC
:1024200000000000000000000000000000000000AC
:10243000000000000000000000000000000000009C
:10244000000000000000000000000000000000008C
:10245000000000000000000000000000000000007C
:10246000000000000000000000000000000000006C
:10247000000000000000000000000000000000005C
:10248000000000000000000000000000000000004C
:10249000000000000000000000000000000000003C
:1024A000000000000000000000000000000000002C
:1024B000000000000000000000000000000000001C
:1024C000000000000000000000000000000000000C
:1024D00000000000000000000000000000000000FC
:1024E00000000000000000000000000000000000EC
:1024F00000000000000000000000000000000000DC
:1025000000000000000000000000000000000000CB
:1025100000000000000000000000000000000000BB
:1025200000000000000000000000000000000000AB
:10253000000000000000000000000000000000009B
:10254000000000000000000000000000000000008B
:10255000000000000000000000000000000000007B
:10256000000000000000000000000000000000006B
:10257000000000000000000000000000000000005B
:10258000000000000000000000000000000000004B
:10259000000000000000000000000000000000003B
:1025A000000000000000000000000000000000002B
:1025B000000000000000000000000000000000001B
:1025C000000000000000000000000000000000000B
:1025D00000000000000000000000000000000000FB
:1025E00000000000000000000000000000000000EB
:1025F00000000000000000000000000000000000DB
:1026000000000000000000000000000000000000CA
:1026100000000000000000000000000000000000BA
:1026200000000000000000000000000000000000AA
:10263000000000000000000000000000000000009A
:10264000000000000000000000000000000000008A
:10265000000000000000000000000000000000007A
:10266000000000000000000000000000000000006A
:10267000000000000000000000000000000000005A
:10268000000000000000000000000000000000004A
:10269000000000000000000000000000000000003A
:1026A000000000000000000000000000000000002A
:1026B000000000000000000000000000000000001A
:1026C000000000000000000000000000000000000A
:1026D00000000000000000000000000000000000FA
:1026E00000000000000000000000000000000000EA
:1026F00000000000000000000000000000000000DA
:1027000000000000000000000000000000000000C9
:1027100000000000000000000000000000000000B9
:1027200000000000000000000000000000000000A9
:102730000000000000000000000000000000000099
:102740000000000000000000000000000000000089
:102750000000000000000000000000000000000079
:102760000000000000000000000000000000000069
:102770000000000000000000000000000000000059
:102780000000000000000000000000000000000049
:102790000000000000000000000000000000000039
:1027A0000000000000000000000000000000000029
:1027B0000000000000000000000000000000000019
:1027C0000000000000000000000000000000000009
:1027D00000000000000000000000000000000000F9
:1027E00000000000000000000000000000000000E9
:1027F00000000000000000000000000000000000D9
:1028000000000000000000000000000000000000C8
:1028100000000000000000000000000000000000B8
:1028200000000000000000000000000000000000A8
:102830000000000000000000000000000000000098
:102840000000000000000000000000000000000088
:102850000000000000000000000000000000000078
:102860000000000000000000000000000000000068
:102870000000000000000000000000000000000058
:102880000000000000000000000000000000000048
:102890000000000000000000000000000000000038
:1028A0000000000000000000000000000000000028
:1028B0000000000000000000000000000000000018
:1028C0000000000000000000000000000000000008
:1028D00000000000000000000000000000000000F8
:1028E00000000000000000000000000000000000E8
:1028F00000000000000000000000000000000000D8
:1029000000000000000000000000000000000000C7
:1029100000000000000000000000000000000000B7
:1029200000000000000000000000000000000000A7
:102930000000000000000000000000000000000097
:102940000000000000000000000000000000000087
:102950000000000000000000000000000000000077
:102960000000000000000000000000000000000067
:102970000000000000000000000000000000000057
:102980000000000000000000000000000000000047
:102990000000000000000000000000000000000037
:1029A0000000000000000000000000000000000027
:1029B0000000000000000000000000000000000017
:1029C0000000000000000000000000000000000007
:1029D00000000000000000000000000000000000F7
:1029E00000000000000000000000000000000000E7
:1029F00000000000000000000000000000000000D7
:102A000000000000000000000000000000000000C6
:102A100000000000000000000000000000000000B6
:102A200000000000000000000000000000000000A6
:102A30000000000000000000000000000000000096
:102A40000000000000000000000000000000000086
:102A50000000000000000000000000000000000076
:102A60000000000000000000000000000000000066
:102A70000000000000000000000000000000000056
:102A80000000000000000000000000000000000046
:102A90000000000000000000000000000000000036
:102AA0000000000000000000000000000000000026
:102AB0000000000000000000000000000000000016
:102AC0000000000000000000000000000000000006
:102AD00000000000000000000000000000000000F6
:102AE00000000000000000000000000000000000E6
:102AF00000000000000000000000000000000000D6
:102B000000000000000000000000000000000000C5
:102B100000000000000000000000000000000000B5
:102B200000000000000000000000000000000000A5
:102B30000000000000000000000000000000000095
:102B40000000000000000000000000000000000085
:102B50000000000000000000000000000000000075
:102B60000000000000000000000000000000000065
:102B70000000000000000000000000000000000055
:102B80000000000000000000000000000000000045
:102B90000000000000000000000000000000000035
:102BA0000000000000000000000000000000000025
:102BB0000000000000000000000000000000000015
:102BC0000000000000000000000000000000000005
:102BD00000000000000000000000000000000000F5
:102BE00000000000000000000000000000000000E5
:102BF00000000000000000000000000000000000D5
:102C000000000000000000000000000000000000C4
:102C100000000000000000000000000000000000B4
:102C200000000000000000000000000000000000A4
:102C30000000000000000000000000000000000094
:102C40000000000000000000000000000000000084
:102C50000000000000000000000000000000000074
:102C60000000000000000000000000000000000064
:102C70000000000000000000000000000000000054
:102C80000000000000000000000000000000000044
:102C90000000000000000000000000000000000034
:102CA0000000000000000000000000000000000024
:102CB0000000000000000000000000000000000014
:102CC0000000000000000000000000000000000004
:102CD00000000000000000000000000000000000F4
:102CE00000000000000000000000000000000000E4
:102CF00000000000000000000000000000000000D4
:102D000000000000000000000000000000000000C3
:102D100000000000000000000000000000000000B3
:102D200000000000000000000000000000000000A3
:102D30000000000000000000000000000000000093
:102D40000000000000000000000000000000000083
:102D50000000000000000000000000000000000073
:102D60000000000000000000000000000000000063
:102D70000000000000000000000000000000000053
:102D80000000000000000000000000000000000043
:102D90000000000000000000000000000000000033
:102DA0000000000000000000000000000000000023
:102DB0000000000000000000000000000000000013
:102DC0000000000000000000000000000000000003
:102DD00000000000000000000000000000000000F3
:102DE00000000000000000000000000000000000E3
:102DF00000000000000000000000000000000000D3
:102E000000000000000000000000000000000000C2
:102E100000000000000000000000000000000000B2
:102E200000000000000000000000000000000000A2
:102E30000000000000000000000000000000000092
:102E40000000000000000000000000000000000082
:102E50000000000000000000000000000000000072
:102E60000000000000000000000000000000000062
:102E70000000000000000000000000000000000052
:102E80000000000000000000000000000000000042
:102E90000000000000000000000000000000000032
:102EA0000000000000000000000000000000000022
:102EB0000000000000000000000000000000000012
:102EC0000000000000000000000000000000000002
:102ED00000000000000000000000000000000000F2
:102EE00000000000000000000000000000000000E2
:102EF00000000000000000000000000000000000D2
:102F000000000000000000000000000000000000C1
:102F100000000000000000000000000000000000B1
:102F200000000000000000000000000000000000A1
:102F30000000000000000000000000000000000091
:102F40000000000000000000000000000000000081
:102F50000000000000000000000000000000000071
:102F60000000000000000000000000000000000061
:102F70000000000000000000000000000000000051
:102F80000000000000000000000000000000000041
:102F90000000000000000000000000000000000031
:102FA0000000000000000000000000000000000021
:102FB0000000000000000000000000000000000011
:102FC0000000000000000000000000000000000001
:102FD00000000000000000000000000000000000F1
:102FE00000000000000000000000000000000000E1
:102FF00000000000000000000000000000000000D1
:1030000000000000000000000000000000000000C0
:1030100000000000000000000000000000000000B0
:1030200000000000000000000000000000000000A0
:103030000000000000000000000000000000000090
:103040000000000000000000000000000000000080
:103050000000000000000000000000000000000070
:103060000000000000000000000000000000000060
:103070000000000000000000000000000000000050
:103080000000000000000000000000000000000040
:103090000000000000000000000000000000000030
:1030A0000000000000000000000000000000000020
:1030B0000000000000000000000000000000000010
:1030C0000000000000000000000000000000000000
:1030D00000000000000000000000000000000000F0
:1030E00000000000000000000000000000000000E0
:1030F00000000000000000000000000000000000D0
:1031000000000000000000000000000000000000BF
:1031100000000000000000000000000000000000AF
:10312000000000000000000000000000000000009F
:10313000000000000000000000000000000000008F
:10314000000000000000000000000000000000007F
:10315000FFFF3FB300000000FFFF3FB3000000008F
:10316000F8C3374094FE3740A0FE3740ACFE3740EE
:10317000C0FE3740CCFC3740883402428CC6004247
:10318000FC8D3740EC8D374074EC00424CC6004259
:10319000ECC50042A8C5004264C50042B0EC004244
:1031A000883402428834024200000000DCC400423D
:1031B0003CC30042FCC3004248C4004290C40042E9
:1031C000588C37406C8C3740808C3740908C37401F
:1031D000A08C3740C48C3740E88C3740108D374086
:1031E000388D37404C8D3740000000000000000053
:1031F00060FD3740CCFC3740D05001421C8F033C6F
:1032000000000000208F033C00000000248F033CDE
:1032100000000000288F033C000000002C8F033CBE
:1032200000000000308F033C00000000348F033C9E
:1032300000000000388F033C000000003C8F033C7E
:1032400000000000408F033C00000000448F033C5E
:1032500000000000488F033C000000004C8F033C3E
:1032600000000000508F033C00000000548F033C1E
:1032700000000000588F033C000000005C8F033CFE
:1032800000000000608F033C00000000648F033CDE
:1032900000000000688F033C000000006C8F033CBE
:1032A00000000000708F033C00000000748F033C9E
:1032B00000000000788F033C0000000001000000C7
:1032C00000000000000000000000000000000000FE
:1032D000FFFF3FB30000000000000060FFFF3FB3AE
:1032E000000000000000000000000160FFFF3FB38D
:1032F000000000000000000000E00260FFFF3FB39C
:10330000000000000000000000000000000000209D
:1033100030000000000000007000002000000000ED
:10332000000000000000000000000000000000009D
:10333000000000000000000000000000000000008D
:10334000000000000000000000000000000000007D
:103350000000000000000000FFFF0000000000006F
:10336000000000000000000000000000000000005D
:103370000000000000000000A8610000204E0000D6
:10338000881300000201280300003C0080000000B8
:10339000CCFC37407037014201000000FFFFFFFF07
:1033A000A0A7033C3C6B3740606C37400000000036
:1033B000000000000000000000000000506A3740DC
:1033C000C86B37405C86004270860042E084004251
:1033D000BC5F3740D833C93FA48F3740D08F3740C8
:1033E00004850042306037400834C93F00000000C7
:1033F0006434C93F00000000050000000000000028
:1034000000000000000000000000000000000000BC
:1034100000000000000000000000000000000000AC
:10342000000000000000000000000000000000009C
:1034300084693740A869374044693740F4683740A9
:10344000AC683740A068374004693740906937401E
:10345000000000000000000000000000000000006C
:1034600000000000EC693740CC69374000000000E4
:10347000BC693740000000000000000000000000B0
:10348000000000000000000000000000000000003C
:10349000400D030000093D00A08F3E00C027090039
:1034A00020A10700C434C93FCA34C93F20D73740E0
:1034B00044D737405CD7374090D73740B4D73740F0
:1034C000C4D73740080A080808000406080808009E
:1034D000E0E53740DCE13740A4FF374078E3374090
:1034E000A0E3374010E4374000FF3740F8E43740AE
:1034F00078E43740A0B900420C013840F4E237408C
:10350000C4B900424801384004E73740F8DE37408C
:10351000F4E6374088FF37400000000030E73740CE
:1035200048E7374024E53740537461636B20736D7F
:10353000617368696E672070726F7465637420666A
:1035400061696C75726521005461736B73206375DA
:103550007272656E746C792072756E6E696E673A00
:103560000043505520302F31004350552031004347
:10357000505520300000000018000000000000003E
:103580004520282575292025733A20436F72652030
:1035900064756D702077726974652062696E6172FE
:1035A00079206661696C656420776974682065724A
:1035B000726F723D25640A006573705F636F726598
:1035C0005F64756D705F636F6D6D6F6E0045202871
:1035D0002575292025733A20496E636F72726563E1
:1035E000742073697A65206F6620636F726520644A
:1035F000756D7020696D6167653A2025640A004524
:1036000020282575292025733A204661696C656458
:1036100020746F207265616420636F726520647529
:103620006D7020646174612073697A652028256457
:1036300029210A004520282575292025733A205480
:103640006F6F20736D616C6C20636F7265206475A1
:103650006D7020706172746974696F6E210A004523
:1036600020282575292025733A204E6F20636F721C
:10367000652064756D7020706172746974696F6E15
:1036800020666F756E64210A004520282575292063
:1036900025733A20436F72652064756D70206461F4
:1036A000746120636865636B206661696C65643A68
:1036B0000A004520282575292025733A204661698E
:1036C0006C656420746F2072656164206368656353
:1036D0006B73756D2066726F6D20636F7265206409
:1036E000756D702028256429210A0045202825753C
:1036F000292025733A204661696C656420746F2027
:103700007265616420646174612066726F6D20630C
:103710006F72652064756D702028256429210A0068
:103720004520282575292025733A20496E76616C3D
:10373000696420666C617368207061727469746971
:103740006F6E20636F6E666967210A004520282529
:1037500075292025733A20436F72652064756D705A
:1037600020666C61736820636F6E66696720697399
:1037700020636F7272757074656421204352433DFB
:103780003078257820696E7374656164206F6620D7
:10379000307825780A004520282575292025733A98
:1037A000204661696C656420746F20666C7573686F
:1037B00020636163686564206461746120746F20B4
:1037C000666C6173682028256429210A0045202839
:1037D0002575292025733A204661696C656420743B
:1037E0006F20666C7573682063616368656420642C
:1037F00061746120746F20666C6173682028256491
:1038000029210A004520282575292025733A2046BC
:1038100061696C656420746F2065726173652066F0
:103820006C6173682028256429210A004520282519
:1038300075292025733A204E6F7420656E6F756769
:103840006820737061636520746F207361766520F2
:10385000636F72652064756D70210A00452028250C
:1038600075292025733A204661696C656420746F60
:10387000207772697465206461746120746F2066BA
:103880006C6173682028256429210A0045202825B9
:1038900075292025733A204661696C656420746F30
:1038A0002077726974652063616368656420646170
:1038B000746120746F20666C617368202825642908
:1038C000210A004520282575292025733A204E6FAE
:1038D00020636F72652064756D7020706172746909
:1038E00074696F6E20666F756E64210A006573706F
:1038F0005F636F72655F64756D705F666C6173683E
:10390000004520282575292025733A204661696CD9
:10391000656420746F20656E6420636F7265206437
:10392000756D702028256429210A004520282575F9
:10393000292025733A204661696C656420746F20E4
:10394000777269746520636F72652064756D70208D
:103950006865616465722028256429210A00452074
:10396000282575292025733A204661696C656420F5
:10397000746F20737461727420636F726520647554
:103980006D702028256429210A00452028257529E5
:103990002025733A204661696C656420746F20703D
:1039A00072657061726520636F72652064756D70F9
:1039B0002073746F726167652028256429210A00CD
:1039C0004520282575292025733A2025732825753B
:1039D000293A20496E76616C696420696E7075744D
:1039E00020646174612E0A00452028257529202550
:1039F000733A202573282575293A20566572736914
:103A00006F6E20696E666F2077726974696E6720C9
:103A10006661696C65642E2052657475726E6564AA
:103A200020282564292E0A004520282575292025CF
:103A3000733A202573282575293A206D656D6F72BC
:103A40007920726567696F6E732077726974696E29
:103A500067206572726F722C2072657475726E6564
:103A60006420282564292E0A004520282575292050
:103A700025733A202573282575293A20454C462080
:103A800053697A652077726974696E67206572720E
:103A90006F722C2072657475726E656420282564BF
:103AA000292E0A004520282575292025733A20252E
:103AB00073282575293A20454C4620686561646560
:103AC000722077726974696E67206572726F722CEA
:103AD0002072657475726E656420282564292E0A2B
:103AE000004520282575292025733A20257328258F
:103AF00075293A20454C46206865616465722077D7
:103B0000726974696E67206572726F722C207265BB
:103B10007475726E656420282564292E0A0045207C
:103B2000282575292025733A202573282575293ADB
:103B30002045585452415F494E464F206E6F746580
:103B4000207365676D656E742070726F6365737343
:103B5000696E67206661696C7572652C2072657488
:103B600075726E6564282564292E0A004520282573
:103B700075292025733A202573282575293A204573
:103B80007874726120696E666F206E6F746520773D
:103B900072697465206661696C65642E2052657473
:103BA00075726E656420282564292E0A0045202838
:103BB0002575292025733A205A65726F2073697A1A
:103BC0006520657874726120696E666F210A004510
:103BD00020282575292025733A2025732825752945
:103BE0003A2056657273696F6E20696E666F206E3B
:103BF0006F7465207772697465206661696C6564AD
:103C00002E2052657475726E656420282564292EF5
:103C10000A004520282575292025733A2025732878
:103C20002575293A206D656D6F7279207265676917
:103C30006F6E207772697465206661696C65642EA9
:103C40002052657475726E656420282564292E0AD9
:103C5000004520282575292025733A20257328251D
:103C600075293A20696E76616C6964206D656D6FA7
:103C7000727920726567696F6E0A00452028257584
:103C8000292025733A202573282575293A20496E65
:103C9000746572727570746564207461736B2073DF
:103CA0007461636B207772697465206661696C6505
:103CB000642C2072657475726E20282564292E0A82
:103CC000004520282575292025733A2025732825AD
:103CD00075293A205461736B2025782C2054434277
:103CE000207772697465206661696C65642C207246
:103CF000657475726E20282564292E0A00452028D7
:103D00002575292025733A202573282575293A2001
:103D10005461736B732072656773206164646974A6
:103D2000696F6E206661696C65642C2072657475BC
:103D3000726E20282564292E0A0045202825752921
:103D40002025733A202573282575293A205461735C
:103D50006B2025782C20737461636B2077726974F3
:103D600065206661696C65642C2072657475726E7D
:103D700020282564292E0A0045202825752920257C
:103D8000733A202573282575293A205461736B20D6
:103D900025782C205443422077726974652066612F
:103DA000696C65642C2072657475726E20282564B8
:103DB000292E0A004520282575292025733A20251B
:103DC00073282575293A2050525F53544154555356
:103DD000206E6F7465207365676D656E74207072F8
:103DE0006F63657373696E67206661696C75726570
:103DF0002C2072657475726E6564282564292E0AFC
:103E0000004520282575292025733A20257328256B
:103E100075293A205461736B2025782C2050525F0D
:103E20005354415455532077726974652066616913
:103E30006C65642C2072657475726E202825642967
:103E40002E0A004520282575292025733A20257340
:103E5000282575293A205461736B2025782C205031
:103E6000525F5354415455532077726974652066EC
:103E700061696C65642C2072657475726E202825EA
:103E800064292E0A004520282575292025733A200B
:103E90002573282575293A205461736B2025782CC9
:103EA0002050525F535441545553207772697465C2
:103EB000206661696C65642C2072657475726E2071
:103EC000282564292E0A00452028257529202573D8
:103ED0003A202573282575293A205461736B2025D3
:103EE000782C2050525F53544154555320777269B7
:103EF0007465206661696C65642C207265747572E6
:103F00006E20282564292E0A0045202825752920A1
:103F100025733A202573282575293A204E4F54459C
:103F2000207365676D656E742068656164657220D5
:103F30007772697465206661696C7572652C207290
:103F4000657475726E656420282564292E0A004503
:103F500020282575292025733A205461736B202869
:103F60005443423A2578292C2028537461636B3AD4
:103F70002578292C20737461636B2070726F6365E0
:103F80007373696E67206661696C757265203D2088
:103F900025642E0A004520282575292025733A20FE
:103FA0005461736B20285443423A2578292070725B
:103FB0006F63657373696E67206661696C7572659E
:103FC000203D2025640A00452028257529202573D9
:103FD0003A205A65726F2073697A65207265676945
:103FE000737465722064756D7020666F72207461E1
:103FF000736B2030782578210A0045202825752903
:104000002025733A202573282575293A205772698F
:10401000746520454C46206E6F7465206461746140
:10402000206661696C7572652C2072657475726E9C
:10403000656420282564290A004520282575292043
:1040400025733A202573282575293A20496E766113
:104050006C6964206461746120706F696E7465724C
:1040600020666F72207365676D656E740A00452067
:10407000282575292025733A202573282575293A86
:1040800020577269746520454C46206E6F74652018
:1040900064617461206661696C75726520282564AD
:1040A000290A004520282575292025733A202573E3
:1040B000282575293A20577269746520454C462099
:1040C0006E6F7465206E616D65206661696C7572D6
:1040D0006520282564290A004520282575292025E2
:1040E000733A202573282575293A2057726974651B
:1040F00020454C46206E6F7465206865616465726A
:10410000206661696C75726520282564290A00455E
:1041100020282575292025733A20257328257529FF
:104120003A205365676D656E74206E6F7465206EFE
:10413000616D6520697320746F6F206C6F6E6720EE
:1041400025642E0A004520282575292025733A204C
:104150002573282575293A20577269746520454CC6
:1041600046207365676D656E7420646174612066B6
:1041700061696C75726520282564290A004520282C
:104180002575292025733A202573282575293A207D
:10419000577269746520454C46207365676D656E7E
:1041A000742064617461206661696C757265202891
:1041B0002564290A004520282575292025733A20E1
:1041C0002573282575293A20496E76616C6964202B
:1041D0006461746120666F72207365676D656E74CB
:1041E0002E0A004520282575292025733A2025739D
:1041F000282575293A20577269746520454C462058
:104200007365676D656E74206865616465722066AC
:1042100061696C75726520282564290A004520288B
:104220002575292025733A202573282575293A20DC
:10423000577269746520454C4620686561646572F3
:10424000206661696C75726520282564290A0065FD
:1042500073705F636F72655F64756D705F656C66C8
:10426000004520282575292025733A204572726F54
:1042700072207768696C652072656769737465720E
:10428000732070726F63657373696E672E0A0045E1
:1042900020282575292025733A20546F6F20736DCF
:1042A000616C6C20737461636B20746F206B656547
:1042B00070206672616D653A2025642062797465AC
:1042C00073210A006573705F636F72655F64756D5B
:1042D000705F706F727400270D0A00253038780007
:1042E00025733D27004520282575292025733A2070
:1042F000456D707479206461746120746F2061640D
:104300006420746F20636865636B73756D206361EF
:104310006C63756C6174696F6E210A006573705F00
:10432000636F72655F64756D705F636865636B73FF
:10433000756D00000000000000000000000000009B
:104340000000000000000000000000005B25755D1B
:1043500020434F3A20696E697420636F657820733B
:1043600063686D206572726F72210A005B25755D4E
:1043700020434F3A206372656174652073656D61F7
:1043800070686F7265206572726F72210A000E0A82
:104390000C0C0E010101010A040302010101080ACB
:1043A00008080A080A08080A0A0A0A080808080386
:1043B00003030F0E000000000000000000010000D9
:1043C0005B25755D204E6F206D656D6F7279207471
:1043D0006F20616C6C6F6361746520636F657869D1
:1043E0007374206F73692066756E63730A005B25B2
:1043F000755D20434F3A2063726561746520736375
:10440000686D2073656D6170686F7265206572728A
:104410006F72210A000000007274635F636C6B00AE
:104420004520282575292025733A20756E737570EF
:10443000706F72746564206672657175656E6379FC
:1044400020636F6E66696775726174696F6E0A00CA
:104450004520282575292025733A20696E76616CE0
:104460006964206672657175656E63790A00302033
:10447000262620224C444F206462696173206E65B9
:10448000656420746F206D6F6469666965642200DD
:104490002F4944462F636F6D706F6E656E74732F76
:1044A0006573705F68775F737570706F72742F706B
:1044B0006F72742F657370333273332F7274635F4E
:1044C000636C6B2E63007274635F636C6B5F63700D
:1044D000755F667265715F746F5F386D002573205C
:1044E0006661696C65643A206573705F6572725FBE
:1044F00074203078257800202825732900206174E5
:10450000203078253038780A0066696C653A2022B8
:10451000257322206C696E652025640A66756E63BA
:104520003A2025730A65787072657373696F6E3A05
:104530002025730A004553505F4552524F525F4346
:104540004845434B00706572696F64203C202831F8
:10455000203C3C20323629004944462F636F6D7061
:104560006F6E656E74732F68616C2F657370333274
:1045700073332F696E636C7564652F68616C2F737C
:10458000797374696D65725F6C6C2E6800737973F2
:1045900074696D65725F6C6C5F7365745F616C618B
:1045A000726D5F706572696F640061626F7274280A
:1045B00029207761732063616C6C656420617420CD
:1045C000504320307800206F6E20636F72652000AA
:1045D0003C6361636865642064697361626C6564EF
:1045E0003E000800617373657274206661696C65D2
:1045F000643A20003A0020280000000073746172C1
:10460000745F61646472657373203C20307831306C
:104610003030303030002F4944462F636F6D706F5B
:104620006E656E74732F7370695F666C6173682F4B
:104630006D656D7370695F686F73745F64726976BE
:1046400065722E630061646472657373202B206C45
:10465000656E677468203C3D2030783130303030F2
:104660003030006D656D7370695F686F73745F7073
:10467000726F6772616D5F70616765006D656D7304
:1046800070695F686F73745F65726173655F626C98
:104690006F636B006D656D7370695F686F73745FD6
:1046A00065726173655F736563746F72006D656DCC
:1046B0007370690030D83740C4DB3740A4FF3740FF
:1046C00038FF3740240038406400384000FF37404E
:1046D0005CFF3740A400384040DE37400C013840D2
:1046E0006CDD374048DE37404801384050DE374007
:1046F0006CD9374030DE3740000000000000000079
:1047000030E7374048E73740000000008847C93F9E
:104710009034C93F74013840440638405C02384048
:10472000BC0838402809384098093840001000007B
:104730000000010040073840700A384000000000C7
:10474000000000000000000000000000F0033840FE
:10475000B4043840080A3840000100009C06384084
:10476000D80A38409C083840400838400000000013
:10477000C40A38407005384078073840B8053840DA
:1047800094013840A0023840626F79610000000057
:104790000C48C93F9034C93FEC01384044063840CA
:1047A0009C013840BC083840A41338402C143840D1
:1047B000001000000000010040073840700A384037
:1047C00000000000000000000000000000000000E9
:1047D0006C123840B40438404013384000010000E7
:1047E0009C063840D80A38400C023840D001384086
:1047F00000000000C40A384070053840780738408F
:10480000B805384044023840A0023840676400458B
:1048100020282575292025733A20636F6E66696705
:1048200075726520686F737420696F206D6F6465A1
:10483000206661696C6564202D20756E73757070DB
:104840006F727465640A0045202825752920257338
:104850003A204E6F20726573706F6E7365206672BA
:104860006F6D20646576696365207768656E207476
:104870007279696E6720746F2072657472696576EB
:104880006520556E697175652049440A0A006F7587
:10489000745F77726974655F70726F746563742199
:1048A0003D4E554C4C002F4944462F636F6D706F41
:1048B0006E656E74732F7370695F666C6173682FB9
:1048C0007370695F666C6173685F636869705F6766
:1048D000656E657269632E63004520282575292061
:1048E00025733A2054686520666C61736820796F7F
:1048F000752075736520646F65736E2774207375FA
:1049000070706F7274206175746F20737573706549
:104910006E642C206F6E6C792027584D43272069D8
:104920007320737570706F727465640A00737069B8
:104930005F666C6173685F636869705F67656E6509
:104940007269635F6765745F77726974655F7072BF
:104950006F74656374000000D449C93F9034C93F47
:10496000B4083840440638405C023840BC0838403F
:104970002809384098093840001000000000010064
:1049800040073840700A3840000000000000000076
:104990000000000000000000F0033840B40438407C
:1049A000080A3840000100009C063840D80A384008
:1049B0009C0838404008384000000000C40A3840D5
:1049C0007005384078073840B8053840580B3840F3
:1049D000A002384067656E6572696300636869703C
:1049E0005F67656E6572696300000000684AC93FD1
:1049F0009034C93F080C3840440638405C023840C7
:104A0000BC08384028093840980938400010000098
:104A10000000010040073840700A384000000000E4
:104A2000000000000000000000000000F00338401B
:104A3000B4043840080A3840000100009C063840A1
:104A4000D80A3840280C38403C0C384000000000A0
:104A5000C40A38407005384078073840B8053840F7
:104A6000580C3840A0023840697373690000000098
:104A7000EC4AC93F9034C93F600C38404406384086
:104A80005C023840BC083840280938409809384052
:104A9000001000000000010040073840700A384054
:104AA0000000000000000000000000000000000006
:104AB000F0033840B4043840080A384000010000D0
:104AC0009C063840D80A3840280C38403C0C384006
:104AD00000000000C40A38407005384078073840AC
:104AE000740B38407C0C3840A00238406D78696304
:104AF0000028696F5F6D6F6465203D3D205350490C
:104B00005F464C4153485F4F50495F5354522920F0
:104B10007C7C2028696F5F6D6F6465203D3D20536C
:104B200050495F464C4153485F4F50495F4454528F
:104B300029002F4944462F636F6D706F6E656E7448
:104B4000732F7370695F666C6173682F7370695F30
:104B5000666C6173685F636869705F6D7869635FD5
:104B60006F70692E63004520282575292025733A2A
:104B7000206E6F20726573706F6E73650A0A006F26
:104B800075745F77726974655F70726F7465637452
:104B90006564213D4E554C4C007370695F666C61D5
:104BA00073685F636869705F6D7869635F6F706970
:104BB0005F6765745F77726974655F70726F746543
:104BC0006374007370695F666C6173685F636869C2
:104BD000705F6D7869635F6F70695F6765745F644C
:104BE0006174615F6C656E6774685F7A6F6F6D008A
:104BF0006C4CC93F9034C93F1812384044063840C5
:104C0000840C3840240D3840A80D3840340E38400C
:104C10000010000000000100E0113840B80C3840DE
:104C20000000000000000000000000000000000084
:104C3000F0033840700F3840C00E384000010000CB
:104C40009C063840D80A38403C1238407011384031
:104C500054103840201138407005384078073840EB
:104C6000740B384034123840400F38406D78696317
:104C700020286F7069290000F44CC93F9034C93F67
:104C800044123840440638405C023840BC08384082
:104C90002809384098093840001000000000010041
:104CA00040073840700A3840000000000000000053
:104CB0000000000000000000F0033840B404384059
:104CC000080A3840000100009C063840D80A3840E5
:104CD0009C0838404008384000000000C40A3840B2
:104CE0007005384078073840B805384064123840BD
:104CF000A002384074680000744DC93F9034C93F29
:104D0000B8143840440638405C023840BC0838408B
:104D1000A41338402C14384000100000000001009B
:104D200040073840700A38400000000000000000D2
:104D300000000000000000006C123840B40438404D
:104D400040133840000100009C063840D80A384023
:104D50009C0838404008384000000000C40A384031
:104D60007005384078073840B8053840D0143840CE
:104D7000A002384077696E626F6E64006368697084
:104D80005F77620066726571646976203E2030004C
:104D90002F4944462F636F6D706F6E656E74732F6D
:104DA0007370695F666C6173682F657370333273FB
:104DB000332F7370695F74696D696E675F636F6EBF
:104DC0006669672E63007370695F74696D696E67E9
:104DD0005F636F6E6669675F7365745F666C61734E
:084DE000685F636C6F636B00F8
:02000004403783
:1040000000C54910D54920E54930F5490034000084
:1040100000000000000000000000000000000000A0
:104020000000000000000000000000000000000090
:104030000000000000000000000000000000000080
:1040400000C50910D50920E50930F5090035000043
:10405000004803F0804020E60320383440333040ED
:10406000D10380331130223020E613102000F77482
:10407000CEF08040E77848F08040863000000000B5
:1040800000C94900D10910D94920E94930F949400E
:10409000804950904960A04970B049003400000048
:1040A0000000000000000000000000000000000010
:1040B0000000000000000000000000000000000000
:1040C00000C90910D90920E90970D10930F909405E
:1040D000870950970960A70970B7090035000000EB
:1040E00000000000000000000000000000000000D0
:1040F00000000000000000000000000000000000C0
:1041000000CD4900D10910DD4920ED4930FD49407D
:104110004049505049606049707049808049909092
:1041200049A0A049B0B049003400000000000000E0
:10413000000000000000000000000000000000007F
:1041400000CD0910DD0920ED09B0D10930FD09408D
:104150004B09505B09606B09707B09808B09909B50
:1041600009A0AB09B0BB0900350000000000000049
:10417000000000000000000000000000000000003F
:1041800000D213C56F040000000000000000000012
:10419000000000000000000000000000000000001F
:1041A000000000000000000000000000000000000F
:1041B00000000000000000000000000000000000FF
:1041C00000D313C5760400000000000000000000CA
:1041D00000000000000000000000000000000000DF
:1041E00000000000000000000000000000000000CF
:1041F00000000000000000000000000000000000BF
:1042000000D41385EE020000000000000000000052
:10421000000000000000000000000000000000009E
:10422000000000000000000000000000000000008E
:10423000000000000000000000000000000000007E
:1042400000D513C58304000000000000000000003A
:10425000000000000000000000000000000000005E
:10426000000000000000000000000000000000004E
:10427000000000000000000000000000000000003E
:1042800000D613C57D0400000000000000000000FF
:10429000000000000000000000000000000000001E
:1042A000000000000000000000000000000000000E
:1042B00000000000000000000000000000000000FE
:1042C00000D713457C04000000000000000000003F
:1042D00000000000000000000000000000000000DE
:1042E00000000000000000000000000000000000CE
:1042F00000000000000000000000000000000000BE
:1043000000D113451404000000000000000000006C
:10431000000000000000000000000000000000009D
:10432000000000000000000000000000000000008D
:10433000000000000000000000000000000000007D
:1043400000D113451204000000000000000000002E
:10435000000000000000000000000000000000005D
:10436000000000000000000000000000000000004D
:10437000000000000000000000000000000000003D
:10438000000000000000000000000000000000002D
:10439000000000000000000000000000000000001D
:1043A000000000000000000000000000000000000D
:1043B00000000000000000000000000000000000FD
:1043C0004041000C2000E813C5B804003200000092
:1043D00000000000000000000000000000000000DD
:1043E00000000000000000000000000000000000CD
:1043F00000000000000000000000000000000000BD
:0344000036810002
:10440400081AC93FFC19C93F784FC93F0080000012
:10441400006801605C1CC93FB217033CB617033C3B
:10442400D517033CF517033CF4110040D0050040B8
:10443400E8110040441AC93F2000033CD84FC93F4B
:104444000C25033C7725033C4225033C5525033CBE
:10445400002000600000200000000080FFFFFF0F2C
:10446400000000700000FFFFFFFFFFBFFFFFFF031E
:10447400E4FFCE3FFFFFFFDFFFFFFFF7FFFFFFEF8C
:10448400000004000000FF0000FF0000F04FC93FDF
:1044940000500C60004000000000003C000000429E
:1044A400008037C0FF7F7500000000B0FF1F0000D0
:1044B4000020F09F040800001E2A033C4C2B033C00
:1044C4008B2A033C982A033C00000100F051C93FA9
:1044D400EC4FC93FB0160040FFFF00000008000089
:1044E400EF2A033C3B2B033C092B033CFFFFFF005B
:1044F400F451C93FD433C93F056000000460000093
:104504000360000006600000D72C033C612B033CD1
:10451400481AC93FA8300242932B033C0000000113
:1045240018FA00422485004200000000B72B033C27
:10453400C02C033CE22B033CD023004000100000BD
:10454400F22B033CB02C033C3452C93FF851C93F11
:10455400062C033C492C033C892C033C962C033C3D
:10456400A4D90042000600404F2D033C922D033C89
:104574007A2D033C0F2700003C840042BC33C93F22
:10458400D4160040A8180040C01800406434C93F45
:104594008834C93F701AC93FFF7F0700ED2D033CE3
:1045A4002F2F033CDF2D033C781AC93F152E033C03
:1045B4002A2E033CFD51C93F806B37403B2E033C00
:1045C400C62D033C852E033C0452C93F5C86004241
:1045D40038010142FC51C93F9F2E033CFE2E033C8F
:1045E400B72E033C7086004260400C60C8FFCE3F8B
:1045F400146A3740286A3740E49D00426B31033C1B
:104604008E31033C1E31033C2052C93F2835C93F3B
:1046140000403740D8E00C60DCE00C604752C93FF2
:104624004552C93F4452C93F1438033C2007004057
:1046340034090142C0060040BCA4004244A8004220
:1046440064400C6004400C606C1800408418004006
:104654007818004090180040D062C93FE84DC93F27
:1046640000000050000000502000033C000000C483
:10467400B0D2033C2534033C2F34033C8F34033C39
:1046840000000C60A46D37402053C93F00C20100F4
:10469400005A62027C0500401C1A0040281A00409F
:1046A40060FD00421419004040090142A0E70042A5
:1046B4005019004044A5004274A60042FCDF0042A9
:1046C4009C0600402CE70042FFFFFFFDD852C93F83
:1046D40025000400C88E37400080FFFF4D35033CA1
:1046E400A935033C9A35033CC8800060E803000008
:1046F400C435033CCC35033C544100605841006050
:104704005C41006060410060644100606841006099
:1047140018600260AF3F000020000C60070000201A
:1047240024000C6044000C6004000C60442500402C
:10473400F0400C60FC400C60000000BEFFFFFF0175
:104744000000C9BFFFFF0600000000C0FFFF050016
:10475400F07F37C0E07F0700A4AB0042FFFFFF3FBC
:1047640000000040D435033CE23A033CE335033C0B
:10477400E735033CF635033C0436033C1236033C70
:10478400CCAB004230000C6034000C60941AC93F7A
:104794001736033C5D36033C4D36033C5052C93F4B
:1047A4005852C93FDC52C93FF052C93FEC52C93F8D
:1047B400241CC93FA4EA0042BC100142FCB10042DF
:1047C400B8280142FC280142744A01421C53C93FE3
:1047D40060AE00422C40024200B00042B81AC93F09
:1047E400B9FFCE3FB8FFCE3FE805004000000060AF
:1047F4000000016000E0026000B4C404002D310137
:10480400FF0F000000F0FFFFFFFF0FFFFF0FF0FF9F
:1048140030410C609C180040B4180040E41800407B
:10482400FC1800400816004034170040C816004029
:10483400401700402C400C6030400C6050410C602C
:1048440028400C60007000600C0800008054C93FD0
:10485400C062C93FFF7F06005344033CE145033C6B
:104864008E44033CFC7F37C09A44033CBE44033C63
:10487400D044033C00006F00F945033C601CC93F71
:104884000018000000140000C845033C0080C8BFA5
:10489400E044033C8845033C1E45033C9745033CE8
:1048A4005845033C7645033CAE45033C6545033C13
:1048B400008000600C20100040420F00401A0040AD
:1048C4008454C93F7C5003607C1CC93F9454C93F45
:1048D4008854C93F8C54C93F541B004024E2004211
:1048E400D35A033CE35A033CC65A033C38E2004221
:1048F400841CC93F545D0040605D00406C5D004015
:10490400DA5B033CA020C93FB054C93FAC54C93F53
:10491400B854C93FC054C93FC454C93FB820C93F63
:10492400A820C93FDC54C93F24000400A01EC93F8D
:1049340004853740B457C93F607B033C3031C93FDD
:10494400407B033C21000400FF370600A01CC93F44
:104954001C8937402200040000003800CC8937400D
:10496400230004000088C028F454C93F5831C93FCB
:10497400DB88033C068A033C0389033C0B89033C24
:10498400DE89033CBD59033CF189033C3589033C72
:104994001B8A033C33C410BB1058C93FBC57C93FE2
:1049A400D0FFCE3FD05001425459C93FBCEC004225
:1049B40050EE0042742500402C93033C7293033C58
:1049C4006293033CAC59C93F9C59C93F9459C93FB0
:1049D4008C59C93FA459C93F88010142C459C93FF0
:1049E400C032C93F000000103C000C6038000C606D
:1049F400C462C93FC862C93FCC62C93FBC32C93F27
:104A0400505A033CFC3402426080006000000E00F7
:104A1400FFFFF1FFFF1FFFFFFFE3FFFFC084006004
:104A240000000800C4840060C3160000FFFFFEFFFE
:104A3400748000601C8000603FC0FFFF0000000421
:104A4400FFFFFFFB40130200070B010000000020E2
:104A540040E0006010000C60A454C93FC0800060B6
:104A640060000C601844C93F2044C93F5044C93F0A
:104A740067666666941CC93F981CC93FFC81006048
:104A840000E00700FF1FF8FFFFF3FFFFA054C93F3A
:104A94008C1CC93F901CC93F4C1A004000E0000028
:104AA400008003606E44C93FC644C93FBC44C93F4B
:104AB4009080006088800060FFF7FFFF9C600260C8
:104AC40054D00160D4CC016090600060F05000606C
:104AD400B0600260F83F000007C0FFFF68F00160AB
:104AE40080F0016000600000FF9FFFFFFFEFFFFF09
:104AF4000000FF7FFFFF0080FFFFFF7F6CF001607D
:104B0400D00700000C8000601080006014800060FA
:104B1400A90D033C9415033C5B0E033C650E033C5A
:104B2400C50E033CF40E033C3B15033C3413033C19
:104B3400260F033C470F033C7B0F033CB30F033C9E
:104B4400EB0F033C3010033C2915033C4910033C94
:104B54008910033CEF10033C2011033C6711033C14
:104B6400AD11033C1315033CF011033C5612033CF6
:104B7400FC14033C7612033CAE12033CE414033CE5
:104B840070A03740E0A23740189E37402C9D374034
:104B94006CA7374018A23740A4A7374030A4374049
:104BA400A0A13740949C3740F4A33740ECA737408A
:104BB400FFFF3FB38115033C5015033CF412033C43
:104BC4008914033C0813033C2913033CA615033C36
:104BD4005513033C6615033C8013033CD514033C76
:104BE4009F13033CBB15033CAF13033CCE13033CA0
:104BF400C514033CDC13033CAE14033C9B14033C7C
:104C04007314033C5D14033CDD44C93FF744C93FBE
:104C140018A83740FD44C93F0945C93F4CE9004243
:104C24003545C93F2431C93FE854C93FF028C93F3D
:104C340030080000F0FFFBFF20000400F054C93FDF
:104C4400E0893740767C033C247D033CF87C033CBC
:104C54000000F0FFF40100000CE60042347D033C48
:104C64005C82033C0F0C0000617D033C697D033CC6
:104C7400140C0000B07D033C0D83033CB87D033C61
:104C8400F382033CDA7D033CF77D033C367E033C30
:104C9400757E033CDF82033C907E033CDF7E033C55
:104CA4001D7F033C8982033C2D7F033C7782033CB8
:104CB4004A7F033CA17F033CEE7F033C4180033CDD
:104CC400DA80033CC682033C4A82033CE280033C14
:104CD400FB80033C381C00405C81033C3682033C6F
:104CE400AD82033C2182033CC281033C1482033C19
:104CF400530800009455C93F1455C93F2083033C11
:104D0400A488033C711200003F83033C4783033CA7
:104D14009788033C63120000185D01425031C93F7B
:104D24005455C93F010000805C55C93F5055C93FE7
:104D34003855C93F48A900423455C93F3C55C93F7D
:104D44009055C93FC055C93FAC55C93F9855C93F57
:104D54006855C93F7C55C93F2C55C93F1855C93FB3
:104D64003055C93F7983033CBD88033C9D83033C94
:104D7400C483033CFB83033C0455C93F1484033CB4
:104D84002D88033CE40B00000C55C93F1E84033CF2
:104D9400E50B00004884033C1A88033CA50C000082
:104DA4001C55C93F2855C93F2055C93FFC54C93F2C
:104DB4000688033CBE84033CE587033CE60D000003
:104DC4000C120040D784033CCF87033C540E0000F0
:104DD400E384033CB687033CB80E0000F284033C32
:104DE400A187033C540F0000FC84033C550F0000D2
:104DF4000A85033C7B88033C4A88033CF30A000091
:104E04002585033CB188033C8C88033C5685033CD0
:104E14005888033C3F0A00008785033C7C0A000055
:104E2400AA85033C8987033C3D130000D285033CDB
:104E34003E1300006587033C8F130000E785033CA5
:104E4400AA1300000F86033C4D87033C6A1500003B
:104E54003586033C2F87033C1E1700002186033C44
:104E64001F1700007586033C451700001A87033C92
:104E7400EB86033C5901033CACB737400887033C3D
:104E84006788033CC8090000B0D2033CB0D2033C9D
:104E940030000500100000002001033C9879033C19
:104EA4001C7B033CD979033CE079033C0B7B033C3A
:104EB400137A033C66660000000000C30100C04C86
:104EC400207A033C507A033C807A033CD454C93F93
:104ED400CC54C93F00DF0042FA7A033C947A033C85
:104EE400AC7A033CC07A033CE67A033C741300407A
:104EF400E454C93F00120000C07B033C5840024206
:104F0400C57B033C597C033CF17B033C64AA00420F
:104F1400B8AA0042DCA80042FF7B033C317C033C7E
:104F2400177C033C000000FC0000F003BC80006020
:104F34004C000C6044C00C6040C00C6048C00C6065
:104F440000C00C604CC00C6058C00C6050C00C60B9
:104F540054C00C6000001000FFFFFBFFFFFF3FF890
:104F6400FFFFC1FF000000F0FFFFFF079F3CFFFFB2
:104F7400FFCFFFFF00200000FFFF03000000FCFF45
:104F8400000080008FBD6FFEFFDFFFFF00004000C8
:104F94000000005C000000020030026018000C6099
:104FA400FFFF0F004545C93F8D45C93F5845C93FDF
:104FB40000F001600000026000800060A13AD85057
:104FC400FFFFFF8FFFFFFFF1FFFF3FFEFFFFC7FF64
:104FD40000000700FFFFFF9FFFFFFFE7FFFFFFF950
:104FE400FFFF7FFE00001C0000800300FFBFFFFFE7
:104FF4002A4C033CE94D033C3948033C624C033CD6
:10500400D84D033C8E4C033C6249033C494E033C5F
:105014008C49033CD44C033CCB4D033C0B4D033C2B
:10502400BA4D033C374D033CF447033C5B4E033C11
:105034004548033CAB4A033C0F4E033CE44A033C63
:10504400254E033CFE4A033CFF4D033C2B4B033CE3
:10505400F34D033C9F4B033CDF4B033CAD4D033C02
:105064006F4D033C9D4D033CC746033C2547033C21
:105074003247033C1847033CE14E033C4B4F033C8F
:10508400034F033C1A4F033C384F033C3412BAAB72
:105094007856ADBA6D4E033CA74E033C7C54C93FD1
:1050A4007854C93FCCFC3740AA45C93FC645C93FDF
:1050B400C4140040D045C93FE245C93FAEFD374066
:1050C400E445C93FF245C93FF445C93FF645C93FE8
:1050D4005645C93F4812004060120040010000FFDD
:1050E400AD46C93F664BC93FFC45C93F9446C93FDD
:1050F4003046C93F7C46C93F4546C93F6346C93F20
:10510400D034C93FB446C93F80B800420100FFFF14
:1051140000DF000000083840D80338403008384029
:1051240084083840A434C93FA834C93FDC49C93F86
:105134000F48C93F4748C93FCC210040AC34C93F60
:105144008E48C93F2D49C93FC048C93FD948C93FC6
:10515400000000FF35757A0000CF00005C0838407D
:105164006C08384006F9000004FB0000609FFFFF54
:1051740021DEFFFFDC23000012EDFFFFEC13000033
:10518400EE110000F14AC93FC34BC93F4C4BC93F24
:105194009F6000006C4CC93F664BC93FD82100405A
:1051A400718EFFFF7F4BC93F994BC93F7C4DC93F6F
:1051B4000F48C93F08190040F018004003000600DA
:1051C400844DC93FC64DC93FB24DC93F364100A5C4
:1051D400FD07618BFCB2AFFF60A62065FF07F0827C
:1051E400112A882188FCC088115A889812E08811F5
:1051F4008A8942C4FF660409E5FA07AD0665110809
:105204001DF028034B33C0200029084B8846F8FFC3
:1052140036810032A0003261063222000C14C02014
:105224000052231D5050345665083802C0200082B5
:10523400231D80683456461238020C17C0200052D1
:10524400231D50503556352438020C15C0200062F9
:10525400231D60683556C63F38020C14C020005226
:10526400231D505C3456055038022166FCC02000D2
:1052740052231D48028164FC5054350C167CF70CF3
:10528400297CDA0C4B7CBC566553C02000A2231D3C
:10529400715EFCA0A4340C157CF60C287CD90C4B54
:1052A4007CBC562A592861661202E516031DF000DB
:1052B4000050A06050AA10A0FA40A0A060A2CA1F8B
:1052C400A030740013400074A162AFFF70663060B8
:1052D4005510614DFCE0731170668072260016A7AC
:1052E40006A867B2C11825FF058146FC8B639808A0
:1052F400E066116A69C0200098060C2AA09920C0B3
:1053040020009906C0200098067CDAA09910C020DD
:10531400009906C0200098060C4AA09920C02000DD
:105324009906C0200098067CBAA09910C020009964
:10533400060C066957691769076927626726624779
:105344000C68688C56B878AD03E006006802001358
:105354004000A4A1C02000A2661F46B2FF604060C6
:1053640060441040F44040406042C41F4040740C0C
:10537400130014400073A17CF37033303066103195
:1053840022FCE074117A33380316F30772030CBC61
:1053940037C22325169C080C077971A22326722391
:1053A40023D823B2231D4BF3E2C11CE00700A871EC
:1053B400722326922325AA7772632672231DA0994D
:1053C400C0926325795378028B94E099119A77C03F
:1053D4002000F807E813C823F0F504B85310FF11B0
:1053E400D803C73E46AD04D0D0F4C0C0F4E5DDFF19
:1053F400A8239853E07A117A9978139953A077C027
:10540400791398037D05CC097823790338028B44FA
:105414000C190014400049A1C0200042631FC68437
:10542400FFC26326C2430CC6E6FF0000F094114A93
:1054340099C07911DC4E81F3FBDA97E0D911981801
:10544400DA99C02000F909C6EDFF0000D0D0F4E0DD
:10545400C0F440A420E26103F2610225D7FFE831E1
:10546400D80381E8FBDADE7A9D7818F821E09911F7
:105474009A977853C02000F909E09E119A777953DE
:105484007813E0E7C0E913C6DDFF00005030605038
:10549400331030F34030306032C31F3030740013A7
:1054A400400067A17CF46044304055104BC341D6A2
:1054B400FBE06C116A44480416C41661D2FB7CEA12
:1054C400F8066B63D086118A8FC020009818F0BC50
:1054D40011A09910C020009918C020009818A1CBE1
:1054E400FBA09920C020009918C020008808CAABEE
:1054F400808835F098118A9981C6FBA0AA118AAADE
:10550400C099110C0887191BE0D811DADAC0200001
:10551400E80DE0E0E48CBEC02000D80D1B88D0D09C
:10552400E5560DFED096119AFFC02000981F7C7A94
:10553400A09910C02000991F92241E16D90F9224FE
:1055440022CABBA0BB1187A9029088C0A22421E073
:105554009911D2241FB0B98091AEFBE0AA11E0C822
:1055640011B0B980AAAD82610281AFFBE00800C22C
:1055740024218821B2241FCAC8A2241EC26421D2B5
:10558400C118E0CC11A50805DC6A81A2FB88088C4F
:10559400F8256F0ABD0AC1A0FBA1A0FB81A4FBE012
:1055A40008000C0BC22420A2241FB26422B264217E
:1055B40081A0FBE008008193FBD0661148080C2809
:1055C4006A64C020004816804420C020004916C0E8
:1055D400200048167CD8804410C020004916C02002
:1055E4000048160C48804420C020004916C0200002
:1055F40048167CB8804410C020004916C0200048DA
:10560400160C88804420C020004916C0200048168B
:10561400817FFB704420C020004916C0200048163A
:10562400804420C020004916480232C310001340B1
:105634000037A1C0200032641F0602FF8176FB8878
:105644000816D8F5E5630ABD0AC173FBA175FB46CC
:10565400D2FF00000060306060331030F34030301F
:105664006032C31F3030740013400075A17CF470A5
:1056740044304066104BC34164FBE07C117A4478AB
:10568400044160FB6BD39804D04D114A49C02000FB
:105694004804B22722404835F084114A8842C32C7A
:1056A400E044114A49C020004804C08811404084A5
:1056B4008C1B4048C0A22721E227204AFAE0E2419D
:1056C400E73F02462000D0DD11DA99C02000E81936
:1056D4007C7FF0EE10C02000E919F09C11CA99A05B
:1056E4009911E0BB11E2271F9ABB9149FBE0AA1173
:1056F400E0C411BAB9AAAE8921D931814BFBE008C3
:10570400009140FBD83198090C8ADAD9C02000985E
:105714001DA09920C02000991D92272188214A9913
:105724009267219227229A4487A41642672248024C
:1057340032C3180013400035A1C0200032641F8614
:10574400C4FE0C04C6F8FF004133FB480416D4FD24
:1057540025530ABD0AC130FBA133FBD2A004813317
:10576400FBE0080086F1FF000050A06050AA10A0E2
:10577400FA40A0A060A2CA1FA030740013400074B5
:10578400A162AFFF706630605510611FFBE07311BA
:105794007066806226009C46A866B2C118A5B3054F
:1057A4007119FB68678C56B877AD03E00600680290
:1057B400CB330013400034A1C0200032661FC6A8BA
:1057C400FE50206050221020F24020206022C21F90
:1057D40020207400124000D6A1D0D730D055104BF1
:1057E400D2E0DD11DAD8D80DBC9D6BD2D0DD11DA50
:1057F400D4C02000E81D90EE20C02000E91DC02088
:1058040000E81DA0EE10C02000E91DC02000E81D26
:10581400B0EE20C02000E91DC02000E81DC0EE103D
:10582400C02000E91D22C2140012400026A1C0209D
:105834000022631FC693FE00A02060A0221020F265
:105844004020206022C21F20207400124000D5A1F5
:10585400D0D630D0AA10E0D211DAD7D80DBC9D8BA7
:10586400D2E0DD11DAD4C02000E80D80EE20C020A3
:1058740000E90DC02000E80D90EE10C02000E90DF5
:10588400C02000E80DB0EE20C02000E90DC02000CB
:10589400E80DC0EE10C02000E90D4B2200124000BC
:1058A40025A1C0200022631F867DFE0036410081B1
:1058B400E1FA920800AC490C0992480091DFFAA27F
:1058C400A090D1DEFA9AAA0C080C8976890E8ABABD
:1058D400C02000C20B00DAB8C24B001B880C190CA4
:1058E4000820898380807456280530898356C8042B
:1058F4000B330CF90C88373902308141F0881131AF
:10590400CFFA8AB20C9C279B0B0C02224B001B285B
:105914001DF000000092030090A441D2CA57A73C96
:1059240002D2CA30909034D24200A2C957973C02A6
:10593400A2C930A242011B332B2206F2FF0C0246FD
:10594400F3FF00003641006060742C08202074507E
:10595400507492012067B80ED1BAFAC1BAFAB2A251
:1059640069A1B9FA653F0A97B80ED1B8FAC1B5FA78
:10597400B2A26A86FAFF00000081B5FAA1B6FAC0A5
:105984002000D828C02000C868C02000B878C020F3
:1059940000A928C02000A868E1B0FAE0AA20C0202D
:1059A40000A968C02000A888E1ADFAE0AA10E1AC23
:1059B400FAE0AA20C02000A988C02000A888E1A994
:1059C400FAE0AA10202A20C0200029880C0A0C1E04
:1059D40030EA8321A5FAC02000A86820EE0120AA9D
:1059E40010E0AA20C02000A968C02000A878219F48
:1059F400FA0B3360330120AA10303A20C02000395A
:105A040078C0200049188C89219AFA2802220219A8
:105A14002A550C0AC0200038680C1E2D0A4195FA3C
:105A2400502E93302201403310203320C0200039FF
:105A340068C02000387822AFC00B55203310505076
:105A440054505320C020005978C020003868218A5F
:105A5400FA60EA8350EE01203310E0E320C0200016
:105A6400E26806A71605A2C6FFA0A094C02000689D
:105A74009822AC00206610A0A620C02000A998C0DF
:105A84002000726816C0200038680C050C14217BB5
:105A9400FA904583404401203310403320C0200055
:105AA40032680657190552C9FF505094C020003877
:105AB400A822AC00203310505320C0200059A8C0A5
:105AC4002000222800316EFA302220C0200029084C
:105AD400C02000280827F2F7C02000D928C02000E1
:105AE400C968C02000B978C0200022281626C90D34
:105AF4007CF30019400083A18083308022101DF0C4
:105B0400366100D2A00050507452610030F320403E
:105B1400E074CD0DBD0D20A074A5E2FF2D0A1DF08B
:105B24003641000C0C1C8DC0BC20A2A09F25FDFF9B
:105B34008155FA002A11802210A0807580222081CC
:105B440052FA80AA10A022201DF00000364100E184
:105B54004FFA820E00FC78F14FFA0C1DF02F20D082
:105B64003D20C2A200768C27414AFAE0A8114AAA35
:105B7400C02000B80AF09B10DC89809D839090744B
:105B8400565900B09D9316A9008A9E3249001B887D
:105B94001DF00000C02000290A46FCFF364100E544
:105BA400EA00813BFAE02211802280C020002222F8
:105BB400002501011DF00000364100563201226328
:105BC40000A5C404A0A2412134FAA2640029051D41
:105BD400F00022A000226300A5C204222300A0A298
:105BE4004120AAC0A904212DFA06F8FF364100423B
:105BF400A00042630065C104A05241A5C0049124E1
:105C0400FA8D0457281D9122FAA0A2410C04A7A4DE
:105C140024E084119A88C02000880887122D1B4430
:105C240086FAFF00E048119A44C020004804471255
:105C34000A1B8806F3FF0C021DF000002117FA006E
:105C440088112A8889030C1206FBFF0042D4420003
:105C54004411490386FBFF003681000C088905596D
:105C6400318906871332910EFAA10EFA9A925D02D7
:105C740072A00197BA02807820810BFAA10CFA8AEB
:105C8400820C1987BA010C0990772007E711710873
:105C9400FA8106FA7A7277B80622A10286300000E9
:105CA40071F4F90C09A8078D03768813E079117A49
:105CB4007278079627FEB81A007711B7B7DA1B99DE
:105CC400B1FDF91C4AE5F9017D0A9CAAE5D700E576
:105CD400E7FFD2C11CC2C118B2C114AD04A5EDFFC7
:105CE400886137B808E5ED0022A101C61C004851BF
:105CF400D1C7F94A8882C801E094113088C0902243
:105D0400C040B38087A40286240087940206420020
:105D140021DFF98D042A244AC3871C0206210021AD
:105D2400EBF9880289378C4892C70C926804726236
:105D34000022670421E7F93927380249171B333950
:105D440002285139072044C028710044112A4422F2
:105D5400A00025E700CC34AD07A5120A5831490547
:105D640039061DF0E1CBF9E0A911EACAE1C8F9C08E
:105D74002000C80CEAF9F20F00D78C0D8C5FAAA2A0
:105D8400A80AC79A041B99B739D94099C022C2FC02
:105D94001BBB379902C6DDFF1B4486D9FF9D040651
:105DA400F9FF0000A1BBF9E09811A09980A20200BC
:105DB400C02000B22900163A019805B71949D1BE8E
:105DC400F9C1BEF9B2A0F2A1BEF925F909C02000BB
:105DD400A809E7EA0BD1BBF9C1B9F9B2A0F446F9B5
:105DE400FFA805B71A21C02000A9099851A87190ED
:105DF40098C0009911B1B4F9AAA98921C91181B532
:105E0400F9E00800C81188219202001B881B9992AE
:105E140042004B551B22C6BFFF0C034D0322A101B8
:105E240086CBFF003661002070F4DD05CD0452A15D
:105E340002ECF7818FF93A428808881847382441E0
:105E4400A6F9B1A6F94A333030F5E0A311C931D926
:105E54002125E1012020F54D0A52A101C831D821A4
:105E64008D07CCFA2D051DF000E058118A725A54A2
:105E7400790582C8013728F0ED06BD03AD04A5DD20
:105E8400FF5D0AAD04E5FF0906F6FF00364100E5B3
:105E9400BB00318EF9322300165302822300279867
:105EA400679813B17AF9C17AF9D17AF9881328235A
:105EB4002A8887292088338C28284329482843891D
:105EC4000225D000566304D188F9C186F9B2A148ED
:105ED400060500000000B0A980820A0056E800D13F
:105EE40080F9C180F9B2A13AA176F925E70982C8FF
:105EF400FF808074824A00569800E08911CA88C0E5
:105F04002000D9081B9986E8FF383346E2FFAD0329
:105F140025F7091DF000000036610025B300E5C235
:105F2400FFCBD18BC14BB120A220E5C8FF881198CB
:105F340021B156F9C157F9D157F99A980C0297280B
:105F44000425C8001DF0BAA8A20A00CCDAE0A81102
:105F5400CAAAC02000A80AD79A011B221B8806F7E8
:105F6400FF000000366100815CF9513EF98A33502C
:105F740042102A334033C05033100C023A3437B441
:105F84000C815AF940A0F50C0547B8032D051DF006
:105F9400B2C10C52610365C5FFA05A208CDAA83146
:105FA4008C9AB149F92D05814BF9E008005146F965
:105FB4005A4406F2FF000000364100101120654EDD
:105FC40006662A051011206560061DF0364100653D
:105FD400510B2D0A1DF000003641008145F92908B6
:105FE4001DF0000036610020B2204052802120F9CB
:105FF4002802881222A10457382F0C0227142AA140
:1060040019F9CD02A0AB10A05BC0CBE18BD14AB58E
:1060140025E1FF2D0ADC1AB821CD045ABBAD03815A
:1060240002F9E00800A83165E6FF1DF036410040A2
:1060340040747130F9DC048807AD028808E0080078
:106044008C5A30A3932D0A1DF0A802880A822811C5
:106054008C88CD0650B520E008008C03AD033807CA
:10606400BD0A3813AD02E0030006F6FF3641008294
:10607400A10587126227283782A10227282882A136
:106084000187A22816520281E3F8822800163801FB
:1060940025BF09A0BA20C11CF9A11CF9DD0281E3C6
:1060A400F8E0080025C20982A1048792D91DF000F6
:1060B4008112F92728198111F987A21B82A1088767
:1060C40012EA810FF98792BE22A10386F7FF00002E
:1060D400810DF986FBFF000022A10686F3FF000074
:1060E4003641003D02622206210AF95102F94802B2
:1060F4002804AD038108F9E00800BCE28C6A0C02B4
:10610400060D0000000029132805AD03222200E03B
:1061140002002D0AEC0A8813BD06882830A320E06B
:1061240008008C0A291328050C0B2812AD03E00281
:10613400004B442D0A167AFB1DF0000032A105A085
:10614400238386FCFF00000036610020A22081F139
:10615400F8E0080061E8F85D0A7806AD027807E027
:106164000700FCEA8CA55222012072205225185601
:1061740075007802522700522502BD0370A720E063
:106184000500DC3A9C14CBB1AD07E00500CC8A488D
:10619400033831371402A1DAF83806BD0A3813ADD2
:1061A40002E003002D0A1DF0368100293121D1F8C7
:1061B400CBA188028828E00800FCFA8831A1CEF837
:1061C40098189849BC49A2A102ACF39802AD08986A
:1061D40009E00900EC4AA831B2C11C881A8848E0D9
:1061E4000800CCAA98318871B859CC0B8959890315
:1061F4002802BD0A2812A22103E002002D0A1DF084
:1062040036610048023D0222A10216F40658041623
:10621400A50648141654060C02584329210CF257BB
:10622400B2412193F8280228022261022821AD03F9
:1062340022630681B8F8E00800169A04B2C10C3053
:10624400A32065F6FF2D0A16BA04A5A309B1AEF87A
:10625400C1B2F8DD0AED0BA2A00181B1F8E008009B
:10626400460600000CB48BB1AD0381AEF8E0080023
:1062740061A4F82D0A679A070B445684FE1DF000AA
:10628400168AFA86FDFFAD0365E5FF2D0A16BAFAF4
:1062940046FAFF000000281322221D16220130A313
:1062A40020E0020017EA09219DF8483147B201298C
:1062B400314190F8AD0328042802E002002D0A566B
:1062C400AAFB0CF85738185813AD03522516E005ED
:1062D4000052A108579A0A82230482C8FCB62801F6
:1062E400AD022804BD0A2812AD03E002002D0A867F
:1062F400E2FF000036A100617FF829712806A2C1DF
:106304001C2822E002002D0A56DA0E5871781588EE
:106314006716F81B787716A71B782578278CC7A8EB
:1063240035CD04BD03E007008C1AE59909A8710C6A
:1063340007881A587877150178985888596116A5EE
:10634400195057E2564519985A37B9020665004A5A
:106354005357B902066300B22106B093E2563918C6
:10636400B094E256D91716F40822280EEC126D04E4
:106374005D03A871281A22221A56320C215EF8A84D
:106384007188028808E00800162A0C0C0BC64A0023
:10639400002208301662FD28062802E002002D0AB9
:1063A400565A05A8718160F8281A915FF828E28985
:1063B400A199B1B2C128E002002D0AEC5A98A1D8E3
:1063C400B1D069209CC66871BD0A88160C1FE2080A
:1063D400306D0AE7A60BA2A000B0AF83A0A074564C
:1063E4009A012D0B5144F8A871580520B22052256A
:1063F40001E005002D0A164AF71DF000AD09BD0D98
:10640400CD0689519911D931E941F921814BF8E03F
:106414000800BD0288519811D831E841F821076A73
:1064240018B8D8D0A611AAABC80AA22A01AAACA748
:10643400B305B134F8573C01BD021B66C6E4FF0046
:106444000C0BE002002D0A161AF3C6EAFF000C1822
:106454009871708A83808074B819AC687736247018
:1064640085E2DCE8887BAD09BD05E008007A55705B
:1064740066C0473621D12DF8C12EF8A12EF8B2A25C
:1064840081A58D09886BAD09BD05E0080088618A86
:10649400558066C086F6FF0C080C19BD08A0B99398
:1064A40060898380BB20C8718802CCEB8818AD0C4E
:1064B4009911E008009811167AEBBD092802CD0B5A
:1064C4002832BD0AA871ED04DD03E002002D0A861E
:1064D400C9FF00002109F886C7FF00002109F886DA
:1064E400C5FF000022A10286C3FF000036810029F7
:1064F400312100F8CBA1622200426101622602E050
:1065040006004D0A564A046831781672271016E7B9
:106514000C16330D7856881187B7024632005A9804
:1065240097B702463000AC25A806BD03680A622668
:106534000CE0060071D8F7706563692156CA0688B5
:1065440031A97168286846CC5642A1012D041DF07A
:10655400A838B821C2C11CE0060088716D0A8261A6
:1065640002164AFE8802A8318808E008004D0AECA9
:106574005AA8314821881A407563822810C811BD71
:1065840003DD0760B693E008004D0AAC2A2802BD7B
:106594000A2812A831E0020038312823285216A212
:1065A400FAA833BD06E0020006E8FF006D0486EC9D
:1065B400FFA802BD04C81AA831E00C004D0A8CA63D
:1065C400CD07BD06AD038198F7E00800881170552A
:1065D400C07A8889117A3356D4FB5665F8C6EDFF24
:1065E40041C6F746D9FF000042A10246D7FF00008A
:1065F40036A100293121BFF7CBA128022822E002CD
:10660400008D0A561A1028316812622611160610D7
:10661400682268269C06A832CD058901BD04E006DF
:106624000088018C1A256A0916C30E28316852475E
:10663400B6028638005A7477B60286360016750C90
:10664400A802BD03280A7D052892E00200A9214979
:1066540011282116F20461B9F72D03606763A8318C
:10666400881A82281A8C880C0BE008008D0A566A56
:106674000991A0F7A83188098808E00800561A078C
:10668400A831C811881ADD0682281120B22060774B
:10669400C0E00800573726D1AAF7C1AAF7A1A5F789
:1066A400B2A3A1A56B092C09906763CD06BD03A213
:1066B400C110815DF7E0080022C110C6E7FF0C029B
:1066C4000C18CD02918CF7702883A0C89320CC209D
:1066D40028099831DCCC2812BD0C8901AD09E002EF
:1066E400008801EC5A28116A336A22291106D8FF5E
:1066F40000000C0C2180F7BD0A2802A8312832EDD5
:1067040005DD04E002008D0A2D081DF0CD0886F891
:10671400FF8179F706FCFF0082A10246FAFF000020
:106724003601012261032188F7426102C02000285A
:10673400024170F7C020002261172804CBA128224F
:10674400E002006182F7783168062D0A6717024675
:106754004800ECFA682116261278575A6367B70284
:10676400064600306034BC26212BF732220022A1D9
:1067740002160301E55009BD0AC163F7A175F7814B
:106784002BF7E008003170F7C02000422117C02029
:10679400003803379402063A00A55F001655FE50F0
:1067A400203416B201211BF732220022A104163331
:1067B400FD254D09A0BA20C154F7A166F786EFFF65
:1067C4000068213A722AB670605456A6042065C047
:1067D4003CF867B8424C0CA2C11C8113F7E00800D6
:1067E4004C068804A8318808E008008D0A56BA06C9
:1067F400A831DD06981A70C720922914B2C11C82F0
:106804006101E009008811BCAAD153F7C154F7A172
:1068140049F7B2A422655409706044DC662065C05F
:106824001CF867B80F2C0CA2C11C81FFF6E008000D
:106834002C0606EBFF1C0CA2C11C81FBF6E0080031
:106844001C0606E7FF7804A8317817BD08E00700A6
:106854008D0ACC6A6A2257B20206D9FF2804A831ED
:106864002832ED05DD030C0CBD08E002002D0A867C
:10687400C4FF000022A10686C2FF000022A10286F6
:10688400C0FF1DF036410020C22040D420BD030CBF
:106894000AA5C5FF657DFF2D0A1DF000364100AD38
:1068A40003255E091DF000003641002102F70C6546
:1068B4000B55CC753D05AD05C60A000000AD02813F
:1068C40028F7E00800A73309AD028125F7E00800A6
:1068D4003D0A32C30382AFFC803310B1F6F630A315
:1068E40020253801168AFC39042D0A1DF000000009
:1068F40036410030A320811BF7E008000C021DF094
:1069040036410016E300D118F7C118F7A119F7B200
:10691400A08BA5440925A301883292A7CF808AC001
:1069240087B90AA92222A1078C0439041DF0282260
:1069340020AAC02110F7A7B2EB0C130C02C6F9FF72
:1069440036410022020430A32040B42056A2008124
:106954000AF7E0080022A1068C0A0C021DF00000D0
:106964003641008106F7822801E008001DF000008E
:106974003641008102F7822800E008001DF0000083
:10698400364100E5FEFF0C021DF0000036410065B3
:10699400B105662A0265C305E59A01A262020C02EA
:1069A4001DF00000364100A5FBFFE59901A262033A
:1069B40022A0001DF000000036410030A32081E930
:1069C400F6E008000C021DF036410081EDF6E00807
:1069D40000A2220081ECF6E00800A8120C0281EA71
:1069E400F6E008001DF00000364100A5EF00A262A9
:1069F40000E5F000A262010C021DF00036410081A6
:106A0400E3F6892281E3F689320C021DF0000000CE
:106A1400364100657906A1DFF6B2AFFF257B06900B
:106A240000000000364100257806A1DAF6658E06DE
:106A34001DF00000364100E5EA00A02A2025EC0004
:106A4400008211A0A820A263001DF000366100108E
:106A540021203193F641D0F630328037B41A319484
:106A6400F63022803192F627B30ED1CCF6C1CCF6A3
:106A7400B2A086A1CCF6652E0981D4F6E0080030D8
:106A8400EB03303D0441C8F60C05C0200088040C1B
:106A94001230259326080DD1C5F6C1C1F6B2A08ED9
:106AA400C6F3FF0000C020003904A59F05661A1133
:106AB400165306D1BFF6C1BAF6B2A098C6ECFF00D1
:106AC40000001C8B8BA1252106B1BBF641BAF6CD83
:106AD40002AD02C0200052440081BDF6E008008CE3
:106AE400DAE1B6F6D1AFF6B1B6F6C2A0A225D80364
:106AF400C020008204008080741638FFE50D058BE9
:106B0400A165260640EB03404D0447130BD1ADF6B7
:106B1400C1A4F6B2A0AE46D6FFE54D0141ABF6E006
:106B2400B311B0B48030A320A5F0FFE0B211BAB421
:106B3400AD0225F0FF1DF00036410020EB03202DAF
:106B4400040C030C1A20A39331A0F6E0BA11BAB3D3
:106B540025EEFF654A01E0B211BAB3AD0265EDFF5F
:106B64001DF0000036410030A0F48187F6E00800F3
:106B740030A0F58184F6E008001DF000364100E500
:106B840005056547019193F682A000C02000824963
:106B9400008188F6A2A001C02000A24800C0200005
:106BA4008209008080741638FF8187F6E092119084
:106BB4008880B22800AD02E5FAFF25490125A50524
:106BC4001DF0000036410040EB03404D0432A001AB
:106BD40022A0004023833174F6C0200052230047D2
:106BE400150ED17DF6C17DF6B2A0C0A16EF6E516F4
:106BF40009258B059C05661A0ED179F6C178F6B283
:106C0400A0C246F9FF00000052AFFFC020005903A4
:106C1400316EF6E084118A83B808AD04E042116550
:106C2400F4FF4A33B803AD02A5F3FFA58705261A7E
:106C34000A2168F60C13C02000324200101120E52E
:106C44004001101120E58505261A05101120259C08
:106C5400058164F6E008001DF0000000364100A044
:106C6400EB03A0AD048158F6E09A11908880B22815
:106C74000025EFFF653D011DF000000036410021B5
:106C84005AF6C0200028022020041DF0364100B22C
:106C9400A000B0AB20E5ECFF90000000364100817D
:106CA40053F69153F699089153F699181DF0000084
:106CB4003641001C68ACF2422201262418A22200AC
:106CC40022220166122530B3206586041C08661A48
:106CD400160C08460400A22200653604A04A20E5EA
:106CE400570582A02DA794D42D081DF0BD03E56B94
:106CF40004C6F5FF364100A2A01616C20082220087
:106D040026080AA8027CFBA5FAFF2D0A1DF0AD0295
:106D1400813AF6E00800560AFF86F9FF364100166C
:106D24009204380216430428130B22B6221D28139A
:106D3400A803661229A553040C02261A1FD12FF6A4
:106D4400C130F6A130F6B2A2C8250109A22300225F
:106D5400A001E52E044D0A655005A714D01DF00CC2
:106D64000DCD0DBD0D25340406F3FF001C62C6FADB
:106D7400FF0000003641003124F622A00488438C31
:106D840018E008000B2232C3FC6602F0E5E4046557
:106D940043000000364100A11DF6E5AE03000000EB
:106DA400364100A11BF622A001258806A2A000817D
:106DB4001FF6E00800811EF6E00800A5A4000C0AF6
:106DC400811DF6E008008113F6C020002908811215
:106DD400F6C0200029088111F6C020002248018154
:106DE40016F6E008008115F6E00800810DF6C020D3
:106DF40000224801310CF6C0200022030020207438
:106E04009C4220EB03202D04E082112107F68A2204
:106E14002802E002001DF000A2A06481D2F5E0087F
:106E240000C6F3FF3641006106F64106F6C02000B5
:106E340028067CF3202330209004C0200028040C72
:106E4400270C0570221082A00820859390282081A9
:106E5400FEF5E0080081FDF5E00800F08211C02095
:106E6400009806708810808330908810C0200089B4
:106E740006C020006804202341202330602210AD86
:106E840005C02000290481F2F5E00800AD0581F178
:106E9400F5E008001DF00000366100A1DDF5E5789D
:106EA400060C0A81FCF5E008005D0AA2A00181F944
:106EB400F5E00800A1EAF5C1E8F50C0BA0CCC0810F
:106EC4005CF5E00800265510A1E7F5C1E5F50C0BCB
:106ED400A0CCC08157F5E00800A5F4FFA16EF52C05
:106EE4000CB2A00881EDF5E0080065A100A147F50A
:106EF4002C0C0C8B81EAF5E008000C0A81A3F5E068
:106F04000800A5D9FF81E6F5E008008C1A65E6FFC4
:106F14002155F531D5F5B2A40020431031D4F52123
:106F24006EF53A343030F5E0A311A0BBC061D0F562
:106F340081DDF5E0080025060281DBF5E00800E5C7
:106F440008FF2A26258A024022C065630A81B8F513
:106F5400E0080041B2F50C184BA1C02000824400A7
:106F640081D3F5E0080082010E2020F5F6283031A7
:106F740029F52803AC52E5D00821BEF5BD0AA1BE0F
:106F8400F5CD02812AF5E0080038038CE365CF08CB
:106F9400BD0AA1BAF5CD028125F5E00800A5D20805
:106FA4000C1AE5F00081B6F50C2AC020009808A759
:106FB4008939C020009808A09920C020009908C0F1
:106FC400200098087CEAA09910C020009908C020ED
:106FD4000098080C4AA09920C020009908C02000FD
:106FE40098087CBAA09910C020009908A1A6F5724F
:106FF400A064818EF5E00800C02000A20400C02037
:1070040000820401808074A0681070A7208155F567
:10701400E008001616FEF2A000C193F5D195F5ED37
:107024000FBD02AD0381A2F5E0080081A2F5E008DE
:107034000081A1F5E0080081A1F5E008002192F5A6
:10704400B912A902817DF5E008002579020C0A81B4
:107054009CF5E00800C18DF5B18EF50C0A257C0085
:107064006655058198F5E008008174F5E008004153
:107074006CF50C120C03C02000224400C020003226
:1070840041043D02C020002201042020749C4220BF
:10709400EB03202D04E032112164F53A222802E0AA
:1070A40002001DF000C02000324104C02000520440
:1070B40000C02000220104A2A064202074502210E9
:1070C400C02000224104C02000520401C02000223C
:1070D4000104202074502210C02000224104812188
:1070E400F5E0080006E7FF0000E203000C0556F097
:1070F400070D0112D1FF12C140094100D14900E638
:1071040003092100B403091100C149C2610FD2610E
:1071140010C5910300EE0302611500E203000905A6
:107124009C0000E4034168F500041000E4130C70B3
:10713400C60300000166F50800CC300C6086000030
:1071440002A00502611400D4030261030161F50089
:10715400E6136D01156600C59703082100E61308C0
:107164001100B4130831184110200000D403103466
:10717400000158F5A00000003641008157F5870250
:107184000ED156F5C157F5A157F5B2A061E5BC087B
:1071940000821120882021B0F42088202153F5C0DA
:1071A400200089021DF00000364100214FF5C02067
:1071B400008222008020E48090E52799029618003E
:1071C4000C021DF03681007CFA25630A0C0DCD0DEE
:1071D400BD0DA2C10825840765060222A3E820BAD2
:1071E400A2C142F5D1D1F420AA828150F5E0080071
:1071F4002D0A8BA165BA07CD028BA10C3D0C0BE5C2
:10720400A507CD020C4D8BA10C1B25A5070C1B8BD0
:10721400A165C9078BA165CD072135F5A2C1103839
:107224000228123941295165B707A2C11065BD076B
:10723400A2C110A5CB07212FF5A2C1183802222222
:1072440001326106297165B507A2C11865BB07A2A1
:10725400C118A5C9070C0A811AF5E008000C1A81A7
:1072640018F5E0080081F8F4E0080081F8F4E0087B
:107274000040EB03404D040C020C135D02405383A9
:10728400AD05A5C300AD05E5C100511BF53C08C023
:1072940020008905511AF5C0200089055119F5C04F
:1072A400200089055118F5C0200089055117F5C043
:1072B400200089055116F5C0200089058115F55176
:1072C40015F5C020009808509920C020009908C0E6
:1072D400200029088111F55111F5C02000980850AB
:1072E4009920C020009908C020002908810DF54C80
:1072F40005C020009808509920C020009908C0209B
:107304000029088108F50C25C02000980850992010
:10731400C020009908C0200098087CD5509910C05E
:10732400200099082548025100F5C02000290527AE
:10733400940DAD0365B800AD0425B80006FFFF0049
:1073440020A220A5B700AD0265B600AD03E5B600E6
:1073540006FAFF0036410021F6F4C0200088020C32
:107364000280804427981421F3F47CF9C02000287B
:10737400020C182020442089838028201DF000005E
:1073840036410081EDF491EDF48A8287B92A81ECCB
:10739400F491ECF48A8287B91F91EBF4A1ECF49A8E
:1073A400920C1897BA0D9142F49A229140F427B99D
:1073B4000282A0008020041DF00C1846FDFF00008E
:1073C40036410081E3F491E3F48A82873906209000
:1073D400340C188CD98136F49135F48A220C182790
:1073E400B9010C088020041DF0000000364100ADF6
:1073F400028C7381D9F4E008001DF000810CF4E0E4
:107404000800C6FCFF00000036410082220132223F
:107414000292C8F03902980982C8F49922A808A9EE
:1074240012E5F9FF0C02271A1627A30B21CCF4202E
:10743400331021CBF4203320A2C3FD65F4FF2D0AC1
:107444002020041DF000000036610020522040403E
:107454007422A102E61502862900C2A01030B320CE
:10746400AD0181F1F3E00800A1BFF4BD04E5F7FF2D
:10747400B801D6BB0021B9F420BB1021B9F420BB5C
:107484002022CBFD322101169407A1B7F481B2F476
:10749400E0080020A22081BAF4E00800A1B4F4813D
:1074A400AEF4E0080030A32081B6F4E00800A8118F
:1074B4000C13E5F0FFAC9AA801D6BA0021A8F42079
:1074C400AA1021A7F420AA20A2CAFD65EBFF0C0391
:1074D400379A0E28310C138C7222221422C2EC200B
:1074E4003A832D050C16582116050AAC73A1A1F494
:1074F40040B420A5EFFF22AFFFA1A0F4BD04E5EE48
:10750400FF1DF000A19BF4CD03BD0281C8F3E00888
:107514000046E6FF0000AD01101120E5EEFFB801C2
:1075240060AA30A03074D6BB00518CF450BB10510B
:107534008CF450BB2052CBFD72210116D403A18AD6
:10754400F48185F4E0080050A520818DF4E0080062
:10755400A187F48181F4E00800AD078189F4E00893
:10756400000B2256F2F75633F858212D031685F8EE
:10757400A182F4BD0465E7FF46DFFF00A17DF4CDE1
:1075840007BD0581AAF3E0080006F5FF2D03167375
:10759400F606D6FF366100C2A010B2A00010A120EA
:1075A40081A4F3E008008BC14BB1AD01E500000CF0
:1075B4000CBD01AD0225E9FF2D0A1DF03641002561
:1075C4001A0A50C10952620060D10950D6095263A7
:1075D4000050C6095264001DF0000000364100301E
:1075E400EB03303D045673034167F4C020003904B3
:1075F4005167F47CFBAD05A5BD050C04C020003823
:1076040002AD05C020004902A5D005475304AD04CE
:1076140065E000276305A2A064A5F7FF1DF0000044
:10762400315AF40C04C02000490386F0FF00000026
:10763400364100A6220ED156F4C156F4A157F4B235
:10764400A075A571084151F4B2AFFFAD0425B8058A
:107654008153F4E092119A88C020009808AD043058
:107664009920C020009908E5CA050C18CC82214550
:10767400F4C0200089021DF02144F486FCFF0000C0
:10768400364100B2A00120A22065FAFF900000005C
:10769400364100B2A00420A22065F9FF900000004A
:1076A40036410020EB03202D04313DF4B02211308B
:1076B400228032A00088028C18E008001B334B2281
:1076C4006683F11DF000000036410040EB03404D9D
:1076D4000431FEF38C9422A0012243001DF000002B
:1076E400002203001642FF212FF420A220E56A079E
:1076F400D2A001C2A25840B420AD022556070C3DC9
:10770400C2A4B00C1BAD02655507AD02257707ADC9
:1077140002A57D0742430046F0FF00003641008188
:1077240022F40C199248008121F429080C08C02085
:10773400008908F041000000364100811EF4E00891
:1077440000811DF4E00800811DF4E00800A118F494
:10775400811CF4E00800811BF4E00800A2A001658C
:107764008801A2A0008118F4E00800900000000045
:107774003641008117F4E008002114F4C02000828F
:1077840002008080748C488113F4E00800A2A06495
:107794008175F3E00800C6F7FF00000036410020C1
:1077A400EB03202D04654DFF568A00A5700120A22D
:1077B40020A54DFF1DF0000036410025FEFF0C1BE7
:1077C400AD028105F4E008001DF00000364100E53B
:1077D400FCFF0C0BAD028100F4E008001DF000007A
:1077E400364100659C05A1FDF3A5B2051DF000001E
:1077F400364100659B05A1F9F3B2AFFF259D0590C5
:107804000000000036410091F6F382A00182490095
:1078140091F5F382490081F4F3E008001DF00000C3
:1078240036610020207431F1F38C7231F1F32612A9
:107834000231F0F3C0200082231E21F0F38084156E
:107844002628082193F326380221EBF3D1EDF30C1B
:107854001AD0C482D0D4A20B9CC739010C0A0B8D58
:107864008A8A2AA90C1B973A02B2A0008ABB81AF6C
:10787400F3E00800CC1A254508A04482C020008803
:1078840053C0221191E0F34022C22044B4908810E6
:10789400408820C020008953C02000885341DAF377
:1078A400202034408810C02201202820C020002934
:1078B40053C0200022231E0BAAC020002931C0205F
:1078C40000283141D2F3A0A07440221040AA11A094
:1078D400A220C02000A931C020002831C0200022ED
:1078E400631E1DF036410081CBF3E0080091C8F31C
:1078F400C0200088098080B46618F42D0A1DF000A9
:1079040036410081C5F3E0080091C1F3C02000882E
:1079140009808CB46618F42D0A1DF000364100204D
:10792400A22081BEF3E0080091BAF3C020008809C8
:107934008080B46618F41DF036410020A22081B87E
:10794400F3E0080091B3F3C020008809808CB4668A
:1079540018F41DF036610081B3F3E008004D0ACC41
:10796400330C021DF0000B7A3A6227072E0B52AA41
:1079740085A050608055102085C087335E5036C086
:107984008067000C1B20A2208931A50500822103F9
:1079940080E6131020001673FC5025206707194059
:1079A400A06060AA10203AC04067000C1B65030069
:1079B40040E6131020001673FA819BF3E008004D93
:1079C4000A30B320AD028199F3E00800A02A2040D8
:1079D400A4208197F3E00800C6E1FF000C0386E7CA
:1079E400FF0000003641004193F329044193F33929
:1079F40004C020002192F33192F348027CD5504414
:107A0400100C1550442049020C454802C020005770
:107A140004F748030C2550442049030C854803C04F
:107A240020005704F748027CE550441049020C45F5
:107A34004802C020005784F71DF00000364100655D
:107A44000400A03A20E02311302280E032113022D9
:107A540080E50600E02211AA221DF0003641002133
:107A640079F30C19C0200088D20C02808225CC281E
:107A74001DF00000076805902230202074808141A9
:107A840086FAFF00364100816FF3C02000222816D9
:107A9400C02000222814202225567201C020009202
:107AA400281B90901466190BC020009228149098FB
:107AB40025261908C020002228162028151DF000AC
:107AC4003641008160F3C02000222816C0200092B5
:107AD4002814202705909225D022119A2220A02430
:107AE400DC8AC0200092281B90901466190DC020D7
:107AF400008228148088250B88802A831DF00000CA
:107B0400364100B151F320A220A51500A02A2090EF
:107B1400000000003641000C0AE58F001DF0000053
:107B2400364100A2220030B320E57A03A02A201DAA
:107B3400F0000000364100A802CD030C0B25A3037E
:107B44002D0A1DF03641008141F3AD028808BD03C2
:107B5400CD04162800E008001DF000003641008125
:107B64003CF38808CC282D081DF098788C89983827
:107B740097220498489722ED888886F9FF00000030
:107B8400366100515AF20B4247352E0763150CC477
:107B94004783260C244033203B227CC44022100619
:107BA4000100000017E3F00C056129F3E08511489A
:107BB400068931CC941B556635EE0C0A4625000027
:107BC400A874CC3A488446FAFF8221038064806812
:107BD400066703EF781468047066207824706620C2
:107BE4003066103796DD07636F7834612DF2911992
:107BF400F36A777739624B72BD079921A5EB079831
:107C04002116FAFB6A6AAA7767B90DD113F3C11377
:107C1400F34C9BA113F36514082112F32A2727B907
:107C24000AD111F3C10EF34CAB86F9FFA020148CDA
:107C340092D10EF3C10AF34CBB86F5FF7070148C1D
:107C440097D10BF3C106F34CCB86F1FF210AF32A3B
:107C54002AA9024BA22D0A1DF0BD02E5E507162A4A
:107C6400F606FCFF36410030B32020A22025F1FFA8
:107C74004D0ACCAA8C82C100F3BD03AD0265ECFFB2
:107C84002D041DF036410031FDF232230066030F4E
:107C9400B1FCF220A220E5FCFFA03A202D031DF048
:107CA400B1F8F227B302B1F7F220A22025EDFF3D8F
:107CB4000A567AFE1642FE4121F2AD02BD0425ECBD
:107CC400FF3D0A565AFDC1F0F2BD04AD0265E7FF5F
:107CD40006F2FF0036410016D20281ECF291DDF289
:107CE4008A8287390522C2FC222200AD02E5E6FF22
:107CF400CCDAD1E7F2C1E7F2A1DAF2B2A17DE5056F
:107D040008A87ABD02A5D4071DF00000366100CC96
:107D1400B2BD04AD03A5E6FF5D0A2D051DF0CCB38D
:107D2400AD0225FBFF0C05C6FBFF00000051FBF173
:107D34003735F151D6F261C7F2505280573620528E
:107D4400C2FC72250070A72025E1FF6D0A0C18EC17
:107D5400BAD1D1F2C1D2F2B2A19FA1C1F2E5FF071B
:107D640020A220A5DFFF72A000A06A208D07779AC9
:107D74000CD1C9F2C1CAF2B2A1A806F7FF00A876D5
:107D84005D0A8CBA98165806905520922602905592
:107D9400205054100C1947950297982CBD04AD033C
:107DA400826103E5DDFF5D0A8831167AF7A876BDA6
:107DB40007CC08BD02E5CC07EC4AD1B9F2C1B7F251
:107DC400B2A1C6C6E4FF00000030C32020B2208266
:107DD400610365D1075D0A883156DAF306EFFF00C7
:107DE400A0C36320B22050A520818FF1E0080020B9
:107DF400A22025EEFF46C8FF364100AD02CD04BDEA
:107E040003A5F0FF2D0ACCAA8C83C1A6F2BD04AD54
:107E14000325D3FF1DF000003641002042202197A6
:107E2400F2222200660211C196F230B320AD04A5FD
:107E3400FCFF2D0A1DF0000000C191F237B202C10F
:107E440091F2BD03AD0465ECFF2D0A565AFE1623CC
:107E5400FE51BAF1BD03CD05AD0425EBFF2D0A5645
:107E64001AFDC191F2BD05AD03A5CDFF06F1FF00DA
:107E74003641003052A23062820C02DC35BD04ADC2
:107E840006E5CFFF2D0A8C8ACD06BD058169F1E098
:107E94000800CCA28C83C185F2BD04AD0365CAFF82
:107EA4001DF00000364100AD02A578051DF000006C
:107EB400364100AD026581051DF00000364100A188
:107EC4007CF22C09C02000880A1C0B20B983B088DE
:107ED400202D0BC02000890A1DF00000364100ADA2
:107EE40002BD03CD0422A102F62A360B843CF98795
:107EF400392F4088104063E2602820DC228112F28E
:107F04008715168117F287151A8153F10C1D8715F1
:107F14000A22A1028602000000000C2D101120E5A7
:107F240068051DF0DD0286FCFF00000036410021DB
:107F340061F22062402020041DF0000036410081DF
:107F44005FF2E00800215CF2202A821DF0000000AC
:107F5400364100815AF2E0080082A04F2127F2A79F
:107F6400280B8156F2E008002154F2202A821DF0E9
:107F7400364100A5FCFFA02A2065FDFFA0A2D2D0B7
:107F84008A11A088C0914EF290A81180AAC0D2296B
:107F940000814CF2F0AA110C02B0EA03C02000C820
:107FA40008C02230D0CBC0A73CEEB909C02000885D
:107FB400082028301DF000003641003143F2B2AFF2
:107FC400FF30A3202812A52005CC72AD036534052B
:107FD4001DF0000082120007E81588128C98C0205A
:107FE4000098088222028709068832A842E0080025
:107FF4002852C6F4FF000000364100E51A0531326C
:10800400F2B2AFFF30A320A51C0590EB03909D04B2
:108014008130F2212EF2908880E049115208004A02
:108024002228028C1525CA0752A00152480050E4A8
:1080340003AD02A57C098127F25022104A88290841
:10804400651605AD03E52C051DF00000364100A5BD
:108054001505211DF2B2AFFF20A220651705B0EB74
:1080640003B0BD04911CF2E08B118099808118F259
:10807400A809BA88920800562900E5C40792A0000E
:10808400924800257609251205AD02A528051DF0A4
:10809400364100CC6222A1021DF0000000A51005AB
:1080A400310AF2B2AFFF30A3206512058812BC2852
:1080B4009218007CEAA09910925800B80890BB016D
:1080C400B0B8312802968B02A802A0C145A0A00531
:1080D4008102F2E00800250D05AD03A523050C027D
:1080E40006EDFF008802B808E0BB1146F4FF00006B
:1080F4000080EB03808D04A802A02005879295A040
:10810400A14581F6F1E0080086F2FF003641001631
:10811400720A65090531ECF1B2AFFFAD03250B0519
:10812400881216E8059218000C1AA099209258009B
:10813400B8088802B0B174881800BB23CCD8D1E841
:10814400F1C1E8F1A1E9F1B2A2F125C107980890C3
:108154009901909831B7990592180007693E88589B
:108164005698FE969B0328020C6CA802A0A00581D9
:10817400DAF1E0080025030530A320A5190522A0A3
:10818400009000008802B808E0BB11B0B83146F492
:10819400FFA0A14581D6F1E00800C6F5FFD64BFD4E
:1081A40082220020EB03202D04A22800A0800527B2
:1081B40018DE65FF04AD03E5150522A10206F0FFF4
:1081C40036410065FE0471CAF1B2AFFF70A72025E5
:1081D4000005202074303074404074505074606046
:1081E40074ED06DD05CD04BD0320A22081C2F1E0BB
:1081F40008002D0A25FB04AD07A511051DF000009C
:1082040036410065FA0461BAF17CFBAD0625FC0435
:10821400202074303074404074505074DD05CD0417
:10822400BD03AD0281B5F1E00800E5F704AD0665D4
:108234000E051DF036410025F704A1ADF1B2AFFFE4
:10824400E5F8042020743030744040745050746059
:108254006074707074FD07ED06DD05CD04BD03ADDB
:108264000281A6F1E0080025F404A1A1F1650A0544
:108274001DF00000364100BD02C0EB03C0CD04A1D7
:10828400A0F1816AF0E008001DF00000364100A56D
:10829400F104A19CF1D02211B2AFFF20AA8025F3F2
:1082A400041DF000364100C2020F9197F1C0C004D2
:1082B400E0BC11BAA9880ADC188962290AA972CC1F
:1082C40053A802B812650E000C021DF0E802D81281
:1082D400A818A73D07D79A24A808A7BE1FA878897D
:1082E40062A972290AA2C218A97856A3FDBA9938BC
:1082F400092793D346F2FF008D0A86F4FFA8685637
:108304005AFFA962296882C8188972C6F6FF00005C
:1083140036410065E904A17BF1D022112AAA65FF48
:10832400041DF0003661008179F122A000A228002A
:10833400CBC1BD022931658204883166180520A2AB
:1083440020650D001DF00000364100650400317009
:10835400F1222300822301202A800C13A732010C6E
:10836400038ABBBA331DF000364100816AF10C4A1E
:108374009808C0200082291BA08820C020008269A0
:108384001B8165F1AD02822800E008001DF00000A9
:10839400364100A160F10C0B254006402B01A0A43E
:1083A40041A02220B034411DF0000000364100A558
:1083B400DF04515AF17CFBAD0565E1048159F1D02C
:1083C40044114A48290439144818D8389808C82848
:1083D400D73405479D07C7B90490C920DD04660C4E
:1083E40002260D07A14CF10C2B654006A5DB04AD5C
:1083F4000525F2041DF0000036410020EB03202D7A
:1084040004E082112148F10C198A2228020C082068
:1084140089932D081DF0000036A10082C130391166
:1084240089913D010C48492159316941795139A15A
:1084340089B18C720C8889B18811661802A545022D
:108444001DF000000041000C3000E81345B00000AE
:108454003000000010112045BFFB0000450B000058
:10846400850F000000E80366400286DC00F6C0EFDA
:108474002650E02610E510012012D1FF12C140025F
:10848400610400D14900E603092100B10309110088
:10849400C149C2610FD2611045590200E80302616B
:1084A4001400EE0302611500D1030931011FF1002C
:1084B400E613383130C149384130D14900B1035154
:1084C400A2F010200050002000059020E80320E8CE
:1084D400033116F140EB03404D044022903042A09A
:1084E40048046D01D00400C55E02082100E61308AB
:1084F4001100B113083118411020000030000000B1
:10850400082100E613081100B113083118411020A6
:108514000000300012D1FF12C140C2610FD26110BD
:10852400C5500220B10332C20300010307930D00BA
:1085340002031670000B0030000300021330B11365
:1085440005590212D10112C1C07CF020209300D140
:1085540003003000469F0000069200000D0112D176
:10856400FF12C140094100D14900E603092100B1CD
:1085740003091100D103093100C14901EDF00901DA
:1085840000E803598152C0E0295139614971F2610F
:108594001205470216CFFB21E7F030EB03303D0410
:1085A4002023A0280222C248390201E3F040E0035C
:1085B4000005A008000020F420442040E0131C0221
:1085C40030228231DEF02A333035A02803F903103B
:1085D4002000279F02C6DFFF16820E421200078486
:1085E40002C6370051D7F0004430425200004045E3
:1085F4005054A0421201580500442042520128223E
:108604000030455A22FCB3803EE33902903EE33900
:108614001203420213420323420433420543420637
:1086240053420763420873420983420A93420BA3ED
:10863400420CB3420DC3420ED3420FE34210F34245
:1086440011C61F0066337C0030E339021030E33971
:10865400122030E339223030E339324030E33942FA
:108664005030E339526030E339627030E33972805C
:1086740030E339829030E33992A030E339A2B0304C
:10868400E339B2D030E339C2E030E339D2F030E339
:1086940039E20031E339F21031E33262102031E380
:1086A4003262112465CD24E6CD2467DD22D2012275
:1086B400C28024E0DD2461ED24E2ED2463FD24E4A2
:1086C400FDC6FFFF16CF0D321F01419DF007830247
:1086D400063800003330325F010030454043A04883
:1086E40004582F5A24FCB3380230E8F3381230E926
:1086F400F3030202130203230204330205430206B6
:1087040053020763020873020983020A93020BA34C
:10871400020CB3020DC3020ED3020FE30210F302E4
:1087240011C61F0066337C38023000F33812300162
:10873400F338223002F338323003F338423004F392
:1087440038523005F338623006F338723007F338A4
:10875400823008F338923009F338A2300AF338B281
:10876400300BF338C2300DF338D2300EF338E23028
:108774000FF338F23010F33222103011F332221199
:108784003012F32425CD24A6CD2427DD22D20122C4
:10879400C28024A0DD2421ED24A2ED2423FD24A401
:1087A400FDC6FFFFF22112588148713221062221B1
:1087B40005C5D4FF221F020702E9002210202074FD
:1087C400D26110E26111053C02D22110E22111466E
:1087D400F4FF0000000C4000E8131011204577005E
:1087E40010012012D1FF12C14002610400E603020D
:1087F400610200B103091100D1030931014DF009EF
:10880400010D0100D113850A02014EF000E6131098
:10881400200020E40330E203414CF03022104022D7
:108824001016F20400D103383030C149384030D139
:108834004900B10341C5EF4000200004900B4240C1
:1088440022105672FF1B4440E3131CF340F44040D3
:1088540033C0C0EB03C0CD04C03390413CF040337F
:10886400B04803602620622301D0040086E8FF009C
:108874000046E7FF101120C5070200001001201276
:10888400D1FF12C14002610400C20302610200B2BE
:1088940003091100D2030931012EF009010D010071
:1088A400D213C50002012BF000E61310200020E4CF
:1088B4000330E2034129F030221040221016F20462
:1088C40000D203383030C149384030D14900B203B6
:1088D400419EEF4000200004900B4240221056724B
:1088E400FF1B4440E3131CF340F4404033C0C0EB8F
:1088F40003C0CD04C033904115F04033B048036049
:108904002620622301D0040086E8FF000046E7FF2A
:1089140010112005FE010000082100C213081100F7
:10892400B213083118411020001032001001201237
:10893400D1FF12C14002610400C30302610200B30B
:1089440003091100D30309310105F009010D0100E8
:10895400D313C5F5010102F000E61310200020E452
:108964000330E2034100F030221040221016F204DA
:1089740000D303383030C149384030D14900B30303
:108984004172EF4000200004900B424022105672C6
:10899400FF1B4440E3131CF340F4404033C0C0EBDE
:1089A40003C0CD04C0339041E9EF4033B0480360C5
:1089B4002620622301D0040086E8FF000046E7FF7A
:1089C40010112005F3010000082100C31308110051
:1089D400B313083118411020001033003641003021
:1089E400EB03303D040C1461E0EFCB530013400063
:1089F40044A1E03311E055113A7698020C1BC020D3
:108A04000082291BAD02408820C0200082691BE53A
:108A1400D80588020C0D5A88C02000C8188193EE2E
:108A240080CC108142EFE00800B807B09AC09C895E
:108A34000C168C3B6D09A09A2081CBEF3AA8926A60
:108A44000062C6FF2524025666FF822200C0200071
:108A540082281C8784A39000000000000C1000E80A
:108A64001300B60300B11300D60300D113454E0022
:108A74001036000000D403103400000000D50310A9
:108A84003500000000D703103700000036410041D4
:108A9400B7EFB2AFFFAD04A573048802CCB8AD0341
:108AA400658002CC1A252207A2620040A4206586B4
:108AB400049000003661005802EC75A59E03661A06
:108AC400060C021DF000000040B42020A220E5FBAB
:108AD400FF5802CCD5D1A6EFC1A7EFA1A7EFB2A052
:108AE40081A52707101120E59B03261AD320E6034E
:108AF400202034BC52664405101120E51C070C0BE1
:108B0400CBC1AD05B931A5A6022D0ACC1A5673FE08
:108B1400322103165300A2A000E58FFF0B220C1490
:108B24000C03203493302060C6E5FF0030B320509E
:108B3400A52066440AA59F02A02A2046F7FF00004C
:108B4400A5860246FCFF000036410056E200D18BA8
:108B5400EFC18BEFA189EFB2A1352520071DF000ED
:108B6400366100259403261A38A2220056EA00D161
:108B740085EFC185EFA180EFB2A0BA251E07B0E64C
:108B840003B0B03416CB01664302E5130732A000EC
:108B9400B2C10C39312574028831371804AD03A5EC
:108BA40087FF1DF0664306A56C0206FDFF00DD0B82
:108BB400CD0B654F0246FAFF364100416CEFB2AF70
:108BC400FF40A420A560043222009CD3AD032547B6
:108BD400025D0A8CDAD16DEFC16EEFA167EFB2A02E
:108BE4006BA51707AD03E5A3025902AD0465720432
:108BF4001DF000003641000C1C7CFBAD0265EBFF50
:108C04001DF000003641000C4C7CFBAD0265EAFF10
:108C14001DF000003641000C1C0C0BAD0265E9FF91
:108C24002D0A1DF03641000C4C0C0BAD0265E8FF1B
:108C34002D0A1DF0364100B2A00120A22025F2FF2A
:108C440090000000364100B2A00420A22025F1FFCC
:108C54009000000036410082A00020A22082620021
:108C64000C1BA5E2FF1DF00036410082A00020A2EB
:108C7400208262000C4B65E1FF1DF000366100A20A
:108C8400C10C22610325F3FF90000000366100A2AD
:108C9400C10C22610325F2FF900000003661002020
:108CA400A22022610325EAFF813BEF222200879262
:108CB400042139EF2931CBA1A5F3FF1DF0000000F9
:108CC40036610020A220226103E5E7FF8132EF2212
:108CD40022008792042131EF2931CBA165F2FF1DD7
:108CE400F000000036610020A220226103A5E5FF08
:108CF4008129EF2222008792042127EF2931A2C182
:108D04000C25F1FFA02A209000000000366100200D
:108D1400A22022610325E3FF811FEF222200879214
:108D240004211EEF2931A2C10CA5EFFFA02A209037
:108D34000000000036610020A220226103A5E0FFAC
:108D4400CBA125EFFF1DF00036610020A220226197
:108D54000365DFFFCBA1E5EEFF1DF000364100C245
:108D6400A0F00C0BAD0281B2EDE00800810DEF889C
:108D7400089828992298388818993289128109EF1D
:108D840089A20C1889620C08826236826237826278
:108D9400381DF0003641005104EF0C13AD0565E5B4
:108DA400FF8102EFE008004D0AAD056D0B65E8FF99
:108DB4008100EFE008004A4AA734010C036ABBBAF9
:108DC40033C1BDEED1D9EDAD04BD038158EEE00849
:108DD40000C1B9EED1D5EDA902BD0340A42081F5AF
:108DE400EEE00800A9121DF0364100AD038C1365B6
:108DF400FAFF0C021DF00000366100A5E00282A01B
:108E040000A263018933892389038BA189218261AB
:108E14000325F8FF28211DF036410030EB03303DD7
:108E240004371210D1E5EEC1E5EEA1E5EE2CEB100E
:108E34001120A5F20681E8EEE0080051E2EE31E2ED
:108E4400EEE02211205580203380A22500B2AFFF2E
:108E5400A55502261A0225E706C020004223001663
:108E640074FE42A000C02000622300C02000490319
:108E740041D7EE2A44C02000780441D5EE2A44C0EC
:108E840020004804CCE481D3EEDD042A88A808CD70
:108E940004BD0465210270A720E006006614AA41FF
:108EA400CDEED2A000204480A804CD0DBD0DA51F99
:108EB4000246E5FF36410081C9EE0C09C020009945
:108EC400081DF00001C7EE29103920493020D403D1
:108ED40029002C5000E61310200031C2EE30E313B9
:108EE40030EB03303D048CA331C0EE0C044903067F
:108EF4000200000031BEEE0C04490301BDEEC020A7
:108F040000090001BCEE080021BCEE2802C00000EC
:108F140001B4EE28103820483001B8EEC020000912
:108F24000000D403103400003641008109EE910999
:108F3400EE8A828739062090340C188CD9815CED36
:108F4400915BED8A220C1827B9010C088020041DBE
:108F5400F000000010012012D1FF12C14002610490
:108F640000D14900E603092100B103091100C149F8
:108F7400C9F1D2611085AB0100E80302611400EE6F
:108F84000302611500D10309310167EE00E6136D98
:108F9400015582FE0DF000003641001DF000000076
:108FA4003641008822561801A802280A2802E00245
:108FB400000C0A2D0A1DF000000088081688FEA87F
:108FC40032E00800160AFE06FAFF00003641008867
:108FD400228C9888188C58A832E008008C03AD03C2
:108FE4002D0A1DF03641001DF0000000364100201E
:108FF400E6030C192020340C082089932D081DF059
:10900400368100B17FEE1C4CCBA10C038107EDE04F
:109014000800CB214D03A802BD041B33817AEEE086
:1090240008004B226653EE0C1BAD0B8176EEE00874
:10903400001DF0003641008174EE209054B173EEAF
:10904400F09901C02000A808B09910B171EEB0AA3F
:1090540010A09920C020009908C02000A808B16D74
:10906400EE209624B0AA10309911A09920C02000B7
:109074009908C02000A808B168EE209924B0AA106D
:10908400609911A09920C020009908C02000980878
:10909400202C04A2ADFFA09910702211902220C0B0
:1090A40020002908C0200028089107ED902220C044
:1090B400200029081DF00000364100202074ACE295
:1090C4008157EEA157EEC0200098082157EEA099D1
:1090D40020C0200099089153EEC020008809A08880
:1090E40020C02000890920A0F4A5F4FF1DF0000091
:1090F4008146EEA2A080C020009808A09920C0203C
:10910400009908C020009808A149EEA09910C02039
:1091140000990846F5FF00003641008145EE202005
:1091240074C02000A8083030749142EE160204B2D4
:10913400AFBFB0AA10C02000A908C020008809A1B0
:109144003EEEA08810A2A140A08820C0200089097A
:109154003C2A8104EDE008008136EEC02000980826
:10916400BC0332AF7F309910C0200099081DF00075
:109174004C0BB0AA20C02000A908C020008809A177
:109184002EEEA08810A2A500A08820C02000890986
:1091940006F1FF0032A08030992086F2FF00000023
:1091A4003641002123EEC0200088020C1280860480
:1091B4002028301DF0000000364100211DEEC020A3
:1091C4000088020C128087042028301DF000000063
:1091D4003641008117EEA161EDC0200098080C0B08
:1091E400A0991020A201A09920C020009908C020B5
:1091F400009808A2AEFFA09910C2A1000BA2A0CBB8
:1092040093C09920C020009908C020009808A10CA0
:10921400EE22C2FEA09910A109EE20AB93A09920E2
:10922400C020009908A2A12C81CFECE008001DF019
:1092340036410021FFEDC020002802202E151DF02C
:1092440036410021FBEDC0200088022170EC808EA5
:109254001526180F21FCED8C9821FBED82C8FE0C1D
:10926400098029931DF0000036410091F1EDA1F72A
:10927400ED302201C020008809A02210A17EECA0BC
:109284008810802220C0200029090C3A81B6ECE025
:1092940008001DF036410041EEED7CB8C0200068A6
:1092A4000452A1E0806610C020006904C020007848
:1092B400040C86607720C02000790441E6ED571342
:1092C40002063300C0200058040C4CC0552022C2B2
:1092D400E0C0200059040C370C040C1B2074830CD0
:1092E400551CA8204B83D2A06BA2A066205C8320CF
:1092F40068832D04A5F0FEC0D51120DD200C2C0CB4
:109304001BA2A066A5EFFEDD060C3C0C1BA2A0660A
:10931400E5EEFEFD040C0E0C2D0C5C0C1BA2A066ED
:1093240025F1FEFD040C4E0C6D0C5C0C1BA2A0661A
:1093340025F0FED2A070D0D720C2A006B2A001A210
:10934400A066E5EBFE0C1D0C2F0C0E0C9CBD0DA2B3
:10935400A06625EEFE41BEED2171ECC0200058044C
:109364002705F7A2A00A817FECE00800C0200028AE
:10937400047C75502210C020002904C02000280459
:109384000C45502220C02000290421B3ED39021DD0
:10939400F0C02000522400B2A001805510C020006B
:1093A40052640022C2E05D0B0C040C4C2054930C5C
:1093B40066D2A069A2A066206C930C372D0525E423
:1093C400FE0C5506CCFF000036410021A4EDC02060
:1093D4000088028020F48090F59792080B887CD94D
:1093E4008739011DF02C8206FEFF0000364100A5DE
:1093F400FDFF273A20209AC290B141A0BB8090BBC8
:10940400C282A000B7920A826300A9139923293368
:109414000C182D081DF05C0887121782A0A0871273
:109424001692A0F00C089792E80C290C18A2A1E05F
:10943400C6F4FF0C6986FCFF0C3946FBFF000000F4
:109444003641003187EDC020004803404A142614F9
:109454003E9CC426246921EFEB28028CF265820627
:10946400BD0AC180EDA180ED81F1EBE008001DF0A3
:1094740000C0200032230025F5FF30309432C301B0
:10948400308AC2426200A9123922893286F7FF006B
:109494008171EDC020003808C020008808303014E5
:1094A400808204ECD8A2A140CC835C080C43A2A126
:1094B4004086F3FF26131166239B82A0F086F0FFFB
:1094C4000C880C13AD0846EEFF4D0382A0A00C33AC
:1094D400C6EBFF00A2A1E05693FD4D080C635C08A7
:1094E400A2A1E006E7FF00003661005C030C04372C
:1094F400122A32A0A00C1437122232A0F00C243706
:10950400121A31C4EB0C043803471310657706BDF7
:109514000AC154EDA156ED81C5EBE008008154ED7C
:10952400203F318082B2AD018085213038C025F1E1
:10953400FF883127B85D82A0F0879230814EED0C10
:109544004DF20800CD0D0C0E0C1BA2A06D65CEFED5
:10955400814AEDA2A06DF208000C0E0C4D0C6CB209
:10956400A00125CDFE2C8A81FFEBE008000C79A137
:1095740043EDB143ED0003409090B1309911C02008
:1095840000880AB09910B13FEDB08810809920C0CE
:109594002000990A9130ED7CCAC020008809A08877
:1095A40010404820812FEDC020004909C020004808
:1095B4000892AC00904410C020004908C020004824
:1095C400089131EDAD0290441092A400904420C063
:1095D40020004908412EED8188EC8904812FEDE0BB
:1095E4000800483147B25C22A0F027942F2128EDCF
:1095F4000C4DF20200CD0D0C0E0C1BA2A06D65C328
:10960400FE2124EDA2A06DF202000C0E0C4D0C6C98
:109614000C1B25C2FE2C8A81D3EBE008000C784198
:1096240017ED0003408080B13116ED308811C02061
:109634000028043088103113ED302210208820C017
:10964400200089041DF00000366100AD0125DFFF14
:10965400AD028111EDE008008102EDB2AC00C02042
:1096640000A8080B33B0AA10C02000A908C020002D
:109674009808303094B09910903320C020003908F5
:10968400C0200038089100ED903310C02000390844
:10969400318AEC30228231FDEC2903383122A0F0EA
:1096A40027933021FBEC0C4DF20200CD0D0C0E0C77
:1096B4001BA2A06DE5B7FE21F7ECA2A06DF202009B
:1096C4000C0E0C4D0C6CB2A001A5B6FE2C8A81A523
:1096D400EBE0080031EAEC81EBECC02000280380C9
:1096E400221081EEEC802220C0200029031DF0000E
:1096F40036410031DBECC02000422300322200401E
:109704004A1456F302B822A832E5F3FF6614222164
:10971400E4ECC02000281217E2174165EC82A54052
:10972400C020002804802220C02000290421CAEC83
:1097340039021DF00066132726141C415DEC82AA31
:10974400BFC02000322400803310C02000326400E7
:1097540065C7FFB812E5B3FFA832E5D8FF46F4FFAA
:109764006623CED1D0ECC1D0ECA1D0ECB2A20AE5F4
:109774005E0600003641008802AD02CC98B822A8EB
:109784003265ECFF1DF0000066181481B3EC9222E0
:1097940001822800879908A22203E5D4FFC6F8FFB6
:1097A400E5F4FF46F7FF0000364100E5C1FFB2A033
:1097B4000165E9FF81BBECC0200082280117E8198C
:1097C400913CECA2A540C020008809A08820C020BC
:1097D40000890981A1EC0C0999081DF0364100812A
:1097E400ABEC28081DF0000036610010A12025C54F
:1097F400FF82210066180825FBFF10A12025EFFF3A
:109804001DF0000036410081AAEC6CFEC020004827
:1098140008203004E04410C03311403320C020003D
:10982400390831A4EC20A104C02000880342AEFF13
:10983400408810804A11408820C020008903C0203D
:10984400004803819DEC50AA11804410A04420A13B
:109854009BECC020004903C02000380A209604C0B5
:109864004911E03310403320C02000390AC02000E1
:10987400380A7CB4403310E04911403320C0200042
:10988400390AC02000380A7CE4403310903320C0E9
:109894002000390AA18BEC20D404C02000380A7CB3
:1098A40074D08D11403310803320C02000390AC099
:1098B4002000880A7CD3308810F0DD11D08820C0C5
:1098C4002000890AA180EC20C504C02000F80AE227
:1098D400AFDFB08C11E0FF1080FF20C02000F90A38
:1098E400C02000D80A20B07440DD10D04C1140DDF7
:1098F40020C02000D90AC02000880AF0CC1130888A
:1099040010C088203171ECC02000890AC02000A852
:1099140003B04911E0AA1040AA20C02000A90331D5
:109924006BEC42ABFFC02000A80360991140AA1061
:10993400909A20C02000990382AF8D32A072808259
:109944001030BB10B0882032AF00302210808074F9
:1099540042A080802220315EEC470827C0200048C6
:1099640003815CEC804420C0200049033159EC871A
:109974006221C0200028030C74402220C02000294A
:10998400031DF000C0200048038153EC80441006FE
:10999400F5FF0000C0200028037C8440221086F6D6
:1099A400FF0000003641004D022D0356D4192588CE
:1099B400FF661A02066800A2CAFE32A001A0438311
:1099C400311CECC02000580350584166241207E5AE
:1099D4000FC02000680372A100706620C0200069D7
:1099E40003E57BFF6D0A257DFF7D0A661419BD041E
:1099F400AD046572FF810EEC92A200C0200038080D
:109A0400903320C0200039089135ECC0200038097B
:109A1400C763283133ECA2A080C020008803808073
:109A240074A08820A17AEAC020008903C02000889D
:109A340009A78807C0200088030768EF3128ECA134
:109A440029EC308411C020009803A08810A126ECD2
:109A5400A09910908820C020008903C020008803AA
:109A64009123ECA123EC908810C02000890300828C
:109A740011C020009803A08810A11EECA09910909A
:109A84008820C0200089033116ECC02000880380A0
:109A94008064262402063100D09201908820C15BA4
:109AA400EAC020008903310DEC9113ECC02000883A
:109AB40003A181EB908810C0200089039167EAC05C
:109AC40020008803A0B2A2908820A0A282C0200017
:109AD4008903D2A0008115EBE0080081A2EAE00826
:109AE40000B14AEA91FFEBAD03C02000280AB0227E
:109AF4001016F2082102ECC020002802202741C0E1
:109B04002000880391FDEB805511908810C020003F
:109B1400890331C7EB92A100C0200088039055103F
:109B240092AEFF908810805520C02000590366141F
:109B340016C02000480352ADFF504410C020004915
:109B440003BD07AD06255DFF1DF000002634024667
:109B54009BFF0C04069AFF000C248698FF661410E1
:109B6400D09201908820C020008903C1B7EB06CDB4
:109B7400FFF09201908820C020008903C1B2EBC697
:109B8400C8FF0000C02000880907E80246D6FF0687
:109B9400DBFF00003641002583FF5D0ABD03AD02F3
:109BA40025E0FF3045826D0A0C073035A266225449
:109BB4008142EBC1D3EB8023828054828084A25003
:109BC4005F418A82F02801505220D157EA802F4108
:109BD400AD05BD0281D6EAE00800A085C00C198756
:109BE40035019D07B0C2C090CCC0562C0587364FB6
:109BF400AA850C195738019D0CBA222A29279704E3
:109C04000C02673838D0A6010B5A602D410C16A7F8
:109C140035010C060B222A2640A141106301A0A69F
:109C240020AAA53061410C1B573A02B2A0006A2257
:109C34002ABBCD04DD0381BDEAE008002D0A1DF036
:109C44000C0206FEFF00000036410020BD41D03367
:109C540001CD040C0DD0A20130BB2081B4EAE00890
:109C6400002D0A3D0B1DF00036410091A6EB21FAB0
:109C7400E9C02000880931A5EB20882021A3EBC08E
:109C840020008909C020002802C0200038031DF0EC
:109C94003641008D0228E2A6120D28A8A22809A7A1
:109CA400921792280227E911D19AEBC19AEBB2A23A
:109CB40043A199EB101120650A06B8C8B73204987D
:109CC400D897320BD196EBC193EBB2A24406F8FFBE
:109CD400C8B8C7120BD192EBC18FEBB2A245C6F341
:109CE400FF273A04C828276C162099C08C1497348F
:109CF40024990548E8B9A89094C099E81DF000009B
:109D0400209AC08C1497340D990548E8A9A890446A
:109D1400C049E846F9FF490558E84055C04A425948
:109D2400E849A846F5FF00003641003080149C083D
:109D3400D17DEBC17DEBB2A269A177EB101120E5D7
:109D4400010698C297B30CD179EBC177EBB2A26A42
:109D540046F9FF00A8D237BA0BD175EBC173EBB249
:109D6400A26BC6F4FF32C3F88803B81287BB0CD1C8
:109D740071EBC16DEBB2A26F46EFFF0088130C2BA1
:109D8400B7080CD16DEBC168EBB2A27046EAFF00D4
:109D940007680BD16AEBC164EBB2A27146E6FF7CA3
:109DA400BCC088100C1CC08820E8B289137CCD3854
:109DB4001E3080148C5888B2F8A2F79816382227DF
:109DC400634F88B298829718437CB8803310392245
:109DD400860F0000B70315C03320391E99B238B27C
:109DE400303AC0F6830199B2E8B246F0FF380E3B30
:109DF40033D033108B333A38880239B28A8937B872
:109E0400DCD14FEBC149EBB2A286C6CAFF98A29738
:109E140018B61DF03641008D02CCD3D14AEBC14AAD
:109E2400EBB2A21BA13DEB65F30528E2A6120C9848
:109E3400A8289897921122280227E20BD135EBC16A
:109E440042EBB2A21CC6F6FF9020148CB2D13FEBB9
:109E5400C13EEBB2A21D86F2FF00A8C8A73904B820
:109E6400D8B7390BD12EEBC138EBB2A21EC6ECFF2A
:109E7400D8190C22D02210C818D809D7BC0DCCC2CE
:109E8400D134EBC131EBB2A21FC6E5FF9C42280AD4
:109E9400A9A89D0A27BC0CD12FEBC12BEBB2A2279A
:109EA40006E0FF00C8A8E8098B2C0C1DA732010CA2
:109EB4000DD0D074560E01273B019CBDD127EBC1B8
:109EC40022EBB2A22CC6D6FFB7B2018CADD123EBE4
:109ED400C11EEBB2A22F86D2FFE905D8E80BDDD96B
:109EE400E8D819D0D204D90398097CC33B99309996
:109EF400108B999A9C90BBC0B68B0499A81DF00056
:109F0400A9A8C6FDFF000000364100B22208208245
:109F140020B0E014C2220D8CDED111EBC112EBB2E1
:109F2400A15AA1FDEA65E305D8C2C7BB16D73B1306
:109F3400B0FCC0F68F19D10DEBC10AEBB2A15CC61F
:109F4400F7FF0000D109EBC107EBB2A15B46F4FFB8
:109F54007CCA3B93A099108BA9A7BF070C22291B8D
:109F6400E90BD98898880C02291939098B29AA99EF
:109F740090CCC0B68C139988988838B837990898CB
:109F8400280C4330992099281DF0D98806FAFF003F
:109F94003641003040149C04D1E3EAC1F5EAB2A191
:109FA4007FA1DDEA10112065DB0598C297B30CD1BF
:109FB400DFEAC1EFEAB2A18046F9FF00A8D237BABE
:109FC4000BD1DBEAC1EBEAB2A181C6F4FF32C3F8DC
:109FD4004803881247B80CD1D7EAC1E5EAB2A18593
:109FE40046EFFF0088130C2CC7080CD1D3EAC1E05C
:109FF400EAB2A18646EAFF000C8BB7080BD1DDEA72
:10A00400C1DCEAB2A187C6E5FF7CB4408810B08801
:10A0140020891338E2F8921B3339E20CAD7CCE3838
:10A024001FD7030748928222088794031DF000007B
:10A03400C70315B03320391F99923892303AC0F6CD
:10A0440083019992F89246F5FF880F38023B88E025
:10A0540088108B888A8489923A3987B3DCD1C6EA1E
:10A06400C1C4EAB2A19FC6CDFF00000036410098EA
:10A074008290C01416EC00D1BAEAC1C0EAB2A12B96
:10A08400A1A6EAA5CD05F8C2F7390488D287390B11
:10A09400D1B6EAC1BAEAB2A12CC6F8FF7CCA3B33F6
:10A0A400A03310A8B28BE30C1BA7990B98229092B3
:10A0B40004B089302D081DF0A7B90C909AC08D0BFF
:10A0C400E7B9F08D0CC6FAFF90D8C08D0BE7BDE35D
:10A0D400D822D0D0048CFD2802A099C032C310909D
:10A0E40092C037B9CE86F6FFF09AC0E7B9C58D0D98
:10A0F40006F0FF0036410020858052640C52640B48
:10A1040059A4599459840C05290489D459E459242F
:10A11400579344319BEA2021413934319AEA3B2256
:10A1240039443199EA39543199EA39647CC330228B
:10A134001022C2F829142196EA0C0D2974A2C43CF9
:10A1440022A0E4CD0DBD0D25F6002A442199EA296B
:10A15400040C0229141DF00066132039243188EA06
:10A1640022C2F03934318BEA291439443187EA2187
:10A174008AEA39543186EA396406EFFF0C2339241C
:10A184003187EA291439343186EA2188EA3944319D
:10A1940085EA39543185EA396406E7FF364100A877
:10A1A4008252220C573A0458D2573A0ED16FEAC160
:10A1B40081EAA159EAB2A1EA25BA05A055C047B57A
:10A1C4001B50C52030B3208198E8E0080082220E9D
:10A1D4005A335A885044C058C289E25982A882CD61
:10A1E40004BD038191E8E0080038E258824A33391B
:10A1F400E24A4538D2498237940338C239824882C8
:10A2040038B237940838220C455033203922499209
:10A214001DF0000036410062220852220D608014B5
:10A2240016E800D14FEAC164EAB2A1B5A13BEAE560
:10A23400B20578C277361457B6116055C0F6851743
:10A24400D14BEAC15DEAB2A1B7C6F7FFD147EAC173
:10A254005AEAB2A1B6C6F4FF3B947CC77079108B5E
:10A264009797B52D52C5F88BA689165906A982165B
:10A274001506CD05BD03816CE8E0080088E25A3379
:10A284001B885044C05077C089E20C45591658C207
:10A294005982A8820C05490A591A8BAACD04BD0318
:10A2A400A9828161E8E0080038E248821B3339E280
:10A2B40038D27A7479827073C0F6870338C23982CF
:10A2C400488238B237940838220C4550332039225A
:10A2D40049921DF00C2586ECFF0000003641004039
:10A2E400B42020A22025C2FF30B320CD04814EE843
:10A2F400E00800BD0AAD02A5C9FF1DF036A1005952
:10A304004169517971E58F0152211462A0905AAAD2
:10A31400593152A0E4A26106606280505280B22199
:10A324000360A620650801261A0772A0002D071DE8
:10A33400F000B2AFFF50A52065E90220A220E53F5E
:10A34400007D0A261A02C6200098220C2C90CC10FC
:10A354008852D841B2C12C8C2CC8710C0B20A2207D
:10A36400E00800822202A263000768430C0CC714B1
:10A374003E8851C7183988B16618328852D851B20C
:10A38400C12CAD02E00800A9043803373A0ED10B02
:10A39400EAC10BEAB2A31DA1E0E9259C0538B18C02
:10A3A400D3D108EAC107EAB2A31E46FAFF00C904E2
:10A3B40028E2AD05E5F502E61202C6DBFF0C0DCD81
:10A3C4000DBD0DAD0625CE0046D8FF000092211428
:10A3D4002609092583018861A0A8C0A931AD0565B6
:10A3E400F302922114883187390206CCFF46CEFF4E
:10A3F40036410088C287B30ED1F4E9C1F4E9B2A2B0
:10A404009DA1C5E965950588D287330BD1F1E9C1D2
:10A41400EFE9B2A29E06FAFF38A2882239B2276871
:10A42400067CB330881089221DF000003641009864
:10A434008288C287390488D287390ED1CBE9C1E535
:10A44400E9A1B5E9B2A147659105A8B20C18A7998D
:10A454000B28222022048022301DF00000A7B90C12
:10A46400909AC037B9010C082D08C6FAFF2802A03B
:10A4740099C09092C086FAFF364100882227E821CD
:10A48400988288B29088C09802E618019A882D08AC
:10A4940087B910D1D1E9C1D1E9A19FE9B2A124E5DD
:10A4A4008B050C021DF000003641005D02DC02D178
:10A4B400CCE9C1CCE9B2A36AA198E9101120E589DD
:10A4C40005B6330CD1C9E9C1C7E9B2A36BC6F9FF1C
:10A4D400002623073B5222AFFC205510B2A0ECA269
:10A4E400A001E59F052D0A0C160C04AD052046833A
:10A4F4002597054040747D0ACC34A046838CC4ADB6
:10A5040002259805AD07E597050C021DF0D2C23C63
:10A51400CD04BD040C3EAD06E5A000D2A090DAD275
:10A52400CD04BD040C3EAD06E59F00DD07CD023031
:10A53400B32050A520E5BBFFC6F3FF003661003908
:10A5440021CCD2D1AAE9C1AAE9B2A403A173E9E555
:10A5540080050C060C134036936821303074CCF619
:10A56400CCD3D1A4E9C1A2E9B2A40446F7FF000008
:10A5740000681247B602061F0068221766040C160C
:10A5840056430725680132C23C5AAA391132A0E465
:10A59400A9317D053A32A811BD0725E100661A5597
:10A5A4007CFBAD03A5C2026832BD04AD02E0060027
:10A5B4006D0A661A2AB8215842CD04AD02E005009E
:10A5C400AD0265EBFF4D0AAD03A5D402ECE40C0D1E
:10A5D400A2A090CD0DBD0DAAA2E5AC000606000018
:10A5E40026050A101120E561016831A076C0AD038B
:10A5F40025D20277B59F0C062D061DF00000D2A0CF
:10A6040000A22101D0CD20BD0DE5A90086EFFF00F9
:10A6140036410056E200D175E9C177E9B2A440A100
:10A624003EE9A573050C180C064086938080746778
:10A63400930E67980BD16FE9C170E9B2A44146F754
:10A64400FF681247B6070C062D061DF000006822AD
:10A654001766040C1656F8FE72A0E47A727CFBAD01
:10A6640007E5B6026832BD04AD02E006006D0A6675
:10A674001A358842BD03CD04AD02E00800AD02A541
:10A68400DFFF0C03A03693AD07A5C802661307BD10
:10A6940005A2C23C25C4006616ABA2A090BD05AAC3
:10A6A400A265C30006E8FF000C036D03C6F5FF00B6
:10A6B40036810056E200D14DE9C150E9A117E9B253
:10A6C400A467A569050C0F20A220426100ED0FD2FA
:10A6D400C11CCD0FB2C11865C2FF0C02661A08274F
:10A6E40013032871290328611DF000003641005628
:10A6F400E200D13EE9C142E9B2A50BA107E9E56553
:10A7040005CCC3D140E9C13EE9B2A50CC6FAFF00AD
:10A714000042A0E44042807CFBAD0465AB02886249
:10A72400BD03AD02E00800AD04A5BE020C0DCD0DC5
:10A73400BD0DA2C23C2597001DF0000036410098D3
:10A74400228D02176909B8A2A8B222A000A79B1300
:10A75400A8E80C02A61A0CA8A8889822A001879A37
:10A76400029022041DF0000036410098220C0827B4
:10A77400E921A88298B2A089C0973A0C88D2A0880F
:10A78400C0A8C2A099C090887382C8F8968800288F
:10A79400122088632D081DF00C0886FDFF000000C0
:10A7A40036410098220C0827E919A882B8C298B249
:10A7B400B79A14979A11880282C8F896280222221E
:10A7C400012088632D081DF097BA05A089C086F979
:10A7D400FF88D2B099C0A088C09A8882C8F046F693
:10A7E400FF0C0846F7FF000036410098220C0827AA
:10A7F400E90D88B298829088C0E6180328022A8856
:10A804002D081DF03641002135E71DF036410021A9
:10A8140033E71DF0364100A1FCE8CD03BD028103FE
:10A82400E7E0080030A32081FDE8E00800BD0AA1AC
:10A83400F7E881FEE6E0080081F6E8E0B011808EDA
:10A8440015208801B0B24180BB20A1F2E8B2CBFD53
:10A8540081F7E6E008006542FC8CFAA1EFE8ED0719
:10A86400DD06CD05BD0481F1E6E008001DF0000021
:10A87400364100A1EBE8FD06ED05DD04CD03BD0284
:10A8840025F9FF6544050000364100AD02E5E8FC0A
:10A894003641001DF000000036210030EB03303D4E
:10A8A4000421E0E82023A00C1339021DF00000006D
:10A8B400C9F1D26110CD0085170040EB03404D046F
:10A8C40021DAE82024A03117E83034A028029CE2E1
:10A8D40028031B2229036612162116E82024A02827
:10A8E400028CB2190211D1E821D2E82024822A1163
:10A8F4000D0C0DF040EB03404D0421CBE82024A0C7
:10A904003109E83034A00063002802ACE228030BCC
:10A91400222903EC622107E82024A028029C0218C3
:10A924000221C0E82024A038029C0332A000326235
:10A9340000101120D50A00101120850000451900CF
:10A9440008010DF0D54A0121FBE730EB03303D044B
:10A954002023A03222001223003262002801CCF20C
:10A96400283120E7F33821081110200030E6131DA8
:10A97400F031F0E720EB03202D043032A032230025
:10A9840022230132120030E013851400102000024B
:10A9940021000DF036410020E60309112921702E13
:10A9A400E3293161A4E860221022C20320E61310D7
:10A9B400200085C906282120E613206300051A001B
:10A9C40021DDE730EB03303D042023A028020C03F3
:10A9D4003901190228120C0330E0131622003252F6
:10A9E4000005F6FF36210031D3E720EB03202D04C8
:10A9F4003032A03803281330E0033252000C033005
:10AA0400E0131DF030EB03303D04F187E8F0F3A0D0
:10AA1400F80F9C6FF1C4E7F0F3A0F80FCCCFF1C5A9
:10AA2400E7F0F3A0F80F8C4FF81F0DF00C0F0DF0AA
:10AA34002951396149715981699179A189B199C1C2
:10AA4400A9D1B9E1E26111F2611230030332611359
:10AA540030000332611630010332611730020332D1
:10AA640061189D00C26119D2611A92611BC8F1D2AA
:10AA7400211098C122C170C5D30620E6030CF00052
:10AA84003210F6330232A003016CE800332030E6C2
:10AA94001300B10312D10112C1C0C0CC10308040E8
:10AAA400C0CC10308040C0CC10308040C0CC1030BE
:10AAB4008040C0CC1040804012D1FF12C14020E63B
:10AAC4001310200000B113C22119D2211A92211BA4
:10AAD4000D090DF0DD0022C17085CA060D0D22217D
:10AAE40016322117200013222118300113200213DB
:10AAF4003221132851300313386148715881689109
:10AB040078A188B198C1A8D1B8E1C8F1D22110E2E6
:10AB14002111F221120DF0003621002188E732C202
:10AB24002042A00049024B223732F81DF0000000F9
:10AB340036210050EB03505D041C03305582317FF5
:10AB4400E750338042C31052A0006063007803775B
:10AB5400920159034B334733F360E6131DF00000B1
:10AB640020E0039CD2ED00C5E9FF0D0E9C4F225F4F
:10AB740002D173E7F82F076203E80DFA3E37620348
:10AB8400E83DFA3E0DF00000ED0085E7FF0D0E9C58
:10AB94009F321F02203330391FD169E7F82F076233
:10ABA40003E80DFA3E376203E83DFA3E0DF000007B
:10ABB40036410020EB03202D043120E8C121E80CAC
:10ABC4000EDD03B2A402A2C2398123E8E008008C9E
:10ABD400CAE11CE8D11DE8B11DE85C1C25C9FF567B
:10ABE400B209AD0365B70388039119E8C020004892
:10ABF40058DD02904410C020004958C02000296844
:10AC04000C14C02000426818CD02BD04AD0325DD3C
:10AC140003CD02BD02AD0325D203CD04BD04AD03B3
:10AC2400DD02E5DB03CD02BD04AD03E5D003CD04B5
:10AC3400BD02AD0325D403C2A3E8BD02AD0365C2C2
:10AC440003CD04BD02AD0325CF03DD04CD0240B422
:10AC54002030A320A5D803DCE2BD02AD03E5D30375
:10AC6400BD04AD0365D503C1FBE7D12FE6BD04AD3B
:10AC740003A5C6032D0406EDFF6612F71DF0BD0201
:10AC8400AD03A5D103C6FCFF36410065FD00A02A33
:10AC940020164A000C0A2578FD1DF00036410042BA
:10ACA400C24CB2AFFF40A42065520240A420C02091
:10ACB4000038E20C14E565020C023024831DF00018
:10ACC400364100C22210C0200052220E30B320565A
:10ACD4009C0138024D0CCC73A82225BF014D0A39C2
:10ACE400221B55C0200059E22D041DF0DCD4A8120B
:10ACF40081CEE5E0080088123222103A8838228991
:10AD0400123738DC3802391246F5FF0000A83281C8
:10AD1400C6E5E0080082221098328080608A993863
:10AD240002993237B90598228A8989326624090C36
:10AD3400044715AC0B55C6E9FF0C0486E8FF000078
:10AD44003661004222122931CCD4D1C4E7C1C4E710
:10AD5400B1C5E7A1C5E765000562C44C7CFB60A6EC
:10AD640020E54602C0200022240E58F457320CD1AC
:10AD7400BFE7C1BBE7B1BEE7C6F5FF00C020008254
:10AD8400240E0C0257B82CC02000520445CD03CB2E
:10AD9400B140A420A5F2FF5050740085232D0A660B
:10ADA4000819C0200058948C95A2C424E529010CEC
:10ADB40014A02493AD06E555021DF0001B55505018
:10ADC40074C0200052444546FAFF0000364100C2D8
:10ADD4002210AD039C5C88329822CA888932973845
:10ADE4000388028932B8328190E5E008001DF00042
:10ADF40036410042C24C7CFBAD04101120253D02BB
:10AE0400C0200032024562C224303074005323E66D
:10AE1400153A32AFFFC0200032424540A420654FAE
:10AE2400027CFBAD04A53A02C0200032024452C2A7
:10AE340010303074008323E6183D32AFFFC0200089
:10AE440032424440A420E54C0290000000522212F9
:10AE5400164501B2A000AD0265EEFF8C1A253E0135
:10AE64000B33303074C6E8FFC0200058921615FA30
:10AE7400AD06A51D0186F8FFC020008222041688B5
:10AE8400FB50A520651C018C1A653B010B33303047
:10AE940074C6E7FF36410056E200D176E7C176E793
:10AEA400A172E7B2A11F65EB0466130A4141E742B0
:10AEB40062130C0442621442C24CB2AFFFAD0425CB
:10AEC4003102B2221098F2A802908B82A9128A9AB7
:10AED400B088C08A8A99220C09C0200099E289327C
:10AEE4007CF8C02000824244C020008242459793EF
:10AEF40026C020003842971310A2C210E514018C1A
:10AF04007AA0EB03A0AD04A577FC40A42065400221
:10AF140022A0019000000000A2C210A50F02A2C24C
:10AF240024250F0286F8FF0036610056E200D15353
:10AF3400E7C153E7B2A161A14CE725E204CCD5D126
:10AF440051E7C14FE7B2A165C6FAFF0000000C1A31
:10AF54000C09409A83909074BD0ACCF9309A93CC32
:10AF6400A9D149E7C147E7B2A16946F2FF0C0840FD
:10AF74008B93808074CCF8308B83CCA8D144E7C108
:10AF840040E7B2A16A86EBFF5C48C020008931C06B
:10AF94002000983187190CD13EE7C139E7B2A1747A
:10AFA400C6E4FF00C0200082210382A00130458353
:10AFB40022650F82454649053265100C1BAD0565B7
:10AFC400EDFF0C022265122D051DF0003641004DE7
:10AFD40002DC02D12AE7C12FE7B2A1A1A123E71025
:10AFE4001120A5D70430A282AC23302AC247120B09
:10AFF400D12AE7C128E7B2A1B1C6F7FF22AFABA7B8
:10B00400B20BD126E7C123E7B2A1B446F3FFA2CA2B
:10B014005425E504A02A20161A0282A000824A467A
:10B024008D0A16230082CA54326210890249F20C36
:10B034001BAD0232A000E5E5FF3262121DF00000F4
:10B0440036410042C24CB2AFFF40A4202518028210
:10B0540022000C03379801382240A420652B0230CB
:10B064002320900000000000364100AD02DD0456AC
:10B07400E200D10BE7C10BE7B2A2F8A1FBE6E5CDF4
:10B084000437B20CD109E7C107E7B2A2F986FAFF87
:10B0940000C2A000E2A002C0BC20E5E8FF8C3AC0D8
:10B0A400200039EA2D0A1DF03681004931CCD2D175
:10B0B400F1E6C1FEE6B2A334A1ECE625CA04DC2322
:10B0C4004222108CD4D1FAE6C1F9E6B2A33586F94E
:10B0D400FF00000066251048F226140BD1F6E6C1E5
:10B0E400F3E6B2A336C6F3FFA53B01562A0142217B
:10B0F4000316C400D1F1E6C1EDE6B2A339C6EDFFF3
:10B1040000480216540682A00042C5FE72A0019DAA
:10B114000840978362C24C9040747CFBAD06826108
:10B1240002E50A02C02000A8E298F28821973A02B8
:10B13400164406BD03CD05AD02C0200078E225B853
:10B14400FF32221216C303161700DC44BD05AD02FC
:10B15400101120E5BEFF168A00A0EB03A0AD042564
:10B1640052FC60A620E51A020C121DF04822164477
:10B17400F9A50E01A7148ED1D1E6C1CCE6B2A34045
:10B1840006CDFF00C0200038921693FCA2C224E52D
:10B19400EB0006F0FF00000092210356A90060A610
:10B1A400202517020C0206F0FFCC48A2C118A5FB0B
:10B1B40000AD062516027CFBAD066501027CFB6032
:10B1C400A620E50002C0200082024400882366080D
:10B1D400070C08C02000824244C0200082024500BF
:10B1E40088236608070C08C02000824245AD066526
:10B1F4001202CBB1A2C118E5F800566A03C02000C0
:10B2040098E288F287190EAD0265BEFFAD0665109F
:10B21400028D07C6C0FFB831A2C21065DE00AD02C0
:10B22400E5BCFFAD06E50E02A0EB03A0AD04254589
:10B23400FC06F7FFAD02A5BBFF46D8FF364100C2AE
:10B24400A00020E07430D320BD0CA2A001A5CDFF46
:10B254002D0A9C6A8157E60C0BB92AB90AB93A82BD
:10B264006A13B26A14DD0BCD0BE5E3FF1DF0000099
:10B2740036410056E200D192E6C192E6A17BE6B2E5
:10B28400A295A5AD04482265FD0032A000A7941341
:10B29400B8320C130BBBB932CC8BDD0BCD0B20A217
:10B2A4002065E0FF2D031DF036410020C074B2A0DC
:10B2B40000A2A00165D1FFA02A209C6A813DE60C72
:10B2C4000BB92AB90AB93A826A13B26A14DD0BCDF2
:10B2D4000B65DDFF1DF000003641004D02DC02D19C
:10B2E40065E6C179E6B2A4C1A160E6101120E5A625
:10B2F400042222108CA2D175E6C173E6B2A4C5461D
:10B30400F9FF2804DC0228248CC2D171E6C16EE660
:10B31400B2A4CA46F4FF000060630052C44C7CFB34
:10B32400AD05E5EA01C0200098E478F40C0277B991
:10B334005CC020008204451B99808074C020009961
:10B34400E4007823660756722412271713BD02AD52
:10B3540004E59EFF271302279A2D0C12860B00008A
:10B3640000C0200022240916F2FEA2C42470272063
:10B3740042A00130249320207425CD0016A2FDA004
:10B38400478340A074161AFD22A00122630050A531
:10B394002025F801AD06814FE6E008001DF01B886A
:10B3A400808074C0200082444546EBFF368100391A
:10B3B400314D0256E200D148E6C148E6B2A609A1E1
:10B3C4002AE6A599042222108CD2D140E6C143E694
:10B3D400B2A60D06FAFF000000A50C01A05A2056E3
:10B3E4003A013221032D0A8CD3D133E6C13CE6B2B3
:10B3F400A61246F2FF005D0232C44C062900622107
:10B404000356C60030A320E5F0010C0246350000C7
:10B4140000CC45A2C11825D500AD03A5EF017CFBE6
:10B42400AD03E5DA017CFB30A32065DA01C020001E
:10B434005204440055236605070C05C020005244FD
:10B4440044C0200052044500552366050852A0005C
:10B45400C02000524445AD03A5EB01CBB1A2C118F5
:10B4640025D200562A09AD042583FF16BA075804CD
:10B47400DC157CFBAD03A5D501A8246536012D0A96
:10B48400AD0325E901B831A2C42465B700AD042594
:10B4940096FFAD03E5E701A0EB03A0AD04251EFC78
:10B4A40052A001B2AFFFAD0365D201C0200088E411
:10B4B40016A8F40B882804C0200089E4564200250D
:10B4C4005601A924C02000222404160201A2C4109B
:10B4D400A5B7008C7AA0EB03A0AD04651AFCAD03FC
:10B4E40025E3010C121DF000000040A4202590FF6C
:10B4F40030A32025E20186E9FF40A420258FFF30F8
:10B50400A32025E10140A4202579FF161AF916325B
:10B51400FD7CFBAD03A5CB01C02000B8948C7B2837
:10B52400C41C9B280220BBC0A824A54401C6B4FFA8
:10B5340036410056E200D1E2E5C1E9E5A1CBE5B22E
:10B54400A2CDA58104482265D100A7940C88320CB1
:10B554001A1B8889322D0A1DF00030B32020A22046
:10B56400A5E4FF16EAFE8222031B88893206F9FF4E
:10B574003661009D03CCD2D1BFE5C1DAE5B2A79014
:10B58400A1BAE5A57D04DC233222108CD3D1D6E503
:10B59400C1D5E5B2A79186F9FF000000706300628F
:10B5A400C24C7CFBAD06993165C201C0200088E223
:10B5B4000C03983137182BBD09AD02C0200052028C
:10B5C400448931A580FF88315050740B88C0200015
:10B5D40089E200852366083DC0200058423795174C
:10B5E40032A00160A620E5D20170A72081BAE5E06F
:10B5F40008002D031DF00000A2C21052A001302348
:10B604002040259365A4001652FDA0359316F3FC43
:10B6140052640046F2FF1B55505074C02000524241
:10B6240044C6EEFF364100AD02DC02D192E5C1AF63
:10B63400E5B1AFE5A18DE510112025720482024623
:10B64400CC182584041DF0003661008D0338C1CD6B
:10B6540004A8D3B2A0A5893149218175E3E008008B
:10B66400D82148D30B9D9A447C09904410883142D8
:10B6740063131628090C091C0A768A0D9AB8B20BB2
:10B68400009AC3B24C388C0B1B990C088243471C9C
:10B694008880866368E189C36263120C068263143E
:10B6A4006263158BA38931D921259801A2C31CE5B6
:10B6B400970188311C998089C0D821C8D3B8D18911
:10B6C400734BA3395339A365D501A2A1500C4CBDCA
:10B6D40006626316626317AAA38155E3E008008239
:10B6E400A1548A83624800A2C3602567FD82D30106
:10B6F400624856DD06CD05BD02AD04A5A001A9032F
:10B7040067170139071DF00082433806E0FF000087
:10B714003641009178E5C020008809C02000A808BF
:10B724008176E5CC9A7CF9C0200099081DF00000D0
:10B73400C02000980998399839982906FAFF000022
:10B7440036410056E200D16DE5C16DE5B16EE5A16B
:10B754006EE5A56004822217168800B22216A2A004
:10B7640000E0080090000000364100A2C260816A37
:10B77400E5E00800A2C204A5C90182D201820855ED
:10B7840056C800A8D2E56F04AD02A56F041DF000F1
:10B794002618F42628F6D15DE5C15DE5B15EE5A184
:10B7A4005AE5A55B040000003641000C0240EB039F
:10B7B400404D040C156D02406583E06611315BE574
:10B7C400C020007803BC07A155E5B2AFFF25A00156
:10B7D4009154E57D02C02000A8099C3AB156E4E0EA
:10B7E400C411A839D151E5CACB6ABBD79A162072C5
:10B7F40020A14AE5E5B101FCB7814EE5E0080086E9
:10B80400EAFF000000783AC02000980C971721C086
:10B814002000980B9717199227128D0290E4C0E02C
:10B82400858380E074DCCEF13FE5FA9990E583DC12
:10B834002EA81A06EDFF70A72065F0FF70A720A5BB
:10B84400F2FFC6DDFFA58401A13AE5C02000922ADB
:10B854000092C9FFC02000926A00C0200098030B28
:10B8640099C020009903C6E1FF0000003641008121
:10B8740031E44131E5E022112A28C020004804C007
:10B88400200098028127E59869871927C02000883D
:10B8940002C02000A80282D8010C09924856A2CA0C
:10B8A40008E57E01660310C02000B802A124E58BE0
:10B8B400BB6578011DF00000C020008222003034F6
:10B8C4008032680247B314311EE5C02000A803C0CB
:10B8D4002000B8028BBB657801C6F5FF4106E5C0C0
:10B8E4002000A22400C02000B22200B2CB08E576DA
:10B8F400012101E5C02000480247B3B7C020003948
:10B9040002C6EBFF364100817CE4AD028712188148
:10B9140009E4E092119A88C02000880888C837B8E2
:10B9240033E5A701460B000080EB03808D048CB83F
:10B934008101E4C02000880888C837381A80EB03E6
:10B94400808D0426180E81FBE30C1AC02000881891
:10B9540088C83738CB1DF0000C0AC6F0FF00000081
:10B9640036610051EEE47CFBAD05658601A1F0E48F
:10B974006162E4C02000480A1B44C02000490A4117
:10B98400EDE367932BC0200068040C03C02000780B
:10B994001437161C0C139C7788C668C278C767B81E
:10B9A400040C0377380A0C1367370530EB03303D7A
:10B9B40004E063116A94C02000880956180DC02061
:10B9C400002909C02000980A66195591DEE41C97E5
:10B9D40090A92089319921E56301883198211B8838
:10B9E40092C9147798E9A1D8E4A56201A1D8E465C5
:10B9F4006201A1D7E4E56101A1D7E4A56101A1C871
:10BA0400E4256101A1CEE4E5600181BAE491CEE4CC
:10BA1400C02000990881CAE491CDE4C02000926856
:10BA24000091CEE488091B88890991CDE488C2C0BD
:10BA34002000A80987BA04C020008909E0A8118A57
:10BA4400AA81C0E4E0AA11AAA88BB2E55E01AD0503
:10BA5400258C0171C1E4C020007807ACF77CFB5051
:10BA6400A5206A44A57601C0200048041674006825
:10BA7400C442220C47B61140EB03404D0447933DAA
:10BA8400A0EB03A0AD04A5BFFBAD05A588011DF087
:10BA940081B2E4C0200088085658F8C02000880904
:10BAA4008CD8C02000880998C288C887B902C6DB30
:10BAB400FF6A84C02000290846D9FF000000B8C2EC
:10BAC400AD0325E4FF06F0FF36A100226107222121
:10BAD4001420A220259B01CCDAD1A2E4C1A3E4B2B4
:10BAE400A2A9A189E4652704AD07A5A001CCDAD1F8
:10BAF4009FE4C19DE4B2A2AA86F9FF00000082215E
:10BB040015B628139188E49A988CB9D199E4C19612
:10BB1400E4B2A2AB86F2FF0092A158C0200099B112
:10BB2400C02000A8B1971A0BD193E4C18FE4B2A24C
:10BB3400B346EBFFC0200092210B162203ACF77929
:10BB4400D282D2010C29924855822115A8718921EB
:10BB54000C08BD0389112901F2C128ED06DD05CDCC
:10BB64000465AEFFB22115AD0265DFFF28A11DF00B
:10BB74000C0229A106FDFF0036810079717D044184
:10BB84004DE2AD07BD042961A50DFC8D0A7CF216BA
:10BB9400FA03BD04A2A1588951A50CFC4D0A885191
:10BBA400BC0A89DA22DA010C08824255222110A942
:10BBB400012921F8710C02A8612911ED06DD057037
:10BBC400C72030B32025A8FFB22110AD0425D9FF2A
:10BBD4000C121DF0AD08E52A0446FDFF364100A015
:10BBE400630080EB03808D04E098118163E49A88FC
:10BBF400C0200098081B99C0200099088136E4E011
:10BC040008001DF0364100214CE4C0200028021D2C
:10BC1400F0000000364100A063002147E4C020008A
:10BC24002802812CE4E008001DF00000364100B633
:10BC3400220ED152E4C152E4B153E4A133E4E5113C
:10BC4400048151E4E022112A282802CCD2D14FE405
:10BC5400C14CE4B14FE446F8FF0000001DF00000C1
:10BC640036410065540156EA0420EB03202D04E01C
:10BC740032112141E43A22C020002802560216A1C2
:10BC840027E47CFBA55401212CE4C0200038021BCE
:10BC940033C02000390256B3052116E4C020004801
:10BCA40002C02000480416F401D13AE4C13BE4B1D7
:10BCB4003BE4A115E4650A04659EFB20EB03202DFB
:10BCC400041642FA0C12062100411DE4C020005261
:10BCD4002200C02000722400C02000726200C02034
:10BCE400005904412FE4C0200028041B22C0200076
:10BCF4002904E5A1FF5100E4410FE3C02000280519
:10BD040027B34E0C0230EB03303D04E033113A44C8
:10BD1400C02000380448C3E034114A33410AE4E047
:10BD24003311303480C020003803B6230222A0012E
:10BD3400A1FBE3255E0130EB03303D04E043113108
:10BD44001AE4403380C020003223005653F7900099
:10BD540000000C0261E8E3C020008806C0200088CF
:10BD640008CC887CF3C020003905C6E5FF61E1E317
:10BD7400C02000880688386838982697B307C02002
:10BD840000990586DFFF72C60870A7202530019848
:10BD9400B68C49A2C61CA52F01A1F1E398C6C02008
:10BDA40000C80A97BC05C02000926A00E0A911905F
:10BDB400AA8081E4E3E0AA1170B720A0A880A52797
:10BDC4000190EB03909D04E099119A94C02000A87F
:10BDD4000998C688CA87B90206DEFF0C12C6DCFFC2
:10BDE40031F1E3C0200028031B22C0200029030CEA
:10BDF4000246D0FF366100A1C9E3B2AFFF253D0181
:10BE040020EB03202D04E0321121DBE3302280C03B
:10BE14002000480221E5E39C9430EB03303D04E02C
:10BE240033113A220C13C020003902A1BCE3654E41
:10BE3400011DF00030EB03303D04E033113022806B
:10BE4400C0200042620020EB03202D0431D8E3E03F
:10BE540022112A230C13C02000390220EB03202DC9
:10BE64000431B4E2E022112A23C02000780220EB3E
:10BE740003202D04E022112A23C020006802280791
:10BE840068D627362520EB03202D04E022112A232F
:10BE9400C02000A80220EB03202D04E022112A2355
:10BEA400C02000B802B2CB3825500120EB03202D6E
:10BEB40004E022112A23C020002802B1BDE3A8D245
:10BEC4001C4C81BFE3E00800AC4A20EB03202D04A6
:10BED400E022112A23C02000A80220EB03202D0415
:10BEE400E022112A23C02000B802B2CB38E54B016E
:10BEF40060EB03606D04519AE38192E3C020007803
:10BF0400050C0AE027117A22E02211E0D6118A22D8
:10BF14000C158D0ADA4396270057981466180246C2
:10BF24002B00D1A4E3C1A4E3B1A5E3A177E3E5E247
:10BF340003E08711B184E37A88E088118A8BC020FA
:10BF440000B8080C08871B61879A078185E3C02025
:10BF5400007908A8328B82A912879A05A22801A227
:10BF64006201A812F170E3E83AE0BE208C96C0208A
:10BF740000A803B71A3B261607C02000A813A71B66
:10BF840030A22B12A71605F0AA80564A02C0200040
:10BF9400B26400B2CB088912AD0BB931250F01B8D8
:10BFA40031AD02650901AD050C180B7722C2ECC650
:10BFB400D8FFA812A81AA912879A04A818A2620185
:10BFC400A812B83AB79EA4AD050C08C6F6FF000047
:10BFD40020EB03202D045175E3E02211204580223B
:10BFE400A000C0200022640020EB03202D04E022E6
:10BFF400112A33C020002803A8D2A53F01868AFF56
:10C0040036410056E200D16FE3C16FE3B170E3A1A2
:10C014003EE3A5D4034141E37CFBAD04251B018031
:10C02400EB03808D04E098118143E2AD029A88C04D
:10C034002000B808B2CB1C650201A0EB03A0AD043C
:10C04400BD03A582FFAD04E52C011DF0364100417E
:10C0540033E3B2AFFF40A420651701C020003222B1
:10C064000016730C28323832CCD3D159E3C159E3CA
:10C07400B15AE3A125E365CE0352C31CAD052501E6
:10C0840001A22312819DE2213CE3871A02C6290002
:10C09400A0EB03A0AD04C0200088028C78C020006F
:10C0A40022220156E2098B53AD0565FE00212CE3E3
:10C0B400A8C3C020008802A7B805C02000A262005F
:10C0C400E02A11AA22A11FE3E02211BD05AAA2A51C
:10C0D400F600A2231220EB03202D040C19A022C089
:10C0E4000C05205983502074CC92810EE38A8A80F7
:10C0F400298316F20520EB03202D04E08211210D83
:10C10400E258C38A22C02000280228C227354530BD
:10C11400EB03303D04E023113124E32A330C12C035
:10C1240020002903AD04E51E0106020040A4206599
:10C134001E01302320900000E08A118A22C02000D2
:10C14400280246D7FFE02A11AAA2E0AA11BD0521C0
:10C1540000E3C6DDFF50EB03505D040C02571AC325
:10C16400B8C3257AFFC6EEFF364100810DE3C02037
:10C17400008808890281F0E2C02000880889121D25
:10C18400F00000003641005D02CCD2D114E3C114AA
:10C19400E3B114E3A1DDE265BC03CCA3D113E3C195
:10C1A40010E3B112E3C6FAFF41DDE2B2AFFF40A4EF
:10C1B40020E5010121E1E2C02000A2220080EB037E
:10C1C400808D0421DCE1E088118A82C02000880887
:10C1D40082D8018208569CB830EB03303D04E0332A
:10C1E400113A22C0200028020C0322D20132425606
:10C1F4000C12460E0098032D0826093281E9E2B894
:10C2040015C02000C8088805C088C00C1C802C9369
:10C21400165200C02C20B7BA15B02AC097B216A087
:10C2240099C0B09980926300AD05E5F3FF0C02ADAF
:10C2340004250E011DF00C02290386ECFF0000000A
:10C2440036410080EB03808D04E0981181D7E29A97
:10C25400880C19C0200099081DF00000364100A088
:10C26400630080EB03808D04E0981181B2E19A8829
:10C27400C020002228008197E2E008001DF00000A1
:10C2840036410031A6E2B2AFFF30A32025F400CC42
:10C2940032A5FCFF2D0A30A32022220C6507019051
:10C2A400000000003641001C8437B40ED1D1E2C135
:10C2B400D1E2A195E2B2A6F325AA035198E2B2AF66
:10C2C400FFAD05E5F000CC3225F9FF2D0A4222141A
:10C2D4004793028631009197E137340206310040DA
:10C2E400EB03404D04E044114A49C0200068040CAB
:10C2F40004271647A2221260EB03606D048189E2D1
:10C304000C1B8A8A804B83404074CC64A066C06056
:10C314004B839C6440EB03404D04E044114A99C0B4
:10C324002000480968C442A00167B30F60EB0360B2
:10C334006D040C04671A04BD03A55CFF68C2822265
:10C344001467980139C288723262149668001C9886
:10C354003038C03972E036116A33617AE2E0331161
:10C3640088626A3337982A8B32AD0365D200817CA8
:10C37400E228C2C02000980827B904C02000290878
:10C38400E0A21120AA80E0AA1130B320A0A680A5C3
:10C39400CA008C74A0EB03A0AD04652EFBAD05654B
:10C3A400F7001DF040EB03404D04E044114A49C03E
:10C3B400200068040C14279602C6DFFF40EB0340FC
:10C3C4004D04E044114A49C0200068040C04279637
:10C3D40002C6D9FF40EB03404D04E044114A99C022
:10C3E4002000480968C40C1467330246D3FFA22214
:10C3F40012C6CDFF36410065E6FF22CA60CC3A2161
:10C4040068E128021DF00000364100566201E5E4AF
:10C41400FF2D0A56EA00D139E2C177E2B178E2A1F0
:10C424003AE2A5930322C2381DF00000364100E62B
:10C434001322613AE2B2AFFF60A62065D900CC3284
:10C44400A5E1FF2D0AE033113A2242621652621727
:10C45400AD0625EC001DF000364100AD020C02E6ED
:10C46400130F279A0265DFFF32C314E033113A3AFF
:10C4740028231DF0364100AD02CC42101120E5DD29
:10C48400FF222A121DF000003641008D020C02E644
:10C49400280D2128E1E088118A82C020002228008A
:10C4A4001DF00000364100A06300212BE2C02000F3
:10C4B40088020C129CC820EB03202D04E082112179
:10C4C4002EE20C298A22C02000280282A0002089A2
:10C4D400838028208100E2E008001DF0364100A19D
:10C4E4000FE2B2AFFFA5CE0070EB03707D044111E3
:10C4F400E1E03711303480C020005803564200E593
:10C50400D5FF2D0A42C20840A42065B80038B216EF
:10C514005300A2C21CA5B7008111E238081B3339AD
:10C52400080C130C087083837D08E06811571214FB
:10C534008101E1609880C0200092290027190592AA
:10C544002212779962A1F6E1BD04E5AE0091F7E10C
:10C55400C0200038091B33C02000390931F6E06AD5
:10C5640043C0200048040C03279404AD0725E300CE
:10C57400A1EBE125DA0066130B20A220251CFF2085
:10C58400A220651EFF31F4E1C0200032230057923F
:10C5940037164303E5F0FFEC5AD119E2C11AE2A1C0
:10C5A400DAE1B2A59F657B0371E2E1C02000422776
:10C5B4000042C4FFC020004267006515FFC6EBFFC0
:10C5C400A0EB03A0AD04A50BFB1DF0003641001643
:10C5D400020325EDFF56EA00D10AE2C10BE2A1CA2B
:10C5E400E1B2A62265770331CDE1B2AFFFAD0325F9
:10C5F400BE00A0EB03A0AD0420B2202527FFAD03AD
:10C6040025D100A0EB03A0AD046507FB1DF00000DD
:10C6140036410025E9FF662A0ED1FCE1C1FDE1B1F6
:10C62400FDE1A1B9E165730331BDE1B2AFFF30A310
:10C6340020E5B90020EB03202D0441CFE1E02211D5
:10C644002A24C0200058020B55C02000590220EBB8
:10C6540003202D04E022112A44C0200028048CA2C7
:10C6640022A00030A320E5CA0090000041B1E1C03F
:10C67400200048041684FE41B6E146250050EB0331
:10C68400505D04E025115A22E022112A2428322880
:10C6940032A2C21CA59F008B62AD06659F0051B0FB
:10C6A400E1A8C2C020008805A7B804C02000A905DD
:10C6B400E05A11AA55A1A3E1E05511BD065AAAA555
:10C6C400970092221280EB03808D040C159088C091
:10C6D4000C06806583608074CC886192E16A9990CD
:10C6E4008583ACD850EB03505D04E065115191E0B3
:10C6F4006A55C02000580568C258C557361450EB17
:10C7040003505D04E0651151A8E16A550C16C02080
:10C7140000690550EB03505D04E085115A88E088F8
:10C72400118A84C0200058085615F58C1225FEFE87
:10C73400519DE1C020002805619CE1EC1240EB030F
:10C74400404D04E044114A46C02000280416F2F08B
:10C75400A0EB03A0AD0422A00165F2FAC6C0FF005D
:10C764002166E18175E1C020009802C020004808DC
:10C7740047B90DD1A9E1C1A6E1B1A8E186A8FF009E
:10C7840000C020004802C0200028082024C0C02087
:10C7940000480527B405C02000222500B62238C071
:10C7A400200048080B442A44C020004908254BFFB8
:10C7B40040EB03404D04E044114A46C020006804A5
:10C7C400A06620C020006904C0200048052024C0C1
:10C7D400C02000290586D6FF0C12C6F3FF00000016
:10C7E400364100414EE17CFB40A4200C05259E000F
:10C7F400579202862300A8C290EB03909D04314D0A
:10C80400E0E099119A93C02000680968C6673A026B
:10C81400062500587296850150EB03505D04E055DF
:10C82400115A53C02000580568C51C956055C0595D
:10C8340072E08A11A088805143E1E08811622206E7
:10C844005088808796498B62AD0665840080EB032F
:10C85400808D04E088118A33C02000380338C3393E
:10C86400C2213FE1C02000880237B804C02000394B
:10C8740002E0A31130AA80E0AA1160B620A0A5802E
:10C88400657B000C15AD04E5A8002D051DF0000026
:10C8940050EB03505D04E055115A33C020003803B7
:10C8A40038C339C2C6F6FF0080EB03808D04E088EC
:10C8B400118A33C02000880362221428C80C13276D
:10C8C40036013D055D03C6EEFF0000003641004120
:10C8D40013E1B2AFFF40A420658F0056B20022A03E
:10C8E4000040A420E5A20090000030EB03303D049A
:10C8F400E083113110E08A33C02000322300271373
:10C904000ED147E1C148E1B148E1A1FFE0E54403AC
:10C91400822315CCB8D145E1C143E1B145E106FA22
:10C92400FF0082C8FF92230C222314826315271967
:10C93400AC5698FA22C308AD02657500A223141CF4
:10C9440098A088C08973A9C33106E1C02000880378
:10C95400A7B804C02000A903E03A1120B220A0A384
:10C964008021F8E0E0AA11A0A280E56C000C1286F8
:10C97400DBFF000036410041E9E0B2AFFF40A420F4
:10C98400E5840016F208522215CCD5D128E1C1293C
:10C99400E1B129E1A1DDE0653C0382221498C28063
:10C9A400337366157037196D80EB03808D04E0A82E
:10C9B4001181E0DFAA88C02000580827950BD11FF9
:10C9C400E1C11CE1B11FE146F2FF587239C296651C
:10C9D400001C983038C03972E089119A8831D9E046
:10C9E400E0881158623A8887952B8B52AD05256AE9
:10C9F4000081DBE028C2C02000980827B905C020C8
:10CA040000226800E0A21120AA80E0AA1150B520FB
:10CA1400A0A380656200AD04A58F001DF000000096
:10CA240036410031BEE0B2AFFF30A320257A00903A
:10CA3400EB03909D0481BFDFE099119A98C0200018
:10CA440028099C6290EB03909D04E099119A98C088
:10CA54002000A809922A151B99926A1590EB03905D
:10CA64009D04E099119A88AD03C020002808658AC6
:10CA7400001DF00036410016E200D1F2E0C1F2E000
:10CA8400B1F3E0A1A1E0652D0361A4E07CFBAD0658
:10CA9400E5730080EB03808D0451A6DFE088118AE2
:10CAA40085C020002808C02000222254FC0280EB0C
:10CAB40003808D04E088118A85C0200028080C18A2
:10CAC40022D201C020008242549C34A0EB03A0ADCA
:10CAD4000440B42065D9FEA0EB03A0AD0425BAFA46
:10CAE400AD062583007CFBAD06656E0080EB0380FC
:10CAF4008D04E088118A85C020002808C020002207
:10CB040022549C9216C30380EB03808D04E08811A9
:10CB14008A85C0200038080C04C0200042635430C9
:10CB2400EB03303D04E033113A55C0200038050CC6
:10CB34000432D301C0200042435460A620657D0026
:10CB44001DF0000080EB03808D04E088118A85C00D
:10CB5400200038080B42C6EFFF00000036410056A3
:10CB6400E200D1BBE0C1BBE0B1BCE0A167E0E51EDF
:10CB7400038CB3D1BAE0C1B7E0B1B9E0C6FAFF00A3
:10CB84003167E0B2AFFF30A32065640052D2019256
:10CB9400A002C02000820554C02000924554C02049
:10CBA400009222548080741B99C020009262542603
:10CBB4001802C6250058B28CA5D1AAE0C1A6E0B1DE
:10CBC400AAE046E9FF80EB03808D04E09811816AB6
:10CBD400E09A88C0200058085685078B52AD052579
:10CBE4004B00815FE0A8C2C020009808A7B904C028
:10CBF4002000A908E08A11A08880A152E0E08811F1
:10CC040050B52080AA80254300A2221290EB039005
:10CC14009D048144E00C1B8A8A0C05805B83508050
:10CC240074568800A099C0908B8316E80380EB03A8
:10CC3400808D04E09811813FDF58C29A88C020009B
:10CC4400880888C857B8248C240C122904AD0365BD
:10CC54006C001DF0A0EB03A0AD04E08A11AA88E0EB
:10CC64008811B2C21CA13AE0C6E5FF0040EB0340C4
:10CC74004D04471AD7B8C2E5C8FEC6F3FF0000004A
:10CC8400364100E082112A28812FE0E022112A286F
:10CC94001DF00000364100E082112A28812DE0E0D9
:10CCA40022112A281DF000003641002112E0C02084
:10CCB4000028021DF00000003641002121E0C020C0
:10CCC4000028021DF00000003641002115E01DF08F
:10CCD400364100211AE01DF036410042A01837B455
:10CCE4000DD143E0C162E0A162E05CBBE506035103
:10CCF4000BE0B2AFFF50A520654D002556FF98CA42
:10CD0400822A14990289124D0A37B851326A1437AB
:10CD1400B94B287A39CA9662001C983038C0397ADF
:10CD2400E089119A883107E0E0881128643A8887FD
:10CD3400922B8B24AD02A535008109E048C4C020A4
:10CD440000980847B905C02000426800E0A41140DB
:10CD5400AA80E0AA1120B220A0A380E52D00AD0591
:10CD6400255B001DF000000036410041ECDF7CFB38
:10CD7400AD04E54500654EFF722A1458123D0A774A
:10CD8400156668CA526A1467975E722A15161700E8
:10CD94005802287359C39672001C925022C0226311
:10CDA40007E086116A8821E7DFE0881178632A8822
:10CDB4008797298B73AD07A52D0081E9DF38C3C0A0
:10CDC4002000980837B904C020003908E0A3113ABC
:10CDD400AAE0AA1170B720A0A280E5250067B508D3
:10CDE400A0EB03A0AD04A589FAAD04A552001DF083
:10CDF40036A10041D5DD0C03C0200028048D03C0FA
:10CE0400200029B1511CE01B988A252202009C7243
:10CE140062C11C8A862248005D03060100168A0747
:10CE24009D023D058D0986F6FF62C11C8A86A2C358
:10CE340030A248009A96C2C118B2C114A2C11022ED
:10CE4400490029412951A56B008841F851C861A1C5
:10CE54000AE039118901ED02DD02B2C11CA5C6FE4A
:10CE640081CADF1B53E033113A38A9036625ADAC00
:10CE74006A252600661A31306300319FDF7CF5C0D5
:10CE84002000590331B5DFC02000A2630031AADFBE
:10CE9400C02000226300652400C0200038B1C020F7
:10CEA400002804271317E5EEF9660AECD1F4DFC174
:10CEB400F4DFB1F4DFA194DF10112025EA021DF0A4
:10CEC40036410020A220255C0042A0019CA340AA78
:10CED40030A0A074DC2A2903AD02A51E00A913AD5D
:10CEE40002A51E00A9232D041DF00C0206FEFF005E
:10CEF40036810065DBFFA941E5DBFFA951A5DCFF15
:10CF0400A961E5DCFFA9714D0216B207AD02A55770
:10CF140000567A050C020603002833162206AD02D9
:10CF240065560016DAFE1DF0283A8BAAA7920286EF
:10CF34002000283216D207C6F8FF000040AAC03DE0
:10CF440006A0328346220000283A8BAAA7920286C2
:10CF540025002832161209C6F0FF283A8BAAA79298
:10CF640002C62800283216E20946ECFF20A220E57A
:10CF74001400284AAD04651400381A22C208279305
:10CF840097AD04A51300484A0C030C175D034057E2
:10CF9400931C963083205050740B66AD068931255E
:10CFA400CEFF883177930246DFFF16A5F740AAC06B
:10CFB4003D08A037835606FEAD060C1265CDFF274B
:10CFC40013025665F7283A8BAAA71204283256C2D0
:10CFD400F40C1A0C12E5CBFF27930246DAFF166510
:10CFE400F640AAC00C03A0328382C1100C170C09AE
:10CFF4000C46A808779302C6D7FF16C5F5403AC079
:10D004002D093027832032204B880B665626FE4696
:10D01400C0FF00003641008B8289127CF989328975
:10D02400420C089922C0200089021DF03641000CF0
:10D034000889421DF00000003641008812982889B2
:10D044001399239828391939282943C02000380214
:10D054001B33C0200039021DF00000003641009847
:10D06400038B8266091D88429818991339298923EC
:10D0740039182943C0200038021B33C0200039026C
:10D084001DF08D0AA818B80AB7B9F646F6FF0000D5
:10D09400364100A81298228842992AA919A818276B
:10D0A4009A0199180C099942C0200028080B22C043
:10D0B40020002908C0200028081DF0003641008BFC
:10D0C400221DF00036410028021DF00036410022E6
:10D0D40022131DF03641000C121DF00036410020D1
:10D0E400630065A3FDA5ACFD80EB03808D04E0988F
:10D0F4001181CDDE22A0019A88C020002908458430
:10D10400FD1DF0003641007161DFC15FDF62AFF0E9
:10D1140070CCC0C2CC0F60CC10C0A2C052AE0450C0
:10D124005A806055106D050C0867B260391532A03D
:10D13400C03A35394531FEDD499539053155DF426F
:10D14400AEC44AAA39257C03308A100C06BD07AD4B
:10D1540008693581B5DCE008008D0A914EDFA14EE7
:10D16400DF4A2270AAC07B7990906090971090AAB1
:10D17400C08AAA4845A2651C30221047B216D1477E
:10D18400DFC147DFA148DFB2A0F925BD0282460016
:10D194001B66C6E4FF42C21B3034106902691239AF
:10D1A400222D051DF0000000364100A0630020EB95
:10D1B40003202D04E0821121DBDD0C198A222802D0
:10D1C4000C082089932D0881C3DEE008001DF000BF
:10D1D4003681009D03606300CCC2D133DFC133DFED
:10D1E400A134DF4CBB65B702506300260302D0EACA
:10D1F4000370EB034130DFE130DFF1BCDC316CDE86
:10D20400404730EAE2E7BF246609108D07300C136B
:10D2140082E20089718714F2461C00008D07300CED
:10D224001382E20089718714470618000066091802
:10D23400C2C11CBD03AD027261078126DFE0080094
:10D2440088718714EA06110000C2C11CBD03AD0237
:10D254009911D931E921F261007971811EDFE00869
:10D264000088719811D22103E22102F221008794EF
:10D274001B80EA03D088C087B98A50E613102000C7
:10D28400AD068194DEE008000C02C62000310BDFFD
:10D294000C193A380C043049934030748717108CB9
:10D2A400D3D107DFC102DFA102DFB2A07AE5AA026F
:10D2B40048120C1872A00040788337970ED101DF12
:10D2C400C1FBDEA1FBDEB2A07B25A90232A0FE4792
:10D2D400B30ED1FDDEC1F5DEA1F6DEB2A07CE5A77A
:10D2E400021B44491250E61310200040EB03404D4A
:10D2F4000431F6DEE044114A3328031B2229036675
:10D30400120C31F3DE4A4369040601000000002DCB
:10D31400081DF00036410056E200D1E3DEC1EEDE26
:10D32400A1E4DEB2A09A65A302A0630090EB038897
:10D3340002871911D1EADEC1E8DEA1DDDEB2A09ECA
:10D34400101120A5A10288120B888912CC9881188B
:10D35400DE8902C6050000000022A0FF87B20ED1BC
:10D36400E0DEC1DDDEA1D2DEB2A0A4259F02A0E6EC
:10D374001310200090EB03909D0421D4DEE099115A
:10D38400902280822200A6181382C8FF8902CCB89A
:10D3940021D0DE9A92A809814FDEE008001DF0003A
:10D3A400364100AD02A52DFA1DF000003601012121
:10D3B40066DC4CBCC0200028020C0BC0200022619B
:10D3C4001721C8DEA2C111291121C7DE3921293153
:10D3D4008118DCE008004B2132C110A2C111B8024F
:10D3E4004B2281C2DEE008003792F2A2C111A549A6
:10D3F400FD000000364100B2C21F82AFE0D116DC4E
:10D40400C2A02080BB10A2A00125ADFA1DF000002F
:10D41400364100A802A571FD1DF000003641000B45
:10D42400555A547C0880551042AEC44A5580551054
:10D4340059021DF036410081AEDE0C19C020009265
:10D4440048000C121DF0000036610081B0DEE008D7
:10D454000081AFDEE0080081AFDEE00800D2A0006A
:10D46400C1A5DEB1A5DEA1A5DED26100FD0D0C1EB5
:10D474006570FE261A0DD1A2DEC1A2DEA1A3DE5C78
:10D484001BA58D021DF000003641009109DCA104AA
:10D49400DCC106DC9A92AAA282A00197BC0282A0F7
:10D4A40000B101DC809074BAB20C18B7BC010C084E
:10D4B400C1FDDBB2A001A7BC02B2A000B0882080ED
:10D4C4008074562800165902B134DC82A001A7BB2F
:10D4D4000282A0008089209178DEA104DC9A229245
:10D4E400A00127BA0292A000908820808074802036
:10D4F400041DF000364100AD02E5F8FF2D0A1DF0D1
:10D5040036410061ECDBA2A40060B6206575FA5DCB
:10D514000ABD06A2A158E574FACCDAD17FDEC17F38
:10D52400DEB2A0C2A179DE658302CCA5D17DDEC1C5
:10D534007BDEB2A0C3C6FAFFA902590352A4005964
:10D54400041DF0003661007500001DF0366100CD49
:10D5540000366100CD00366100CD003621008D0813
:10D564001DF00000364100E5FDFF52C1F068156270
:10D57400C6F08D0086010088055D0662C7F0781646
:10D5840077B2F342C1F06805781569047914682507
:10D59400783569247934808E15E0331100424030A7
:10D5A40008811DF03641000020001DF03641000CBA
:10D5B40018BD05CD088CB50B5592A00050989390DA
:10D5C400C074BD083CF80C0A52A0010C7976890D90
:10D5D400001A4000D5A1D71404F088111BAA80803A
:10D5E400548C4C515FDC5088208C4B519BDB508811
:10D5F400208C7230911380A1131DF00030901380A1
:10D60400A013C6FCFF0000003641009C5230811379
:10D614003060030C180012400088A130882080601C
:10D62400131DF00030801346F9FF0000364100203E
:10D63400E7131DF0368100813BDE0C098901813A34
:10D64400DE9A3189111CA889211C4889310CC889AA
:10D65400410C3889510C280018400022A19971C14D
:10D6640033DE2A938961A809C02000B80C7CF9A094
:10D67400A930B0AA108B31C02000A90C2AB3B80B72
:10D68400C02000D80C2C1A001B4000AAA1D0AA204C
:10D6940032C110C02000A90CB186DC2AA3A80AC09C
:10D6A4002000C80BA09930C0991032C118C02000C6
:10D6B400990B2A232802C02000980B0012400088EE
:10D6C400A1908820C02000890B1DF00036610081E4
:10D6D40015DEE0221189018114DE3D0189110CC897
:10D6E40089210C388931A111DE2A839808C02000D1
:10D6F400B80A7CF8909830B099108B31C02000990A
:10D704000A2A23916BDC2802C02000A80920883053
:10D71400A08810C0200089091DF000003641009146
:10D7240004DE0C9AC020008809A08820C02000894B
:10D73400098100DE0C09C0200099081DF0000000DA
:10D7440036410091FBDD7CEAC020008809A08810E6
:10D75400C0200089091DF00036410081F7DD4095A5
:10D7640041C02000990881F5DDA1F5DDC020002924
:10D7740008202054AAA2CD04BD03812BDBE00800BD
:10D7840021F1DD0C18C0200089021DF03641008112
:10D79400EEDDC0200098082619F791ECDD0C1AC0C4
:10D7A4002000A909C0200098086639F71DF0000080
:10D7B40036410081E7DD0C19C0200099081DF000F6
:10D7C4003641003022E20C180C032038832D031D4F
:10D7D400F0000000368100405320505014CCF5B2C4
:10D7E400A098CD04BAB2AD038110DBE008001DF0AF
:10D7F4003B646062410C050C495716F182C524E074
:10D8040088118A82907463C020008828AD03CD07F4
:10D81400B2C11C993189718104DBE008007A33704C
:10D8240044C01B559831C6F3FF0000003641008800
:10D83400120C0AC02000A948C02000A928C020005A
:10D84400B2283A0C1990BB20C02000B2683AC0201C
:10D8540000B2283A0C2CC0BB20C02000B2683AC0E9
:10D864002000B2283A0C4CC0BB20C02000B2683A59
:10D87400C02000A9C8C02000B8C8C1B6DDD168DC8A
:10D88400C0BB20C02000B9C8C02000B8C8ED0AD071
:10D89400BB20C02000B9C8C02000B8C8D1AFDD7C0F
:10D8A400EFD0BB10C02000B9C8C02000D888B8226F
:10D8B400F0DD10B0E993E0DD20C02000D988C0205D
:10D8C40000D8880BBB3D0AB039937CDE00194000B8
:10D8D400B3A1E0DD10B0BD20C02000B988C0200095
:10D8E400B842F19EDDC02000B938B2020EC020005B
:10D8F400D8580BEBE0E044A0EE01F0DD10E0DD20B1
:10D90400C02000D958C02000D8483D0AB03993E25D
:10D91400AFBFE0DD10A0B311B0BD20C02000B948F6
:10D92400B2020DC02000D848B09A8322AF7F20DD18
:10D9340010909911909D20C020009948C020009813
:10D94400582187DD0BBBB0B044209910F0BB01B067
:10D95400B920C02000B958C020002828C0C220C067
:10D964002000C9282D0A1DF036810088127C79C058
:10D974002000B82860A0F4606F0590BB10D0661139
:10D98400606B20C020006928C02000682891BCDAA0
:10D99400C1B5DA906620C020006928C0200068283C
:10D9A4009120DC906620C02000692862A0FF91AA23
:10D9B400DA373602465E00C0200068483030749082
:10D9C4006620C0200069480C06C020006931C020D0
:10D9D4000098316164DDC09910303920C0200039CD
:10D9E40031C020003831603320C020003931C020DC
:10D9F400003831C020003968C020003858915ADD01
:10DA04000B645066019033106033200C0BC020006F
:10DA140039586D0B0C134063939193DA4D06C02073
:10DA2400006848204401906610404620C020004908
:10DA34004892020C4190DAC0200028485A59503BC1
:10DA440083402210303301303220C020003948C0D6
:10DA54002000285832AF00C020002971C0200028BF
:10DA6400710B55302210505074505220C020005970
:10DA740071C0200028713181DAC020002958C020EB
:10DA8400002848302210C020002948C0200028481F
:10DA9400317ADA302210C020002948C0200028281A
:10DAA4003133DDC020002951C020002848C02000A7
:10DAB4002961C020002851302210C020002951C003
:10DAC40020002861312BDD302210C020002961663E
:10DAD4002A02863600B62A40664A02462600F64ADC
:10DAE40002C62700265A02463400C02000285131BD
:10DAF40047DA302220C020002951C0200028514C90
:10DB040003302220C020002951C02000286131198F
:10DB1400DD302220C020002961C020002851C0200F
:10DB2400002928C020002861C0200029480C021DBB
:10DB3400F0C0200068483030F4906620C0200069AE
:10DB4400480C06C020006941C020006841C066102E
:10DB5400303620C020003941C020003841613FDA0E
:10DB6400603310613FDA603320C020003941C020A7
:10DB7400003841069FFF0000C0200028513123DAFD
:10DB840046DFFF00C0200028513142DA302220C095
:10DB940020002951C0200028512C03302220C0200D
:10DBA400002951C0200028613165DA86D8FF0000C1
:10DBB400C0200028513137DAC6F7FF00A510020053
:10DBC40036810058434812E22205B2130A62031652
:10DBD400176502E223065802C2030358F5DD06ADB9
:10DBE40002E005007203035223010C0826C70882D1
:10DBF400AFFF0007408080917070600017400055AF
:10DC0400A1805520C0200059145203025695040CDB
:10DC140018C0200078446085839116DA80800490CF
:10DC24007710308801808720C020008944C02000FC
:10DC340078540B66C020007961C02000786182AFFF
:10DC440000606074807710606720C020006961C044
:10DC540020006861C0200069546203010C07D0866B
:10DC6400110C19809783A104DAC0200078445099DC
:10DC740001A07710907720C0200079449C9891BE31
:10DC8400DC0B88C02000787490881091BCDC9077FD
:10DC940010808720C0200089743B860C07E823800D
:10DCA4008241DD0787A702461F00C020006844D0D8
:10DCB40055110C1871F2D9508D834088017066108B
:10DCC400806620C0200069449C9571ABDC0B55C074
:10DCD4002000687470551071A9DC706610505620CD
:10DCE400C020005974C02000580461A5DC60552090
:10DCF400C020005904C02000580477F5F7C0200064
:10DD040058046106DAAD02605520C020005904525F
:10DD14002200522510E00500C203028C5CB833AD2A
:10DD24000425ABFF0C021DF00C49909663BD0ECD8B
:10DD340009A2C11CD97189319921D901E91181BA8A
:10DD4400D9E00800A2C7249821B871E0AA11E8110B
:10DD5400AAA4C02000B92A9066C09AEE1B77D80105
:10DD6400883186CFFF0000003641006812AD02C042
:10DD74002000984682A000E7790BC0200082260587
:10DD8400808B4582C8017C899088100C0926C807BD
:10DD94007CF90008409090918080600018400084D5
:10DDA400A1908820C0200089160C09D085110C1B75
:10DDB40080B98341B2D9C02000984640BB01409944
:10DDC40010B09920C0200099469CB8416BDC0B88A8
:10DDD400C020009226074088104168DC40991080DA
:10DDE4008920C02000826607C0200048068164DCC8
:10DDF400804420C020004906C0200042260077F459
:10DE0400F6C0200042260081C5D9804420C02000ED
:10DE1400426600480A422410E004008C75CD05BD1A
:10DE240003AD06259BFF0C021DF00000364100984F
:10DE340012C02000880987F8F71DF0003641000C55
:10DE4400121DF0003641000C121DF000364100286E
:10DE540012C0200088020C128088052028301DF092
:10DE64003661003B747072410C067726021DF00087
:10DE74000C0559310C45505463BD03CD05CBA1812C
:10DE84006AD9E0080082C6149831E088118A82C0F9
:10DE9400200099285044C05A331B66C6F2FF000084
:10DEA400368100405320505014CCD5CD04B2C25812
:10DEB400AD03815DD9E008001DF03B646062410C54
:10DEC400050C495716F182C514E088118A829074B2
:10DED40063C020008828AD03CD07B2C11C993182EC
:10DEE40061078151D9E008007A337044C01B55980A
:10DEF4003186F3FF36610088127C7CC02000A8289C
:10DF04006090F4606F05D06611C0AA1060AA20C0AA
:10DF14002000A928C020006828A159D9C2A0FFA0C8
:10DF24006620C020006928C020006828A1BDDAB19D
:10DF34004DD9A06620C02000692830A0F46146D9DC
:10DF4400373C02465900C020003868603320C020A6
:10DF54000039680C03C020003911C020006811B0DA
:10DF64006610A06620C020006911C020003811612D
:10DF7400FDDB603320C020003911C0200038110CB3
:10DF84000BC0200039880C16C2C4E03D0BC0200031
:10DF9400A8F8C0368300164000C3A17CD330AA1071
:10DFA400C0AA20C02000A9F8C02000A878C12FD999
:10DFB4000B34603301C0AA1030AA203D0BC02000EE
:10DFC400A978403693C02000A8682043013126D99F
:10DFD40030AA10404A20C020004968A2020C312512
:10DFE400D9C0200028685A5A50B69330221030BB4A
:10DFF40001B0B220C02000B968C02000287832AF38
:10E00400C00B55302210505054505220C02000599B
:10E0140078C0200028683119D942AC00302210C0E1
:10E0240020002968C0200038A82113D9403310C02B
:10E03400200039A8C020003868203310C0200039DF
:10E0440068C02000289831CFDB402210C02000296E
:10E0540098C020002828C020002931C02000283181
:10E06400302210C020002931C020002228387CE34F
:10E07400302210C02000226838C02000283131BD71
:10E08400DB302220C020002931663902062900F63F
:10E09400495D679902062000B62902462800C0207F
:10E0A40000283131B9DB302210C61900C0200038F5
:10E0B40068603320C0200039680C03C02000392177
:10E0C400C02000682131E5D8B06610A06620C020C9
:10E0D400006921C02000682130661031E1D8306623
:10E0E40020C020006921C02000382106A4FF0000C0
:10E0F400265915B659314C0326B94F1C12279902DB
:10E1040006210010112025BC01C020002831310354
:10E11400D9302220C020002931C020002831C0205D
:10E124000029280C021DF000C0200028313189DBB1
:10E1340046F7FF00C0200028313191DB46F4FF0090
:10E14400C02000283131D3D846F1FFC02000283147
:10E15400302220C020002931C02000283132A20002
:10E16400302220C020002931C0200028312C033067
:10E174002220C020002931C020002831909220C0E4
:10E184002000993146E4FF00C020002831302220CD
:10E19400C020002931C02000283132A200302220C2
:10E1A400C020002931C0200028312C03302220C097
:10E1B40020002931C0200028311C03302220C02037
:10E1C400002931C02000222838606220C02000626B
:10E1D4006838C6D0FF00000036410088434812E882
:10E1E40052B2130A520316176801E8638802C20385
:10E1F4000388F8DD05AD02E008008813C02000891B
:10E2040014920302FC490C18508983A19AD8C020A7
:10E21400009864808004A09910308801808920C00F
:10E2240020008964C0200088740B5592AFC0505000
:10E2340054908810505820C020005974C203010C17
:10E2440005C020008864D09C110C1AB18BD890A50D
:10E254008350AA01B08810A08820C0200089648D52
:10E26400055719040B59508094C02000589492AC5F
:10E2740000905510805520C020005994B82340A424
:10E2840020E5BDFF820302C020005864D088110C31
:10E29400090C1AB17AD880A98340AA01B05510A0FC
:10E2A4005520C02000596497180582C8FF809094B7
:10E2B400C0200052240A82AC00805510908520C0F2
:10E2C400200082640AC02000522400816DD8AD026F
:10E2D400805520C0200059045802522510E0050042
:10E2E400C203028C5CB833AD0465BBFF0C021DF0A5
:10E2F4003641006812AD02C020008866E77805C088
:10E304002000822607C0200049160C08C02000986F
:10E3140066D0D5110C1BC159D8D0B88340BB01C0FD
:10E324009910B09920C0200099669D08871D058228
:10E33400CDFF809094C0200082260AB2AC00B08841
:10E3440010908820C0200082660AC0200082260027
:10E35400914CD8908820C020008906880A82281011
:10E36400E008008C75CD05BD03AD0665B3FF0C0256
:10E374001DF000003641009812B104DBC020008873
:10E3840009AD02B08820C020008909886207E80727
:10E394008802822810E008001DF000003641008841
:10E3A400127CDBC0200098F8AD02B09910C02000A8
:10E3B40099F8C020009878B12DD8B09910B1F4DA4A
:10E3C400B09920C020009978C020009868B1E4D8A2
:10E3D400B09920C0200099689145D8903310C0208E
:10E3E4000039180C03C020003928C02000980831D7
:10E3F4004BD8309920C020009908386207E30832CE
:10E404002200322310E003001DF000003641008892
:10E41400127CDBC0200098F8AD02B09910C0200037
:10E4240099F8C020009878B111D8B09910B1D8DA11
:10E43400B09920C020009978C020009868B1C8D84D
:10E44400B09920C0200099689129D8903310C02039
:10E45400003918C02000980831CADA309920C02049
:10E46400009908386207E3073802322310E00300FA
:10E474001DF0000036410068127CD9C0200088F6E7
:10E48400AD06908810C0200089F6C02000887691DF
:10E49400F7D7CD0590881091BEDABD03908820C0CF
:10E4A40020008976C02000886691ADD8908820C06D
:10E4B40020008966810ED880441080850180442024
:10E4C400C020004916C02000486681EAD780441065
:10E4D400C020004966A598FF81AFDAC02000480635
:10E4E400AD02804420C0200049064802422410E0C6
:10E4F40004001DF03641008812303074C0200098AA
:10E504000820A220B152D9CC13B195D8B09920C01B
:10E5140020009908880A0C02822810E008001DF0E7
:10E524003641000C8CBD03A2C21C81BFD7E0080099
:10E534006579010036610081C6D7A2AC03C0200012
:10E544009228260C1BC020009931C020009831A0CD
:10E5540099101C4AA09920C020009931C02000982D
:10E5640031C02000926826C02000A22826B0AA202C
:10E57400C02000A26826C02000922828B09920C09C
:10E5840020009268281DF00036610081B1D7A2AC4A
:10E5940003C020009228267CEBC020009931C020C3
:10E5A400009831A099101C4AA09920C020009931EC
:10E5B400C020009831C02000926826C02000A22804
:10E5C40026B0AA10C02000A26826C02000922828E5
:10E5D400B09910C020009268281DF0003641003226
:10E5E4002201A2A000C02000A26306C02000A9232B
:10E5F400C02000B8D398220C18CD0A7CED90C893A3
:10E60400D0BB10C0BB20C02000B9D3C02000B8D3F9
:10E614000B994D0A9048937CDC0018400094A1C0EB
:10E62400BB10909B20C0200099D3C020009842D2F8
:10E63400AC1FC02000995392020EC02000B8430BB7
:10E64400C9C0C044B0CC11D0BB10C0BB20C0200096
:10E65400B943C02000B8634D0A904893C2AFBFC00D
:10E66400BB10A09411909B20C02000996392020DCE
:10E67400B2AF7F908A83C02000A863908811B0AAAB
:10E6840010808A20C020008963C0200088436C0A5F
:10E694000B99A08810909044909820C02000994332
:10E6A4008862AD02076830E5E8FF88622169D71700
:10E6B400682EC0200088D29189D7908820C020007D
:10E6C40089D2C0200022232A6C38802210C0200066
:10E6D40022632A0C021DF000E5EAFFC6F2FF0000E7
:10E6E40000C0200088D291F4D890881046F3FF002F
:10E6F4003641009812C0200088095678FF1DF000AA
:10E7040036410088120C1AC02000222815C02000AF
:10E714008228292020248080040C09209A83001A4E
:10E72400400088A18029201DF00000003641009897
:10E73400120C1AC02000822927A08820C020008241
:10E7440069271DF036410098120C2AC02000822946
:10E7540027A08820C020008269271DF0364100A12F
:10E764000FDA810DDAC02000980AB1B8D88902B056
:10E774009920C02000990AA1E8D7B13ED7C0200053
:10E78400980AB09910C02000990AC020009808A1E6
:10E7940032D7A09920C0200099081DF03661009856
:10E7A40002E083118A89C02000222801A1EDD7A0AC
:10E7B4002220C02000226801C020002818D772F748
:10E7C400D083118A898B33D03311C02000222811C1
:10E7D400B1F4D93A99C020003809C02000A2281108
:10E7E400B03310A792011DF02D0AC6F9FF000000F6
:10E7F400364100408C35C05511A8025058201C8861
:10E804003088C00C1CC02000B80A001840008CA13D
:10E814007CF9809930B09910C02000990A2B93D1CB
:10E82400E0D9D099119A9AC02000B839D05510D1A6
:10E8340008D932C314D0BB1050BB20C02000B93952
:10E84400C04411E03311C0200049493A3AC02000C5
:10E85400C903C02000380A308820C02000890A1D5E
:10E86400F000000036410098021C883088C00C1B60
:10E87400C02000C809001840008BA17CFA80AA308F
:10E88400C0AA10C1FAD6C02000A909C0441147BCCF
:10E894000ED1C4D9C1C5D9A1C5D9B2A07CE54B015B
:10E8A400CBA3E0AA11AAA9C0C410D19ED9C020004C
:10E8B400481A32C314D04410C04420E03311C0209D
:10E8C40000491A3A39C02000B903C0200038093081
:10E8D4008820C0200089091DF00000003641003066
:10E8E400B32020A22065EBFF408C35C04411C055F5
:10E8F40011A0A4805058200C18473A010C08280293
:10E90400BA555A58D0931181A6D99A92805510417C
:10E91400D0D8C02000883932C31440881050582001
:10E92400C020005939E033113A32C02000A9490C03
:10E9340012C0200029331DF03641008C3426141DEA
:10E944001DF08802CB33E033113A38C0200088131D
:10E9540021C6D6208810C02000891346F8FF8802FB
:10E96400CB33E033113A38C020008813217DD720FF
:10E97400882006F8FF0000003641008802CB33E00F
:10E9840033113A38C020008813915BD810440190A9
:10E994008810408820C0200089131DF0364100985B
:10E9A400020C18C02000A229190013400038A1A0AD
:10E9B4003320C020003269191DF000003641009850
:10E9C400021CE8C02000A8093038C00C180013400D
:10E9D4000088A1A08820C0200089091DF000000043
:10E9E4003641001CC8F0331198024048C03044C07E
:10E9F4000C130014400033A1505074C02000480987
:10EA04008C85403320C0200039091DF07CF8303853
:10EA14003040331046FBFF003661000C8CB2A0007E
:10EA2400AD028183D6E008005050748161D9261369
:10EA3400088160D92623028160D98912390288129B
:10EA4400912ED8215ED950500456F311C0200022D3
:10EA5400682CC02000222826415AD9902210C020B8
:10EA640000226826C02000222826D05511402210FA
:10EA7400C02000226826C020002228264152D94006
:10EA84002210C02000226826C02000222826414EE1
:10EA9400D9402210C02000226826C0200022282647
:10EAA400414BD9402210C02000226826C0200022F9
:10EAB400282642AF00C020002921C0200028214080
:10EAC4002210C020002921C02000282142AEFFC00E
:10EAD4002000226826C02000222826402210C020C0
:10EAE40000226826C020002228130C84402220C063
:10EAF4002000226813C020002228107C74402210B9
:10EB0400505220C02000526810C020002228264203
:10EB1400A400402220C02000226826C02000222811
:10EB240026416ED6402220C02000226826C0200044
:10EB340022282642A200402220C02000226826C0AB
:10EB440020002228264122D9402220C02000226809
:10EB540026C0200022282641D1D7402220C02000F0
:10EB6400226826C0200032682C1DF000C02000223C
:10EB74006819C020002228123117D9902210C02011
:10EB840000226812C02000222812E0551130221001
:10EB9400C02000226812C02000222812310FD90C94
:10EBA40049302210C02000226812C02000222812FE
:10EBB400310BD9004411302210C02000226812C049
:10EBC40020002228123106D9302210C020002268E9
:10EBD40012C02000A2281C7CB330AA1050AA20C066
:10EBE4002000A2681CC0200022281F902220C020E0
:10EBF4000022681FC0200092281C30991050592010
:10EC0400C0200052681CC0200022281231F6D830DF
:10EC14002220C02000226812C0200022281231F2D3
:10EC2400D8302220C02000226812C02000222813DD
:10EC3400C020002931C0200028312020F4402220A7
:10EC4400C020002931C020002831C02000226813D0
:10EC54000C02C0200022681946C3FF003641008818
:10EC640012280256A20950502426132F1683002678
:10EC7400234A26336A250501C0200032282621D0E4
:10EC8400D8405501203310505320C020005268262C
:10EC9400404141C020004268271DF000C0200032DE
:10ECA400282621C8D8705501203310505320C02085
:10ECB40000526826C02000426828C6F6FFC0200023
:10ECC40032282621C1D8A05501203310505320C02A
:10ECD4002000526826C0200042682986EEFF00000A
:10ECE400C0200032282621B9D8D055012033105035
:10ECF4005320C02000526826C0200042682AC6E57E
:10ED0400FF26134FAC8326236E66338CC02000325B
:10ED1400281221B3D8505014905501203310505369
:10ED240020C02000526812C0200042681706DAFF93
:10ED3400C0200032281221A7D85050143055012089
:10ED44003310505320C02000526812C02000426883
:10ED54001406D1FFC02000322812219FD85050142D
:10ED6400505501203310505320C02000526812C067
:10ED7400200042681506C8FFC020003228122197DF
:10ED8400D8505014705501203310505320C0200027
:10ED9400526812C0200042681606BFFF3641008840
:10EDA4001228029186D8CC62C0200092682C1DF0F3
:10EDB400C0200092681906FDFF000000364100885B
:10EDC400122802A1A5D5DCE2C0200092282BA0992C
:10EDD40020C0200092682BC02000922826A09920F1
:10EDE400C020009268261DF00C12C0200022681872
:10EDF400C02000922812A09920C02000926812C658
:10EE0400F8FF000036410088122802A13BD7CCF25B
:10EE1400C02000922826A09910C020009268261DC8
:10EE2400F0C02000922812A09910C020009268120D
:10EE3400C6FAFF0036410088122802EC32C02000D6
:10EE440092282B2185D5209920C0200092682BC0C0
:10EE540020009228130C82209920C020009268136D
:10EE64001DF00C12C02000226818C0200092281F38
:10EE74000C42209920C0200092681F46F8FF000031
:10EE840036410088122802DC22C0200092282B215F
:10EE940072D5209920C0200092682B1DF00C12C05E
:10EEA400200022681886FCFF3641009812280230A0
:10EEB4003004DCA2C02000822926210CD740331163
:10EEC400208810303820C020003269261DF0000050
:10EED400C020008229122145D82033112088103007
:10EEE4003820C0200032691206F8FF00364100982D
:10EEF400028812CC69C0200092682C1DF00C02C05C
:10EF0400200022681986FCFF36410088122802CCB2
:10EF140092C02000222826202F051DF0C0200022A8
:10EF2400281246FCFF0000003641000C421DF00090
:10EF34003641000C0887120922C2F828127CC82026
:10EF440088102D081DF000003641008D028CB22877
:10EF5400420C182028540012400088A12D081DF0EE
:10EF640036410016F32D82C3F8B2280180C820B0C0
:10EF7400900416E900D11ED8C11FD8B2A3C5A11EA2
:10EF8400D8A5DD007CC440BB104A333A3BB8130C0F
:10EF94002AA0BB20B913B81889030C13B033203945
:10EFA40018A78302863E008808CCB8D114D8C114AF
:10EFB400D8B2A15786F1FF00A81807EA0BD111D8DF
:10EFC400C110D8B2A15806EDFF384240AA1030B79C
:10EFD40075B7BA1C303E5430BBD2B0AAD23D09B882
:10EFE40038D828FCBBD108D8C109D8B2A0CD06E3D3
:10EFF400FF4D098C6A40FA402C0B404BC030B425BD
:10F004000BE4B0EEC00C1D000E40A0A091001B400C
:10F0140000DDA1303524D0AA303034C0C6EFFF0063
:10F024000000CCADD1FBD7C1F9D7B2A0CE46D3FFF7
:10F03400B93DD92BB842E882B0BE5430BB82AABBDA
:10F04400E0BB11BABE480B479832D90B279D2DB8A7
:10F0540072E0E311EAEB0C1D480E001A4000ADA16A
:10F064007CFBA0AB3040AA10A90ECCFA00134000E0
:10F074003DA130BB303862B0B310B2620648187C90
:10F08400C337840BD1E4D7C1E4D7B2A14446BBFF54
:10F09400A81CA0A3104AAA4BAAA91830AA10AAA86F
:10F0A400891A38187CC48BC8303410CAE34AEECCB1
:10F0B400AED1DAD7C1DBD7B2A16406B0FFA81E0770
:10F0C400EA02862700CCD3D1D7D7C1D5D7B2A1685D
:10F0D40086AAFF000000384240AA1030D775D73AFC
:10F0E40002062D00303E5430DDD2D0AAD2BD09D85C
:10F0F4003E382E16EDEE16A3F2D933392DD842F848
:10F1040082D0DE54B0DD82AADDE0DD11DADF480D05
:10F11400479E32390D27932D3872E0FB11FAF30C18
:10F124001D480F001A4000ADA17CF3A0A33040AAF3
:10F1340010A90FCCFA001B4000BDA1B03330B86257
:10F14400303B1032620638187CCDD78302C6CCFF20
:10F15400B81E4B33B0BD103AABA918D0AA10AAAC54
:10F16400DAAA890A38187CCB30BB10384230D775FC
:10F1740030AE54D7BB53A0DDD2D0BBD2A0A982D825
:10F1840082BAAAE0AA11AAAD380A568306D1A6D734
:10F19400C1A7D7B2A0E90679FFBD098C6A40FA403D
:10F1A4002C0B40BBC03044250BFB40FFC00C1D00A2
:10F1B4000F40A0A09100144000DDA1303524D0AA56
:10F1C4003030BBC0C6C9FF0000008C6B40FB402C34
:10F1D400094099C030F4250BE9F0EEC00C1D000E77
:10F1E40040B0B091001F4000DDA1303524D0BB30C9
:10F1F4003099C046E1FF3928293889337CC43B3C27
:10F20400403310371C0BD18AD7C188D7B2A0EFC6C0
:10F214005AFFA8420C13A0AE5490AA8200194000D1
:10F2240043A1BAAAE0AA11AAAD890A8862E0991199
:10F2340040882089622872001B4000B3A19A92384A
:10F2440009B0B320B9091DF03641008D028C028843
:10F25400528A221DF000000036410016A32D32C34D
:10F2640003B2AFFCAD02B03310E5CDFFA733028685
:10F27400B200A8420CCBB0B373A0877587BB0286DB
:10F284001F0040FB401CF34033C0A0C425C043C052
:10F294000C130014400033A10B33BA3387B366A0B8
:10F2A4004E544088D28033D20C09A04044472902EE
:10F2B40046A200C872E049114A4C7CFD8804001340
:10F2C40040003DA18083105698061B3998620013B4
:10F2D40040003DA190331016E32530906030391082
:10F2E40030F3401CF93099C0E039113A3C88035698
:10F2F4001804D150D7C150D7B2A0C0A13FD7E5A5BB
:10F30400003D0B06E6FF0C0997130840F34092A05A
:10F31400204099C00B89C088C00008403030910C4F
:10F3240018001C4000C8A1A04524C033304099C037
:10F3340086DDFF0080306080831080F8401CF380FD
:10F3440083C0A03E54903382D8828A33E033113A8A
:10F354003D380316231E58137CC4504410B7B40B15
:10F36400D137D7C137D7B2A1B986E3FF5833482381
:10F37400CCA5D125D7C125D7B2A0CD06DFFFCCA41B
:10F38400D124D7C122D7B2A0CE86DBFF5934492578
:10F39400A842A0AE5490AA828AAAE0AA11AAAD58A3
:10F3A4000A57932F490A27942AE0A911AAAC0C15ED
:10F3B400E80A0018400085A17CF4808430E08810BD
:10F3C400890ACCE80019400095A190443098624025
:10F3D40049104962881307E80BD11AD7C11BD7B269
:10F3E400A17346C5FF7CC990881042CB108BE347BC
:10F3F400B8028649009AABEAAAB0F9C08A5FBBFAA0
:10F404008B4A90FF10F7140BD111D7C111D7B2A1B9
:10F414001D86B9FF4BFB5AFFF7180CD10ED7C10C50
:10F42400D7B2A120C6B4FF00F81AF0F01450FF20A0
:10F43400F91A0CB590FF10F7350BD107D7C104D7D3
:10F44400B2A12206ADFF88130C25808014B0B82029
:10F45400B913881A8089104A8882C8FC4818A908F8
:10F464005044204918481A0C15505420591A88132E
:10F474000C358089108A8E82C8FC39085054205972
:10F484001AB842909410B0477547B927B05E5450EB
:10F4940044D24099D20C08B0BE5480BB829ABBE0DF
:10F4A400BB11BABD480BFCA4D1E0D6C1E0D6B2A0D2
:10F4B400E98691FF0C0887190740F9402C08408819
:10F4C400C0B0F4250B58F055C00C14001F40004484
:10F4D400A1000540909091409930B045244088C0E7
:10F4E400C6ECFF00492A293AA934B8420C14B0BE2C
:10F4F4005480BB8258629ABBE0BB11BADDA90D00EF
:10F50400184000A4A1A05520E0881159628ACC00BB
:10F5140019400094A1480C909420990C48137CC283
:10F524004022102A2E48027CD55044104902281348
:10F534007CE440221029133D0E2D031DF00C03869C
:10F54400FDFF000036410016F30056C40030B3201E
:10F55400AD02E5A0FF0C0546030056E30040B420CD
:10F5640020A22065CFFF5D0A2D051DF01654FE3B39
:10F57400B47CC7AD02705B10E59CFFA7B5D6D2C3BF
:10F58400F8681D0CCB609004B0B5738CD9D198D6B3
:10F59400C1B3D6B2A3F8A198D6257C00706610A298
:10F5A400C3FCB73602C64C00AAE6C81E4B56708C84
:10F5B40010805580B7350207EC23BD04AD02A5C900
:10F5C400FF5D0A161AFABD0360C4638197D3E0088D
:10F5D40000BD03AD02A598FF06E3FF000000CCAE1A
:10F5E400D18FD6C18FD6B2A16446EAFFCCA6D18D05
:10F5F400D6C18BD6B2A168C6E6FF584250477547BC
:10F60400B81B505E545044D24088D2583E482EFC19
:10F6140075D17DD6C17ED6B2A0CD06DEFF008C6842
:10F6240040F8402C094099C05074250B697066C09D
:10F634000C140006408080910017400044A15055EE
:10F64400244088305099C006F0FFCCA4D171D6C1B3
:10F654006FD6B2A0CE46CFFF5934492558426882AE
:10F66400505E549055828A55E055115A566805E704
:10F674009632490527942D4872E069116A640C1585
:10F6840078060018400085A17CF4808430708810CE
:10F694008906CCF80019400095A190443098624046
:10F6A4004910426206481D7CC557840BD15AD6C105
:10F6B4005AD6B2A14446B7FF981E4B449095104ABF
:10F6C40089891D508810AA8848187CD5504410494F
:10F6D40018481D7CE5D908504410491D581D508018
:10F6E400048CB8D15FD6C15FD6B2A18086A9FF00D1
:10F6F4007CC990551042CB1047B502467500AAABA1
:10F70400BB4A9A558BCA904410B055C0471C0CD1C3
:10F714004FD6C14FD6B2A11D869EFF00E81A0CB485
:10F72400E0E014505E20591A90551057340BD14A1A
:10F73400D6C147D6B2A122C696FF481D0C2640402A
:10F7440014B0B420B91D581A505910CA5552C5FCEA
:10F754004815A9056044204915481A7CD550541011
:10F764000C16904410605520CAD4591AD2CDFC16F8
:10F77400DDE6581D07E502C623001604E790951040
:10F784005842504775473902062D00505E54504484
:10F79400D24099D2BD08583D482D1635E716B4EA33
:10F7A4005934492558426882505E54B055829A555E
:10F7B400E055115A566805679D31490527942C5820
:10F7C40072E04B114A450C1678040019400096A1CA
:10F7D4007CF59095307099109904CCE94862001B2F
:10F7E4004000B6A1B0B530B0B410B962481A7CC6B6
:10F7F40067840246ADFF981D4B449096104A5959B0
:10F804001A6055105ACC6ACCA90C481A58427CCBC1
:10F8140040BB10504775509E5447BB519044D24052
:10F82400BBD2909882C882BA99E099119A9C4809EF
:10F83400566406D1FDD5C1FDD5B2A0E98655FF00B9
:10F84400BD088C6940F9402C0B40BBC050E4250B2B
:10F854006BE066C00C14000640909091001E4000BE
:10F8640044A150552440993050BBC0C6C9FF8C6B8D
:10F8740040FB402C084088C050C4250B68C066C0BB
:10F884000C14000640B0B091001C400044A1505537
:10F894002440BB305088C0C6E1FF492A293AA93424
:10F8A40058420C14505E548055820018400064A1E4
:10F8B400BA55E055115A5CA9055862E088116055A3
:10F8C4002059622872001B4000B4A18A824808B003
:10F8D400B420B9085D038623FF0000003641008C84
:10F8E400122222051DF00000364100A842A595FF12
:10F8F4008BC3A73C0628322AAAA73C0EA1DBD5B2AB
:10F90400A06081CAD2E00800E53B001DF0000000C1
:10F9140036410092A00182A0002089838080745621
:10F924001803308983ECB8B2C3F8AD02A5FBFFAD70
:10F9340002250300AD03A55FFF8812AAA8A912A59A
:10F944005EFF8812BD03AAA8A912A8422561FFADD3
:10F95400022502001DF00000364100AD03255DFFC5
:10F964002D0A1DF0364100A8028C3A7CFB2586FD49
:10F974001DF00000364100A8028C1AA599FD1DF067
:10F984003641000C1982A00030898380807456E8C7
:10F994000320898356880320A220A5FCFFA842BD2A
:10F9A40003658BFF3D0A9CAA6558FF8812A0A8C076
:10F9B400A262016557FF8812A0A8C08822A91287F5
:10F9C400BA01A92220A220E5FAFF302320900000EA
:10F9D4000C0306FDFF00000036410056E200D1A3EF
:10F9E400D5C1A3D5A1A4D5B2A0DA253700DC034044
:10F9F400B42020A220A5F8FF3D0A2D031DF000002D
:10FA040000B2C3F820A22025EEFF20A22065F5FF56
:10FA140030A320E551FF5D0AA842BD03CD0465B2C1
:10FA2400FF3D0A9C7AA8125AAAA912AD032550FFD9
:10FA340088124822A0A8C0A91247BA01A922AD027F
:10FA440025F3FFC6ECFF000036410039021DF0002B
:10FA540036410016B30220A220A5F0FF0C1BAD0313
:10FA6400E51200CCDAD184D5C185D5A185D5B2A162
:10FA740003A52E00A0BA2020A22065E9FFAD0265EF
:10FA8400EFFF1DF0364100B2A00130A32025100085
:10FA940056EA00D179D5C17BD5A179D5B2A16BE560
:10FAA4002B00A0BA2020A220E5EAFF82A00C0C02C1
:10FAB400A7B80222CAF41DF036410082C3FF7C2994
:10FAC4004D020C0287391BAD04A5E9FFCBB3AD048D
:10FAD400E5EAFF2D0A8C5ABD03A507002D0AAD04E3
:10FAE40025E9FF1DF000000036410020522022AF1E
:10FAF400F330A320473218CC93BD04AD05A5FBFF1A
:10FB04002D0A1DF056E40030B32050A52025F4FF43
:10FB14000C0206FBFF00B2A001650700A02A20CC5E
:10FB2400DAD155D5C159D5A156D5B2A127E52200C0
:10FB340050A52025E3FFBD02CBC4AD05A5E9FF2DEB
:10FB44000A8C5ABD04E500002D0AAD0565E2FFC626
:10FB5400EBFF00003661009D028B223A8239193195
:10FB64004BD53909914BD58030149931CC43990840
:10FB74001DF0000092010C32010D92480032480140
:10FB840092010E32010F92480232480306F8FF0038
:10FB9400366100B2C2F8D80BC13DD5C71D15CC6380
:10FBA4000C0B2D0B1DF00000A13BD58120D2E008E9
:10FBB40000C6FAFF881B8A82809014DC5998089941
:10FBC40031D831C133D5C71DD81633FDBD08A13294
:10FBD400D586F5FFA20800920801A2410C92410DBE
:10FBE400A20802920803A2410E92410F46F4FF00BC
:10FBF40036410020EA038131D3E00800B08A11A025
:10FC040088C0E08811AA88D088118022C21DF00023
:10FC14003641002122D5822200567800A2A001A5F7
:10FC240068FBA902E587FC261A06A8027CFBE57797
:10FC3400FB1DF0003641003119D522230056720015
:10FC4400A2A0016566FBA903A585FC22A001271AD1
:10FC540012A22300B2A00A6575FB0BAA0C03A02311
:10FC6400932020741DF00000364100A583FC261A61
:10FC74000F810AD5D2A000A22800CD0DBD0DA5424A
:10FC8400FB1DF000364100E581FC661A0B25F6FFEA
:10FC9400A02A209000000000002101D582220056F5
:10FCA400D80080EB03808D0456480065F4FFA90258
:10FCB400654FFD16AA00E5F5FB2222002AAA86F369
:10FCC400FF25F4FB46FCFF00360101211FD242C18F
:10FCD40021C0200028020C9C0C0B40A420C0200052
:10FCE40022611781D3D1E00800EB310C023C2C0CCB
:10FCF4000BA2C12A22530081CED1E0080021E9D40D
:10FD0400E0A011202E15202201A0A24120AA201C2F
:10FD14000C40B420A2CAFD81E6D4E00800A0EB03A5
:10FD2400A0AD040CACBD0381E2D4E0080021DED414
:10FD34003971294121DED44951296132A00022C1FF
:10FD440010B22200A2C12A32C3018168D4E00800A3
:10FD540022C2046643EAA2C12AE5B2FA366102610C
:10FD6400FAD10CBCC020006806B2A000A2C139C000
:10FD7400200062614381AED1E0080062A110B2AEFE
:10FD8400FF1A660CACBAB630A32081C9D4E00800CF
:10FD9400A5EEF656FA043135D26168D23072807716
:10FDA400360221C4D43A3437362D41C4D4E0A011EC
:10FDB400404E15204401A0A2413C0340AA203241F8
:10FDC400391C0C32A078B2C13BA2CAFD32413A427E
:10FDD400C13981B7D4E008003125D26158D23A350F
:10FDE40037360251B4D431B6D43951CC1441B2D4DB
:10FDF400298121B5D431B3D42991FB2129A121B37F
:10FE0400D4496129B121B2D4397129D159C142C12E
:10FE14001472C13822A00032A0C76804AD0681ADB7
:10FE2400D4E00800A05363BD0662C1442AA6CD05F0
:10FE34005033C0817DD1E008005A221643004B4460
:10FE44004797D662A11032C110A2AF341A662A8332
:10FE5400A0A68022A000224834E5A2FA3641001D63
:10FE6400F0000000364100AD02A5E1F72D0A1DF0B7
:10FE740036410030B32020A220E5F9F7A02A201D46
:10FE8400F0000000364100AD02A5E4F71DF00000CB
:10FE9400364100AD03E5DEF72D0A1DF0364100AD15
:10FEA4000325E3F71DF0000036410040B42030A3E1
:10FEB4002065F6F7A02A201DF0000000364100401E
:10FEC40053824033A222A00056130150A52065DBC3
:10FED400F72D0A8C6ABD058180D4E008001DF0006E
:10FEE4003641002551FC20B22030C320E5FCFFA0A0
:10FEF4002A201DF03641001DF00000003681000C60
:10FF04000B1CCC4BA1B901814AD1E008000C18822A
:10FF140041060C5882510C88024D01881849414B06
:10FF2400B1AD02E00800CC3A28012243002D0A1D9D
:10FF3400F00000003681001CCC0C0BA2C104813CF3
:10FF4400D1E0080082A0C782510C88024BB1881806
:10FF5400AD02E008001DF0003681001CCC0C0BA2A1
:10FF6400C1048133D1E008000C493030740C68308E
:10FF74008993380282510C38139AB1AD02E0030020
:10FF84000C021DF03641008132D192220130A320AF
:10FF940040B420879902E5FCF50C021DF000000036
:10FFA4003681000C04BD041CCC4BA149018120D135
:10FFB400E008000C3882410682A09F82510C88021E
:10FFC4004A5188184BB1AD025941E008008801B18B
:10FFD40043D40C12BAB8B0428340B074CC3B802BEB
:10FFE400939CB2210CD1380222A1088CF365C9FF7D
:0CFFF400BD0AC13BD4A13BD4810DD1E07B
:02000004403882
:1000000008001DF0A2AF008090F5A0A810411ED1FD
:10001000A099200088119090F44088108089208950
:100020000346F7FF3681008132D137B80ED12FD485
:10003000C130D4A130D4B2A09565D2FF1CCC0C0B3A
:100040004BA181FCD0E0080039212C0332510C383F
:10005000021C8838138241074BB120A220E0030024
:100060001DF000003681008122D137B80ED11FD497
:10007000C122D4A120D4B2A0A165CEFF1CCC0C0B10
:100080004BA181ECD0E00800392132A0D832510CCC
:1000900038021C8838138241074BB1AD02E00300DF
:1000A0001DF00000368100911ED150848087B90E6A
:1000B000D113D4C113D4A10FD4B2A0AD25CAFFC2AD
:1000C000A01CB2A0004BA181DBD0E0080049210CAC
:1000D0002442510C480252410548141C85524107E4
:1000E00039314BB1AD02E004001DF00036410098FB
:1000F00073AD02BD038103D48C198103D4890A81B5
:1001000003D4E008002D0A1DF0000000364100284D
:10011000920762134020040763250B338C621B4453
:100120000601000000002B446023C21B22602282D3
:1001300039053022C04C033044634022631DF00077
:100140001642FEC6F5FF00003641002892076211F4
:100150004080040763150B338C481B448600000065
:100160002B444C0239052024631DF0001628FFC6DD
:10017000F9FF00003641003090F582A06822A10509
:1001800087990D81C2D080331032D3C00C0830283B
:10019000831DF0003641000C421DF000364100B8CE
:1001A000620C1AB080F40C02802A83209074CCA9CF
:1001B00021D8D32A28209A832D098C790C0229036F
:1001C00021CFD01DF0001B4000AAA1A90386FCFF8F
:1001D000366100CBB1AD02A56500CCAA88310C49CF
:1001E000F0881190881089032D0A1DF036410030E7
:1001F00090F582A0C822A10587990D81C6D38033CE
:100200001032D3C00C083028831DF000364100881E
:1002100062919ED0B135D2909810AD02B719088086
:10022000807492A01587390FC1BCD3B1BCD3D2A2C0
:1002300000A594002D0A1DF00C2DC1B9D3B1B9D37E
:1002400046FBFF003641002202181C890C0827B922
:100250000282A0020C422028201DF00036410088B6
:10026000620C0A8090F40C1290A283A0A074CC8A35
:10027000B1A8D3BA9990A2838C9A0C022903219F2A
:10028000D01DF000008080741C9287B20282C8FAF0
:100290000C190018400089A189030C0246F8FF00E0
:1002A000364100E842303004E090F4662902062D21
:1002B00000F6391F16290DA193D06619769872178A
:1002C000E902862F009198D398090CCBD209040C2F
:1002D000B9061300264936B64963A18AD066595338
:1002E00098721769229190D39809B2A0EBD20901B4
:1002F00092A0EC30B9931C8C2C0930C9933157D0A3
:1003000030EE2006090000009189D346F6FF98726E
:100310001769249185D39809B2A06CD2090292A0E2
:100320006B30B9832C0C1C8930C983A802380A3879
:10033000F3E003002D0A1DF0917DD3C6F5FF9872FE
:1003400017691C9179D39809B2A0BCD2090092A078
:10035000BB30B9832C0C1C8930C98386E7FF0000B1
:100360009173D3C6F7FFA872A70910916FD39809AC
:100370003CCBD209033CB986E9FF0000916CD3C69F
:10038000FAFF0000916AD346CFFF98721769109167
:1003900066D398091C3BD209050C3986E0FF0000A2
:1003A0009163D3C6FAFF000036A1001CCC0C0BA24F
:1003B000C11459318120D0E00800A80240434142D5
:1003C0004115480ACB614814626107325114B2C129
:1003D00014E004002D0A1DF036410030D320C2A0E5
:1003E00010B2A001AD0225FCFF2D0A1DF000000097
:1003F0003601017D022155D00C0BC020002802AD32
:1004000007C02000226117281762221322221E69CA
:1004100031E0020062A106A02A20671A02C621006C
:100420006586FFB143D3C143D3DD0AED0B0C1A81BE
:100430003DD0E008003145D0C02000422117C02047
:1004400000380337146A2595F64C0CB2A0FFA2C100
:100450001C81F8CFE00800A807E831280ACD05285C
:10046000D2BD04D2C118E00200C861DD0AAA2CA8DE
:10047000075A64206663280AC094C028B24086C028
:10048000B2C11C99118921E00200981182C11CC8D7
:10049000219AB82D0AAD0381E5CFE00800882160DC
:1004A00044C04A558A334D065692F856A5F9C6E01F
:1004B000FF1DF0003601016D022124D00C0AC0207E
:1004C000002802C020002261172816222213226170
:1004D0000392A00022A001509293909074CC0ADC69
:1004E00049311AD0C02000422117C0200038032D06
:1004F0000A371477258AF64C0CB2A0FFA2C11C99CA
:100500001181CCCFE00800A806E831280AD2C11832
:1005100028A2CD0540B420E00200DD0AA8615A24DB
:10052000DA7A70226382C11C4072C0A0A4C0CD07D9
:10053000BD03A0A880D2610281BDCFE00800A8164B
:100540000C0BC8BAAD06E00C009811D82156CAF8B9
:100550008816C8618228122044C0B2C11CAD064A68
:1005600055E008007A334D0246D9FF001DF0000027
:10057000366100482288640C044718340C1BA832EA
:1005800030B483C2C108E00800479A1338214753AA
:100590000A3822A8323873CBB1E003002D0A1DF0CF
:1005A00022A107271A026572FFAD0446FBFF000077
:1005B00000AD0846F9FF000036A10091DCCF81DBD9
:1005C000CF8B411CCC0C0BA2C114991489048199C6
:1005D000CFE008000C888241164CB8825114A80262
:1005E0002C0882412A280AB2C11428124981E0024B
:1005F000002D0AA804B8140B8A0C19A738010C099D
:10060000B0C060979C2D92AFFD87B9272183CF2280
:1006100022001602012567FFBD0AC1C5D2A1C6D2BC
:100620008184CFE00800880498148903991322A1DB
:10063000061DF00081C2D2E00800A903B913C6FB71
:10064000FF0000003681000C0B1CCCA2C104817994
:10065000CFE00800A80282A06682510C880A4BB144
:10066000822801E00800ECBABD0A1CCC4BA18171C4
:10067000CFE00800A80282A09982510C880A4BB1F1
:100680008818E00800CCCA8812AD02981882281594
:10069000B809E008002D0A1DF00000003641006195
:1006A000ACCF622600271608A2A1062D0A1DF00075
:1006B0000061A3D2BD057856AD04E00700167AFEAE
:1006C0007806E00700CC852816E00200AD0546F666
:1006D000FF407054CC573CF84C0757380E407044DC
:1006E000CC671CF872A0205738011C078826BD0370
:1006F000AD0470C720E0080088120C0B88B820A257
:1007000020E00800563AFA8836E008008812DD0535
:10071000822811CD04BD03AD02E0080056BAF88866
:1007200012AD029818822815B849E0080056AAF7B9
:1007300088467055C0E008007A337A4446E1FF00ED
:1007400036610020A22056E300D17ED2C17FD2A123
:100750007FD2B2A183A560FF822201CBC18228197A
:100760000C1BE00800CCBA88310C198081049088F9
:10077000308243002D0A1DF036610082120D26C81A
:10078000202125CF82220022A106161801A54FFFA5
:10079000A0BA20C167D2A16ED28125CFE008009017
:1007A00000000C0882510782A080916AD28921A89A
:1007B000028831280A9088109168D22222159088E8
:1007C0002089318BB1E002002D0A46F4FF000000C1
:1007D0003681000C0B1CCC4BA1B9018116CFE0086F
:1007E00000A8020C18824106880A5D018818594148
:1007F00032510C4BB1E0080088012D0A89041DF02C
:10080000366100C2C10CB2A03520A22025FCFFDC5D
:100810009A8BC10C5BAD02A5FBFFCCEA88312201AB
:10082000088088118080F420882089032D0A1DF01B
:10083000364100CD033C5BAD0265F9FF2D0A1DF08A
:10084000366100CBB1AD02A5FEFFCCAA88310C49C0
:10085000F0881190881089032D0A1DF0364100CDD3
:10086000030C5BAD02A5F6FF2D0A1DF036410030EA
:10087000D320C2A008B2A001AD02E5B2FF2D0A1D2F
:10088000F000000036410030D320C2A008B2A031F1
:10089000AD0265B1FF2D0A1DF0000000364100C118
:1008A0001ED2B11ED2D2A20020A220252D00A02A45
:1008B000209000003641000C021DF0003641003847
:1008C000120C0B38B3AD02E00300CCCA3812AD02F3
:1008D0008813322315B808E003000C130C08A0831A
:1008E00083808074CC8892AEFA9A9A908383ACF815
:1008F000A802380A3833E0030088720C13308820CD
:1009000089728812AD029818822815B819E008007B
:1009100082A106879A0A8812BD0388B8AD02E00852
:10092000002D0A1DF000000036410048120C0B4853
:10093000B4AD02E00400CCCA4812AD0288144224CF
:1009400015B808E004000C140C08A084838080749F
:10095000CC9892AEFA909A80908483BC28A802BD6D
:1009600003480A422404E0040038720C1440332087
:1009700039723812AD028813322315B838E00300FB
:1009800032A106379A0A3812BD0438B3AD02E0032B
:10099000002D0A1DF000000036410048120C0B48E3
:1009A000B4AD02E00400CCCA4812AD02881442245F
:1009B00015B808E004000C140C08A084838080742F
:1009C000CC9892AEFA909A80908483BC28A802BDFD
:1009D00003480A422405E0040038720C1440332016
:1009E00039723812AD028813322315B828E003009B
:1009F00032A106379A0A3812BD0438B3AD02E003BB
:100A0000002D0A1DF00000003641008812AD02984A
:100A100018822815B22900E008000C1B0C08A08BD6
:100A200083808074CC9892AEFA909A80908B83BC2D
:100A300068A802DD05880ACD04888830B320E00864
:100A40000038720C1440332039723812AD0258133A
:100A5000322315B845E0030032A106379A0A38124E
:100A6000BD0438B3AD02E003002D0A1DF000000004
:100A70003661008812AD029818822815B809303006
:100A800074E008000C190C08A08983808074CC885D
:100A9000B2AEFABAAAA089838C98A802BD03880ACC
:100AA0008878E008008812AD0288A8FBB1E0080051
:100AB0002D0ACCAA82010F3038C082A105302893BC
:100AC0001DF00000364100A802BD04880A8868E0D5
:100AD00008002D0A1DF000003661001B430C054084
:100AE00053931B450C15A802680A62260EE0060007
:100AF000BC1A6812CBC1622619BD05AD02E0060022
:100B0000DCDAA831A06074A0A004ECBA38720763E4
:100B10000F7CE4403310397260610422A10660A2A8
:100B2000932D0A1DF02614BD6822A832683650B5F0
:100B300020E006000B4406EBFF88221C466064633D
:100B40008838A832BD06E008002603996044C056E4
:100B500034F9A2A10706F2FF36410082120D0C19EA
:100B600082C8E00C028029838D020C422028201DBF
:100B7000F000000036410022A1061DF03661008819
:100B8000426D0282C8FC0C02F62834CBB1AD06E0FF
:100B900004002D0AEC8A88315058205718218816F5
:100BA000BD0A88B860A620E00800BD05AD06E003D8
:100BB000002D0A38168C9A38B30C1BAD06E00300E2
:100BC0001DF08813222315B2280060A620E0020041
:100BD00032A1062D0A379A2728160C1B22220B60F9
:100BE000A620E00200CBB1AD06E004002D0A56EAD3
:100BF000FC683132A1085056C050239306F0FF0024
:100C000056CAFB86F7FF00003641003090F582A0FF
:100C10009D22A10587990D8151D180331032D3C017
:100C20000C083028831DF000364100C14DD1B14D74
:100C3000D14C0DAD0265F4FF2D0A1DF0366100CBDD
:100C4000B1AD02A5C1FFCCAA88310C498084419086
:100C5000881089032D0A1DF03641000C421DF0005A
:100C60003641003030F592A0C282A10597930898D2
:100C7000420CFA973A010C082D081DF03641000C81
:100C8000021DF000364100B8620C1AB080F40C026C
:100C9000802A83209074CCA9211ED12A28209A83EF
:100CA0002D098C790C0229032115CE1DF0001B4063
:100CB00000AAA1A90386FCFF3681004812AD028874
:100CC00014422415B808303074E004004D0A1CCCDE
:100CD0000C0B4BA181D8CDE008000C190C08408901
:100CE00083808074CC88A2AEFAAA444089839C4851
:100CF000411ED18C13411DD1A80242510C480A4B10
:100D0000B14814E004004812AD0248A43BB1E0042D
:100D1000002D0ACCAA4201033034C042A105302480
:100D2000931DF00036810038120C0B38B3AD02E091
:100D300003003D0ACCEA3812AD024813322315B83D
:100D400004E003003D0A0C140C0830848380807496
:100D5000CC9892AEFA9A939084831668041CCC0CBB
:100D60000B4BA181B4CDE00800A8023101D14BB1F9
:100D700032510C380A0C143813E003003872AD02FB
:100D8000403320397238128813322315B818E00323
:100D90000082A1063D0A879A0A8812BD0488B8AD70
:100DA00002E008002D031DF036810048120C0B48AC
:100DB000B4AD02E00400CCCA4812AD02881442244B
:100DC00015B808E004000C140C08A084838080741B
:100DD000CCA892AEFA909A8090848316E8041CCC3A
:100DE0000C0B4BA18194CDE008002C043921A80202
:100DF00031E1D042410732510C380A4BB132230164
:100E000042A001E003003872AD024033203972384D
:100E1000128813322315B22803E0030032A10637EB
:100E20009A0A3812BD0438B3AD02E003002D0A1D42
:100E3000F000000036810048120C0B48B4AD02E00F
:100E40000400CCCA4812AD028814422415B808E048
:100E500004000C140C08A08483808074CCA892AE8B
:100E6000FA909A8090848316E8041CCC0C0B4BA15A
:100E70008171CDE008002C043921A80231BFD04295
:100E8000410732510C380A4BB132230142A001E034
:100E900003003872AD0240332039723812881332A1
:100EA0002315B22802E0030032A106379A0A38124D
:100EB000BD0438B3AD02E003002D0A1DF0000000B0
:100EC0003681008812AD029818822815B809E0080A
:100ED000000C1B0C08A08B83808074CC9892AEFA17
:100EE0009A9A908B831608051CCC0C0B4BA1815150
:100EF000CDE00800A80252410539312C05319FD0C0
:100F000052410732510C380A492138134BB1E003E2
:100F10000038720C1440332039723812AD02581365
:100F2000322315B845E0030032A106379A0A381279
:100F3000BD0438B3AD02E003002D0A1DF00000002F
:100F4000364100E842E080F426B8101C19A16DCDAE
:100F5000B18DD02C8D9718082D0A1DF0B189D01CA9
:100F60004DA8022C0C280A28F2E0020006FAFF0025
:100F70003601016D022175CD0C0AC020002802C087
:100F80002000226117281622221322610392A0005A
:100F900022A001509293909074CC0ADC49316BCD21
:100FA000C02000422117C0200038032D0A371477D3
:100FB00065DEF54C0CB2A0FFA2C11C9911811DCDBC
:100FC000E00800A806E831280AD2C11828A2CD05F9
:100FD00040B420E00200DD0AA8615A24DA7A7022C7
:100FE0006382C11C4072C0A0A4C0CD07BD03A0A8ED
:100FF00080D26102810ECDE00800A8160C0BC8BAA1
:10100000AD06E00C009811D82156CAF88816C861C0
:101010008228122044C0B2C11CAD064A55E0080027
:101020007A334D0246D9FF001DF000003641002200
:10103000C2F0B6220ED154D0C155D0A155D0B2A025
:101040005DE5D1FE92A00182A0022089832D08894E
:10105000031DF00036A1008135CD9134CDA8428B1F
:10106000414BB18904991465FCFF1CCCB2A000A2CD
:10107000C11481F0CCE00800820104A802F09811AC
:101080009A98924116E088112C0982412A924117C0
:10109000880A5140D088184981525114B2C114E0D5
:1010A000080028421C188792302804981420884190
:1010B00080A901808A20A1F5CCA0881000A9112068
:1010C00090F5909A20A1F0CC202074A099109088DF
:1010D000202088200C0289042914A8040C128130D5
:1010E000D0E0080081FFCF0C048A8A8042834080D0
:1010F00074CC38A028939CE221C8CC32220022A1D3
:101100000816130125B8FEA0BA20C123D0A123D010
:1011100081C8CCE008001DF0A0A841A90346FDFF4E
:1011200036A100A8420C05B2C1105931E5EFFFBD50
:10113000051CCCA2C11481BFCCE008008201102C98
:1011400005824116A802E0881152411782412A28DF
:101150000ACB3152AA05222201326108525114B23F
:10116000C114E00200CC3A22030029042D0A1DF02C
:1011700036A100A8420C05B2C1105931E5EAFFBD05
:10118000051CCCA2C11481ABCCE008008201102C5C
:1011900005824116524117E088115102D0A80282FF
:1011A000412A525114580ACB415815426108B2C124
:1011B00014E00500DCCA420400261408262418A9FD
:1011C00003060100001C04490348032842271403B6
:1011D0000C0229032D0A1DF01C1446FAFF00000022
:1011E00036610020A22056E300D1EFCFC1F0CFA19D
:1011F000E8CFB2A09EA5B6FE822201CBC1822819FB
:101200000C1BE00800CCBA88310C1980810490884E
:10121000308243002D0A1DF03641003030F592A097
:10122000C282A10597930898420CFA97BA010C085C
:101230002D081DF03641000C221DF0003641000C37
:10124000021DF0003641003090F582A0CD22A105AC
:1012500087990D818ECC80331032D3A00C083028B2
:10126000831DF0003641000C421DF0003601016183
:10127000B7CC91ABCCC0200068060C1BC02000622C
:101280006117681282261389315A848739010C0B41
:1012900062261EAD02E0060062A1067D0A671A0200
:1012A000062400659EFEB1C2CFC1C2CFDD0AED0BA0
:1012B000A2A001819CCCE0080031A4CCC020004257
:1012C0002117C0200038032D07371470101120A5F6
:1012D000ACF54C0CB2A0FFA2C11C8156CCE00800BA
:1012E000A802E831680ACD0568D6BD04D2C118E06D
:1012F0000600C861DD0AAA6CA8025A84980AC0E4F4
:10130000C060886398B9B2C11C8911E2610240686B
:10131000C0E00900E82192C11C7D0ACD06AD03E0C2
:10132000B9808142CCE0080088116A338044C04A09
:10133000558048205617F85675F9C6DEFF1DF00097
:101340003681006812AD028816622615B808E006DC
:1013500000569A04BD0AC2A01CA2C10462220081E8
:1013600035CCE008008162CC5241052C0947380198
:101370001C89393192410749211C234738010C232C
:1013800032510C38064BB13813AD06E00300CCCA1D
:101390004812AD025814322415B845E003002D0A56
:1013A0001DF000003681004812B2A00042240BADAF
:1013B00002E00400560A064812AD028814422415C1
:1013C000B808E0040056FA04BD0AC2A01CA2C10479
:1013D00048028118CCE008009146CC82A020373921
:1013E0000282A01882410739212C183739012C08B4
:1013F00082510C88044BB18818AD04E00800DC6A07
:10140000A802480A8224115618013812AD02481366
:10141000322315B834E003002D0A1DF04812BD0335
:10142000C884E00800161AFE06FBFF00368100485B
:1014300012B2A00042240BAD02E00400564A064856
:1014400012AD028814422415B808E00400563A058B
:10145000BD0A1CCCA2C10442220081F6CBE00800E8
:101460009124CC82A02037390282A018824107390A
:101470002182A0DC37390282A0D882510C88044B2B
:10148000B182280140A420E00800DC6AA802480AD2
:101490008224115618013812AD024813322315B8B0
:1014A00024E003002D0A1DF04812BD03C894E00893
:1014B00000161AFE06FBFF003641003020F532A070
:1014C000EF3022C00C0832A1052038832D031DF017
:1014D0003641002202181C890C0827B90282A0029A
:1014E0000C422028201DF0003641000C021DF000A7
:1014F000364100B2A000AD0BA509002020740C4BB2
:101500000C0AA50C008C520C4B0C1A250C00B2A036
:1015100004A2A000E50F009000000000364100A5E5
:101520001200A0BA20A2A000A506002020740C1B67
:101530000C0AA509008C520C1BAD0B250900B2A0AA
:1015400001A2A000E50C0090000000003641000C54
:101550000AE53CF62020740C0A253EF61622010C02
:101560000AE5F8FF8115CFE008008114CFE00800FC
:101570001DF0AD0265FAFF46FAFF0000364100E5B6
:1015800074FE00003641001DF00000003641000CE2
:10159000021DF00036410020207426130B16830034
:1015A0002623052633026572FE8105CF92A0EC202A
:1015B00088C04088119A88C0200098087CCAA099E9
:1015C00010309920C0200099081DF00036410020FD
:1015D0002074CCF3D1FCCEC1FCCEA1FCCE5C2B1090
:1015E0001120E577FE81F6CE2028C0402211661337
:1015F0000A319ACBC0200039521DF0000B933031D4
:10160000410B3300891180331190882080332046AC
:10161000F8FF000036410081EACE2020742028C067
:1016200040221166130A318DCBC020003262141D96
:10163000F00B933031410B330089118033119088C6
:101640002080332046F8FF003641000C021DF000D8
:101650002048031B22000240304903302091003310
:10166000A1D6F30B3030F53022202030602033102B
:1016700030F34000134020209120491320480322DA
:10168000C21F3032C030481310200020490316A278
:101690000707E20817E21927E23A06230032C9F0E9
:1016A000490359136923793320614110804006F7BB
:1016B000FF32CDF0490359136923793332C5F43829
:1016C0000332C3E089039913A923B93320A241202F
:1016D000804006EEFF108040D2CDF0090D191D2983
:1016E0002D393D32C1F43803D2CD1032C3D0490375
:1016F00059136923793389439953A963B973F080E6
:101700004020E341308040C6E0FF000010804020D0
:1017100048030012400C120022A12049131020009F
:101720000C020DF00C120DF00000F022111B223003
:101730004803F7E20A0B33F02211F762F730303436
:101740000013400032113022812020F42049133050
:1017500003032C023032C03048131020000C220D3D
:10176000F00000003621006134CD50E6034D0060EA
:1017700025103B2220E61310200045EDFF0D0450FC
:10178000E6131020001DF000380230E7F338123065
:101790001013382230111338323004133842300C11
:1017A000133852302013386230211338723022132C
:1017B00038823023130DF000703EE33902301003FD
:1017C000391230110339223004033932300C033915
:1017D00042302003395230210339623022033972FA
:1017E00030230339820DF0003621000C0330E46110
:1017F00010200020232020E4131020002D031DF0D2
:101800003621000C0440E4611020002034202033F5
:0B1810003030E4131020002D041DF008
:020000044200B8
:100020002D4EC93F6418C93F484EC93F6818C93FA3
:100030006018C93F000000003333733FCDCCCC3D86
:10004000742200400000803D00007A442C18C93F13
:10005000F84DC93F104EC93F044EC93F6F12833A55
:100060006F41033C2001033C2C01033C3801033C5D
:100070004101033C4C01033C084EC93F0000803F56
:100080000000A0400C4EC93F0AD7A33C6666663FFD
:10009000F04DC93FFC4DC93F2818C93F004EC93F2C
:1000A0000AD7A33B8FC2753C0AD7233CCDCC4C3D2D
:1000B000EC4DC93F3F771B00CDCCCC3EF44DC93F42
:1000C0005901033C5E01033C6801033C6E01033CA3
:1000D0007801033C7E01033C8901033C9101033C10
:1000E000504EC93FA201033CAA01033CAE01033CB0
:1000F0007402033CB101033CA4220040B601033C5E
:100100002B3B033CB901033C404EC93F444EC93F21
:10011000CC04033CC301033CD501033CE101033C97
:10012000E701033C0000C842EC01033CEE01033C44
:10013000B301033CF601033C0202033C3C4EC93FC1
:100140007903033C0F02033C1E02033C2D02033CD7
:100150003D02033C4D02033C5B02033C6902033C4D
:10016000384EC93F7302033C7602033CBC02033C99
:10017000304EC93F7902033CDC02033CED02033CF4
:10018000FE02033C0E03033C1E03033C2903033C15
:100190003203033C3F03033C4B03033C5703033C44
:1001A0006303033C6F03033C7702033C7C03033C83
:1001B0008F03033CA203033CC802033CF41100403C
:1001C0000604033C0904033C344EC93F1704033CB6
:1001D0002504033C2A04033C3604033C4204033C4C
:1001E000F801033C4C4EC93FE84DC93F4C04033C69
:1001F0005E04033CCDCCCCBD000070420000F04159
:1002000000001643000048435F18C93F5E18C93F0D
:100210005D18C93F5C18C93FABAAAA2A5655555567
:1002200067666666010000802C4EC93F00400000F2
:1002300050C3000094110000EC04033C481200403D
:100240003452C93F986D37400000E03F0405033C3D
:10025000FFFFFF7FFFFFFFFFFFFFEF7F0805033C6E
:10026000000000E0FFFFEF410C05033CFFFFEFC182
:1002700000000080000024406C04033C8C250040FA
:10028000B8230040A0230040DC230040502200405F
:1002900084210040F822004064230040FC240040F8
:1002A00018240040D4220040342300409A18C93F4B
:1002B0009918C93F6C4EC93F704EC93F9B18C93F42
:1002C0001005033CE906033CE80300006D05033C10
:1002D0009483374044250040D906033C9C05033CE9
:1002E000DA05033C9F06033CC206033C6E4EC93F41
:1002F0009818C93FE81100402059033C0452033CC0
:10030000FFFF3FFCFFFF0100F806033CAE07033C84
:100310005607033C01000000004000608307033CD7
:10032000D0230040B42100407CBB3740D0C53740CB
:10033000B807033C5D09033C4D08033C7A03033CCA
:10034000F3EEFFFFF0EEFFFFA908033CEC08033CCF
:100350002109033C384FC93F344FC93F6909033C69
:10036000080A033CCA09033C088004000480080012
:10037000160A033CC50B033CE10A033C190B033C82
:10038000404FC93FB0B33740ACB0374000004841A0
:10039000000080433C4FC93F9C18C93FBD0B033C44
:1003A000500B033C8C0B033CACB23740604FC93F51
:1003B0000000000000200000644FC93FD60B033C42
:1003C000383E0042684FC93F6C4FC93F704FC93F2C
:1003D00000B4C404DF0B033C960D033CA50C033CA6
:1003E000010D033C590D033CCC93374044943740F6
:1003F000F0933740789737405C58033CED16033C48
:10040000CD15033CD215033CE915033C8052033C57
:1004100088FC3740DA16033C01240018B316033C6D
:10042000DC19C93FFFFF3F000000C0FF5511001855
:10043000A416033C9416033C3317033CC716033C35
:10044000FB15033CA01A0040A317033CE019C93F69
:10045000D4D1374018D337409317033C188003603A
:100460008217033C7017033C5D17033C1616033CD0
:100470004C17033C2117033C1217033CFF16033CA7
:100480000000C0030000FEFF3016033C5116033C81
:100490008816033C8116033C50900060FFBFFFFFAD
:1004A000FF8FFFFF0010000060FD3740081AC93FB2
:1004B000FC19C93F4453033CACD13740011C033CF9
:1004C000B217033C1C18033CFF00FFFFF41B033C66
:1004D00000001000FFFFEFFF000008000000000117
:1004E000E81B033CD31B033C8E18033CBE1B033CA0
:1004F000AB1B033CB418033CFFFFFFFBFFFFFFFCFB
:100500000FF0FFFFFF0FFCFFFFFF03FF00000004E1
:10051000941B033CD818033C871B033CFF18033C87
:100520002219033C941A00407C1B033C4519033CF0
:10053000681B033C6418033C7819033C9C19033C7A
:100540000060016040420F0000000003744FC93F8B
:10055000FFFFF0FFFF01F8FFFFFFDFFF1F85EB51FB
:10056000FFFFBFFFFFFFFFF0FF0080FF1FE0FFFF67
:10057000FFFFFFEFFFFFFFDFD419033C571B033CD6
:100580004018033C551A033C441B033C784FC93FB9
:1005900004080000A31A033CC71A033C041AC93F0D
:1005A000101AC93F14523740E4FE3740747E37407A
:1005B000D0AF3740ACA437402CAF3740088C374021
:1005C000488C3740341B033CE31A033C051A033CB8
:1005D000008037C0FF7F7500000000B0FF1F0000E3
:1005E0000020F09F061B033CD05137408F1C033C7A
:1005F000111C033C171C033C241AC93F00800360F4
:10060000008800608C53033C7F1C033C681C033C47
:10061000541C033C3E1C033CFFFFFF8F00000040C6
:10062000F41D033C9D1C033CD215033CA11C033C60
:10063000D71C033CBC1C033CDA1D033C241D033CBB
:10064000984FC93F00000400F88B3740C81D033C99
:10065000321D033C388C3740BB1D033CFFFFFFBFFE
:10066000A11D033C5A1D033C941D033C691D033C22
:100670007B1D033CEA1C033C8C1D033C9C4FC93F83
:100680002C1AC93F091E033C6B21033C3C1E033C52
:100690005452033C88FE3740431E033C8521033CF3
:1006A000AF21033C469D033C591E033C7E1E033C88
:1006B000AD1E033CDC1E033C081F033C4E1F033CE5
:1006C000FFFF3FB3771F033CA21F033CDB1F033C2C
:1006D0009E21033C38650042BC6400425A21033C21
:1006E0004621033C3921033CE91F033C2020033C05
:1006F0002921033C6520033C0F21033CA320033C3C
:10070000D320033CFF9FFFFF5C1CC93F0421033C37
:10071000FFFF0F000000F0FF00004000000020007D
:10072000D00500400008000000000010000080001C
:100730000080000000000200000001008F07780028
:100740000000030000000020083E000018000C60BC
:1007500008000C601C000C601460026020000C603B
:100760000C000C6024000C6018600260C021033C87
:100770002A22033CF221033C3C1AC93FAC4FC93F3B
:100780001422033C0022033C031500003F22033CDB
:100790004B22033C6922033C905E3740D44FC93F53
:1007A000807400429322033CA923033CD522033CDE
:1007B000E322033CCCFC3740EE22033CC723033C3E
:1007C000051500003423033C8123033C786D37403A
:1007D000B0583740981C0040E723033CF123033C0A
:1007E0002524033C007000606724033C407A3740B6
:1007F0001C5F3740E04FC93FA924033CB924033CA8
:100800000000FFFFE424033C285E3740607A374055
:10081000E85F374088683740022000009F25033C8E
:10082000A925033CE025033C2926033C6326033C21
:10083000A226033CFFFFFF00D526033C000000BEBC
:10084000FFFFFF01000000C4FD26033C4327033CDB
:100850007227033C9727033CD127033CE127033C45
:100860001228033C307F37400C12004068FE3740AE
:100870002028033C8D28033C5A28033C6B28033C6A
:100880007428033CE44FC93FE84FC93F0090000083
:10089000EBEBFFFFAA500000F851C93F0000FFFB3F
:1008A000A428033CAE28033CDA28033C0329033C7C
:1008B0005C1C0040681C004024120040741C004076
:1008C000363E033C0B2A033C4729033C30120040D0
:1008D0005329033CF929033C6429033CD229033CF6
:1008E000F465374024673740BB29033CF064374048
:1008F000A329033C8929033CF86237407629033C4D
:10090000E629033C008C0000FFFFFF4108A83740A8
:1009100010A83740A05B3740036000004C613740AF
:10092000006A3740E4FFCE3F0834C93FE833C93F8F
:10093000452D033CE12C033C741F00408C153840CE
:100940007C153840EC003840046237408893033C03
:100950005434C93F3034C93F0052C93FAC2D033C29
:10096000612F033CDF2D033C34B5374074B2374070
:100970000C52C93F752F033C3C1200403DCFF33C65
:10098000FFFFFF3F842F033C1052C93FB42F033CAD
:10099000011100000B110000031100000211000002
:1009A00010110000F09E033C051100000D11000025
:1009B00061188601BC2F033C1630033CE52F033C35
:1009C000FEEEFFFF74A8374019110000349D00426D
:1009D0001452C93F1852C93FB931033C5C30033C43
:1009E0002831033C7C1AC93F4731033CA331033C07
:1009F0001E31033CB46C374028B63740841AC93FD7
:100A00001C52C93FC831033C0432033CEC31033C67
:100A10005CC43740AC9E004230C43740747F3740DE
:100A20003852C93F3C52C93FA0ED374084EE3740B1
:100A3000F0EE37406F35C93F6935C93F6135C93F71
:100A40008C1AC93F3232033C3B32033C9C32033C9C
:100A50004835C93FB332033CC232033CD932033C70
:100A6000EF32033C2133033C38EE37408CC437402F
:100A70000CC437407C71374078C437409875374094
:100A800094763740C8A000424433033C1334033CFF
:100A9000A433033C409C00001CEA374060EC374024
:100AA000C0ED374008EE3740B0A40042C933033CE4
:100AB0000234033C60C2374030BC3740541B004016
:100AC0004452C93FBC903740989B3740D49137403F
:100AD0003C35033CD734033C4035033C3035033CC4
:100AE00000800060282300003635033C7C05004070
:100AF0006C923740449237409C060040F496374051
:100B000020300000F88FFB8EF013E588CF9FFB00AC
:100B100028000C6000F0FFFF2C000C604C52C93F15
:100B2000C8800060AC713740E0400C60DC400C6075
:100B3000EC400C60E8400C60F8400C60F4400C6045
:100B4000941AC93F5052C93FE07537405452C93FCB
:100B5000771D033C7436033C3336033C9852C93F3F
:100B60009C1AC93F5852C93FDC52C93F10270000A8
:100B7000CC7637408C36033C9436033CA41AC93FEC
:100B8000E852C93F00060040EC52C93FBCAB0042EE
:100B9000F052C93F9C36033CB936033CC536033C92
:100BA0001436033CC936033CE236033CA81AC93F5D
:100BB000581B0000F636033CE452C93F0A37033C99
:100BC0004737033C0CD637400CEF37402018C93F5D
:100BD0002018C93F1D53C93F5637033C0738033C13
:100BE000A737033CD0FFCE3FD913033CB137033CBA
:100BF000BF37033CC137033CBC33C93FF337033C29
:100C0000F452C93FA4B2033C70D2033C50D2033C1F
:100C10001C53C93F407F3740608D3740DC5F374011
:100C20002853C93F0000C9BFFFFF0600000000C0F5
:100C3000FFFF050000443740B01AC93F1C38033C91
:100C400090B100425873374038D63740B88E37409D
:100C50001436033CC87137402438033CE4773740EE
:100C6000F477374030060040FCFFFFBFFFFFFF0373
:100C70002938033C0737033C2C3B033CE4400C6021
:100C80003B38033C8738033C8B38033C98400C606E
:100C90009C400C608F38033CDE38033C44400C60C1
:100CA00048400C602A39033C7939033C24410C60EC
:100CB000BF39033C20410C60FD39033C1436033C32
:100CC000123A033C2B3A033C373A033C453A033C87
:100CD000693A033C6C3A033C843A033C913A033C46
:100CE0009F3A033CEC3B033CB336033CAA3A033C3B
:100CF000E13A033C2B3B033CBA3A033CD93A033C70
:100D0000E63A033CF53A033C043B033CFC833740A2
:100D10001C38033C143F033C4C3C033C10B20042E3
:100D2000653C033CF43E033C34B3004264B20042F1
:100D30004C74374000840060FF1FFCFFFFFFFDFF85
:100D4000002000600040026000500260B43F033C9D
:100D5000EC3F033CD34D6210FF7F070038823740E1
:100D600000000460FFEFFFFFFFF3FFFFFFFFFBFF4B
:100D7000FFFF078000C0FFFFC01AC93F348000603A
:100D800044E0006048E0006000F003600FC0FFFF37
:100D9000FF7FFFFF0000FF0300000008C81AC93FE3
:100DA000BD37033C2440033C7D40033C7740033C7B
:100DB0003453C93F3853C93F181200403053C93F1C
:100DC000DCB237408C40033C9640033C5853C93F4B
:100DD0009940033CBD37033C6053C93F6453C93F4E
:100DE000B840033CA840033C881BC93F901BC93F47
:100DF0004FC30000024000005C41033C9E41033CA5
:100E00008841033C8C1BC93FBC41033CBC43033CB1
:100E1000B01BC93F6853C93F6C53C93F74FE37408C
:100E20009CCF004200960000600900008025000071
:100E3000004B0000C01200000008070000C20100C3
:100E40000084030000E1000000CA080000100E004A
:100E500020A10700A025260060E3160080841E0064
:100E600000941100E067350000093D00C0C62D0068
:100E70009640033C6042033C6342033C6642033CB1
:100E80000143033C8B42033CF642033CEB42033CF0
:100E90009642033CD042033CB342033C0C43033C28
:100EA000C542033CE142033C1843033C6CB037406D
:100EB000C062C93F0A46033CB946033C3A46033C7C
:100EC0004CFA37404B46033CAA46033C6451033C72
:100ED0006146033C7746033C9646033CBCFA3740E8
:100EE000641CC93F687C37406450033C6850033C35
:100EF000B0D2033C80D2033CFCFFF13F0000CF3F67
:100F00006C3402425B4F033C4950033C9A4F033C14
:100F1000B04F033CDA4F033CE84F033C88140040D9
:100F2000666600006C1CC93F000000C30100C04C95
:100F30005C59033C3E5A033CB459033CBF59033C43
:100F4000EF59033C025A033C2D5A033C195A033C07
:100F5000741CC93F5480006008000050000000501D
:100F60006C9C37409C54C93F645A033C025B033C71
:100F7000C65A033CFFFFC1FFFFFFFEFFE8173840E2
:100F8000001838407C1CC93FD35A033C165B033C15
:100F9000BC7F3740FFFF3FC09454C93F10813740AA
:100FA000E41B004020E70042DF5A033CF45A033CB4
:100FB00000003FC000004027E0800060D880006053
:100FC000A854C93FC65B033C835B033C935B033C73
:100FD000FFFFFF9F00000060A01CC93F78823740E0
:100FE0009C9E033CFD5B033C7072033CB054C93FC4
:100FF0001E1EDEF078CA374090823740A882374004
:1010000014833740B0833740AC54C93F001200000E
:101010002879033C74E9004228833740E0C4374014
:101020002053C93FB854C93FECEE0042C054C93FF9
:1010300060E73740C0E937403CE937407CE937405A
:10104000C454C93FC854C93F6C833740020C0000E8
:101050003279033C4579033C6E79033CA0E9374083
:10106000948037401058C93F6289033CC889033CCB
:101070000389033CBC57C93F9089033C33C410BB70
:1010800040B23740DC110040D4FFCE3F6031C93F51
:101090006458C93FBC62C93F6059C93F5859C93FEC
:1010A0005459C93F7059C93F4C8337406859C93FAB
:1010B000588000605C8000607C35C93F278A033C13
:1010C0007E8A033C548A033CC48B033C008F033C60
:1010D0009C8A033CC18A033CEB8A033C138B033C90
:1010E000F937033CB08B033C668B033CC08D033C5B
:1010F000808C033C308C033CE08B033C748B033CC2
:10110000958B033CFF0F0000828B033C7859C93F4D
:1011100089280100BC1300403CF90042098F033CC0
:10112000178F033C40FA0042A432C93F7C8F033C36
:101130007791033CFC8F033CEE8F033C5591033CBD
:101140001990033C2F90033C3990033CAC90033C36
:101150005090033C3191033CCC90033CEC90033C19
:10116000F8FE004206160000041600008859C93F28
:101170004592033C4B92033CB0FF00428692033CF5
:10118000BA92033CCD91033C9391033C9F92033C64
:10119000D492033CE191033C07000080D824004036
:1011A000BC59C93FB459C93F9C59C93F9459C93F1B
:1011B0008C59C93FAC59C93FA459C93F84C2374073
:1011C000A8C237406C93033C1C8E3740C57B033C60
:1011D0007B93033C6293033CA8C43740C459C93F86
:1011E000C859C93FF394033C9140033C8C93033CA2
:1011F000D832C93FAE95033CAF93033C9995033C6D
:101200008695033CD293033C7395033C6395033C62
:101210005395033C4195033C2F95033C1D95033C9E
:10122000F593033C1B94033C0B95033C9E94033CB9
:1012300008BC3740D894033CC794033CA594033CB6
:10124000B4A63740F0A6374040A53740D032C93F5A
:1012500004903740245B3740D459C93F4F5EC93FA3
:10126000EC59C93FD859C93FFFF0F8FFB835C93F1D
:101270008035C93F64173840F4FB3740F4CE37401F
:10128000C395033C0B96033CF895033C1544C93FBA
:101290001544C93F1C1838401C1838400000005045
:1012A0000000005000E00F6000E00F60C4CE374047
:1012B000905EC93FED38C93F2C38C93F0438C93F5B
:1012C0005F36C93F3436C93FFF35C93FCD35C93FC9
:1012D0008C38C93F5C38C93FCD37C93F9637C93FC5
:1012E000C338C93F4C37C93F2037C93FA433C93F32
:1012F0007C5EC93F5C0B01424C0B0142E00D014298
:10130000D00C0142505EC93F2B96033C9496033C9F
:101310005F96033CEB36C93FB236C93F8936C93FB9
:101320007196033C8596033C6797033C4F42C93F47
:101330003940C93F5897033C0F41C93FD45EC93F6C
:10134000A05EC93FD840C93FA340C93F6E40C93FD6
:10135000FA3FC93FC73FC93FAE96033C2697033CBF
:10136000E341C93F0897033CB541C93F7D41C93FAF
:101370004541C93F3F97033C093FC93F7F454C4624
:1013800034002000A097033C1D42C93FB697033CA0
:10139000E13AC93FA43AC93F7497033CC73EC93FED
:1013A000853EC93F433EC93F013EC93FB43DC93FA9
:1013B000953FC93F1897033C783DC93F4F3FC93F10
:1013C0003A3DC93F8B97033CC13CC93F7B3CC93F79
:1013D000EA96033C513CC93F123CC93F283AC93FF9
:1013E000D85EC93F4A200000B396033CD196033C27
:1013F000CF3BC93FAD3BC93FC696033C6C3BC93FA1
:101400001E3BC93FE839C93F693AC93FFD3CC93F66
:10141000D697033CC039C93F8A39C93F5E39C93FB5
:10142000C05EC93F2B39C93F0139C93F7861C93F07
:10143000EFBEADDE0C62C93FC020C93F2C8F3740E4
:10144000FF7F37C0FFFFFFAFFF1FF09FFFFFFFC20F
:10145000FFFFC8BFEE97033CB098033C4F98033C96
:10146000FFFFFF0F0833C93F6098033C8F98033C90
:101470002C5FC93FC442C93F8F42C93F6142C93F47
:10148000FFFF0000000109001062C93FC898033C3B
:101490008999033CF098033C1C43C93FE542C93F8E
:1014A0000599033C6B99033C3699033C4E99033CE8
:1014B000E042C93FDB42C93FD742C93F005A6202FE
:1014C000002D3101FFFF0FFFFF0FF0FFA899033C34
:1014D000178F033CA89B033CAD9B033CB99B033C8B
:1014E000C09B033C4043C93F3443C93F009C033C7D
:1014F000899C033C0C080000CF9C033C7F0F00003C
:1015000088104208800F0000FF0F00FFF99C033C89
:10151000587937401862C93F1C62C93F389D033C67
:101520004B9D033C18B0036080B0036000B00360C3
:1015300010B0036014B003600CB003601CB0036013
:1015400020B0036040B003604462C93FBC9E033CCE
:1015500000D5D4BCBCAAB1B85062C93F4862C93FEB
:10156000B43201425862C93F5C62C93F2C9F033CC0
:10157000589F033C9033C93F9433C93F7C9F033C41
:10158000FC390142A43D014248D53740943E014216
:101590002C3F0142DD3F014278400142B09F033CB5
:1015A0008C450142DC450142344301426C62C93F33
:1015B000E49F033CFFFF1F009833C93F749D004226
:1015C0009C33C93F7462C93FF86C3740206D374087
:1015D0007062C93F7862C93F00000060000001608E
:1015E00000E00260EC9F033CB862C93FD0050040B8
:1015F000F8C3374030A1033C10A1033CF0A0033CEA
:10160000C48C37404C8D3740A0FE3740908C37401B
:1016100001004020FFF7FFFFE44F01420C60014250
:101620004460014278600142AC6001427C4D01425D
:1016300094FE3740D05001420100FFFF6C8C3740D0
:10164000E0500142FC5001421A08000000F0000086
:10165000DFF7FFFF80FFFF7FFEFFFF7FACFE37401D
:1016600000120040441300406C120040E81C033C90
:10167000FC5D01423CAE033CD0AD033C64AD033C99
:1016800050A1033C70A1033C50A2033C68A2033C60
:101690000CA4033C0805033C10A4033C0405033CD4
:1016A00014A4033C25A4033C80A2033C0000C03FDB
:1016B000000030400A000000FCA3033CECA3033C04
:1016C000D87D033C8C2200406C24004074250040EF
:1016D000EC8D374038A4033C58A4033C38A5033CA8
:1016E00050A5033C0CA4033C0805033C10A4033C98
:1016F0000405033C14A4033C25A4033C68A5033C57
:10170000E4A6033CD4A6033CD87D033CF4A6033CEA
:10171000FCA6033CFDA6033C00A7033CD87D033C8C
:1017200001A7033C18A7033C0000F07F0F2700002F
:10173000D97D033C0000F03F000010FE0000F83FA0
:1017400061436F63A787D23FB3C8608B288AC63FC7
:10175000FB799F501344D33FE0A9033C88A7033C87
:10176000B8A9033C00001C400000C0FC000014406D
:1017700088230040A033C93F01A7033C0CA9033CC8
:10178000C0FE374088A7033C398EE338000000FFD5
:10179000000000F080A9033C00000000000050435E
:1017A000FFFF0F80A8AA033CC8AA033CA8AB033CD8
:1017B000C0AB033C25A4033C14A4033CD8AB033CBE
:1017C00054AD033C44AD033C3CAF033C5CAF033C35
:1017D0003CB0033C54B0033C25A4033C14A4033C9C
:1017E0006CB0033CE8B1033CD8B1033C1C32C93FA8
:1017F0001432C93F0C32C93F0432C93F592A000094
:10180000C52700001C8000603FC0FFFF2C800060E7
:1018100024800060FF01FFFF00000002FFFF00FEC8
:10182000308000602880006020800060FF7F00FF23
:101830009C32C93F2B5B033C705B033C655B033C04
:10184000B432C93FC7320000FC31C93F981CC93FC0
:10185000901CC93F941CC93F8C1CC93F2C410C6093
:10186000A860026008400C6068400C60E8300060CE
:10187000E82000607480006000800060FFDFFFFFF0
:1018800088800060FFFFF7FF8480006014000C6018
:101890009080006094800060FFFFFFCFFFFF3FFF5C
:1018A000FFFFFFF310000C60408000604C80006080
:1018B0004C153840349237404C9C3740AC973740F9
:1018C000C4813740089837402052C93F4CD4374034
:1018D000F4CD3740E854C93FE0D0374038D43740E2
:1018E000E454C93F707B033C4F7C033CD47B033CF6
:1018F000A77B033C6347033C6847033C6D47033CBD
:10190000E04002428347033CB747033CF447033CB3
:101910005B4E033C3948033C4548033C4CEF3740A1
:10192000B649033CFFC0FFFFFFFF8FFF0000300000
:1019300000005000FF3FF0FFFFFF7F80E849033CBD
:10194000374E033C4A4A033CF946033C4A47033CB2
:101950001847033CE0F83740B844024268F9374082
:101960004CF237402CEF374078F937407C53C93F71
:101970007453C93FC843033C2C44033C2644033CF6
:101980007454C93F7853C93F7053C93F6CFC37400A
:101990007A03033C4144033C14FC3740581CC93FC4
:1019A00038FC3740364100819EF9202074820800BF
:1019B0008C98219CF90302004020FA1DF0819AF9CD
:1019C0009808819AF9C099119A888C620308024696
:1019D000F9FF000003080146F7FF000036410081CF
:1019E00090F98208008CB88192F90308004020FA2F
:1019F0001DF00000818DF98808C09811818CF99A3A
:101A00008803080346F9FF003661005002FA218B73
:101A1000F930A0745012FA10006B761032034103B3
:101A200025F8FF03010340B0FA8185F9E0080021A1
:101A300081F9500AFA5012FA10004B761011217EEB
:101A4000F95012FA00014B76100E4020FA1DF000FA
:101A50002179F95002FA06FCFF5002FA86FAFF00DB
:101A60003641002020741C040C0320A22065AD0127
:101A700042C4FFA033805604FF2172F90003DA50FC
:101A800012FA10002AB170F940A0FA816DF9E0084D
:101A9000002D0A1DF00000003641000CAA25FCFFB5
:101AA000816BF9501AFA03080500112A4021FA1D2A
:101AB000F00000003641000CCA65FAFF8164F9505D
:101AC0001AFA03080600112A4021FA1DF00000004E
:101AD0003641000CEAA5F8FF815DF9501AFA0308B7
:101AE0000700112A4021FA1DF000000036410020B5
:101AF000A074E5F6FF8155F9502AFA030809130886
:101B00000A6000FA20014AB2280840A0FA814CF984
:101B1000E00800A02A209000000000003641000CE0
:101B2000BAA5FCFF2D0A1DF03641000CDAE5FBFFDB
:101B30002D0A1DF03641001C0A65F2FF8144F9B2FE
:101B4000280B813FF9E008002D0A1DF03661006581
:101B5000C901313FF9280320AAC022A063A7B257C8
:101B600025C801A90325F3FF213BF9A902E5FAFFE6
:101B70003131F9501AFA5003FA10004B7610025026
:101B800013FA134201034103A5F2FFA922A5F9FFAD
:101B9000030103501AFA10004B7610020010FA13DA
:101BA0004203E5F2FFA942E5F8FF03020013020138
:101BB000A95210002A0342061DF0000036410050D1
:101BC00002FA211CF95012FA10004B76102D211A3E
:101BD000F95012FA00014B7610212120F9811EF9EB
:101BE0005012FA03480000014B82A000B2A001008D
:101BF000B8C3A2A00FE5B8011DF000000001FAC6AD
:101C0000F5FF0000364100A10BF925FBFF1DF00098
:101C10003641002119F988022114F9263821F648A5
:101C2000122110F92618182113F9262812210CF96F
:101C300006030000210EF9264805210DF96658EC2F
:101C40001DF00000364100A103F99100F9030A00DC
:101C50001309008109F900014B7600130C1999084A
:101C60008109F90C599908E5F9FF461600000000B2
:101C7000130A0223090210024B7600040C2906F70E
:101C8000FF230A0333090320034B7600060C39C6F1
:101C9000F2FF0000230A0533090420034B760004F9
:101CA0000C4906EEFF21F5F85022FA20014B760090
:101CB0001021F3F85012FA00014B7600040C59C6BB
:101CC000E6FF88085688F91DF000000036410091B3
:101CD000EAF882A00082690091EBF882690065F25F
:101CE000FF1DF000364100E5AF0121E9F882220036
:101CF00080AAC082A0F9A7B854A5AE01A2620021B3
:101D0000D5F8A1E4F8230206030A0081E3F80002F3
:101D10004B7600079228009090609908880821E08F
:101D2000F80018CA81DEF85032FA03080021D6F80C
:101D300030014A5012FA10004B76101321D4F8509B
:101D400012FA00014B761007034800234A001DF0E9
:101D50000001FA46FCFF000036410081BEF8501336
:101D6000FA3308035022FA30014B5004FA7600137C
:101D700021CDF85012FA10001A40A0FAE5E3FF1D39
:101D8000F000000043080240024B76000621C6F82E
:101D9000C6F7FF0021C6F85052FA50221A20044B11
:101DA0007600D521A6F85022FA20111A10034B769E
:101DB00000C621BBF85012FA10000A86EEFF0000A0
:101DC00036410081B0F80C49990881A3F8C8088110
:101DD00098F8B8088194F8A808E5F7FF1DF000000E
:101DE000364100419CF831A5F80304025023FA2043
:101DF000000A130400218CF831A3F800014B2222C1
:101E00000076000B22A000226300A5DFFF1DF0007A
:101E1000B2230056FB0052A00140A1FA5903A5BE0F
:101E2000FF519EF8A90552230066155465EBFF513A
:101E30007FF8C022119185F82A850309031308034E
:101E400023080110004B7610020001FA8194F8403B
:101E5000B0FAC2280040A2FAE5EFFF2A25030201EA
:101E60002193F85012FA10001A13040210006B7636
:101E7000009A0C222903E59601218DF8A902C6E2F9
:101E8000FF662560516AF8C022119170F8208580A4
:101E900003090313080323080110004B7610020006
:101EA00001FA816DF840B0FAC2280040A2FAA5EA12
:101EB000FF259301817FF8880880AAC0817EF8A75A
:101EC00038192A25030203215DF85012FA10002A5E
:101ED00013040300014B76100206CCFF0C322903D9
:101EE00046CAFF000026350246C8FF5150F8C022FE
:101EF000119156F820858003090313080323080273
:101F000010004B7610020001FA8153F840B0FAC27B
:101F1000280040A2FA25E4FF202580030202216662
:101F2000F85012FA10001A13040200014B76100246
:101F300046B6FF0C1246E9FF364100A58A01215F33
:101F4000F882220080AAC03C18A7B817814BF888F5
:101F50000856F800E58801A9022131F82202008C18
:101F600052E5E5FF1DF0000065E7FF46FDFF0000BC
:101F70003641002144F888022154F8263821F648D9
:101F8000122150F82618182153F8262812214CF84F
:101F900006030000214EF8264805214DF86658EC4E
:101FA0001DF00000364100214EF8AD0265E9000C3D
:101FB0000CBD0CAD0225EA004130F8380416330C94
:101FC000B149F8AD02A5090165C4FFBD0AAD0225FE
:101FD00009010C1C0C0BAD02E5E700B143F8AD02A2
:101FE000E50701311CF8A8038144F8E00800CD0A98
:101FF000DD0B0C1E20A220E52701613CF8AD02603C
:10200000B620E50501A813813CF8E00800DD0B0CC3
:102010001ECD0AAD02E525015136F8AD02BD0525FC
:1020200004010C2C0C0BAD02E5E200B132F8AD025C
:10203000E50201A8238130F8E00800CD0ADD0B0C91
:102040001EAD02252301BD06AD02650101A8338145
:102050002AF8E00800CD0ADD0B0C1EAD0265210157
:10206000BD05AD02A5FF000C0B0C3CAD02A5DE00CA
:102070003804B119F88C13B119F8AD0225FE001D12
:10208000F0000000A5EEFF06D0FF00003641004141
:1020900014F8AD04E5DA000C0CBD0CAD04A5DB00B2
:1020A000B119F8AD04A5FB005118F80C0C38053A2D
:1020B0003CE663341B2C0C0BCD0240A420A5D900B8
:1020C0008113F8B10EF88808371802B10DF840A452
:1020D00020E5F800810FF8E03311303880B803AD07
:1020E00004E5F700CD026632C31DF0003641002141
:1020F000FCF7AD02E5D4000C0CBD0CAD02A5D5007B
:1021000031C8F7B104F8320300CC13B103F8AD02C3
:10211000E5F4000C1CAD020C0BE5D300B100F8ADEA
:1021200002E5F30031CCF7A86381F3F7E00800CDB6
:102130000ADD0B0C0EAD02E51301B1F9F7AD022576
:10214000F20081C5F741F7F70308005014FA1000B8
:102150002A40A0FA81E9F7E00800DD0B0C0ECD0A59
:10216000AD02251101B1F0F7AD0265EF000C2CAD09
:10217000020C0B65CE00B1EDF7AD0265EE000C0A66
:102180002582FF81DDF7E00800CD0ADD0B0C1EADD6
:1021900002250E01B1D6F7AD0265EC00E583FF81A3
:1021A000D6F7E00800DD0B0C1ECD0AAD02650C0170
:1021B000B1D0F7AD02A5EA000C3CAD020C0BA5C9ED
:1021C00000B1DBF7AD02A5E900A85381CBF7E00829
:1021D00000CD0ADD0B0C0EAD02A50901B1D6F7AD9D
:1021E00002E5E7001DF0000036410021BDF732A0F6
:1021F0000020A220E5C4000C0CBD0CAD02A5C5005A
:10220000B1CEF7AD02A5E5004189F761CCF71B53CC
:102210000C0BCD05AD0225C400822600B1B8F737FE
:102220001802B1B7F720A22065E300B80420A2206D
:10223000E5E200817DF78808379808B1C1F720A250
:1022400020E5E1003D0542C4106635C11DF00000E7
:1022500036410021BAF7380221A2F7AD0265BE006F
:102260000C0CBD0CAD0225BF00C083113170F7AD61
:10227000028A33B803A5DE00B1B9F7AD0225DE004E
:102280000C0B0C1CAD0225BD0031B5F7B1AEF788C3
:10229000038C18B1ADF720A22065DC00B2A0000CC1
:1022A0002CAD0265BB008803B1A9F7261802B1A8BE
:1022B000F720A220A5DA00B2A0000C3CAD02A5B91F
:1022C000003803B1A4F7262302B1A3F7AD0225D944
:1022D000001DF00036610021A5F74B41880238123D
:1022E000282289112931217EF73921AD0265B500F7
:1022F0000C0CBD0CAD0225B6003199F7AD02880378
:10230000E088118A84B2280065D5000C1C0C0BAD46
:102310000265B4008197F7A8088177F7E00800CD3F
:102320000ADD0B0C1EAD02E5F4003803B18EF72672
:102330002302B18DF720A22065D200AD020C3C0C27
:102340000B65B100B18CF7AD0265D1001DF0000046
:102350003641002163F7AD02A5AE000C0CBD0CADFB
:102360000265AF00B18BF7AD0265CF000C0B0C1C02
:10237000AD0265AE003171F7B180F788038C18B1FA
:102380007FF720A220A5CD00B2A0000C2CAD02A5A5
:10239000AC008803B17BF7261802B17AF720A2209F
:1023A000E5CB00B2A0000C3CAD02E5AA003803B1B9
:1023B00053F7262302B152F7AD0210112025CA00AF
:1023C0003118F7B171F7320300CC13B170F7AD02D9
:1023D000E5C8001DF00000003641002141F7AD02C4
:1023E00025A600C2A000C0BC2020A220A5A600B146
:1023F0006DF7AD02A5C6000C0B0C1CAD02A5A50027
:10240000314FF7B164F788038C18B163F7AD02253B
:10241000C5008104F7A8088138F7E00800CD0ADD7F
:102420000B0C1EAD02E5E400B160F7AD0225C30060
:102430000C0B0C2C20A22025A2003803B158F72643
:102440001302B157F7AD02A5C10031F9F6A8038117
:102450002AF7E00800DD0B0C1EA0CA2020A2206590
:10246000E100B123F720A22065BF00AD020C3C0CB7
:102470000B659E00B14EF7AD0265BE001DF0000079
:102480003641003117F720207430A320659B00C22D
:10249000A000BD0CAD03259C00B145F7CC12B145A1
:1024A000F730A320A5BB00C2A0010C0BAD03A59A79
:1024B0000081DCF6CC1281DEF603080040A0FA8130
:1024C0000EF7E00800CD0ADD0B0C1E30A32065DA04
:1024D00000B125F7CC12B123F730A32025B800AD09
:1024E000030C3C0C0B259700B123F7AD0325B70077
:1024F0001DF00000368100B130F71C4CCBA1CB3170
:10250000E02211812EF7E008002A2328021DF000A6
:1025100036410081CEF626121EE622079C020308F1
:10252000048603002622186632F30308038600009F
:102530000308004020FA1DF003080106FDFF00001B
:1025400003080206FBFF00003641005003FA81BF7A
:10255000F626121BE622089C12034804860300009C
:102560002622116632F239388600000039081DF043
:10257000391806FEFF3928C6FCFF0000364100214D
:10258000D8F6AD02E58B000C0CBD0CAD02A58C009D
:10259000B10DF7AD02A5AC000C1C0C0BAD02A58B68
:1025A00000B1D6F6AD02A5AB003107F7A80365F47C
:1025B000FFBD0AAD02A5AA000C2C0C0BAD02A5892B
:1025C00000A803E5F4FF81CCF6E00800CD0ADD0B9E
:1025D0000C1E20A220E5C9003803B1E2F62633081C
:1025E000B1F8F6264302B1E0F620A22025A700ADFF
:1025F000020C3C0C0B258600B1F5F6AD0225A600B9
:102600001DF0000036410021B6F6AD026583000CD6
:102610000CBD0CAD02258400B1EEF6AD0225A40080
:1026200031EAF6A803E5ECFFBD0AAD0225A3000CD4
:102630001C0C0BAD0225820081CEF6A80881AEF6F7
:10264000E00800CD0ADD0BE2A00120A22065C20057
:102650008803B1C4F6263808B1DAF6264802B1C2BA
:10266000F620A220A59F00AD020C3C0C0BA57E001D
:10267000B1C1F6AD02A59E001DF00000364100215B
:1026800098F6AD02E57B000C0CBD0CAD02A57C00FC
:10269000B1D1F6AD02A59C000C1CAD020C0BA57BC4
:1026A00000B1CDF6AD02A59B000C2CAD020C0BA524
:1026B0007A00B1CAF620A220659A00AD020C3C0C4B
:1026C0000B657900B1C7F6AD026599001DF00000F9
:1026D000364100818EF682280026283CE638089C88
:1026E000E82618271DF0000026485FA648456658D2
:1026F000F281BCF60CC992680025F8FF06F9FF00CC
:102700000091B8F68909E589FFC6F5FF81B6F60C98
:10271000299908A59DFF86F2FF81B2F692A0039247
:1027200068008141F69228008185F69908A5ABFFE3
:1027300006ECFF0081ACF692A006926800817FF65D
:1027400092A0009908A5C0FF06E6FF81A6F60CA995
:102750009908819DF60C09990825E2FF06E1FF0022
:1027600036410025080121A0F682220080AAC082FD
:10277000A1F3A7B80EE50601A902219AF68802CCBA
:10278000582582FF1DF000006628F82596FF86FC7C
:10279000FF0000003641002152F60C0D0C4CAD023A
:1027A0001C4B6570000C5B0C9AA5EE000C5B0C8A50
:1027B00025EE000C5B0C1AE5ED000C5B0C0A65EDD8
:1027C000000CCA25C0000C3B0CFAA5EC000C0B0C4D
:1027D000FA25FB00E542FFAD02A566000C0CAD0238
:1027E0000C2B656700B181F6AD026587000C2CAD3E
:1027F000020C1B656600B17EF6AD02658600A2A5DF
:10280000DCE5FF00E579FF1DF0000000366100E522
:1028100033FF2543FF2572FF65F4FF0C020C1A42BB
:10282000A001A5F8003D029D0AA03493AD029911C4
:10283000206220A5F700A064933070743D0A0C9AC2
:10284000A5F6005D02CD0AA054930C8AC921E5F5D6
:10285000008D02A084938080749811B16BF6893149
:102860008D029084839D08820B00B168F6809910D8
:102870008D023084833D08820B00C8218083103D87
:1028800002C03483A02483B162F64162F6C20B0019
:10289000A20400606074505074C03310A02210CCA9
:1028A0006916F8040C180601005678FF7CF8A14D53
:1028B000F6A80A261A02862200A114F6980A9A8817
:1028C0009156F66B889098B280BF31B099C0F0B93C
:1028D000119A9BF099119098C0810BF6990AA8085B
:1028E000A7A9019908A8082BAA97AA0492C9FE993A
:1028F00008A579FF160301313BF682230056B82460
:1029000082A00189036578FF1652013136F628034B
:1029100056C23A21D9F52222008C42253BFF656838
:10292000FF8139F6B13AF6213AF64831313AF61CD0
:102930004A724800624B0052420042430025EC00BC
:102940001DF00000663A28A1FDF5922A00908880CB
:102950009133F682C8039098B280BF31B099C0F02D
:10296000B9119A9B9088C0890AE587FF06E1FF00AC
:10297000664A28A1FBF5922A009088809128F68269
:10298000C8039098B280BF31B099C0F0B9119A9B3A
:102990009088C0890AA58BFF06D6FF00666A29A128
:1029A000E7F5922A00908880911DF682C8039098DE
:1029B000B280BF31B099C0F0B9119A9B9088C0899C
:1029C0000AE598FF06CBFF0000669A2BA1FFF5925F
:1029D0002A009088809112F682C8059098B280BF34
:1029E00031909121B099C0E0B9119A9B9088C0892B
:1029F0000AA5B8FF06BFFF000C9BB79A2591CFF53B
:102A0000A809AA88A108F62B88A08810D688000BF0
:102A1000887CEAA088201B888909E59BFFC6B4FF53
:102A2000000000665A498185F55008FACC49B1F199
:102A3000F5500BFA81CFF5417FF513080010000A1D
:102A40005014FA10004B76101991C5F5B1B6F598EF
:102A500009501BFA26290541E8F55014FA00014BEC
:102A60007600020001FA034800A586FF06A1FF00D8
:102A7000667A448172F55008FACC49B1DEF5500B04
:102A8000FA8168F5416CF513080010000A5014FA39
:102A900010004B761019B1D8F5501BFA00014B7697
:102AA000100D0348000C1AA59DFF8691FF00000041
:102AB0000001FAC6FAFF0000668A3E4160F5500444
:102AC000FACC4981CCF55008FA8159F5B15AF51381
:102AD000080010000A501BFA10004B76101541C771
:102AE000F55014FA00014B7610090348000C0A0651
:102AF000EDFF00000001FAC6FBFF0CB8871A024682
:102B00007CFF814EF55008FACC49B1BAF5500BFA6A
:102B10008198F54148F513080010000A5014FA1086
:102B2000004B76101991A8F5B1B6F59809501BFA2B
:102B300026490541B4F55014FA00014B7600020015
:102B400001FA034800E5ABFF066AFF006618082596
:102B5000B8FF866CFF00000066381C8178F5980885
:102B60008132F59908817EF50C0999080C48826339
:102B700000E56DFF0664FF006648378170F5980830
:102B80008178F5C09911A8088129F59A88DC3A0363
:102B900008018177F50348000C588263006573FFD4
:102BA0000659FF00661A0503080206F9FF03080329
:102BB00086F7FF6658318161F598088169F5C099FB
:102BC00011A808816BF50308008118F59A88CC6A72
:102BD00003480146E5FF0000661A0503480286E245
:102BE000FF03480306E1FF006668499154F5822916
:102BF00000563801918DF5A2A0018249000C788918
:102C000003E587FF0640FF006618108187F50C0971
:102C10009248000C8889030C0A06F9FF8101F50C23
:102C20001AA248000C0889090C988903A57AFF4666
:102C300035FF0000000C99979825817BF50C1992BF
:102C40004800813EF50C79A8080C88A08983A2C8A9
:102C5000F989030C180C03A03883AD0346E8FF0084
:102C60006698198159F5A22800658AFF8141F5A26D
:102C700068000CB88903E598FFC622FF0092A00BFC
:102C8000979818813BF5B22800814FF5A808A58BCD
:102C9000FF0CA88903658EFF061BFF0082C8F9B6EA
:102CA00028028618FF8160F5A2A00692080082A083
:102CB00009908A838263005619F76569FFC611FF80
:102CC0006612060C022903C614FF66420A0C32295A
:102CD000036551FF4612FF0066520C0C4229032582
:102CE00057FFC60EFF00000082C2F9F62822214ECF
:102CF000F592A00682020022A009802983226300A7
:102D00008C48656DFF0606FF6564FF8604FF0000C2
:102D10000082A00B87920C22A00A226300E585FFA7
:102D200046FFFE000C9887921081BDF40C022248E9
:102D300000813DF522480006E2FF0C122903E5342C
:102D4000FF06F7FE36610082A007A1E5F48261006C
:102D5000F2A0060C5E0C4D0C2C0C3BA529001DF0BE
:102D6000364100AD02A5FA0F1DF00000364100A269
:102D7000020AB2A000E5A000A2A00165A900A2027B
:102D80000A0C1B25A0000C1A65A800A2020A0C0B55
:102D9000259F00A2A064A5A7001DF00036410030C9
:102DA00030740C0440828000044030B0B1A2080BA3
:102DB000B0B00442C401E59C006644E7AD02E5FA08
:102DC000FF1DF0003641003030740C04408280005A
:102DD000044030B0B1A2080BB0B00442C401659AFF
:102DE000006684E7AD0265F8FF1DF000364100A2E1
:102DF000020840B074E59800A2020982A0FF3030BA
:102E000074871A040C0BE5970082021347680DBD06
:102E10000320A220E5FAFF90000000000030B4413A
:102E2000AD02A5F7FFBD03AD0225F7FFC6F9FF0010
:102E3000364100C2A00030B07420A220E5FAFF9015
:102E40000000000036410020A220B2A00125FEFFB4
:102E5000A2A7D0E59B001DF03641000C384040741D
:102E600080446382021720A2203030748734040B20
:102E700048404074404A80B20418B03380B2AF80FA
:102E8000B0B320B0B074A5FAFF90000036410092B4
:102E900002140C488089200CCBAD02824214B0B9D8
:102EA00020E5F8FF1DF0000036410040407430304E
:102EB00074505074B6240A8202130C8990882082C0
:102EC000421361DAF432421A32C34042421762526C
:102ED0000C32421B8CD566140B32021342A0044004
:102EE0003320324213A20208B2A003A57A00A20244
:102EF0000932A0FF371A05B2A003A57900A2020A81
:102F0000B2A0032579002032201C048202130C8A0F
:102F10004088100C49809A938D092093C087A90C92
:102F2000A2030B0C3BE576001B3346F7FFA1C0F470
:102F300032A0FFE58D00A20208B2A000658400A2C5
:102F4000020AB2A000E58300A20209371A05B2A066
:102F500000258300B2021347EB5B0C3BAD02E5E3B7
:102F6000FF31B4F4AD03A58A000C3BAD02E5E2FFEE
:102F7000AD03E589000C3BAD0225E2FFA2A096253A
:102F800089000C2BAD0265E1FFB202132C0330BBAC
:102F900020B0B074AD02A5E9FF0C43324214AD027B
:102FA000A5EEFFAD02E5E9FF0C233242150C6BAD37
:102FB00002E5E7FF1DF032A02030BB20B0B0742046
:102FC000A220E5E6FFA19BF4658400B2021320A2D3
:102FD0002030BB20B0B074A5E5FFA2A096258300E9
:102FE000B20213AD0230BB20B0B07465E4FFC6E599
:102FF000FF0000003641009190F48201200C0D99F1
:10300000027CF9AD02D91232420892420942420AC8
:1030100052420B62420C72420D82420ED2420FD9D2
:10302000420C1C1C0B25E8FF1DF00000364100205F
:10303000A220C2A00130B07425DBFF22A0011DF048
:10304000364100AD039C13817DF4E008008802CD79
:103050000A8838BD03AD02E008002D0A1DF000000B
:1030600036410030B32020A22065FDFFA02A201D9C
:10307000F000000036A1005172F4404074C02000FE
:103080008805AD02C0200089B182A00082412BF6E4
:10309000240242A00AB2C12B0C9E40C3E2C090742D
:1030A00082C93740D3C2808074C73E0582C9308050
:1030B0008074B2CBFF824B0047B31965F8FFC02084
:1030C0000042210BC020003225002D0A37140A814E
:1030D0005DF4E008003D0DC6EFFF1DF036410066CF
:1030E000941FD6C301B2A02D20A22065ED1FA05AC7
:1030F0002030306040C074BD03AD02A5F7FFAA25A3
:103100001DF00C0506FBFF00366100BD05CD04DD9A
:1031100005AD04815AF4E00800606074B14CF456C7
:103120008A04314BF4C14BF4303510D14BF440A438
:103130002030B3208152F4E00800DC5AC146F4D1BB
:1031400046F4BD0340A420814EF4E00800B143F4EE
:10315000E61A17C143F4D143F440A42050B52081AE
:1031600049F4E00800A61A10B140F4AD0225EDFFC5
:103170003D0A2D031DF0000000C139F4D13CF4AD2F
:1031800004BD058141F4E0080096BAFDC1AAF3D15F
:10319000A9F3AD04BD05813CF4E008000C03D6EAB8
:1031A000002CDBAD02A5E11F7132F43D0A705530F1
:1031B000A1A1F3B125F40C07771614C19EF3D12D0C
:1031C000F41B778132F4E0080070707406FAFF0097
:1031D00040C42050D520812EF4E008005D0B4D0A3C
:1031E000812DF4E008007D0A812CF4E00800CD0A6E
:1031F000DD0BAD04BD058129F4E008004D0A5D0B2F
:103200000CACBD07AD02E5E6FFAA338C96B11AF40B
:1032100020A220E5E2FFAA3382A0FF62C6FF606021
:103220007487960286D2FFD113F4C182F340A420A2
:1032300050B5208931811AF4E008005D0B4D0A81F8
:1032400019F4E008000CACBD0A7D0AAD02E5E8FF08
:10325000AA33AD078115F4E00800CD0ADD0BAD04FB
:10326000BD05810EF4E008004D0A5D0B883146EA89
:10327000FF00000036410060E07440C42050D520BB
:1032800020A22065E8FF2D0A1DF0000036410081D4
:1032900007F482080026A8130CB987391292A00CF3
:1032A0008089C00008402020B12020F41DF00000DB
:1032B00082C8F40018400022A106FBFF364100201E
:1032C000207456220022A00181FAF32248001DF04A
:1032D00036410081F8F392080056D90192A001927C
:1032E000480081F3F3A2080025FDFF91F3F3A2A0AB
:1032F000043C18768803A9094B991DF0364100203B
:10330000207420A220A53400A0807477EA31F6430F
:103310002E00A82382A00930B320A7A826A2CAF6AF
:10332000A5ED02E5FAFF81E4F3E022112A9898095D
:1033300066490891E2F39209003719032A283902F5
:103340001DF0000025C70206F6FF000036410020F0
:10335000207420A220A52F00776A3881DDF3E008D1
:10336000004D0AA1D7F35D0BA5C81FC1D7F3D1311A
:10337000F33D0ABD05AD0481D7F3E00800BD0AE1C5
:10338000D1F3A1D2F3FD02D2A07030C320E55A0CD4
:103390000C021DF0A5F3FF20A220652800B2A0C0FA
:1033A000AD02252F0081C4F3E092119A88B8086617
:1033B0004B0581C2F3B20800AD0225F4FF0C12C622
:1033C000F3FF00003641002020740B828080740CD3
:1033D000F987390581B6F32248001DF036A1002097
:1033E0002074AD02A526000C04A0307449B100433E
:1033F00023D6940381B7F3E008004D0AA1B1F35D31
:103400000B25BF1FC1B1F3D10BF33D0ABD05AD04C0
:1034100081B1F3E00800BD0AE1B0F3A1ACF3FD0215
:10342000D2A09ECD0365510CA2111686090020A2E0
:103430002052A00965F1FF472502C63E00A2C3F64F
:10344000C2C12C0C3BA0A07425E5023D0ACC8AA287
:103450001116A5E3FF2D0A1DF082A1035199F34136
:103460009EF3879A46819AF3E00800A08A20AD0572
:103470008971B26106E5B71F5D0AAD03E54C0B88A3
:10348000719861C191F3D1EBF23D0ABD09AD08819C
:1034900091F3E00800BD0AA191F33901FD02ED04AA
:1034A000D2A0A8CD0565490C06DFFF0082A10787E1
:1034B0009A428187F3E00800A08A2050A5208971F4
:1034C000B96125B31F5D0AAD0325480B887198616A
:1034D000C17EF3D1D8F23D0ABD09AD08817EF3E08B
:1034E0000800BD0A3901FD02ED04D2A0AACD05A154
:1034F0007CF3C6EBFF8176F3E00800A08A2050A59C
:10350000208971B26106E5AE1F5D0AAD03E5430B8C
:1035100088719861C16DF3D1C7F23D0ABD09AD084C
:10352000816DF3E00800BD0A3901FD02ED04D2A06F
:10353000ACCD05A16CF3C6DAFFAD04E5BF02A0A0D7
:10354000F406C4FF36A10020207420A2202510001C
:10355000005A23D6A503815EF3E00800A04A20A10B
:1035600058F35D0BE5A81FC158F3D1B2F23D0ABD77
:1035700005AD048158F3E00800BD0AE15BF3A153F7
:10358000F3FD02D2A0BE30C320253B0C0C021DF07F
:10359000003156F342130056C401A2A00165AA0BE4
:1035A000565A0042A44C4253000C0AA5A90B563AA5
:1035B0000642A44C4253000C960C1457A6010C244E
:1035C000AD02A5E1FF813CF3E022112A28513BF333
:1035D00028026D0A5205002642022050742C4CB27B
:1035E000A000A2C10C8143F3E00800D21300CBE19C
:1035F0000C3CBD05AD0425A70B213DF33202008C28
:10360000330C03324200B2C10C60A620A5B30BA05C
:103610002A2006DEFF4213001654F906E6FF0000DA
:1036200036410020A0743C0822A0FFA73811913237
:10363000F30C020CF8768810B809A79B04202074BC
:103640001DF01B222020744B9922A0FF06FCFF00D6
:1036500036410020B0743C0822A0FFB7382C9127D7
:10366000F30C08AD090CA276820BC80AB71C1D1B0F
:10367000888080744BAAA2A00A768A0B28A9271BEF
:103680000B1B888080744B9922A0FF1DF080207452
:10369000C6FDFF0036810020207442A061303074E6
:1036A000479209BD033C0AE5FEFF1DF000A114F39B
:1036B000B115F3CD02811AF3E008000C0447DA37A4
:1036C0008104F3E008004D0AA110F35D0B65921F21
:1036D000C1FEF2D158F22D0A50B52040A42081FD40
:1036E000F2E00800BD0AE109F3A109F3D2A066CD1A
:1036F00002A5240C86ECFF00A107F3B14EF2CD0227
:103700008109F3E0080022C21C8103F3E02211A921
:1037100021B9314941495149612A28C02000281264
:1037200020272429711CF237321530201447E34931
:1037300029412763030C1229513763030C122961B5
:103740008BA1E50F01161AF681E2F2E008004D0A9E
:10375000A1EEF25D0BE5891FC1DCF2D136F22D0A34
:10376000BD05AD0481DCF2E00800BD0AE1E8F2D25B
:10377000A082CD02A1EAF286DDFF0C444022204661
:10378000EBFF000036410020A07482A06130B074CD
:10379000879A108C0B4C0BDD0BCD0BA2A061652220
:1037A000001DF000E5F30086FDFF0000364100201B
:1037B000A074A5FD002D0A1DF000000036610088F0
:1037C000C1FD07AD02BD03CD04DD05ED06F6280BF6
:1037D000890181D5F2E008002D0A1DF0819DF24695
:1037E000FBFF000036410081BAF2E00800C1B6F2EA
:1037F000D111F281B8F2E008002D0A1DF00000009E
:1038000036410020A22081C9F2E008001DF000002E
:1038100036410081AFF2E00800AC72AA32CD0A9DB9
:103820000B82A00127330282A000BA289732182702
:103830009902C7331281A6F2E00800273B1BB7921A
:1038400002373A151DF03DF081A2F2E00800B732D0
:10385000F4279BE0A733EE86F6FF3DF046F5FF0028
:10386000366100A5781FDC7A65C103CBB165E4033E
:1038700056DA002831661208A5761F162A06E5E1F9
:1038800003A2A0F0E56900A1ADF20C1BA5DE20E5C6
:10389000E70481ABF22D0A8A8A0C030C1A803A8362
:1038A000308074CC8891A7F29A92908A839CB80C4D
:1038B0000C0C2B0C1AA59604161A0DC84A0C0BA555
:1038C000A5042D0A565A0565E4042D0A561208E58A
:1038D000751FCC3A0C3AE5690B25701F656F1F1DEB
:1038E000F0817BF2E00800A04A20A191F25D0B6517
:1038F000701FC175F2D1CFF12D0ABD05AD048175E0
:10390000F2E00800BD0AE18BF2A18BF2D2A0E9CD72
:1039100002A5020C25D90386D9FF000000816CF2B4
:10392000E00800A04A20A182F2B05B20656C1FC1B4
:1039300066F2D1C0F13D0ABD05AD048166F2E00832
:1039400000BD0AE17CF2A180F2D2A101CD03E5FE27
:103950000B815FF2E00800A04A20A175F2B05B2065
:1039600025691FC159F2D1B3F13D0ABD05AD0481EE
:1039700059F2E00800BD0AE16FF2A175F2FD02D232
:10398000A10830C32065FB0BC6D0FF00008150F2B8
:10399000E00800A04A20A166F2B05B2065651FC167
:1039A0004AF2D1A4F13D0ABD05AD04814AF2E00816
:1039B00000BD0AE160F2A165F2D2A104CD03E5F7F2
:1039C0000BC6C1FF36210120A07422A061303074E3
:1039D000404074505074279A02A2A030615EF222D7
:1039E00006005622050C1CBD0C252100715BF22D32
:1039F0000AA907FC6A8136F2E008004D0AA157F2D5
:103A00005D0B255F1FC130F2D18BF13D0ABD05ADC5
:103A1000048130F2E00800BD0AE151F2A152F21C2B
:103A20002DCD03A5F10B29071DF0000000B1BDF15C
:103A30000C12A514002246004911392159314B912D
:103A40000C0C0C7E1C8FD8090C0AB2A008768B19BE
:103A5000AA8CA02EC0E08811275D2422C1708A8222
:103A60002142F282C8A029081BAA8BCC4B99F79C53
:103A7000D42139F2B2C110A802A50A0006EAFF005B
:103A800022C1708A8282C8A02139F2C6F5FF0000E7
:103A9000366100163204220225379202061F0061A9
:103AA00034F22134F2167303810AF2E00800A04ACE
:103AB00020AD065D0BE5531FC104F2D15EF13D0A56
:103AC00050B520AD048103F2E00800BD0AA12AF23E
:103AD000ED02D2A10ACD0365E60B0C032D031DF008
:103AE00081FCF1E00800A08A2060A6208931B9217C
:103AF00025501F88319821C1F4F1D14EF14D0ABDF6
:103B000009AD0881F4F1E00800BD0AA11CF2ED0244
:103B1000D2A10CCD0465E20B06F0FF000C1386EE7B
:103B2000FF00000036410020A220B2A00125F6FFD0
:103B30002052202D0A16FA0368255111F2E0761161
:103B40007A55A22500B2AFFF810FF2E008007D0A8E
:103B5000661AEEAD06A507010C0BAD06651C01DD6E
:103B600007CD04BD03AD0665DB010C0DA805CD0D29
:103B7000BD0D8105F2E008001DF00000366100393E
:103B800031312CF15003FA16920632220221FCF157
:103B9000E04311405280A8057CFB81FAF1E0080067
:103BA000661AF2BD0AAD03A51F01B1F8F1A8318173
:103BB00024F1E0080051F6F1500AFA5015FA00011C
:103BC0004BB2A10076100200B09A51F0F1000BCA7E
:103BD0005015FA10002AB0B074AD034A2203410216
:103BE000E5DD000C0DA802CD0DBD0D81E7F1E0086B
:103BF000000301024020FA1DF000000036C100E180
:103C0000E5F1303074580E3931CCD50C1AE261022E
:103C100081E6F1E00800E821A90E7CF5A80EBD05BB
:103C2000E2610281D8F1E00800E821661AED38313E
:103C30000C750C373075830C4958310C083D09B1AF
:103C4000D6F15038933737028622002683178A53DD
:103C50000C865736108084C00C1A52A000805A93EC
:103C6000508074166807D2A000A22E00CD0DD0BDE2
:103C70002081C5F1E008008196F1E008004D0AA11D
:103C8000BCF15D0BE5361FC190F1D1EAF02D0ABD04
:103C900005AD048190F1E00800BD0AE1C0F1A1C0CA
:103CA000F1D2A243CD0265C90B0C0A864E001BA6B9
:103CB000E05A11AA55D0551152C5D8BA555205002F
:103CC000CCD51B886D0A47980246E0FF67B7DE6DCA
:103CD000031B3686DBFF6D030C0806FAFFE0731149
:103CE00051AEF13A67D066116A654936BD0647A8FC
:103CF00002C636000C0DA80ECD0DBD0D81A3F1E05E
:103D000008003A87D088118A550C08897589658919
:103D1000558945824524891588319199F182452537
:103D2000E0831149353265028A59A2250016BA0A84
:103D30005194F17AC5A80C7CFBC9218192F1E0086D
:103D4000005D0AC821661AEC883140407416D80913
:103D50002CCC0C0BA2C1148167F1E00800A2C114A5
:103D600029713C22424121396152412059B12241FD
:103D70003452413EA534014D0ACC9ACD0ABD0AAD5C
:103D800003659C014D0A917EF10C0D7A79A807CD4F
:103D90000DBD0D817DF1E00800AD0616A404814C37
:103DA000F1E008004D0AA172F15D0BA5241FC14688
:103DB000F1D1A0F02D0ABD05AD048146F1E0080067
:103DC000BD0AE176F1D2A278CD02A176F146B5FF27
:103DD000A24B001B88B2CB2886C4FF000C1A81724C
:103DE000F1E00800A905566AF42D0A1DF000B8316B
:103DF0001CECA2C122813FF1E00800297122A080C1
:103E0000225114A2C11422A06442412159513961A6
:103E100052412022412AA52A014D0A567AF6C8317C
:103E2000B2A400AD032592014D0A568AF5BD05AD39
:103E30000365E50006D3FF003641001011206595AB
:103E4000FE215AF1820200162800656006E59BFEFD
:103E50008158F116A8FE8156F1E0080046F8FF00EF
:103E60003641002154F11DF03661008150F192A0DD
:103E700000924800A59EFFA5FEFF0C1ECD0AF14E44
:103E8000F1B14EF1A14FF1E9010C0D2593FF1DF0A9
:103E9000364100214CF1C02000820200808074DC99
:103EA000B80C180C1AC02000824200813FF1E008D3
:103EB000008145F1A908CC4AC02000A242001DF0B3
:103EC000364100E5FCFF4140F17CFBA22400812D3E
:103ED000F1E00800313EF138039C53EC52213CF1F3
:103EE0008833A823DD02CD020C0BE00800381356FE
:103EF000D3FE0C0DA804CD0DBD0D8123F1E008000B
:103F00001DF03D0228135682FF2131F18833A8238A
:103F1000DD02CD020C1BE00800380356D3FE06F488
:103F2000FF00000036C1008130F1E008002032209F
:103F3000A07A20273A02862C0042AF104A420C0297
:103F400027940246290042AF604A432794028626FE
:103F50000042C3B02794024624002C78A05141614E
:103F60001DF1411DF1A7B84381DAF0E008008D0A88
:103F7000AD068971B961E5071F88719861C1D2F0FA
:103F8000D12DF06D0ABD09AD0881D2F0E0080070B6
:103F90008241BD0AA112F1892159117901FD03ED78
:103FA00004D2A0B6CD0665990B1DF00081C9F0E0E2
:103FB00008008D0AAD068971B961A5031F88719843
:103FC00061C1C1F0D11CF06D0ABD09AD0881C1F01D
:103FD000E00800BD0AA102F159117901FD03ED04C9
:103FE000D2A0B8CD0665950B46EFFF00A2C1308187
:103FF000FFF0E0080028F13792060C1246EAFF00B5
:1040000000B2C120AD0381FAF0E008002D0A56FA93
:104010000381AFF0E008008D0AA1EEF08971B9616B
:1040200025FD1E88719861C1A8F0D102F04D0ABD2E
:1040300009AD0881A8F0E00800BD0AE1E7F0A1E9B8
:10404000F0FD03D2A0CF40C420258F0B46D6FF0041
:104050000031DEF0422300165400A2A00025E6FF46
:10406000A2C12081E4F0E00800380316B3F8A2A052
:1040700001E5E4FF46CCFF003641003C090C08276F
:10408000291181DDF0E022112A2828027CF82088FD
:1040900030808F052D081DF0366100A199F0B1998F
:1040A000F020C220819FF0E0080007EA2A81D8F0C2
:1040B000E0080021D5F0B1D2F0226101F1D0F02268
:1040C000A0BFC1D0F0226100DD0AED0B0C1AA5944F
:1040D0000B22A1021DF0000081CDF0E022112A2860
:1040E000880292A200C020002808902220C0200050
:1040F00029080C0206F7FF00366100A181F0B181AA
:10410000F020C2208187F0E0080007EA2A81C0F091
:10411000E0080021BDF0B1BAF0226101F1BEF02249
:10412000A0B8C1B8F0226100DD0AED0B0C1AA58E13
:104130000B22A1021DF0000081B8F092ADFF8A228F
:10414000E02211C020008802908810C0200089025F
:104150000C0286F7FF000000366100A169F0B1692A
:10416000F020C220816FF0E0080007EA2A81A8F061
:10417000E0080021A5F0B1A2F0226101F1A8F0222F
:10418000A0C6C1A0F0226100DD0AED0B0C1AA588C3
:104190000B22A1021DF0000081A2F01CF98808A8E2
:1041A000080C180012400088A1272919C020008996
:1041B000AA819EF08A22E0221182A100C0200089FB
:1041C000020C0246F3FFB197F0C0200098DAB088E5
:1041D00010B195F0B09910808920C0200089DA864E
:1041E000F3FF0000366100A146F0B146F020C22086
:1041F000814CF0E0080007EA2A8185F0E008002100
:1042000082F0B17FF0226101F18AF022A0DCC17D51
:10421000F0226100DD0AED0B0C1AE57F0B22A102F2
:104220001DF00000817FF022C21C8808E022118866
:10423000080C492A28C020008812908820C020003D
:1042400089120C0206F6FF00366100A12DF0B12D97
:10425000F020C2208133F0E0080007EA2A816CF0E8
:10426000E008002169F0B166F0226101F172F022EC
:10427000A0D5C164F0226100DD0AED0B0C1AA5790E
:104280000B22A1021DF000008166F022C21C8808EA
:10429000E0221188087CB92A28C020008812908862
:1042A00010C0200089120C0206F6FF00366100A142
:1042B00014F0B114F020C220811AF0E0080007EADF
:1042C000288153F0E008002150F0B14DF022610147
:1042D000F15AF022A09FC14BF0226100DD0AED0BE4
:1042E0000C1A65730B22A1021DF0BD02214DF0CD09
:1042F00003A8020C02254B0706FBFF00366100A154
:1043000000F0B100F020C2208106F0E0080007EACA
:104310002A813FF0E00800214AF0B139F022610122
:10432000F147F022A0CDC137F0226100DD0AED0B8C
:104330000C1A656E0B22A1021DF000008139F01CE1
:10434000F98808A8080C180012400088A12729182D
:10435000C02000899A0C0DAD02CD0DB2A1008139AB
:10436000F0E008000C0286F3FFB12EF0C0200098A8
:10437000CAB08810B12DF0B09910808920C02000FB
:1043800089CAC6F3FF000000366100A1DDEFB1DD90
:10439000EF20C22081E3EFE0080007EA27811CF04C
:1043A000E008002119F0B116F0226101F127F02296
:1043B000A048C114F02901DD0AED0B0C1AA5650B0C
:1043C00022A1021DF03121F0B2AFFF30A3208120E5
:1043D000F0E00800810EF0E022112A28880292A164
:1043E00000C020002808AD03902220C0200029082A
:1043F0008119F0E008000C02C6F1FF00366100A14F
:10440000C0EFB1C0EF20C22081C6EFE0080007EA8C
:104410002781FFEFE0080021FCEFB1F9EF226101F5
:10442000F10EF022A05BC1F7EF2901DD0AED0B0CC4
:104430001A655E0B22A1021DF03104F07CFBAD0376
:104440008104F0E008001C488792248104F0A2A1B6
:1044500000C020009808A09920C020009908C02022
:1044600000922800A2ADFFA09910C0200092680021
:1044700081EAEF92AEFF8A22E02211C0200088027A
:10448000AD03908810C02000890281F2EFE008009F
:104490000C0246E8FF000000366100A199EFB199D7
:1044A000EF20C220819FEFE0080007EA2A81D8EFC1
:1044B000E0080021D5EFB1D2EF226101F1E9EF224E
:1044C000A06EC1D0EF226100DD0AED0B0C1AA554DD
:1044D0000B22A1021DF0000031DDEF7CFBAD03815A
:1044E000DCEFE0080081C9EFE022112A288802925F
:1044F000A080C020002808AD03902220C020002208
:10450000680081D4EFE008000C0286F1FF00000093
:10451000366100A17BEFB17BEF20C2208181EFE00B
:10452000080007EA2A81BAEFE0080021B7EFB1B42A
:10453000EF226101F1CCEF22A081C1B2EF22610034
:10454000DD0AED0B0C1A254D0B22A1021DF0000017
:1045500031BFEF7CFBAD0381BEEFE0080081AEEF21
:1045600092AF7F8A22E02211C020008802AD039022
:104570008810C02000890281B7EFE008000C0246D5
:10458000F2FF0000366100A15EEFB15EEF20C220B5
:104590008164EFE0080007EA2A819DEFE00800212E
:1045A0009AEFB197EF22610122A094F1AFEFC1958C
:1045B000EF226100DD0AED0B0C1AE5450B22A1028A
:1045C0001DF00000B663148192EFE0080021A7EF10
:1045D000B18CEF291122A095C6F3FF00419CEF7C1E
:1045E000FBAD04819BEFE00800818DEF22C21C88A7
:1045F00008E02211880892AC7F2A28C02000881287
:10460000303024908810903311303820C020003989
:1046100012AD048190EFE008000C0246E8FF0000B4
:10462000366100A137EFB137EF20C220813DEFE0C6
:10463000080007EA2A8176EFE008002173EFB170E5
:10464000EF226101F18BEF22A0A6C16EEFA0DA206C
:1046500029010C1AED0B253C0BA2A1022D0A1DF01D
:10466000417BEF7CFBAD04817AEFE00800316CEF19
:10467000883366380880EB03808D0482630340A48E
:10468000208174EFE00800B2230320A220E5C1FFDF
:1046900006F2FF00366100A11AEFB11AEF20C22026
:1046A0008120EFE0080007EA288159EFE0080021A7
:1046B00056EFB153EF226101F16FEF22A0B1C1516A
:1046C000EF226100DD0AED0B0C1AE5340B22A1028A
:1046D0001DF020B2202152EFA2220022A00065127C
:1046E00007C6FAFF366100A106EFB106EF20C2202F
:1046F000810CEFE0080007EA2A8145EFE00800217D
:1047000050EFB13FEF226101F15CEF22A0E3C13D28
:10471000EF226100DD0AED0B0C1AE52F0B22A1023E
:104720001DF00000813FEF1CFA880898080C180063
:1047300012400088A1AC73272A09C0200089290CE7
:1047400002C6F6FF3138EFC02000285930881031FA
:1047500036EF302210808220C02000895986F7FF72
:10476000272A08C020008939C6F4FF00A12EEFC017
:1047700020002869A08810A12CEFA02210808220A0
:10478000C0200089692D0346E5FF00003641008105
:1047900024EF1CF988088808272910C0200098F801
:1047A0000002409020912020041DF000C0200082D3
:1047B0002810911CEF9088100002408020B106F96B
:1047C000FF000000366100A1CEEEB1CEEE20C22087
:1047D00081D4EEE0080007EA28810DEFE00800210F
:1047E0000AEFB107EF226101F125EF22A113C10504
:1047F000EF226100DD0AED0B0C1AE5210B22A1026C
:104800001DF020A22007631CE588FF20A22017636B
:104810001AA5AEFF0C48803310AD029C63659CFF67
:104820000C0286F6FF258DFFC6F7FF00A592FF4616
:10483000F8FF00000025A1FF2D0386F0FF00000017
:10484000364100580268126035209C23410DEF313B
:104850000DEF4045103036103044200C0337141C47
:1048600081ECEEE00800B1E6EEC107EFA0DA20B07F
:10487000EB20A2A001251A0B22A1021DF0CD03AD51
:1048800005BD0681A7EEE0080007EA02862B00813D
:10489000DFEEE043118A444804561401D1FCEEC116
:1048A000FCEEA1FCEEB2A14C8100EFE0080030A3C9
:1048B00020657CFF164A00AD03E53101822202AD7E
:1048C0000307E802462100257DFF8822AD0327E883
:1048D00002C61F00E590FF8822AD0317E802C61E3E
:1048E00000A5A1FF8832AD03168807E5A9FF88421D
:1048F000AD0316780725BAFFB85230A32065C8FF6C
:104900008852AD0316C806A5D1FF7CB891E3EE80AE
:10491000841097981291D1EEA1E1EEC02000880991
:10492000A08810C020008909C02000880491DCEE16
:1049300090881091DCEE908820C0200089041B3301
:104940003C1447130206CDFF0C0246CBFFA57AFFAD
:1049500086DDFF00258FFF06DFFF000000A57FFF3B
:1049600006E0FF0065A9FFC6E0FF00000025BAFFD2
:1049700006E1FF00E5D1FFC6E3FF000036410081FC
:10498000CEEEE0080021C9EE7CFBAD0281B1EEE085
:10499000080031C7EE420321DC4441C6EE48144012
:1049A000A420E59602AD0442A001258502424321E0
:1049B00081C2EEE00800AD0281A7EEE008001DF024
:1049C000368100303074B682278191EEE00800B164
:1049D000BCEE22A091F1B9EEC1BBEE226100A0DADB
:1049E00020B0EB200C1A25030B22A1021DF00000C1
:1049F0000081B1EEE0080041ADEE7CFBAD04819496
:104A0000EEE0080081ABEE303074B642408808D04A
:104A100022112A28C02000884292AF00C0200089BD
:104A200061C020008861908810303820C020003993
:104A300061C020003861C020003942819FEEE0084B
:104A400000AD048184EEE008000C0246E7FF880810
:104A5000E022112A28C020008882919BEEC020000D
:104A60008971C020008871803311908810303820FF
:104A7000C020003971C020003871C0200039820682
:104A8000EEFF0000366100303074B642278160EEE0
:104A9000E00800B18BEE22A0FAF18CEEC18AEE2282
:104AA0006100A0DA20B0EB200C1AE5F60A22A10280
:104AB0001DF00000008180EEE00800417CEE7CFBF0
:104AC00040A4208163EEE00800B179EE8BA21623AA
:104AD00004980BE08A118A99C0200088090C2CC028
:104AE0008820C020008909C0200088097CDCC0889B
:104AF00010C020008909C0200088090C4CC0882003
:104B0000C020008909C0200088097CBCC08810C072
:104B100020008909880B0C1B001240009BA1E0CAF1
:104B200011C0200092681FCAC8C02000C80C37EC12
:104B300046C0200022281E209920C0200092681E16
:104B4000E0AA11AA88C0200028089164EE902220D3
:104B5000C020002908C0200028080C19902220C07D
:104B6000200029088155EEE00800AD04813AEEE00E
:104B700008000C0206CEFF0092C228E099119A9814
:104B8000C02000C809D152EECB22D0CC20C02000DA
:104B9000C909C02000C809D14FEE001240002BA166
:104BA000D0CC10C02000C909C02000C809D14AEEED
:104BB000D0CC20C02000C909C0200022681FC0201E
:104BC00000B2281E202B20C0200022681EC6DBFF5A
:104BD000366100B64222810EEEE00800B139EE22C5
:104BE000A112F13FEEC137EE2901DD0AED0BA2A0C3
:104BF0000165E20A22A1021DF0812FEEE0080031DA
:104C00002BEE7CFBAD038112EEE008008129EE8BD8
:104C1000228808E022112A88C02000280892A0805B
:104C2000902220C020002908C020002808912BEEE7
:104C3000902220C020002908C0200028080C2990BC
:104C40002220C020002908C0200028087CD99022FA
:104C500010C020002908C0200028080C49902220FC
:104C6000C020002908C0200028087CB9902210C06C
:104C7000200029088111EEE00800AD0381F6EDE087
:104C800008000C02C6DBFF0036610042C2FCB644DD
:104C90002681DFEDE00800B10AEE22A153F111EE0A
:104CA000C109EE226100B0EB20A0DA200C1AA5D6D3
:104CB0000A22A1021DF00000B6231D81D5EDE008F7
:104CC00000B1FFED22A1542901F106EEED0BDD0A42
:104CD000C106EE46F5FF00000081F7EDE008004157
:104CE000F3ED7CFBAD0481DAEDE0080081F1ED2B02
:104CF000228808D022112A28C0200088127C79300E
:104D00003004908810D03311303820C02000391280
:104D100081EAEDE00800AD0481CFEDE008000C026F
:104D200006E4FF00366100303074B6422781B8EDEA
:104D3000E00800B1E3ED22A167F1ECEDC1E2ED2264
:104D40006100A0DA20B0EB200C1AE5CC0A22A10207
:104D50001DF000000081D8EDE0080041D4ED7CFB9F
:104D6000AD0481BBEDE0080081D2ED8B228808E024
:104D700022112A28C0200088027C793030049088D3
:104D800010D03311308820C02000890281CBEDE0A3
:104D90000800AD0481B0EDE008000C0206ECFF0055
:104DA000368100B68222819AEDE00800B1C5ED227D
:104DB000A183F1CFEDC1C3ED2901ED0BDD0AA2A066
:104DC0000165C50A22A1021DF0B6431C8191EDE0E8
:104DD0000800B1BBED22A1842901F1C5EDED0BDD89
:104DE0000AC1C4ED86F5FF000081B3EDE0080021A3
:104DF000AFED7CFBAD028196EDE0080081ADEDA149
:104E0000BEED8808303014C0200092283080330175
:104E1000A09910C02000926830C02000922830A1D4
:104E2000B7EDA09910303920C02000326830C02082
:104E30000032283091B3EDC020003971C020003815
:104E400071903310C020003971C02000387191ADCD
:104E5000EDC02000326830C020003228309033107E
:104E6000C02000326830C0200032283091A7ED9079
:104E70003310C02000326830C0200032283091A3A7
:104E8000ED903320C02000326830818BEDE00800C7
:104E9000AD028170EDE008000C0246CAFF00000080
:104EA0003661003030744040F4B642248159EDE060
:104EB0000800B183ED22A1F9F196EDC182ED2261E6
:104EC00000B0EB20A0DA200C1AE5B40A22A1021DE2
:104ED000F06177ED8B521623098806E095119A88C8
:104EE000C020009808908035F098118A99C09911D7
:104EF00047B91A8147EDE00800B171ED22A1FC2904
:104F000001F183EDED0BDD0AC183ED06EEFF816A51
:104F1000EDE00800A166EDB2AFFF814DEDE00800C5
:104F200022C2286806E022112A26C02000880292A8
:104F3000AE00404084908810408820C02000890244
:104F4000C0200042261E0C120015400022A1402263
:104F500020C0200022661E8158EDE00800A153ED1C
:104F60000C02813CEDE00800C6D8FF008153EDE063
:104F70000800A14EED7CFB8136EDE0080048067C80
:104F8000E2C0200062241E00154020228160221011
:104F9000C0200022641E46EFFF0000003661005072
:104FA0005074B6821A811AEDE00800B145ED22A2D4
:104FB0000B2901F159EDED0BDD0AC142ED8606002A
:104FC000B623218113EDE00800B13DED22A20CF1E2
:104FD00052EDC152ED2901ED0BDD0A0C1AA5A30A11
:104FE00022A1021DF0A1C6ECB1C7EC40C42081CCC7
:104FF000ECE0080007EA1C8106EDE00800B130EDA6
:1050000022A20E2901F144EDED0BDD0AC145ED06AA
:10501000F2FF000081FEECE094119A889808A11E2E
:10502000ED7CB8808910A79812A10CEDB11CEDC0E1
:105030002000880AB08810C02000890AC02000889B
:1050400009A117EDA08810A117EDA08820C02000AD
:105050008909FC63B6420E81EEECE00800B118ED60
:1050600022A21286D2FFB2A00240A4206575FFD012
:1050700082112110ED30D3208A22B822CD05AD0453
:1050800081F1ECE008000C02C6D5FF00F6420E816B
:10509000E0ECE00800B10AED22A21686C4FFB2A03F
:1050A0000140A420E571FF3103EDD02211202380BF
:1050B000B832CD05AD04811BEDE0080086F1FF009C
:1050C00036E100A58BFFD22204C822B802A812D074
:1050D000D104A5ECFFA9919CFA81CDECE00800B1C8
:1050E000F8EC32A2AEF110EDC111EDDD0A3901ED9F
:1050F0000B0C1A65920A28911DF0381272020052A8
:10510000020D30407466175362C4FC3D07B6460377
:1051100068913D0630307456330581BDECE00800DF
:10512000B1E8EC22A238F102EDC1E6EC2901ED0B69
:10513000DD0A0C1A258E0A81B6ECE00800B1E0EC1D
:1051400022A2AFF1F9ECC10CEDDD0A2901ED0B0C47
:105150001A658C0A92A102999146E6FF62A0FC882A
:10516000916033100C163086833D0846E9FF4A35BE
:105170000C863726030C13DCA581A5ECE00800B1F2
:10518000D0EC22A2392901F1EAECED0BDD0AC1E9EC
:10519000EC46E7FF0062020CDC96819DECE0080023
:1051A000B1C8EC22A23A2901F1E2ECED0BDD0AC113
:1051B000E2EC06DFFF985282022899B189A1EC67E0
:1051C0008D079083839CF898A19CB98191ECE008AD
:1051D00000B1BBEC22A23D2901F1D5ECED0BDD0ABB
:1051E000C1D7ECC6D2FF000081B4ECE00800A1AF4B
:1051F000EC7CFB8197ECE0080091D1EC0C1AC0200C
:1052000000322930A03320C02000326930384207F4
:10521000E30286970099618174ECE008009861319F
:10522000C9EC81B5EC303A82C02000A22930B1C669
:10523000EC80AA10C02000A26930C02000A2293052
:10524000B0AA20C02000A26930C02000A22930B13D
:10525000ACECC02000A9F1C02000A8F1B0AA10C099
:105260002000A9F1C02000A8F1B1A6ECC02000A246
:105270006930C02000A22930B0AA10C02000A26965
:1052800030C02000A22930B1A0ECB0AA10C020008C
:10529000A26930C02000A22930B19CECB0AA20C085
:1052A0002000A2693099618184ECE00800A17FECC4
:1052B0008169ECE00800A1A5EC9861390A5607263F
:1052C000920220E862C8729961C26107E2610881B6
:1052D0007AECE00800A175ECB2AFFF815DECE0086C
:1052E00000A197EC8B74E077117A7AC02000B807A0
:1052F000D176ECC02000B26110C02000B221108035
:105300006611D0BB10606B20C02000626110C0200D
:1053100000622110505034C020006907C02000688E
:105320000700B511518BEC7C7D505610B05520C054
:1053300020005907C0200058070C26605520C020C7
:10534000005907C0200058077CD6605510C02000C7
:105350005907C0200058070C46605520C02000594E
:1053600007C0200058077CB6605510C020005907C0
:10537000B20229C020005807B06004D06611D05591
:1053800010606520C0200069079861C871E881AC91
:105390002B52C428E0551178925A5AC02000680553
:1053A000B16DEC707094707711B06610706620C0AB
:1053B00020006265008B54E055115A5AC0200068E5
:1053C000051C07706620C02000690572022AC020F3
:1053D00000680582AFBF707004A0771180661070FE
:1053E0006620C020006905C020006805C0C004B068
:1053F0007C11C2AFDFC0C61070CC20C02000C90530
:1054000028A1C0200068058154EC207004B0770109
:10541000806610706620C02000690542C42016E234
:105420000D68B1E0E0046033C2309982614CECA0B9
:105430007E016099A2E14AECC02000680590954188
:105440009033C0E0E61070EE203030F4009911E0A7
:105450004411C02000E9053099204AAAC0200099D3
:105460000A8115ECE00800A111EC81FAEBE00800DC
:105470008620FF00C02000322930811FECA11FECE4
:10548000803310C02000326930C02000322930A0A3
:105490003310A112ECA03320C02000326930C020AC
:1054A00000322930A117ECC0200039E1C0200038BB
:1054B000E1A03310C0200039E1C0200038E1A11183
:1054C000ECC02000326930C02000322930A03310F7
:1054D000C02000326930C02000322930A10BECA07E
:1054E0003310C02000326930C02000322930A107BB
:1054F000ECA03320C0200032693031B5EB0669FFE3
:10550000C0200038056116ECE04411603310C02063
:1055100000390588A14AAAC02000890A46D0FF00A8
:105520000026170286F3FED20216C2120A9961C93A
:1055300071D98181E1EBE00800A1DCEB7CFB81C447
:10554000EBE0080098612B74D077117A79C02000C5
:10555000A807B2AF00C02000A26111C02000A221A4
:1055600011505034B0AA10606A20C020006261114E
:10557000C02000622111A1FBEBC020006907C02000
:10558000006807805501A06610505620C0200059C1
:1055900007C0200058170C26605520C0200059175E
:1055A000C0200058177CD6605510C020005917C085
:1055B000200058170C46605520C020005917C02005
:1055C0000058177CB6605510C020005917C0200045
:1055D00058170C86605520C020005917C871C0208C
:1055E000005807C0C0E4001640006CA1C1DFEB6C9E
:1055F000FAC0C51060CC20C02000C907C0200058E8
:1056000017D881C02000526112C02000522112B070
:105610006D11D1D6EBD0D51060DD20C02000D26155
:1056200012C02000522112C020005917620217C078
:1056300020005817606004C06611A0551060552006
:10564000C020005917C020005817615AEBB1C8EBB1
:10565000605520C020005917A20218C0200058072A
:10566000A06004406601B05510605520C02000596C
:105670000716CADEC02000580761B8EBC0200052F0
:105680006113C0200052211342C420505074503383
:10569000C25872E044115033C25202204A99305528
:1056A0008248926055A24040045055415033C0F0AA
:1056B0003311F055013030F4303520C02000390965
:1056C000C02000380751ABEB304401503310403359
:1056D00020C020003907C661FF000000366100CD00
:1056E00002DD03BD04ED05EC528149EBE00800B199
:1056F00074EB82A2CBF1A1EBC1A2EBDD0A8901A27E
:10570000A001B0EB2025310AA2A1022D0A1DF00054
:105710008168EB820820163802813DEBE00800B179
:1057200068EB82A2CCF195EBC197EBA0DA20826105
:10573000000C1AED0B252E0A7CFA46F3FF815DEB77
:10574000A808A5EC0886F0FF368100B682258130D6
:10575000EBE00800B15BEB22A3FAF18BEBC159EB54
:10576000DD0A2901B0EB20A2A001E52A0A52A1021C
:105770002D051DF06186EBE072117A86980852A122
:105780000356B9FE92A400909410FC69B2A09C0C40
:105790001A896199718184EBE0080088617A56A9C1
:1057A0000858059871FC35811AEBE00800B144EB0C
:1057B000C179EBDD0AED0B0C1AE5250A52A1014671
:1057C000EBFF0000C173EBB2A09C0C1A8261069241
:1057D00061078176EBE00800C6EFFF000C08B865B2
:1057E0008955294589058915892582550682450EE1
:1057F000826523879B2749758719028623000C3C05
:10580000BD090C1A816BEBE00800A9657A565805B2
:105810000C0DA865CD0DBD0D81DCEAE008007A56BF
:1058200088050C0B0C15305B8350907452281EB702
:105830009515B71912AD0389619971815EEBE00886
:105840000088619871A2681E7A8658080C1A822511
:105850001F56F80516C9058875A7E84430B320819E
:1058600052EBE008007A66A2651F580662251F56B3
:10587000E60381E7EAE00800B112EBC147EBDD0A7D
:10588000ED0BA2A00125190A7CF586B8FF0C3ED2CB
:10589000C520CD0B0C1A8148EBE0080086DAFF002A
:1058A00000C13BEBBD038141EBE0080046EDFF008A
:1058B00000326520613AEB60A6208140EBE00800F1
:1058C00031FCEA520320ACE552032042A001001251
:1058D000400044A150442042432052A00060A62032
:1058E0008138EBE008006509FFB64225B2C2FCAD85
:1058F00003A5A71D069EFF00D12AEBA12AEB40C4F9
:105900002030B32065DDFFA05A2016AAFB06F3FF66
:105910000000BD02AD03E5C105C694FF368100500D
:10592000507459618D033D04B6422481B9EAE00800
:1059300000B1E3EA22A45EF123EBC1E2EA2901ED22
:105940000BDD0A0C1A250D0A22A102460B000000ED
:10595000410FEBE052115A44680456060281ACEA4A
:10596000E00800B1D7EA22A45FF116EBC117EB29DA
:1059700001ED0BDD0A0C1A250A0A7CF21DF0DC98F9
:1059800081A4EAE00800B1CEEA22A4602901F10D69
:10599000EBED0BDD0AC1FAEA46F6FFE6131A819C2D
:1059A000EAE00800B1C7EA22A4612901F106EBEDA3
:1059B0000BDD0AC106EB46E2FF4876A7644A5104B4
:1059C000EB7104EB5A580C1457B7010C045102EB5D
:1059D000A103EB5A580C1757BA010C077044200763
:1059E000E42641FFEA51FDEA4A4847B51B8188EAAF
:1059F000E00800B1B3EAC1FBEADD0AB0EB20A2A0E7
:105A00000165010A06D0FF000051A9EA8B42780522
:105A10004971E044114A77C0200078077CFB707020
:105A200035F0A7117A7AA866C0E7118941E951815A
:105A300055EAE00800E8518841E7A302061D00BDD1
:105A400008CD0E0C0DAD0281E8EAE00800E8510C2B
:105A50000BAD02D04711E033C0A52CFFCD040C1BC9
:105A6000AD02E543FF8841A077117A7879560C079B
:105A7000391679064926AD020C1BA500FF98610C6A
:105A80000292460D27990246BCFF48055871A86648
:105A9000E035113A347CFBC020003803813AEAE05B
:105AA0000800A866DD02CD02BD028137EAE00800E9
:105AB00006B2FF000C0DCD03BD08AD0281CBEAE0BC
:105AC0000800780598154A47C020007804F0421174
:105AD0002A44C044113A44707504E044114A491004
:105AE0007711C0200079040C044916C6E1FF0000BC
:105AF0003641003C090C08272911813FEAE02211B8
:105B00002A2828027CF8208830808F052D081DF077
:105B100036610020A220A5FDFF563A02813DEAE051
:105B20000800B1B3EA22A01EF1B1EAC1B2EA29012C
:105B3000DD0AED0B0C1A25EE0922A1021DF0000072
:105B400031AEEA7CFBAD038142EAE00800812AEA3B
:105B5000E022112028802222009228139712058229
:105B6000281487921291A5EAA14DEAC02000886905
:105B7000A08810C02000896991A2EAA1BDE9C020D7
:105B800000822941A08820C02000826941D0821172
:105B90002088C0D02811819BEA2A889808A818C0BC
:105BA000200028098828A02220C0200029090C32C2
:105BB000C02000A8090018400082A17CF280223099
:105BC000A02210C020002909AD038122EAE00800CC
:105BD0000C0286D9FF00000036610020A22025F1CA
:105BE000FF563A02810BEAE00800B181EA22A028C0
:105BF000F186EAC180EA2901DD0AED0B0C1AA5E164
:105C00000922A1021DF00000317CEA7CFBAD03817A
:105C100010EAE0080081F8E9E022112A2828029120
:105C200079EAD082112088C0D088118A892808A8F2
:105C300018C0200098027CF8A08830908810C020FE
:105C4000008902816FEA9182E9C02000222841ADDB
:105C500003902210C0200022684181FEE9E0080084
:105C60000C0286E7FF00000036610020A22025E834
:105C7000FF563A0281E7E9E00800B15DEA22A05947
:105C8000F163EAC15CEA2901DD0AED0B0C1AA5D823
:105C90000922A1021DF000004158EA7CFBAD0481FD
:105CA000ECE9E0080081D4E9E022112A28A802BD2D
:105CB00003659A05AD0481E7E9E008000C0286F46B
:105CC000FF000000366100AD0265E2FFEC1A81D0F2
:105CD000E9E00800B147EA22A077F14DEAC145EAC0
:105CE0002901DD0AED0BA2A001E5D20922A1021DC6
:105CF000F03141EAB2AFFF30A32081D5E9E00800DE
:105D000081BEE9E022112A2828021C4887922491AA
:105D1000D3E9A2A100C020008809A08820C02000EB
:105D20008909C02000822900A2ADFFA08810C020F0
:105D300000826900D082119133EA2088C0D0881196
:105D40008A8998489C2928087CF8C02000A80290DD
:105D50008830A08810C020008902AD0381BEE9E030
:105D600008000C02C6E1FF00366100AD0225D8FF35
:105D7000EC1A81A7E9E00800B11EEA22A08BF12508
:105D8000EAC11CEA2901DD0AED0BA2A001A5C809A0
:105D900022A1021DF03118EAB2AFFF30A32081AC7E
:105DA000E9E008008195E9E022112A2828029115EE
:105DB000EAD082112088C0D088118A8998589C29FD
:105DC00028087CF8C02000A802908830A08810C065
:105DD00020008902AD03819FE9E008000C0246EC37
:105DE000FF0000003661008106EAA10BEAC0200036
:105DF00098D8A09910A109EAA09920C0200099D8AC
:105E0000C020009898A1DBE9A09910C020009998C3
:105E1000C020009898A2AF00C020009931C0200097
:105E20009831A099100C1AA09920C020009931C077
:105E300020009831C0200099981DF000364100AD37
:105E400002BD03F0831191EEE9DC32C02000C85995
:105E5000000840C0C091C0C0142552002D0A1DF09A
:105E6000C02000C8E9C6F9FF36610007E202C62B70
:105E7000000C9437B4298166E9E0080021ECE9B10F
:105E8000E9E9291122A0F2F1E6E9C1E7E92901DDFA
:105E90000AED0B0C1A25B80922A102C62100000048
:105EA0004117E9E08311804480422400AD0425C6F7
:105EB000FFAC1A8157E9E00800B1DAE922A0F4F159
:105EC000D8E9C1DBE92901DD0AED0B0C1AA5B409FB
:105ED0007CF206140000B2A00340A420A5D8FF164F
:105EE000EA00814BE9E00800B1CFE922A0F546F3D2
:105EF000FFAD0465E7FF9C0A8146E9E00800B1C9EF
:105F0000E922A0F6C6EDFF000000AD0465DBFF8CC2
:105F1000EA813FE9E00800B1C3E922A0F786E7FF84
:105F20000017E2040C021DF0000C9237B215813804
:105F3000E9E0080021C0E9B1BBE9291122A0FA0675
:105F4000D1FF000021EEE832C30AE0331130328085
:105F5000222300AD02A5BBFF8CEA812DE9E00800F9
:105F6000B1B1E922A0FC46D5FF00B2A00320A220D7
:105F700065CFFF16EA008126E9E00800B1AAE92210
:105F8000A0FD46CEFFAD0225DEFF9C0A8121E9E09F
:105F90000800B1A4E922A0FEC6C8FF000000AD02BF
:105FA00025D2FF16DAF7811AE9E00800B19EE9224E
:105FB000A0FF46C2FF00000036810042A00927B4BE
:105FC0002A8113E9E008002199E9B196E9226101EB
:105FD00022A140F199E9C194E9226100DD0AED0BAB
:105FE0000C1A65A30922A1021DF00000B643168118
:105FF00008E9E008002191E9B18BE9291122A141CA
:10600000C6F3FF00000020B220A2A001A5E5FF41D9
:106010007AE97CFBAD04810EE9E008009179E9A101
:1060200054E9C020008809F02211A08810C0200087
:106030008909C020008809C020008971C02000A8FB
:106040007182AF0080AA100C1880AA20C02000A97D
:1060500071C020008871C0200089090C38C0200060
:10606000B85900124000A8A17CF8A08830B0881070
:106070000012400023A1208820AD04C020008269C6
:106080000581F4E8E008000C0AE5D8050C0286D585
:10609000FF000000364100A16AE9816BE9E00800D9
:1060A0002583082155E97CFBAD0281E9E8E0080081
:1060B0008154E9A167E8C020009848A09910C02049
:1060C000009948C020009838A15FE9A09920C0201D
:1060D000009938C020009838A166E8A09920C02017
:1060E00000993820A22081DBE8E008000C021DF0B6
:1060F0003661002153E982220056880281C5E8E01A
:1061000008002153E9B147E9226101F150E922A1D8
:1061100081C145E9226100DD0AED0B0C1AA58F094A
:1061200022A1031DF0657B08AD02814AE9E0080069
:106130000C0246FBFF00000036810032A00927B3A5
:106140002A81B3E8E008002139E9B136E92261018A
:10615000F142E922A18CC134E9226100DD0AED0B94
:106160000C1A658B0922A1021DF0000065F2FFBD2B
:1061700002A2A00065CCFFBD0A0C0AE5CB05411EBA
:10618000E97CFBAD0481B2E8E00800311DE9913003
:10619000E8C020008843BD02908810C020008943D9
:1061A000C0200088339127E9C2C11C908820C020FC
:1061B000008933912FE8C0200088330C0A90882092
:1061C000C02000893325B905C02000822342211355
:1061D000E9AD04208820C02000826342C0200082F4
:1061E0002342211EE9208810C02000826342819949
:1061F000E8E00800A5EFFF2871C6DAFF366100422B
:10620000A00927B42A8182E8E00800210AE9B10543
:10621000E922610122A1D5F112E9C103E92261005D
:10622000DD0AED0B0C1A257F0922A1021DF00000EA
:10623000B643138177E8E00800210AE9B1FAE829BA
:106240001122A1D6C6F3FFBD020C2AE5C1FF41EA27
:10625000E87CFBAD04817EE8E00800A5B8FFA1E87A
:10626000E8F022110C38C02000B8EA001240009873
:10627000A17CF8908830B088100012400023A12043
:106280008820C0200089EAAD048172E8E008000C93
:106290001A65B8050C0286E4FF0000003681000C88
:1062A000088951879426815AE8E0080021F0E8B176
:1062B000DDE8291122A218F1ECE8C1DBE82901DDB3
:1062C0000AED0B0C1A25750922A1021DF00C982766
:1062D000B815814FE8E0080021E6E8B1D2E82911BD
:1062E00022A21906F4FF00002633148149E8E008D1
:1062F0000021E0E8B1CCE8291122A21DC6EDFF0083
:10630000BD020C1A65B3FFBD0A0C1AE5B205655C47
:106310000831B9E87CFBAD03814EE8E0080081D686
:10632000E8A2C1189808881899618971657F05816C
:10633000B4E8A1C4E8C0200098C8BD02A09920C05C
:10634000200099C8C0200098C8A1C9E7C2C114A004
:106350009920C0200099C80C1AE59F052D0A8C2AA7
:106360007CF8895130A320813BE8E00800E556081D
:1063700032210532640046D4FF000000364100E0BF
:10638000521161BEE84A85F088118A868218008C15
:10639000282D081DF0A57509661A1920B22040C4E1
:1063A000202578092D0A4A55F055115A56225500D4
:1063B000C6F7FF0000E551087190E8B2AFFFAD07E6
:1063C0008124E8E008000C1DCD04BD03AD02A5A8A2
:1063D000052D0AAD07811FE8E0080025500806F1E9
:1063E000FF00000036410031A6E848027CFB30A3E4
:1063F000208117E8E00800E084118AA3983A0B99FD
:10640000993A564905B82ADC0BD19EE8C19FE8A10C
:106410009FE8B2A24F8124E8E00800992AA8126CF4
:10642000FBC02000922AF24A88B09910F08811C06F
:106430002000926AF24A889196E8E088118A89A839
:10644000080C1465E400AD038103E8E008008C64E7
:10645000AD028190E8E008001DF00C0486F9FF0011
:10646000364100480238128B547CFB50A52081F83D
:10647000E7E00800E083118A8438B80B3339B8FCB0
:10648000139868DC09D184E8C185E8A180E8B2A24C
:10649000888105E8E0080039680C13AD0581EDE757
:1064A000E008008CB3AD02817BE8E00800AD046534
:1064B000F3FF1DF00C0346F8FF00000036410038E2
:1064C000027CFB42C314AD047803681381E1E7E06A
:1064D000080088437CE99088100C05AD045933828C
:1064E000630481DCE7E00800A812571A336513083B
:1064F000B2AFFF40A42081D6E7E00800F0961188F3
:10650000176A99A099119A88C020006848C0200095
:1065100059487CF5C020005958AD0481CEE7E00809
:106520000020A220815CE8E0080030A32025F3FFD2
:1065300022A0001DF000000036410038027CFB4222
:10654000C314AD047803681381C2E7E008008843F0
:106550007CD99088100C05AD04592382630481BD59
:10656000E7E00800A812571A36A50B08B2AFFF40A3
:10657000A42081B7E7E00800F0961188176A99A077
:1065800099119A88C0200062281CC0200052681C03
:106590007CF5C0200052681DAD0481AEE7E0080024
:1065A00020A220813CE8E0080030A32025EBFF2258
:1065B000A0001DF036A10039A158A10C030C174D05
:1065C000032047835037833034203981AC43819096
:1065D000E7E00800B134E822A087F131E8C132E8F1
:1065E0002901DD0AB0EB2070A720E5420922A102B3
:1065F0001DF0000042020888814040040C334083B3
:106600009338124D0856D303C1A7E70C252CCB7045
:10661000A72050482081E5E7E008005D0A6D035699
:10662000DA05817BE7E00800B11FE822A08FF11CAA
:10663000E8C11EE8DD0A2901ED0B70A720A53D0980
:1066400022A10146EAFF68815D06661332C195E723
:106650002CCBAD0330482081D5E7E008006D0A5807
:1066600081DCBA816BE7E00800B10EE822A093DD7F
:106670000A2901F10BE8ED0BC10EE8AD0306EFFFAF
:106680009802997116092E32290056B3048160E7E9
:10669000E00800B104E822A098F101E8C106E82969
:1066A00001ED0BDD0A0C1A2537090C0722A1028C1B
:1066B0007550A52081F8E7E0080016860060A62046
:1066C00081F5E7E008008C33AD0365D9FF16F7F1DB
:1066D000AD0725D1FFC6C5FF00887128124848279D
:1066E000941B814BE7E00800B1EFE722A099290154
:1066F000F1ECE7ED0BDD0AC1F0E7C6E9FF00280386
:106700007CFB8B7270A7208152E7E008004813AD34
:1067100007E044114A2248B21B4449B2814EE7E0E7
:1067200008009C3559230C0229453CF2295521E9E2
:10673000E73905298528A159029C3669330C1229AD
:10674000463CF2295621E4E7390638A12986690337
:1067500048A121DBE7380429230C022933C6A3FF13
:1067600000C150E7B2A040A2A0018190E7E008007C
:10677000A07A20EC6A8126E7E00800B1CAE722A0EF
:10678000A3F1C7E7C1CEE7DD0A79112901ED0B0CB2
:106790001A65280922A10106C5FF000000A1B8E77B
:1067A000B2AFFF812BE7E0080091B5E7222902563E
:1067B000B20B792991C3E72907992791B5E72937C2
:1067C000A809A5A300BD024BA7A5850598171C0A1B
:1067D000C020002229F2A02220C020002269F22D30
:1067E00007A1A7E7983A1B99993A811AE7E00800B0
:1067F0008861CC68AD0781A7E7E0080092C2180C59
:10680000089961899188910C19A658010C0982A0F8
:1068100000A2A001408A9390881082610B5648051F
:10682000166400AD02E5BBFF28710C187D020B2831
:10683000202820208F050C190C02402993202810B5
:1068400022610656A2F116741281F1E6E00800B149
:1068500095E722A0B7F192E7C19CE72901DD0A493B
:1068600011ED0B0C1A251B0922A1050690FF88814A
:106870008961C6DAFFC10BE7B2A01CA2A001814B5F
:10688000E7E00800A03A20EC7A81E1E6E00800B1F8
:1068900085E7989142A0A6F182E7C18AE7DD0A99CF
:1068A0002139114901ED0B0C1AE516097D0286B854
:1068B000FF008BC2AD0C7CFBC95181E5E6E008000E
:1068C0008861C851780856B708989139089913918A
:1068D0007CE77963290399537D038861AD0C98584F
:1068E0001B99995881DCE6E0080098B116C906A109
:1068F00064E77CFB81D7E6E008003802A161E7E0AD
:1069000033113A3A98331B9992630381D2E6E00837
:106910000092C714AD097CFB995181CDE6E00800D7
:106920003847985130A410CC5A30442049474D0A7A
:1069300090A92081C8E6E0080016740070A7202501
:10694000B2FF7871389188611B334B883991896126
:106950003D07C6ABFF888189B146DFFFAD03814D9E
:10696000E7E0080046EAFF0078713D078D0706AFB3
:10697000FF0C1230248320207416B200A2A00170F4
:106980004A934040745694D9D151E7C151E7A13F91
:10699000E7B2A0B881C5E6E008000000366100ADAE
:1069A00002EC32819BE6E00800B13EE782A0E6F10E
:1069B0004BE7C13DE7DD0A89010C1AED0BA505097E
:1069C000A2A1022D0A1DF0008882E0080086FCFFCB
:1069D000366100562202818EE6E00800B132E722DD
:1069E000A0F2F13FE7C130E72901DD0AED0BA2A0DB
:1069F0000165020922A1021DF02802281229030CB8
:106A00000286FCFF36810039614971EC228180E603
:106A1000E00800B124E722A0FDF132E7C123E72915
:106A200001DD0AB0EB20A2A001E5FE0822A1021DB3
:106A3000F042220532A03F3714278175E6E00800B6
:106A4000222205B118E72911F127E722A0FEC1266D
:106A5000E72901ED0BDD0A0C1AE5FB0822A103066C
:106A6000F3FF680258423871480656250AD61305C6
:106A700058168814F045115A44A044114A88C02081
:106A8000004228180C15504420C02000426818C04D
:106A900020004228187CE5504410C02000426818AD
:106AA00042A0A04A88C02000582862AFC03040549D
:106AB000605510404520C02000492839520C02067C
:106AC000DBFF8B84AD087CFB89510C158161E6E00E
:106AD0000800784400134000A5A1A097108851CC6D
:106AE00059A0772079445D09AD08815AE6E0080095
:106AF00016C5F78147E6E00800B1EAE622A1213990
:106B0000112901F1F8E6ED0BDD0AC1F8E686D1FFA7
:106B10005861D6030668168814F046116A44A044EA
:106B2000114A88C0200068080C14406620C020006C
:106B30006908C0200068087CE7706610C020006902
:106B400008C02000722812A2AFC0306054A0771095
:106B5000606720C020006268120C06504693C02077
:106B60000058086CF6C04411605510404520C02004
:106B700000490806D1FF8B947CFBAD099951813403
:106B8000E6E0080088540C1700134000B7A1B0A835
:106B9000109851CC5AB0882089547D0AAD09812DB6
:106BA000E6E0080016D7F606D2FF00003661005670
:106BB00032028117E6E00800B1BBE622A12AF1CC3F
:106BC000E6C1B9E6226100A0DA20ED0B0C1AA5E4BB
:106BD0000822A1021DF048523CF3379424810CE6B0
:106BE000E00800B1B0E622A12BF1C1E6C1C2E6295E
:106BF00001DD0AB0EB20A2A001E5E10822A10346D5
:106C0000F4FF6802584238065615059624028B5345
:106C10007CFBAD05810FE6E008007CE800144080B5
:106C200088814843AD058044104943810AE6E00865
:106C30000058163813F045115A44A044114A334203
:106C4000A0A04A33C0200048233CF5504420C02077
:106C50000049233CF339520C02C6DDFF0096340292
:106C60008B537CFB50A52081FAE5E008007CE8000E
:106C700014408088814853AD05804410495381F504
:106C8000E5E0080048163813F084114A88A08811FE
:106C90008A33C020004223123CF6604420C020000A
:106CA000426312C0200048036CF5504410C020001D
:106CB000490346E7FF00000036610056220281D4F6
:106CC000E5E00800B178E622A15EF18BE6C176E648
:106CD000DD0A2901ED0BA2A001E5D30822A1021DC6
:106CE000F0480338130BA440AA10163A0281C8E5F5
:106CF000E00800B16CE622A164F17FE6C180E649BC
:106D0000112901ED0BDD0A0C1AE5D00806F3FF008E
:106D10000026B32C1C0837381F16F30781BDE5E0A9
:106D20000800B160E622A17739112901F173E6ED7F
:106D30000BDD0AC173E646F3FF26C3670C2A66D350
:106D4000DA8802B84298088818C819F09811567B5A
:106D5000058A89A088118A8CC020009228182C0BE3
:106D6000B09920C02000926818C020009228181CFA
:106D70000BB09920C02000926818C02000922819FA
:106D8000B161E630AA11B09910A0A920C02000A2DC
:106D90006819496239720C02C6D0FF00AD033D0884
:106DA00046E7FF000C1AC6E5FF0C1BF644010C0B6E
:106DB0008A99A099119A9CC02000C809B080047CCF
:106DC0007BD0D811B0BC10D0BB20C02000B909C006
:106DD0002000B8097CBCC0BB10E08811808B20C0AB
:106DE00020008909C020008819B146E630AA11B0F8
:106DF0008810A0A820C02000A91906E5FF00000007
:106E0000364100EC722140E6380222A1029C8381C7
:106E100080E5E00800BD0AD13DE6C122E6A122E6F8
:106E2000E2A1F6813FE6E008001DF00000005802F4
:106E30008B42680581A1E5E008007CFBAD048184FC
:106E4000E5E00800A133E68816A0A3103842281513
:106E5000F092112A99A099119A8866133AC02000DD
:106E60003888212CE6203310A03320C02000398838
:106E7000C0200028883128E6302220C02000298840
:106E8000818EE5E008002D0AAD04BC628172E5E068
:106E900008000C0246E4FF0022A0802A88C02000DF
:106EA0003808211CE6203310A03320C02000390808
:106EB000C0200028083119E6302220C0200029080F
:106EC00006EFFF008164E5E00800C6D6FF00000081
:106ED0003641001C480C2B87122627B80246250095
:106EE000B10FE626821A0C88273838B2A200263263
:106EF0000FF642100C4B2612072C0BF62202B1099A
:106F0000E62D0B1DF0B2A0802652F5B108E6B65270
:106F1000EFB1CCE52662E922C2F91C080C0B20B8BF
:106F20008306F7FF0CD8B16AE58712D4273821B160
:106F300021E52692CBB2A100B692C50CB8B1FCE512
:106F40008712BDB1FCE522C2F40C0820B893C6EB51
:106F5000FF1C18B154E58712A727380822C2F08217
:106F6000A10086EDFF1C28B2A20087129322C2ED79
:106F700082A40046E9FF1CE8B1F2E58712822738B7
:106F80004E1C98B1EBE587920206DDFF2738261CE0
:106F900068B1E9E587920286D9FF4C0B87B2028679
:106FA000D7FF1C78B2A080879202C6D4FFB14AE511
:106FB00022C2E886E4FF1CC8B1E1E5879202C6CF91
:106FC000FFB1D8E527B80286CDFF0C0B46CCFF00F9
:106FD0002C380C8B87920286C9FF2738280C4B6609
:106FE000C202C6C6FF0C2BF6C202C6C4FF2C182C68
:106FF0000B87920246C2FF0C0822C2DE1C09BD08A4
:1070000020B98386BEFF2C584C0B87920206BCFF2A
:10701000B1CDE587B202C6B9FF2C68B2A0808792D5
:107020000206B7FFB1C1E582C2D90C0980B99386C7
:10703000B3FF00003641001C2982A20097122027CE
:1070400039751C08267218F6822B82A20026320F90
:10705000F642100C482612072C08F6220281B1E5F0
:107060002D081DF082A0802652F58176E5F662EFAC
:1070700081AFE546FAFF0CB381AEE53712E1273365
:10708000130C9382A1003712D681CAE42733D08132
:10709000A3E586F2FF0CD3810EE53712C281A5E588
:1070A0003732BC82A10026B2B681FEE422C2EF0CC8
:1070B0000320839306EAFF001CF8879202C624008F
:1070C0002738441C63819CE53712942733111C43F5
:1070D0000C2837128A4C0827338582A400C6DFFFAC
:1070E0001C8381FDE437920206DDFF82A08037B267
:1070F00002C6DAFF1CA30C4837920246D8FF8192E1
:10710000E522C2E5C6E9FF002C3887124E27381B5E
:107110002C192C0897920246D1FF1C0827B9024669
:10712000CFFF3C480C42308283C6CCFF2C534C0826
:1071300037920246CAFF8183E537B20206C8FF2CA8
:107140006382A08037920246C5FF8177E522C2D9CB
:10715000C6D6FF000C28308993C6C0FF1C880C825D
:1071600086F0FF003641001CE827381D1C99817A03
:10717000E597B22B0C998177E59712231C7997122A
:107180001E26321B8172E54605002C598172E59757
:10719000120D27390E2C39816DE5273902816DE5F5
:1071A0002D081DF02C69816AE59712F306F5FF00A2
:1071B0003641001CE827381D1C99816BE597B22BDE
:1071C0000C998168E59712231C7997121E26321BB1
:1071D0008163E54605002C598163E597120D273937
:1071E0000E2C39815EE5273902815EE52D081DF000
:1071F0002C69815BE59712F306F5FF003641002C00
:107200007327B310D15AE5C15AE5A15AE51C1B8179
:10721000A6E4E0080081A8E4E008004157E57CFB13
:1072200040A420818BE4E008003154E52A53520544
:107230000056950320A220E5F2FFC02000680A7DD9
:107240000AAD02E5C8FFA0A620C02000A907AD0234
:10725000E5F5FFC02000780A6D0A0C1BAD0265DD64
:10726000FF7CF8A0A83070AA10C02000A9062A232D
:1072700052C5015242008190E4E00800AD048175DE
:10728000E4E008001DF000003641002C7327B31025
:10729000D137E5C13BE5A137E51CCB8183E4E008AC
:1072A000008185E4E008004134E57CFBAD048168A1
:1072B000E4E008008132E52A883208000B333030E0
:1072C00074324800568303AD02A5E9FFC020006870
:1072D0000A5D0AAD02A5BFFF7CF8A0A83060AA1025
:1072E000C02000A905AD02A5ECFFC02000580A6D22
:1072F0000ABD03AD02E5D3FFA0A520C02000A9066A
:10730000816EE4E00800AD048153E4E008001DF064
:107310003641002C7B27BB0ED115E5C11AE5A1151E
:10732000E58161E4E008008164E4E008005112E5D1
:107330007CFBAD058147E4E00800AD0225E7FFC016
:107340002000480A3D0A0C0BAD02A5CEFFA0442048
:10735000C020004903C0200028037CF8A08830200A
:107360008810C0200089038154E4E00800AD058145
:1073700039E4E008001DF00036610241B1E3C2AE1D
:10738000F8C0200082240010B120C0200082614398
:107390008222032842AD03291122A1101A22CAC257
:1073A000890165B1008C1AA1F8E4C0200082214354
:1073B000C0200048042D0A47180581A2E3E0080018
:1073C0001DF00000366100C2A000C0BC20A2A001D8
:1073D000E5E4004D022D0ADC5A810DE4E00800B11D
:1073E000EBE4C1EBE4DD0AED0B0C1AE562081DF0DD
:1073F00032A000C22A048BF1CBE1DD03BD03326170
:1074000003E5F5005D0A371A1C8101E4E00800B1CC
:10741000DFE4C1E0E4DD0AFD05ED0B0C1AA55F0811
:107420002D0306F2FF0038312C0CBD03AD0481633F
:10743000E3E008002C0CB2D310CAA48160E3E0089A
:1074400000A82181D5E4E0080046E8FF364100B0FD
:10745000641160628032660060A62065300040449E
:1074600011C110E4A976BD04AD05E5EA00CC9A2C63
:107470000DCD06BD04AD05E5DC002D0A1DF00000B4
:1074800036410051C6E42805566205A1C5E425FE33
:10749000004D0A660A11D1C3E4C1C3E4B2A229A116
:1074A000C3E48101E4E0080020C220B2A0FF20A2D2
:1074B00020A5CF00A03A20CCBAD1BDE4C1BBE4B234
:1074C000A22E46F6FF0030A320A5D300822A032D6A
:1074D0000AAD0387340D98429A8887B40665D100B7
:1074E00029051DF0A5C4003D0A569AFD81B2E4E0CD
:1074F0000800000036410032A0100C0422C3F04006
:10750000C42030B32040A4202020F465D100CC3A20
:107510002020741DF01B332C122793DFD1A7E4C168
:10752000A7E4A1A2E4B2A17F81E0E3E008000000AB
:1075300036E100A2C110101120A5E8FFCC2A0C02F0
:107540001DF025FBFF4D0A163AFFA2C1106522006F
:10755000A2410EA2C130E52100A2410F0C1CEBB1EB
:10756000A2C110E5AE1B260AD47CF3A03330303024
:1075700004EB513A25A20200ACEAB0331122C1104B
:107580003A32B8030C0C0BBB40BBE2B2CB10C0AC20
:1075900020E5C800166AFA0C1BE5DDFF0C130C028F
:1075A000A0238320207486E5FF00A0CA20A0BA2073
:1075B000E5C60056DA00EB513A2522020016D2F752
:1075C00086EDFF000C1B25DBFF0C12567AFE86DBD6
:1075D000FF00000036C10010A120A5DEFFA04A2058
:1075E000160A0B10A120A52C003D0A660A0286216E
:1075F0000025F0FF160A08BC12B083112D018A8203
:1076000098680C0A26290C0C299968309074B629C0
:1076100007A2A1022D0A1DF000B2280040D420309C
:10762000C07410A12065E2FF06FAFF0025F0FF56A6
:10763000EA018177E3E00800B155E4C162E4A0DA31
:1076400020ED0B0C1A253D08A15EE446F1FF000079
:1076500000B0831110212092A0038A829968309093
:1076600074F629ACB808DD04CD09AD01E5DDFF569F
:107670001AFA8156E4E008008166E3E00800B143AD
:10768000E4C151E4DD0AED0B0C1AE538087CFA463A
:10769000E0FF0000A2A10546DEFF00003641000C1D
:1076A0001A25F3FF2D0A1DF03641000C0A65F2FF82
:1076B0002D0A1DF036C10042A00182A00020848363
:1076C00080807456180830848356B807581282A1F7
:1076D00006EC35682292A00F62C6F067391965E1A1
:1076E000FF6D0AAD01E5CDFFA0548350A074CC3AE4
:1076F000604A938C6482A1052D081DF00058012872
:10770000220B5522C2F06055E257121DA22108A299
:10771000CAFF60AAE2A792DC22210FA2C1202504A1
:1077200000A792D00C140603000052210710A120DC
:10773000E50200A795D5102120B044114A422864E3
:107740000C08290306ECFF0082A10246EAFF0000B4
:107750003641000C0BAD0B811EE4E008001DF0006B
:10776000364100BD020C4CA2AFFF811AE4E00800D4
:107770002D0A1DF036410020A220204220658B1BDF
:107780000C02279A0E3874AD0465FDFFA0A3C00C4F
:1077900013A023831DF0000036810042020D520227
:1077A0000C80441150442052A00957142A8118E338
:1077B000E0080032020C22020DB107E480221130F1
:1077C0002220C106E4A0DA20226100FD05ED0B0CA9
:1077D0001A652408863400008105E4E008007D0A6B
:1077E0000C09B62302C63000515DE3506AA2606501
:1077F00041E046116A44E084118A44E04411820267
:1078000010404AC0A2020F808811A0882087B73795
:10781000897181FFE2E008008871B1EFE350F8A2BE
:10782000C1F0E3F0F541E05F11FA55E095119A558A
:10783000E055115058C0DD0A492169115901ED0B7D
:10784000A2A001651D087CF9661360520212820233
:107850001180551180552022C5FF82AFFD2020F4F4
:107860008080F427384577B54221DEE3C02000222E
:10787000221007E23681E6E2E00800F138E34261D7
:1078800002F0F5A2B1D5E3F0F541E04F11FA44E082
:1078900024112A44E044114045C0C1D3E3DD0A6904
:1078A000114901ED0BAD032517087CF92D091DF0D9
:1078B000366100A2AFFF16A20120A22065EBFFA255
:1078C000410EA2C220E5EAFFA2410F0C1CEBB1ADB4
:1078D00002E5771B2D0A1DF0364100A2A00081C4ED
:1078E000E3E008002D0A1DF0366100E1C2E3422EFC
:1078F0000016C40181C7E2E00800B1BFE3C1BFE3E5
:10790000A0DA20ED0B0C1A2511080C021DF0000066
:1079100000A1BBE3CBD1A0A210A022C03AB2CD04FB
:1079200042610381B9E3E008003D0A9C9A81B8E214
:10793000E00800B1B1E3C1B3E3DD0AFD03ED0B0CD8
:107940001A650D0886F0FF0048312A2406EFFF0073
:1079500036410031A8E38C82A8038C4A818FE3E092
:1079600008000C0889031DF03641005050749C65D6
:1079700081A7E3E008008CEACD04BD03AD0281A439
:10798000E3E008002D0A1DF0CD04BD03AD0281A186
:10799000E3E0080006FBFF0036C1008129E29224E3
:1079A00037C0200078087C08C0200079F172C91027
:1079B00080771082A0019077C0808630562204FC28
:1079C000F892C12C7A690B6630F875920600306027
:1079D000F560FF3030FF30303841303F30303074A8
:1079E00037190256D80416B20070C720B2C12C2035
:1079F000A220A54F002224370C067A727264374603
:107A00000600A22400D2A00170C720B2C12CAAA9EE
:107A1000897165F5FF6D0A8871164AFA5109E2C04D
:107A2000200048F1C0200038052D0637142D8105AF
:107A3000E2E008006179E35615FE99718175E2E094
:107A40000800B176E39871C176E3DD0A9901FD0380
:107A5000ED0BA2A00125FC0706F0FF001DF00000C1
:107A6000366100207220C2A1040C0BAD078121E217
:107A7000E008002D0339074B37AD020C1D1C8CBDEF
:107A80000365EEFF2D0AFC9A16C50892071B0C1819
:107A90005D0A9058935090749C59408A83808074FA
:107AA0008CD8654200A904165A071C8CBD03E54317
:107AB0000092070482A0E942270087192216460097
:107AC0002156E31DF08152E2E00800B154E3C155B4
:107AD000E3DD0AFD04ED0B0C1AE5F30706F8FF00E1
:107AE000B2A00130A32025CBFFFC9A8207051C031E
:107AF00087B3245696FC8146E2E00800B148E322B1
:107B00000705C149E3DD0A39112901FD04ED0B0C1C
:107B10001A65F00706EAFF001C8332673786E8FF24
:107B200022A10106E7FF2D0AC6E5FF0036610052DB
:107B3000021B9CE5522237A802B2A0E05AAA0C1DF3
:107B40002C0CBAB225E2FF5D0AECDA52223752C59C
:107B5000205262372222370C0527B31D512FE3DC58
:107B600074812BE2E00800B12DE3C130E3DD0A3976
:107B700001FD02ED0B0C1A25EA072D051DF0000092
:107B800036C1007D02F22737280239D1FAF222A04D
:107B90009C2A2729C122C71CF9E129913D0F0C0617
:107BA000220705272624280727330246640098D198
:107BB00056490B8117E2E00800B118E3C125E3DD67
:107BC0000AED0B0C1A25E507062700B22109D2A001
:107BD000010C8C30A32025D9FF2D0A9C7A810CE260
:107BE000E00800B10EE3C112E3DD0AFD03ED0B0C6A
:107BF0001A65E2071DF016A400B22109C2A008AD63
:107C000004A52E0088912818209014565905910932
:107C1000E327394F8B33980839A13108E3A108E3F2
:107C20003A3937BA0A3107E33A3937BA02C6480057
:107C300088A18039303030F416831128D1EC729944
:107C40006181F3E1E00800B1F5E238A19861C1FE7D
:107C5000E2DD0A39119901FD06ED0B0C1AA5DB07CF
:107C60000601000098D18C4921ECE246E1FF2B6629
:107C700081E8E1E00800D066116A87B1E8E2F848DF
:107C8000C1EEE2DD0AED0B0C1AE5D80706F6FF009F
:107C900082210B92A0008030F40C183098933D099B
:107CA00098F13039C0003311203363161506A8B19E
:107CB000BD0365C3FFDD0A56DA0781D5E1E00800A0
:107CC000B1D7E2F8B1C1E1E2DD0A3901ED0BA2A0C2
:107CD0000165D4077CF286C6FF0090BD80A2250016
:107CE000C80BC0AA30A9059CA490A094DC5A90C3EC
:107CF000C0E0CC63AD049961D981E971E51E00E86B
:107D000071D88198614B993739CFD0AD2025C4FF08
:107D100088B13022C03A8889B15632F738C188A17B
:107D2000989128C1890338194B228B993A381B66E0
:107D300029C19991069AFF000C09E2A40086F1FF7F
:107D4000F2273728E120FFC03AFFF267370C0246DE
:107D5000A8FF000025B8FF32210AA2610F32610B93
:107D600046EDFF0036A1005136E16D02C02000282B
:107D7000050C09C0200029B18B5122A0EF291199CF
:107D80000572A102979402464400A1D4E12813276A
:107D9000BA36261616819EE1E00800B1A0E2F8137B
:107DA000C1ADE2DD0AED0B0C1AE5C607A2250016EF
:107DB0005A00B2A000651600C2A1040C0BAD0481EC
:107DC0004DE1E00800C634000028030B660C1DCD11
:107DD00009609D8320C593ED09BD02AD046D0925A1
:107DE000C8FF7D0A564AFCC8054BD1BD06AD042527
:107DF000D9FF7D0A564AFB819BE2E00800ED0AB8F4
:107E000011A805DD06CD0425B9FF7D0A56CAF9B8CB
:107E100013CD06AD0465D1FF7D0A56EAF816920629
:107E20002805164206818FE2E0080056BA052805AB
:107E30002C0CBD07CBA1812FE1E00800AD02CBB136
:107E4000A50D00C185E22C0BCBA122A0E025251BAE
:107E50002A242C0CCBB1AD028184E2E008007D0A1B
:107E6000161A02816BE1E00800B16CE2C17CE2ED20
:107E70000BDD0A0C1A25BA07C17AE22C0BAD0225DC
:107E8000221B7165E20C02226500A8058C9A0C0B7E
:107E900022A000A5080022650056F7F051E9E0C0D5
:107EA000200048B1C0200038052D0737140581E5B2
:107EB000E0E008001DF00000364100CD04BD03AD38
:107EC0000225EAFF2D0A1DF0364100A2A074816749
:107ED000E2E00800A02A2016BA00254B0A0C0BADE0
:107EE00002E54B0A8C0A0C021DF00000364100AD81
:107EF00002BD03CD04CCF2D15EE2C15EE21CEBA177
:107F00005EE28169E1E00800654B0A8C9AD15BE290
:107F1000C159E22C1B86F9FF1DF0000036410030EC
:107F2000B320561201D152E2C156E2B2A027A152AB
:107F3000E2815DE1E008009C13AD02E5490A8CAAEC
:107F4000D14FE2C14FE22CBB86F8FF0020A220A552
:107F50006A1B20A22081CFE1E00800900000000011
:107F600036610131B7E0A147E2C020002803C020FC
:107F70000022612381B5E1E008007143E238071671
:107F800053020C02A140E281B3E1E0080051ACE0F1
:107F9000C02000422123C02000322500379402C6B1
:107FA000620081A8E0E00800A2C1348141E2E0085B
:107FB0000052A090D2AF7C1A55B13AE1E2C110DA7A
:107FC000D5CD0330A3208110E2E008002D0A566AC7
:107FD00010583121D7E1412DE22A2529314A554D4A
:107FE0000357922C810BE1E00800B12DE2C12DE294
:107FF000A0DA20B0EB20A2A001E5A10722A105167E
:10800000940C38B4AD0481A3E1E008004D0346FBB5
:10801000FFC2A02020B220A2C1148168E0E00800C5
:10802000811CE292110A8080F48799020631008156
:1080300019E28080F48799AB2C0CB2C114A2C13430
:10804000811DE2E008000C1B3C0A8157E1E00800BA
:108050006D0A16EAF89110E29809990A9861993A1E
:108060009871994A920116991A920117992A98C102
:10807000909004924A250C09924A2881E4E1E00894
:1080800000EC0AA246251C0CB2C120A2C614810A2B
:10809000E2E00800EC8349B64D0622C2203D068688
:1080A000CFFF0000009201168CC9A1FCE19851A0FD
:1080B0009910A1A1E1A799CD0C1992462546F1FF8F
:1080C00098B399B669B306F4FF004907A221048169
:1080D000B2E1E008001692EA81CEE0E00800B1F0DB
:1080E000E1C1F2E1A0DA2020F220ED0B0C1AA592FA
:1080F00007C6A3FFB2C134A2C11481F0E1E00800B9
:108100001C0CCAB2A2C11481D8E1E008002D0A16E5
:108110007AFB81BFE0E00800B1E2E1C1E3E1DD0A02
:10812000ED0BA2A001258F0722A10306B4FF1DF0CD
:10813000364100561201D1E2E1C1E2E1A1E3E1B230
:10814000A06A81D9E0E008003832CCA3AD028151A9
:10815000E1E008000C021DF041CBE152A0FFAD04AC
:10816000813AE1E008003832DC43AD04813AE1E0D5
:10817000080038321643FD394238B3393246F5FF2C
:108180008802571804981397981A88125718049859
:1081900023979810A822160AFDB2C31481CCE1E0FF
:1081A0000800164AFC38B3393246EEFF364100511A
:1081B000B6E188058CD882AF018A92DC298A838C4B
:1081C000E80C021DF0A5D9FF16AAFE86FCFF0000F0
:1081D00000A2A01481A6E1E00800226A0022250086
:1081E000391A293A0C02294A492A65F4FF2D0A0650
:1081F000F4FF000036410020A2208126E1E00800C3
:108200001DF00000364100561201D1B1E1C1B1E1CB
:10821000A1AEE1B2A13181A4E0E0080028421DF046
:1082200036410020A22040C42030B320E5F7FF2DC6
:108230000A8CDA25FDFF3D0AAD028116E1E0080057
:108240002D031DF0364100DD05DC02D1A3E1C1A301
:10825000E1A19DE1B2A1C88194E0E00800A84282BA
:10826000A102373A1E5A9382A104973A16B832A84F
:1082700002220225BAB3CCF2CD0BBD048199E1E014
:1082800008008D0A2D081DF0002183E182A1062837
:1082900002279AEFCD048193E1E0080086F8FF0001
:1082A000364100BD04DD05561201D18BE1C18EE1DE
:1082B000A186E1B2A1E9817CE0E00800C842A2A168
:1082C00002373C135A93A2A104973C0BC832A80270
:1082D000CAC38186E1E008002D0A1DF0364100BDC9
:1082E00004DD05561201D17CE1C181E1A177E1B243
:1082F000A1FB816DE0E00800C842A2A102373C1357
:108300005A93A2A104973C0BC832A802CAC3817435
:10831000E1E008002D0A1DF0364100CD04DC02D159
:108320006EE1C174E1A168E1B2A20E815FE0E008F4
:10833000009842A2A1023739204A83A2A1048739BA
:10834000184080B4DC283080B4A2A102CCA8B83296
:10835000A802BAB38169E1E008002D0A1DF000000F
:10836000364100ED07CD05561201D15BE1C163E155
:10837000A156E1B2A22E814CE0E008007842A2A111
:10838000023737334A83A2A10487372B7143E18830
:10839000027807A2A10677981EA832DD06AA33A1AB
:1083A00018E13070F47AB4A0A3108117E1E008005E
:1083B000CC4A28067A2229062D0A1DF03661008D46
:1083C00002BD03561201D144E1C14DE1A13FE1B22A
:1083D000A19E8135E0E00800A84222A102373A1FA1
:1083E0005A9322A104973A17220825A808DC42C80C
:1083F00038DD05CAC340B420813DE1E008002D0A04
:108400001DF00000002124E192220022A106979A8B
:10841000EEF2C10CE2C1080C0DCD05AD0825F4FF4C
:108420002D0A56AAFDB821CD05AD048164DFE00810
:1084300000A83181D9E0E00800C6F0FF3641008194
:1084400031E14D020C0247B8226503FF883A8734B8
:1084500010384A0C193A8887B40E9D024602000073
:1084600000003A440C194738F09020741DF00000C9
:108470003641003125E127233231F2E030328030BD
:1084800030F58122E1E00800A04A208121E1E008E6
:1084900000408241A0A24187BA1D811CE1E0080092
:1084A000A0A241A7331A7CF21DF0000031E4E03AAB
:1084B0003230303186F2FF008116E1E0080086F7A5
:1084C000FFAD038114E1E008003158DF371AD6A070
:1084D000A0D400AA112020F4202A2046F2FF000098
:1084E00036410030B32020A22025F5FF565A0081E6
:1084F000B1E0E008000C121DF000000036410065FC
:1085000013001DF0364100A802CC3A81E3E0A80830
:10851000A262002101E1168A00E5B81A82A000A03B
:1085200028931DF03641000C1CBD0320A22081FBC6
:10853000E0E008002D0A1DF036410081D7E0202040
:1085400074A80816920081F6E0E008002D0A1DF0DC
:10855000A50B0046FDFF000036A10021F2E02CCC67
:1085600048020C0B22A001A2C1048162DFE00800D6
:1085700022410C2241140C5229710C0381EFE0E0DE
:1085800008000C12A0328332411481ECE0E00800B4
:108590008C9A4BA122412A81EAE0E00800A1E2E0A6
:1085A000B2C10481E8E0E008002D0AFCDA31DFE026
:1085B00030A32081E5E0E008002D0AECDA88149869
:1085C0005387B92B2151E0880222A1049CC88190D5
:1085D000DFE00800E814D853BD0AC1D5E0A1D5E01A
:1085E000E0EA41D0DA41814EE0E008001DF00000F1
:1085F00041AAE08953390446FCFF0000364100A13E
:10860000CBE0A500002D0A1DF0000000364100312E
:10861000CFE00CCC480331CEE00C0BA2C304813573
:10862000DFE0080081CCE03932892249030C021DC9
:10863000F0000000364100A2A004815BDFE00800EA
:1086400081C6E0A908CCFAD1C5E0C1C5E0A1C5E06A
:108650005CAB8195DFE008001DF000003641008131
:10866000BEE07CFBA80881C0E0E008001DF000002F
:1086700036410081B9E0A80881BDE0E008001DF0A6
:1086800036410081BBE0A8088CAA0C0DCD0DBD0DB4
:10869000813EDFE008001DF036410081B5E0A8080A
:1086A0008C6A7CFB8138DFE008001DF03641002138
:1086B000B0E088028C280C021DF00C1A813BDFE030
:1086C0000800A90256EAFE22A10186FAFF00000076
:1086D00036610010112065FDFFDCDA101120A5FBCA
:1086E000FF101120A54C0020B220101120A55D0024
:1086F000A931101120A5F8FFA8312D0A1DF0101185
:1087000020E5F7FFAD0210112025820B364100A1B4
:1087100099E0E5FBFF2D0A1DF000000036C1005175
:10872000C8DE2842C0200048050C07C0200049F1DF
:108730001602087961B2A0FFB911B901F2C11CE2B9
:10874000C118DD074C8C20A22065A7006D0A56AA2F
:1087500005A2A01C8146E0E008004D0A161A056932
:108760000A691A1C0CB2C124A2CA088153E0E008AD
:108770000062441762011C62441862013962441AA3
:1087800062013862441968138C064916681379141B
:10879000690468034913CC064903482368611B44F4
:1087A000492342011E6A44496106E2FF281286DF1E
:1087B000FF22A101C0200048F1C02000322500376F
:1087C000140581A0DEE008001DF0000036210251F2
:1087D0009CDE2842C02000480572C134C0200042FF
:1087E000613B1632100C0449A152C1F042A0FF6255
:1087F000C14C49114901F2C12CE2C1280C0D4C2C8D
:10880000B2A0FFAD02A59B00565A0B2C0CB2C12C96
:10881000AD065803816ADEE0080092C16CAD092CF8
:108820000CBD068166DEE00800BD0AA2A0AC2C0CDF
:108830001AAA8162DEE00800B2A0ACA2A0CC2C0C87
:108840001ABB1AAA815EDEE00800B2A0CCA2A08CFE
:108850002C0C1ABB1AAA8159DEE00800B2A08CA227
:10886000A0AC2C0C1ABB1AAA8155DEE00800B2A0FD
:10887000ACA2A0CC2C0C1ABB1AAA8150DEE00800D6
:10888000E201CCD201CF0CFFBCC5A2A0D4CD0F8B8E
:10889000B51AAAD961E971F261058137E0E00800F3
:1088A000D861E871F851DC2A920518E7990DA20504
:1088B0001AA73D07920519AA99972D20581586F1F8
:1088C000FF2812C6C6FF0000E2012FC2012DB2012F
:1088D0002C40F42070D72020A220E5A90098A18286
:1088E000012E9A8889A106C2FF4155DEC0200032C0
:1088F000213BC0200028042713058152DEE0080038
:108900001DF00000364100A802AC5A880A981A9C53
:108910005899189C69890988220B88826202815DB6
:10892000DFE00800C6F7FF00990246F9FF8912064A
:10893000F9FF1DF0364100A2C238A5FCFF22220A31
:1089400016720432C2FC422300F034114A43D03480
:10895000114033C0E033113A3230432047120B420A
:10896000C4ACA2C444254C0006FCFF20A3C02103D4
:10897000E0A0A24120AA822102E020AA1022AFACEE
:1089800020AA82A2CAFCAAA3E5910A1DF000000059
:1089900036C100612BDE5D02B825C020002806DD4F
:1089A00004CD03A2C510C0200029F1A5FB002D0AAB
:1089B0009CBA32A000326519C0200048F1C02000E6
:1089C000322600379402064A00811EDEE00800329B
:1089D000C53830A320E5F2FF72C5440C84768404C8
:1089E000290772C7044225041644080C0229410CC9
:1089F0000D22A0FF29112901F2C11CE2C1100C1C9B
:108A0000BD0D40A420A57B007D0A567A051CCA81B5
:108A100097DFE008002D0A161A0D790A791A1C0C46
:108A2000B2C1248BAA81A4DFE00800724217720150
:108A30001D661735820134BD02824218AD03A56759
:108A40001A820218802541E022112A2500184000D0
:108A500077A182221170782072621122011E784162
:108A60007A22C6E1FF481446DFFF7CF206D2FF00FF
:108A700032251122AFFE30221032A00130222071A7
:108A8000F4DD22651122251832651970221071F863
:108A9000DDB2C11070222022651850A5204941493D
:108AA000514961A5C7FF2D0A8C9A42651922A1017F
:108AB00006C1FF0000B2C11050A52025D1FFA221A0
:108AC00004163AEF322A00481A9C3349139C443961
:108AD0000438610B33396181EFDEE0080046F7FFAF
:108AE0004941C6F9FF395186F9FF0000A265198690
:108AF000EEFF1DF0364100A2220350D52040C420D5
:108B0000BD03E579FF2D0A1DF0000000364100A2EB
:108B1000220350D52040C420BD03257CFF2D0A1D13
:108B2000F0000000364100A832CD04BD03A57EFF51
:108B30002D0A1DF036410020A22081D6DEE008007B
:108B40001DF0000036410050803430B32040C42076
:108B500050D520A2A102CC38A8322586FF2D0A1DAF
:108B6000F000000036410050803430B32040C42073
:108B700050D520A2A102CC38A832A56CFF2D0A1D29
:108B8000F00000003641000C0889128922817DDF47
:108B900039328902CC438107DFE008001DF0000074
:108BA00036410020A22081BBDEE008001DF000005D
:108BB0003641003175DF2803EC222C8A812CDFE05E
:108BC00008009C6A8172DF291A890A292A293A2910
:108BD0004A295A296A297A226A08299AA903280364
:108BE0001DF0000036410028429C72A822880A88A5
:108BF00028E00800BD038135DFE008008C4A281218
:108C000046F9FF001DF000003661006803AD036205
:108C10002602E00600BD0AAD02A5FCFF7D0A564A09
:108C200006A2A0688112DFE008006D0A82A1011689
:108C3000DA04790A791A794A795A796A797A798AD1
:108C4000799A79AA79EA79FA726A10726A19392AD4
:108C50007D0A50C52040B42070A72065D3FF8D0A3F
:108C60009CC6568A043852161300691339060C0341
:108C7000391638426952CC03694238621B33396273
:108C80002D081DF000006222071656FC379618606A
:108C9000B620A2C21CA5471A322600AD0638130C16
:108CA00006E0030086EAFF006826C6F6FF0060A61D
:108CB00020826103E5C7FF60A6208176DEE0080020
:108CC000883186EEFF00000036610030A320815B12
:108CD000DDE0080082A0104D0222A102A7384EBD9F
:108CE00003AD0425F0FF0C02279A42CBB1AD032956
:108CF0003165FB002D0AFC6AA831380A3893E0037D
:108D000000B831A0DC41CD0240A420E5EFFF2D0AE0
:108D1000DCCA988488318C0989290C033928991870
:108D200038748984CC03897488941B8889941DF0D5
:108D3000A831168AFF380A3813E0030086FBFF00CB
:108D4000364100AD0365FC0038225D0AACD3381211
:108D50001CC988238739251B2829233B28E0221199
:108D60002A23E088114242008A3322030C805A11E0
:108D7000505220593382A0002D081DF000A2A0807F
:108D800081BBDEE00800A03A2082A101168AFE65C0
:108D90003B1A822201161800391889030C0889131E
:108DA00088023912CC08390288228055111B888923
:108DB00022402074505220282359331B2229238615
:108DC000ECFF0000364100AD0425F400819ADEC2BC
:108DD000AF0180AA108802AC78D8280C09971D1C16
:108DE000E0B911BAB8220B0C37320CB83BB0B8411D
:108DF000A79B04CAB256BB001B99C6F7FF8818068A
:108E0000F5FF7CF21DF0000036410038029C43BDA6
:108E100003AD024813A5341AAD03811EDEE008003D
:108E20003D04C6F9FF1DF000364100AD02A5FDFF6F
:108E30001DF00000364100480272A0FF1604050C28
:108E40000868245D08AD080C1B7CFD871623E0989C
:108E5000119A94C2090C379C0BD2490C5D0BCC8A39
:108E60001B8846F9FF771CF5AD0B1625FF0C121D6C
:108E7000F00062240156FA0020A220BD04252E1A1B
:108E8000AD048104DEE008004D0616E5FA06F7FFA2
:108E90002D0446F6FF0000003641007CF832420007
:108EA0004242015242027242038922893289428936
:108EB0005289628972BD069C160CFCA2C208817E92
:108EC000DEE008000C088242171DF00062420886AE
:108ED000FDFF00003641000C037CF87CE9390239C3
:108EE0001239223932894292421489E282620F3267
:108EF0006210A2C244E5231A3262141DF000000081
:108F00003641004BB21C8CA2AFFF8132DEE008007C
:108F10002D0A1DF036A10041CADC9832C02000386D
:108F2000047CFAC0200039B1A7993C7CE3CB81399D
:108F3000321C3A3D08768A049248091B887CE889ED
:108F4000038842AD03891382021482430825FBFF84
:108F5000A973A22214B822880A2C0D8858CD03E0E8
:108F600008009C7A0C033932C0200088B1C0200070
:108F700038042D0A37181881B3DCE00800A9E28212
:108F8000C2187CF30C8276820339084B88C6F5FF41
:108F90001DF0000036410088E292A07DCD037CFAEE
:108FA00087391CA22214B822980AB2CB40B088118B
:108FB00098692C0D80BB80E009008C6A0C0889320E
:108FC0002D0A1DF0B2220EC2A00220A220E51D1A19
:108FD00056CAFE98F288E266090189F29212201BB5
:108FE000881B9992522089E206F5FF0036410088DD
:108FF000327CDA0B98973A0C82C8108C6828422988
:10900000030C021DF02162DEC6FDFF003641009810
:10901000328160DE660904394282A0002D081DF00D
:10902000364100A22214C11FDD380AB8223873E08D
:1090300003003D0A8C6A0C0889322D031DF07CF870
:10904000A2621089E289F2826203A2C244A5DBFF18
:1090500086F9FF0036610082220F92AFFF90A920AF
:1090600037982138E299F292A07E9033634A4837CC
:10907000B41BCBC1BD04A2C21825231ACC5A883117
:1090800066280549F22D0A1DF01B4406F8FF0C0A5C
:1090900046FCFF0036C100516ADCB2C114C020009A
:1090A0004805AD02C0200049F172C218E5F3FFC2C5
:1090B000C118BD03AD07651F1A6D0A56AA054861A0
:1090C000262402463300C2C11CBD03AD02651B1A33
:1090D000568A0AA2C11CA5C000888142C244BD03B1
:1090E000A71850AD04E5D4FFCD06BD03AD02E50BD6
:1090F0001A4212200B444252204212211B44425277
:1091000021567A070C1478F23797024625003A3434
:1091100042220E37B4020627005149DCC020004825
:10912000F1C0200038052D06379402462300814502
:10913000DCE00800AD04E5CFFF42011E4A530B8579
:10914000372829BD08C2C118AD078931E5151A882D
:1091500031EC7A98616629079212200B999252207D
:109160009212210B881B9992522186F4FF661411EA
:109170000C0CBD03AD0265031A169AF86D0AC6E51C
:10918000FF00D2A00050C52030B320AD0265071A01
:1091900046F9FF00A0CA2030B32020A220E5001A23
:1091A00046D7FF0040C42030B32020A22065EAFF4C
:1091B00016AAF546F1FF39E246D7FF001DF0000080
:1091C00036E100811FDC303074C0200088089832FE
:1091D0003911320170C020008261130C080C1B6928
:1091E0003139216201743D08D2C910D03B83908B84
:1091F000836951808320404074DC38BAD9D08B8396
:10920000DD08CCA862210382260062A07D87B60516
:1092100061E3DD062100A8F2C8E2A03873A2A07EB7
:10922000A0AC63A961A2AF01AAC48D0DED0DC08BE6
:109230009350EB93E708278811AAA8A0BD839CDB75
:10924000F821BD08ED0540C420A2C12CA5C4FFBD76
:1092500003C2C12CA2C244E5B6FF3D0AA736B00C3A
:10926000190C0A509A939090749971686167B39F32
:109270001B83C2C128BD03A2C2188941E5021A6D31
:109280000ADC6A98A1662944CD07BD03AD0265FFDB
:10929000196D0AAC0A32A00032620331E9DBC0204A
:1092A00000422113C0200038032D06379402863077
:1092B0000081E4DBE00800AD0765A200B817B71A2B
:1092C00012BD03AD02E5DCFF6D0A567AFC3841069B
:1092D000E6FF0000D20701D0AD20D2610065EA1997
:1092E000D221008C5AA207023AAAA9418811A2A051
:1092F000FFA71805A20700879AD29C350CFC8BB7F4
:1093000050A520D26100819CDDE00800D80156BA4A
:10931000FB8821A2AF01AAA89C1AA2C4BECCCAA2F3
:109320000703879AA74C22279D31860F004C8BA2FA
:10933000A0FFB79433B20703A79B918851B71805D4
:10934000A2071D879A86D7142268118821A2AF012F
:10935000809610AA99CC3968715606F78831618ECB
:10936000DD390806CDFF000000A794D92831390265
:10937000C6C9FF001DF0000036C10060807461B0F6
:10938000DB707074C02000922600F2C11CC0200067
:1093900092610F79110C098901E2C118DD0540C005
:1093A0007430B074AD02996165E1FFCC5AB861AD1B
:1093B0000225CEFFC0200078F1C0200068062D0AEB
:1093C00067170581A0DBE008001DF00036210131A0
:1093D0009CDB5D02C0200028033835C020002261DC
:1093E0001B7CB22023100C078B220C1670872020C8
:1093F000868380207442C51877920832C3023026D3
:1094000083771235A22514B825280A2C0D2832CDD1
:1094100004DABBE002002D0A9CEA32A000326503A8
:109420008188DBC0200042211BC02000380837940F
:1094300002C6AC008184DBE0080032A00032651077
:10944000C2C12030B32040A42025E6192D0A56EAD7
:10945000FC688166266968F566060139F5621520A3
:109460001B666255201B3362A07E6793D268357CF1
:10947000E7771602866E000C06C2C12060B6204057
:10948000A420A5E219A02A20561A1A788166373D31
:1094900069E532A07D68E567B302C61E00A2251407
:1094A000B825780AB2CB40B0661178370C4DC2C1EE
:1094B000246ABBE007009CCA0C022935465B000009
:1094C0005616FA6215211B6662552186E5FF1B665A
:1094D0003796A5C6EEFF6891B8E526063B6881C2BF
:1094E000C128AD0469A165DC19560A14B8E5CD0A96
:1094F000AD05A5CB1956FAFB68E51B6669E568A1C1
:1095000066260862152062C6FF6255206215211B7F
:109510006662552146DFFF000062250E32A07E30D4
:10952000366332610782AFFF0C03687167330286CE
:109530002E00C2C120BD03AD0425D71956DA0E781E
:1095400081CC770C167CF8462700000066170CBD0E
:1095500003AD0525B4FF56EAF586F9FFC2C12C30EC
:10956000B320AD05E5D11956DAF472210CA2C12C55
:10957000E57600A71711BD03AD05A5B1FF567AF337
:109580008D030C160618000072C544CD03B2C12C21
:10959000AD07E57AFF56FAF1BD0AC2C12CAD0765E9
:1095A00082FF7D0AA2012D0C16A5BD19ACAA62018D
:1095B0002E9D036AE3E7B921BD09C2C120AD04991C
:1095C00051E961A5CE199851E86156FA05A881269E
:1095D0002A020642001B9986F6FF8D0337B708BDA5
:1095E00007AD0525ABFF8D036A3306CFFF66080282
:1095F000068BFF0C0339A1C2012D32A0FFB2012C52
:1096000039113901F2C14CE2C128D2C134AD05890A
:1096100061E5BAFF3D0A8861564AE0B8A1873B027E
:10962000067FFFAD05E5A6FF164ADF39352D0A4650
:109630007BFF7CB33066107C833716020678FF38D8
:10964000F572A07D37B7024675FFC2C120BD034049
:10965000A420A5C519564AFD6881662622C2C14CC0
:10966000BD03AD05E5C11956DAE4622114A2C14C6F
:10967000E56600A7160EBD03AD05A5A1FF567AE36A
:109680001B3386EFFF62014E16D604CD03B2C14CE8
:10969000A2C544E56AFF56EAE1A2014D62014E65AA
:1096A000AE19AC6A1B936AD3D7B920BD09C2C120D9
:1096B000AD049951D96165BF199851D86156CAF660
:1096C000A881262A0EBD03AD05A59CFF0B666A3353
:1096D00006EBFF001B9986F3FF7CFA86D3FFBD03E0
:1096E000AD05259BFF0697FF1DF0000036A1006128
:1096F000D4DAC020005806C0200059B152A1021689
:10970000730740B4110C04426210CB41326214B9A9
:10971000226D0482AFFF52A0137685048244091B98
:10972000444803AD0348342C0DCD06E004005D0A27
:109730000C0356CA0F322600260302C62E00B1992A
:10974000DC326203A2A200A5E1096D0A168A0E505E
:10975000352042DA02A22214B22202822A00D2A2C8
:1097600000822803CD06BAB3E008007D0AAC5A0C8B
:10977000033932AD0625B3095D072D0551B1DAC0B5
:10978000200048B1C02000322500379402462D0049
:1097900081ADDAE00800608620980866090698180E
:1097A0002609294B888714417C033932AD06A5AFC1
:1097B0000968327CC33716076733697C8337966F35
:1097C000AD02A5C0FF5D0AC6EBFF00000098282689
:1097D00009058B8846F3FF009838260906CB888652
:1097E000F0FF000082C8108794AE812EDB32D302D6
:1097F00087130286D7FF86ECFF0032260760A6207B
:10980000E56FFFA7130732AFF0390686E8FF380689
:1098100042A0FD39323816394232060837B42032B8
:109820004214C6E2FF7CE337169566060246D2FF75
:109830007C03393286D0FF0052A101C6CEFF000062
:109840005158DCC6CCFF1DF036A100517DDAA15382
:10985000DCC020004805C0200049B148F226043889
:10986000483326042842220F62A07D47B602062410
:1098700000C2C10840B420A2C21825A319DC8A780E
:109880002126273078F24797247CFA860200AD0320
:109890001011202568FF16BAFCC0200048B1C02076
:1098A0000038052D0A37145F8167DAE008001B7461
:1098B0004D0746EDFFC2C10CBD04AD02659C1956B3
:1098C0006AFDC8E3CBB1A2C3446547FF569AFCB218
:1098D000C10C30A320E56BFF56DAFB72010E82A0AB
:1098E0007E4A777738A21B4477B4C4BD04CBC1202D
:1098F000A220259919CBB1AD03A569FF166AFE8692
:10990000E5FF0C0A46E4FF001DF00000364100B8F8
:10991000028C7BAD02259E19C6FCFF001DF00000E5
:109920003641003852A120DCAC63383282AFF09867
:1099300033871921B22203CBA2E59B19BD03AD02E7
:10994000659919B892AD03656CFF38920C0A1B3308
:1099500039922D0A1DF0AD03656CFF165AFD06FC09
:10996000FF00000036E10039713135DAC0200038DF
:1099700003C02000326113387116F32AAD02497218
:10998000598210112065F8FFCB32AD033951101107
:1099900020A5F7FF3107DC7CFA57330FF0A5115AE9
:1099A0003AD0A31130AAC0E0AA114BAAB1FEDB1035
:1099B0001120E5BA096D0AAC3A4B7A0B85590A8930
:1099C000613D078861963801AD031011206550FF95
:1099D000886132C3540B88896186F9FF6D0738624C
:1099E000696216E30462C3FC7806F067117A76D0E8
:1099F00067117066C0E066116A63607620771310A5
:109A000072C7ACA2C744101120E541FF46FBFF001E
:109A10000030A6C031DADBA0A24130AA8231D8DB07
:109A200030AA1032AFAC30AA82A2CAFCAAA610118A
:109A300020658709386216A31F5A540C03579402F5
:109A4000862100A862B871CD043AAA101120E5C998
:109A5000FF564A08A862B2C12430AA80101120E53E
:109A600058FF8CEAB862A8513ABB101120A586199C
:109A7000860E000078026891160722B2C128AD0751
:109A8000101120A556FFECCA88A187B62868628805
:109A90002298073A661B88EC197802990679168C89
:109AA0001762670078126902CC076912892232C3F3
:109AB000541B4486E1FF781706EFFF006919690718
:109AC0007916990606F9FF0000003822EC53399206
:109AD00020A220101120A5E4FF31D9D9C0200042D6
:109AE0002113C0200038032D0A379402466D0081EF
:109AF000D5D9E00800A812B2C128101120E54EFF08
:109B00004D0A8CFAE1ACDBD1ACDBB1ACDB3C2C8197
:109B1000ADDBE0080038A158121B333992A9A17CB3
:109B2000F3B2A0FFB911B901F2C12CE2C1280C0DAA
:109B3000CD0BAD05101120A568FFCCAA68A132019C
:109B40002E6A3339A106F6FF26032D38027C86C221
:109B5000012D379502C648007833679704381306FD
:109B6000FBFFE2012FB2012CF2A0FFD2C134AD0302
:109B70001011206580FF563AFE38027C8516930747
:109B8000683357160246270058127CE678356797E7
:109B90001EAD05101120A548FF56CAF3BD05AD0244
:109BA000101120657519A851BD05101120A5721955
:109BB000AD02101120A5D6FF56DAF1B812AD031090
:109BC000112065C8FF0C150C06A0568367150A51B5
:109BD0007CDB5A5A67150286BFFFAD0310112025A2
:109BE00044FF563AEF30B320AD02101120A5701992
:109BF000A851BD03101120256E192852AD045672CC
:109C0000EDA16ADB46B4FF00E2012FB2012CF2A005
:109C1000FFD2C134C2A04150A520101120A575FF6C
:109C2000562A0786D4FF381346D4FF00A2A1028625
:109C3000A9FF0000A2A10186A7FF00ACA7386130F0
:109C400055C0F035115A53D035115033C0E033119F
:109C500032C3AC3A3777131032C3ACA2C3441011ED
:109C600020651CFF46FBFF0000B14EDBAD06101166
:109C700020250909AD02101120252B0A4C85571CFF
:109C80000206BDFF58027C8637950286BAFF7835FA
:109C900067170246DCFF581506FBFF00B862AD02ED
:109CA0003ABB0671FF1DF000364100CD020C2BA21D
:109CB000A001E556FE5D0A22A1059CEA620A252163
:109CC00042DBDC661C0A81E9DAE008004D0A22A1C9
:109CD000018C7ABD05E5EAFE2D0649031DF0000062
:109CE00036410020B220C2A004A2AFFF81BADAE060
:109CF00008008BB2C2A01081B7DAE00800B2C21827
:109D00000C8C81B4DAE008002D0A1DF0364100BD4C
:109D100002C2A0017CFA81AFDAE008008BB21C0C11
:109D200081ADDAE008003BB20C1C81AADAE0080041
:109D30002D0A1DF036410020A2208156DAE00800ED
:109D40001DF000003641003122DBB120DB30A320C2
:109D5000251A00A02A20DC3A0C1A8193D9E00800C9
:109D6000811DDBA908CC7AA22300251D0022A101B8
:109D70001DF0000036410081A6D9E00800B117DBD4
:109D8000F116DBC117DBA0DA20B0EB20A2A001A501
:109D9000C8055C821DF000003641001C68BC728C56
:109DA000734803BC143813F6332D0C8A81B0DAE003
:109DB00008004D0A0CC89CEA391A0C4A2613010CFB
:109DC0001A8179D9E00800A9043804CCD340A42032
:109DD0008131DAE008000CB82D081DF049020C08AA
:109DE00006FDFF0036410031FFDA7CFB30A3208105
:109DF00098D9E0080088024D020C02660809BD02ED
:109E000040A42065F9FF2D0AAD038192D9E0080036
:109E10001DF0000036410016B20538022603501628
:109E200033050C0BAD0381F3DAE0080026BA4228B3
:109E300013A80366121A81CDDAE00800261A20D191
:109E4000EADAC1EADAA1EADAB2A2548197D9E008E3
:109E5000000C0DCD0DBD0D814CD9E00800C6F6FFFC
:109E6000A80381E5DAE00800AD03810ADAE0080022
:109E70000C0A2D0A1DF01C6A86FDFF0036410031D8
:109E8000DFDA7CFBAD038172D9E008004D0221DCF2
:109E9000DA2802CC92AD03816FD9E008001DF000F2
:109EA00088024718EF282206FAFF000036410056C4
:109EB0001301D1D4DAC1D4DAA1D5DAB2A083817A80
:109EC000D9E0080028039CE28822A8028903E5FA69
:109ED000FF8C7A881A8C38A812E00800AD0281ED58
:109EE000D9E0080006F7FF00AD0381EAD9E00800D9
:109EF0001DF00000364100A2A00C815CDAE00800F1
:109F00004D0A0CC5ACEA51BDDA7CFB50A52081504E
:109F1000D9E00800A1BBDA0C18980A8C39880982AC
:109F2000C8018902490A8904AD0539149924814977
:109F3000D9E008000C052D051DF000003641003168
:109F4000AFDAB2AFFF30A3208142D9E0080020A2EF
:109F500020A5F2FF9C0AB1AADA982A880BA79815C7
:109F6000990B81CCD9E00800AD03813AD9E0080013
:109F70000C021DF08D0BB828A79BF8992846F8FF16
:109F80003641000C0BB0AB2081A2DAE008008C2A2D
:109F9000A80ACC2A2D0A1DF0880A871204A82AC60E
:109FA000FBFFA81A06FBFF00364100AD02E5ECFFFF
:109FB0000C249CCA0C0BAD0B8196DAE008005D0AFC
:109FC000EC1A0C4B0C1A8178D9E008005D0ACC4AD7
:109FD0000CC42D041DF00C0BD18FDACD0AAD0B8112
:109FE0008EDAE0080088054D08DCF4AC930CCA81D9
:109FF0001FDAE00800167AFD391A3805290A2D0300
:10A00000EC62ECB4392AA90586F1FF009804971296
:10A010002A482486F4FF39140C0406EDFF008D0352
:10A0200038284793F829280607004D02282286F38E
:10A03000FF3824392AA92446F7FF00005663FD287B
:10A04000244798DB22650040A4208192D9E00800D3
:10A0500006F1FF003641008171DAE008008178D80E
:10A06000A9081DF03641000C18824300816DDA0CFE
:10A070000988088808CC382D091DF000A808271A7F
:10A080000CA20804CC1AA24300882886F9FF9D0878
:10A0900046FDFF003641002163DAAD028163DAE05C
:10A0A0000800AD028162DAE00800AD028161DAE009
:10A0B0000800215BDA280288020C02CC181DF0008F
:10A0C000224804882886FCFF364100415DDA7CFB8B
:10A0D00040A42081DFD8E008002152DAAD0281528D
:10A0E000DAE00800AD028160DAE00800AD028150DC
:10A0F000DAE00800514BDA28052802CCA2AD048131
:10A10000D5D8E008001DF00000217FD932220016CA
:10A11000330181BFD8E00800BD0AC14ADAA14ADA9A
:10A120008180D9E008003805322300560309322225
:10A13000009C5381B7D8E00800BD0AD145DAC1417F
:10A14000DAA144DA8177D9E00800613EDA0C0378BD
:10A150000216870281AFD8E008007D0AAD03814373
:10A16000DAE008008143DAE00800ED0AA13BDADD1D
:10A170000360C62070B720816AD9E0080026130268
:10A18000462300251C19380532030816930822229D
:10A1900000164201819FD8E00800A0BA20C129DA48
:10A1A000A12FDA815FD9E00800AD0481AAD8E008C8
:10A1B000000C6A8130DAE00800817ED9E008006294
:10A1C0000304566604A803812CDAE008006119DA5A
:10A1D0008C1A6119DAA8038128DAE00800811CD8FA
:10A1E000879A026116DA8802AC088189D8E00800F3
:10A1F0007D0AA803811FDAE00800DD0AC112DAA196
:10A2000013DAED06BD078146D9E00800382346C6BB
:10A21000FF0C1306CEFF000030EB03303D04580264
:10A220009C45817BD8E00800BD0AC106DAA10CDAA2
:10A23000DD03813BD9E00800A2A0648110DAE008C8
:10A24000000C160C0528023056833D059C42817097
:10A25000D8E00800BD0AC1FBD9A102DADD058130D2
:10A26000D9E00800AD038106DAE0080046A3FF004C
:10A2700036410041F3D97CFBAD048175D8E008007C
:10A2800051E8D9303074680556060C1C0B0C1A8145
:10A29000C6D8E00800A905CCBAAD04816ED8E008A4
:10A2A0000022A1011DF0C1F7D9626A00226A0132C1
:10A2B0004A08CBEADD06BD063C4A2535046D0A9CFA
:10A2C0000AE1F1D9D1F2D9B1F2D9C2A0D681BDD972
:10A2D000E008000CAA65F2FC21D3D90C1DC1EDD910
:10A2E000BD0DAD0281EDD9E00800AD0281CFD9E00E
:10A2F000080038058813B0C81180CCC0E0CC118AA2
:10A30000CCAD020C1DC0CC110C0B81E4D9E00800CF
:10A3100038050C3D58130C1BB0C51150CCC0E0CC17
:10A32000115ACCB0CC11AD0281DDD9E00800AD02EC
:10A3300081DCD9E00800AD0281BED9E00800AD049F
:10A340008145D8E008000C0206D6FF00291621B589
:10A35000D9324608AD0281B4D9E00800AD0281D1FE
:10A36000D9E0080038056813B0C61160CCC0E0CC55
:10A37000116ACC86E2FF000036610031B1D97CFB66
:10A3800030A3208133D8E0080041A5D95804CCC5BA
:10A39000AD038130D8E0080022A1031DF000CC629B
:10A3A00081C5D9E008002D0AFBB1AD0265CBFF5D88
:10A3B0000A16DA00AD038127D8E0080022A10206C0
:10A3C000F6FF0CCB0C1A8178D8E0080056EA003072
:10A3D000A3208120D8E0080022A10106EFFF980405
:10A3E0000C18824A048809290A592ADCF8A2690053
:10A3F000A2A00081B1D9E00800A7121D0C1A81AEFD
:10A40000D9E00800A792300C1B0604008D0998289B
:10A410005689FFA928C6F5FF0000B2A000A1A2D965
:10A42000A55500161A01E1A1D9D1A1D9B199D9C276
:10A43000A12D8164D9E0080022010F8C1265C5FFAF
:10A44000AD038104D8E008000C0246D3FF000000F1
:10A45000366100217BD97CFB20A22081FDD7E0085A
:10A4600000816FD98808CCB8AD0281FAD7E0080026
:10A4700022A1031DF0818FD9E00800FBB165BEFF6A
:10A4800056EA0020A22081F3D7E0080022A10506A9
:10A49000F8FF0C18824A0482010F8C4810112065C5
:10A4A000BFFFAD0281ECD7E008000C02C6F0FF0050
:10A4B000364100E5F9FF0C121DF000003641004066
:10A4C000EB03404D040C0232A063BD020C6CAD04E2
:10A4D0001B22817AD9E008003792EE1DF0000000BF
:10A4E0003641008177D90C19C020009248001DF038
:10A4F0003641003D020C140C056613206D036612F4
:10A5000007AD068170D9E00800B2A2400C2A816E26
:10A51000D9E00800CC5A2614220B443D0530A32074
:10A52000816BD9E00800B2A24050A5208167D9E034
:10A530000800163AFCA5B703900000004D0A06EF8C
:10A54000FF00000036A1002162D90C0A28028167B1
:10A55000D9E00800661A053131D830222020A22027
:10A5600025341981A1D7E0080022A028271A11D18B
:10A5700059D9C159D9B2A049A159D981CBD7E0083D
:10A58000000C1A815BD9E008003155D90C02393131
:10A5900029218158D9E008003D0A8BA18123D9E007
:10A5A00008008BA18122D9E00800A2A640A0B3A296
:10A5B000C146D7D1A0D6A0A3828146D7E00800CD5E
:10A5C0000A0C4DBD028BA18135D9E008008BA18119
:10A5D00018D9E00800AD02A5F1FF8146D9E00800D6
:10A5E0003D0A8BA18111D9E008008BA18110D9E02F
:10A5F0000800A13CD9C134D7A0B3A2D18ED6A0A364
:10A60000828134D7E00800CD0ABD020C4D8BA181B8
:10A6100023D9E008008BA18106D9E00800A2C1106F
:10A620008173D7E00800B2C120A2A0F03871817018
:10A63000D7E00800279A0CD12CD9C127D9B2A07530
:10A6400006CDFF00AD02812CD9E00800A2C1208117
:10A650002BD9E00800A0EA0382A0F080BAA280AA69
:10A6600082CD0320D220811BD7E00800A0EA131D71
:10A67000F0000000364100A2A000811CD9E00800D3
:10A68000A02A20A2A0018119D9E0080082C2F5B653
:10A69000381D22C2EF0C180C09209883902074CC2E
:10A6A000D292CAF5B63908A2CAEFA0288316720F53
:10A6B0002127D89128D8C02000822200C02000A2E3
:10A6C00029009125D822AFFFC02000980980823050
:10A6D000A0A230909230C11DD8210BD9C02000D843
:10A6E0000C2088207CF280B230D0BB10C02000B992
:10A6F0000CC11AD8C02000B80C808B20B116D8C06D
:10A700002000890CC02000880BC02000890B811517
:10A71000D8C02000C808C02000C908C02000D80B3D
:10A72000A0C230D0CC10C02000C90BC02000B80897
:10A73000902230A0AB20C02000A908C02000A808AB
:10A740007CEBB0AA10C02000A9088103D891EFD8F3
:10A75000C02000A808A02210C020002908C02000A6
:10A7600028081C9A902220C02000290881E9D8914D
:10A77000E9D8C020002808902210C0200029082114
:10A78000E6D89178D7C020008802908810C02000B9
:10A790008902C0200088029151D7908820C02000F3
:10A7A0008902A5A5FC1DF00091D6D80CEA81D5D868
:10A7B00086C8FF0036410081DBD8E008002D0AA2E0
:10A7C000A00081CAD8E008000C98871A5FA7381C3F
:10A7D000265A5EF66A0A261A32263A200C0A860A99
:10A7E00000267A53668AF40C5AC60700000CD997E3
:10A7F0001A3AA7392A0CB8871A3266AADE82C2FC36
:10A80000B6380682C2F70C3ACC08AD0281C4D8A98A
:10A81000088C8221C3D80C08C0200089021DF000DA
:10A820000CF9971A17973AB31C28A738AE0C7A463A
:10A83000F6FF0C8A06F5FF000C6A86F3FFAD0846AA
:10A84000F2FF000036410020EB03202D04A2A019E6
:10A85000659E03C2A019AD023C8B8198D8E0080028
:10A8600081B2D83CFAC0200098081C9CA09920C056
:10A870002000990891AED8C020008809A08820C087
:10A8800020008909FC22AD025CEB818CD8E0080035
:10A8900021A8D81CF9C020008802908820C0200080
:10A8A000890281A4D8C0200028081C9A902220C0C8
:10A8B0002000226800E596031DF0AD025CFB817F5D
:10A8C000D8E00800219DD81CF9C02000880290889B
:10A8D00020C0200089028199D806F2FF364100414C
:10A8E00098D8B2AFFF40A42081DAD6E0080080EB10
:10A8F00003808D043194D8E088118083800C02ADF0
:10A9000004C02000290881D3D6E00800E0EB03E072
:10A91000ED04C18DD8279E1DDD03B2A4004CFAE5DD
:10A92000CE039CEAE18BD8D18BD8B18BD8C2A07171
:10A930008125D8E00800ED02D185D8B2A4005C0AD8
:10A94000C6F6FF001DF0000036410020EB03202D6D
:10A95000043182D8B022113A2232A00042A0013044
:10A960005320A8028C4AE00A00A045831B334B22E7
:10A970006683EE162400E5B6181DF0003641005D32
:10A980000222A102F623362176D87CFB20A2208168
:10A99000B0D6E008009171D8B083119A880C0B0CE6
:10A9A0008A768A1F4808DC64D03311BA33E0331149
:10A9B0003A39AD0259032D0481A7D6E008001DF0F5
:10A9C0001BBB4B88AD0281A3D6E0080022A101C6C3
:10A9D000FAFF00003641005D0222A102F623362173
:10A9E00060D87CFB20A220819AD6E00800915DD837
:10A9F000B083119A880C0B0C8A768A1F4808DC6495
:10AA0000D03311BA33E033113A39AD0259032D0472
:10AA10008191D6E008001DF01BBB4B88AD02818DF3
:10AA2000D6E0080022A101C6FAFF0000364100F678
:10AA3000232F414BD8B2AFFF40A4208185D6E00838
:10AA4000008146D8B033118A330C0982A008768879
:10AA500008A803A7920199034B33AD04817ED6E089
:10AA600008001DF03641000CBA2579FC213FD8C101
:10AA700009D80C1D0C2BAD028108D8E00800AD02EE
:10AA800081EAD7E008003139D8AD02CD03D2A00168
:10AA90000C0B8102D8E008000C3DCD030C1BAD026D
:10AAA00081FFD7E00800AD0281FED7E00800AD02CB
:10AAB00081E0D7E008001DF0364100B0EB03B0BDE7
:10AAC00004A12BD8E5F0FFA2A018E57603A0EB03C4
:10AAD000A0AD041C8C3C7B81F9D7E008001C8A6582
:10AAE00074031DF03661008123D8AD0198088818E1
:10AAF000990189118121D898088818992189318173
:10AB0000CAD7E00800AD0181E7D7E00800AD0181B8
:10AB1000C8D7E008008BA181C4D7E008008BA181D1
:10AB2000E1D7E008008BA181C2D7E008001DF0004A
:10AB3000366100A112D82020740C03422A00224161
:10AB40000B326103C02000387430309526E3F4CB1B
:10AB5000D10C1CB2C10B658A1831A8D6C0200048A0
:10AB60001317E40B4107D892A1F382240087A91F91
:10AB7000C020004813176413C02000481317640452
:10AB8000C02000290321FED70C0339021DF000006C
:10AB9000A2A06481FCD7E0080088041B88890446D1
:10ABA000EEFF00003641001B220B82A20800CC2AD7
:10ABB0001DF00000A5F7FF06FBFF000036410081F5
:10ABC000F2D7A808E5FDFF1DF00000003641000C9B
:10ABD0008342A009208C3580A074873412A2CA3029
:10ABE0000B33E5F4FFC022115683FE1DF000000078
:10ABF000A2CA5746FAFF00003641003189D520AF7E
:10AC0000313032B2303221A033C030A320E03311D2
:10AC1000A03380F033113032C0CCFA2C0A25F1FF7A
:10AC2000A2C330A0A074A5F0FF1DF000A2CA30A0FE
:10AC3000A074C6F9FF00000036610081CED7C1952F
:10AC4000D7980888189901891181CBD70C0D9808DD
:10AC500088180C1BAD019921826103818FD7E00810
:10AC600000AD018171D7E008000C3DC2A7D00C0BEC
:10AC7000AD01818AD7E00800AD018189D7E00800E5
:10AC8000AD01816BD7E008008BA18167D7E0080098
:10AC90008BA18184D7E008008BA18165D7E00800F3
:10ACA0001DF0000036E1005166D5C020003805C017
:10ACB000200032611325F8FF31B6D732030016A306
:10ACC0000741B1D70C03680441B1D73932604383DF
:10ACD00039220C33426204326201A832165A001043
:10ACE000112025ECFF41AED740A420A5EBFF322276
:10ACF00004164300A872E00300AD04A5EAFF81D961
:10AD0000D6E00800169A05A1A7D7A5E9FFA862E535
:10AD1000EBFFA1A5D7E5E8FFA5DCFFB8620C0A812F
:10AD2000A9D7E00800C02000322113C02000280568
:10AD30002793028649008143D5E008003822168314
:10AD4000F9A194D7E5E5FFA802E5EAFFA193D7654D
:10AD5000E5FFA822E5E4FFA191D7A5E4FF46DEFFC9
:10AD6000003192D7AD038198D7E008005D0A561AEA
:10AD700005DD0ACD0ABD0AAD038147D7E008008191
:10AD80005DD7E008006D0A30A3208127D7E00800D6
:10AD9000A188D7C14DD5D1A7D4A0B6A2A0A6828143
:10ADA0004DD5E00800CD0A0C3DBD05AD03813BD774
:10ADB000E00800AD03813AD7E00800AD03811CD75D
:10ADC000E0080065E7FF5852165500A22207E0058B
:10ADD0000040A420E5DCFFA177D7A5DCFFB2A041AD
:10ADE000BBA1817BD6E00800BBA1A5DBFFAD04655C
:10ADF000DBFFAD04E5DAFF4170D7520400163504DD
:10AE0000A16FD725DAFFAD038108D7E00800AD03B5
:10AE10008125D7E00800AD038106D7E00800814115
:10AE2000D7E00800DC3A28120C5A2612070C6A26D2
:10AE30002202A2A004810FD7E00800A161D765D645
:10AE4000FF253900E5C9FF0C16AD02624400650A12
:10AE50000652440025DEFFC6EAFF0000001DF00098
:10AE6000364100215AD7315AD737B21480EB0380CC
:10AE70008D042158D78A220C18C020008242001D60
:10AE8000F080EB03808D0498128759048802E00853
:10AE90000022C2F886F3FF00366100815ED7E00829
:10AEA00000E5B602E5BE03E5DD03653300101120C1
:10AEB00065F90310112025AD019C0AD147D7C14780
:10AEC000D7B2A122A147D78178D5E008002145D784
:10AED000A222008151D7E008003144D7B143D742C4
:10AEE0002200AD03254A0AA9144141D75802BD04E6
:10AEF000AD0365490AA925BD045802AD03A5480A5A
:10AF0000A935A802B82A65B911A802B83AE5B8115E
:10AF1000A802B81A65B811E5E2FE8CBAD136D7C1DD
:10AF20002FD7B2A140C6E6FF00255DFDA133D78132
:10AF30003BD7E00800656CFDE561FD16DA00D12F16
:10AF4000D7C126D7B2A14846DEFF0000B12DD7A158
:10AF50002DD7E5B609212CD7312DD722C2FC37B227
:10AF60004E0C02E557FF0C1465EFFFC02000224194
:10AF700008C02000220108202074BCA20C02290174
:10AF800021D8D6AD01291181A8D6E00800AD0181F4
:10AF9000C5D6E00800AD0181A6D6E00800211CD787
:10AFA00032A001C02000324200E5061906FFFF0072
:10AFB0004802E0040086E8FF3107D7C02000424184
:10AFC00008C02000820300C02000220108A2A06463
:10AFD000202074802210C02000224108C0200032AE
:10AFE0000301C02000220108202074302210C0205C
:10AFF0000022410881E4D6E00800C6DCFF00000022
:10B0000036A1002C4C0C0BCBA181BAD4E008005027
:10B01000EB03505D044102D7E065116A84226800A9
:10B02000BCC320A220653318665A0566150206FFC8
:10B03000FFAD02A53218CC75666A0506FFFF000059
:10B040000020A220653118667A1581FED6E008003E
:10B05000571A0C60448022A000290406FFFF00005C
:10B0600065BDFF0C1A81C7D6E0080040EB03404DD8
:10B070000456B40B0C1A81F4D6E0080081F4D6E033
:10B08000080081F8D5E00800160A07AD02652C1803
:10B09000813CD641EAD580AA108160D551E9D5809E
:10B0A000AA20404A8047350246250041DED651DEBF
:10B0B000D6404A8047350286210041DDD6808AC0CD
:10B0C000873402861E004146D54AAA4144D5A7B41A
:10B0D0006FB1D8D6AD02E52818AD02252818665AFA
:10B0E0007341D5D6AD048150D6E00800AD04815E31
:10B0F000D6E00800AD04814ED6E0080040EB0340E6
:10B100004D0449310C4449410C04497141CCD632BB
:10B11000412C426105B2C10C20A22016130425392E
:10B120000031C7D6CBA1398129A1A5B7FF1DF000F9
:10B130000C0A81C5D6E0080066140246CFFF86CC13
:10B14000FFAD0225211841B9D6478A0246E0FF86A5
:10B15000E1FF000000AD02652018666A9E06E0FF70
:10B1600025320086EEFF00003641008189D6820834
:10B170000056D80020A220BD03E52200A1B5D66567
:10B18000A2FF30B32020A220A538009000000000CC
:10B1900036410031A3D60C0678030C1520B7C04DFC
:10B1A00006B04593BD0420A220E5FBFF41A9D6AD22
:10B1B00004259FFF271708A803BD06679A091DF0FD
:10B1C000A22301BD05165AFFE5F9FFAD04659DFFF9
:10B1D00086FAFF00364100819FD6E008000000009B
:10B1E000366100B19DD6C2A005A2C10B81F4D3E0A7
:10B1F0000800A2C10BE5E3001DF00000364100B1DC
:10B2000097D6A197D68197D6E008001DF0000000E0
:10B2100036410038128194D67CC23022103193D648
:10B220008A8287333AA192D622C2FCA597FFAD024B
:10B23000A599FFA190D6E596FFC02000A802E59849
:10B24000FF318DD630A320E595FFC02000A222015A
:10B25000A597FFAD03E594FFC02000A822E596FF67
:10B260001DF000003641002185D60C03C020005897
:10B27000024D0330232062A0010013400086A1503C
:10B280008810664802C61B00F65815261831262875
:10B290004E1B3366C3E2A189D6A590FF1DF00000C6
:10B2A0000026B85B26C8606688E6217CD6417CD63D
:10B2B000C020002802A17BD6C020004804860000E0
:10B2C000A170D6258EFFAD022590FFA16ED6658DAB
:10B2D000FFAD04A58FFFA16CD6A58CFF46ECFF0047
:10B2E000216BD6416BD6C020002802A16AD6C020AF
:10B2F00000480406F3FF0000A168D606F1FF000035
:10B30000A16AD686F4FF00002169D6A169D6C020C3
:10B3100000222200E588FFAD02258BFF8166D6C0A2
:10B3200020008808E76805A164D6A587FFA163D639
:10B3300046E9FF00364100A162D630E9036586FF89
:10B34000076305A160D6E585FF176305A15FD66594
:10B3500085FF276335A15FD687632C8131D6A81876
:10B360000C1820AAC00C02A02883AD0281C0D5E031
:10B37000080081BFD5E008002D0AA154D66582FFE0
:10B38000AD022582FFA152D6A581FF376305A152E8
:10B39000D62581FF476305A151D6A580FF576305D8
:10B3A000A150D62580FF1DF0360101B14ED6C2A0B6
:10B3B0006010A1208182D3E00800A14BD62042205A
:10B3C000257EFFAD032583FFA149D6105120657D61
:10B3D000FF72C160A13AD60C06A57CFF6AA5A22A1D
:10B3E00000B20A00165B01E57BFFA141D6657BFF39
:10B3F0006AA4A81A657DFFA13FD6A57AFF4B6666B1
:10B40000B6D952C51042C4107795C88140D6E0081D
:10B410000016BA0656C305222214265202C6170089
:10B42000A127D620B103E577FFA12FD66577FFAD21
:10B4300003657CFFA131D6E576FFA130D66576FFA6
:10B4400020A220A578FFA12ED620B2036575FFADFE
:10B4500002A577FFA12CD620B303A574FFAD02E5AA
:10B4600076FFA129D620B403A573FFAD02E575FFD1
:10B4700006030000661308222214666202C6E7FF74
:10B480001DF000003641008222142C7A9121D687CB
:10B490003A099120D6E0A811AA9998099923911EFA
:10B4A000D69933CC38811DD68943281229631DF0E3
:10B4B00036410082221466582A0C0889030C188928
:10B4C000138117D60C0A8923822214A933E6881126
:10B4D0009115D6E028112A99280929232618202613
:10B4E00078291DF06668080C18890306F4FF00002F
:10B4F0006678CD81D4D5E00800A90386F0FF00006E
:10B50000210AD6A9132943C6F5FF00002108D62930
:10B510004346F3FF36610088120C1C89018842BD46
:10B520000189118832A2A064892129318101D6E0E4
:10B5300008001DF036410088028BD3E09D119A98D7
:10B54000C02000A8090C2BB0AA20C02000A909C067
:10B550002000A8097CDBB0AA10C02000A909C020E7
:10B5600000A8090C4BB0AA20C02000A909C02000E7
:10B57000A8097CBBB0AA10C02000A90992C328E08A
:10B5800099119A98C02000A809B1D1D3B0AA20C0BF
:10B590002000A909C02000A809B1CED3B0AA10C0CC
:10B5A0002000A9094BB30C1AC02000E2281E001B82
:10B5B0004000BAA17CF9B0C930E0CC10C02000C274
:10B5C000681EC02000E2281E001340003AA130C9C6
:10B5D00030E0CC10C02000C2681EC02000C2281E6F
:10B5E000001D4000AAA1A09930C09910C02000926F
:10B5F000681EC02000B2681FC0200032681FC02033
:10B6000000A2681F1DF00000364100D082112028E2
:10B61000C081FCD3D022112A2898022832C02000F1
:10B620008809202820C0200029091DF0364100D0BB
:10B6300082112028C081F3D3D022112A2898022811
:10B6400032C02000A8097CF8208830A08810C020D3
:10B650000089091DF000000036410020A220662369
:10B6600002062900F63308ACD32613671DF000004C
:10B67000664302464100F64302C630006653EC8141
:10B68000ADD58B32E033113A38C0200098230C4BF3
:10B69000B09920862100000081A7D532C208E0338E
:10B6A00011303880C020009223027CBBB09910C0BA
:10B6B00020009923C02000385892A40000124000B6
:10B6C00099A1303094903320C020003958A5F3FF61
:10B6D00006E6FF009198D58B82E088118A89C02008
:10B6E00000B8287CBCC0BB10C02000B928C0200016
:10B6F00088490012400033A1603311808094803368
:10B7000020C020003949C61A00818AD58B32E03327
:10B71000113A38C0200098237CBBB09910C020009B
:10B720009923C02000384892A400001A400099A133
:10B73000303094903320C02000394886E3FF000069
:10B74000817DD532C208E03311303880C0200092AC
:10B7500023027CBBB09910C020009923C020003880
:10B760005892A4000012400099A1303094903320E8
:10B77000C02000395865EBFF06BCFF00916ED58BE9
:10B7800082E088118A89C02000B828303B20C02080
:10B79000003928C02000384982A4000012400088E7
:10B7A000A130309486D5FF003641000C181CF9A852
:10B7B000020013400088A1372929C02000826A13A3
:10B7C00081D6D232C31CE033113A38C0200088132E
:10B7D000915AD590881091F7D2908820C020008986
:10B7E000131DF000B110D3C02000922A16B08810AB
:10B7F000B10ED3B09910808920C02000826A16460D
:10B80000EFFF0000364100A80292C31CE099119A94
:10B810009AC020008819B148D5B08810C02000898E
:10B82000190C181CF90013400088A1372909C02001
:10B8300000826A131DF0000031FBD2C02000922A62
:10B840001630881031F9D2309910808920C020003C
:10B85000826A1646F7FF00003641008802A1B5D380
:10B86000C020009888A09920C020009988C020009E
:10B870009888A132D5A09910C0200099881DF000A9
:10B880003661004153D35153D34A428D020C1247C3
:10B89000B50222A0004150D36151D34A480C15474C
:10B8A000B6010C0550222007E20F214DD3414BD3A6
:10B8B0002A2827B404287316D20D5883A6350246C9
:10B8C000350048632123D56873D044112A248C465F
:10B8D000211FD5202480E228008CD6261679711AE3
:10B8E000D526260881B4D3E008007115D5D2030807
:10B8F000920304AD082C8C0C0B48A39921D2610350
:10B90000E911817CD2E00800D831E811D24A0D98C3
:10B9100021E90A924A0E920326791A592A495A8D28
:10B920000ABCB960552056A5FB2803224A0C2833CF
:10B9300029482203248C3222A00329682203258C63
:10B940007228680C4330222029681C130C0237949B
:10B95000030C1339981DF00071FBD486E3FF00003F
:10B96000619CD25802B8535056D25056D21B6BE04D
:10B97000B6116ABBC0BB1162AC19672B0EA1F5D41E
:10B98000A0ABB2B0BF31A0A621B09AC05099D2925C
:10B99000480C281206E6FF0022A10286EDFF0000F7
:10B9A000364100981281E6D40C1287990E8108D393
:10B9B00080338081E9D437B80222A0002020041D02
:10B9C000F000000036410030B32020A22025FDFF0A
:10B9D000A02A201DF000000036410030F8743030FD
:10B9E00074EC520C1CED020C3DC0BC20A2A069817D
:10B9F000DBD4E00800FD03ED020C7DCD020C1BA2A0
:10BA0000A06981D6D4E008001DF00C0E0C3D0C4C52
:10BA1000B2A001A2A06981D1D4E00800FD030C0E00
:10BA20000C7D0C3C46F5FF0036610081F5D2C0204C
:10BA300000922810C020009931C0200098319096C3
:10BA4000755699FEC020009838A1BCD4A09910C0AA
:10BA500020009938C020009838A136D3A09920C082
:10BA6000200099381DF00000364100F083110C3998
:10BA70000018400099A17CF3404014001840004495
:10BA8000A190933081DFD2DC12C02000385890336F
:10BA900010403320C0200039581DF000C02000386D
:10BAA000E8903310403320C0200039E846FAFF0008
:10BAB00036610031D3D256A202E5F6FF568204C0A9
:10BAC00020008223038080051608FF561204C02040
:10BAD00000222303C020002931C02000283120206B
:10BAE000F41DF000C0200088C39194D4908810C049
:10BAF000200089C3C0200088C3910ED3908820C045
:10BB0000200089C306EDFF00C0200088C306EDFFBA
:10BB1000C0200028C3C020002921C020002821C641
:10BB2000EEFF00003641009802818DD466191DC0D9
:10BB3000200098E8A2AFDFA09910C0200099E8C0CB
:10BB4000200098E8A158D2A09920060800262902D2
:10BB5000063100C0200098E8A2AFDFA09910C020F5
:10BB60000099E8C0200098E8A17FD4A09910C020D7
:10BB70000099E8B202049202050C0DA2020690CBD5
:10BB8000C00C1E2D0DC02E93CD02A02BC020DE9325
:10BB9000D70C4DA7194AC02000C8E8D2ACFFB0208E
:10BBA00014802211D0CC1020CC20C02000C9E8C0C5
:10BBB0002000C8E8D2AF3F902014A02211D0CC10B2
:10BBC00020CC20C02000C9E8C02000C8E8D166D43D
:10BBD000A02014602211D0CC1020CC20C02000C99D
:10BBE000E8B7B93FC0200028E87CB9902210C020F7
:10BBF0000029E8C0200028E8B7BA580C8990222014
:10BC0000C0200029E8C0200028E86CF9902210C06C
:10BC1000200029E81DF00000C0200098E82C0A064A
:10BC2000C9FF0000C0200028E897BA180C499022EC
:10BC300020C0200029E8C0200028E87C799022104C
:10BC400006EFFF00007CB9902210C0200029E8C058
:10BC5000200028E87C79902210C0200029E8C0202C
:10BC60000028E81C09902220C6E8FF003641008128
:10BC700064D2DC02261334165306662302C6220061
:10BC800081CDD2E0080016E30AC0200038C8916DCB
:10BC9000D2903320C0200039C8C0200038C8917429
:10BCA000D1903320C0200039C8C60B00C020003816
:10BCB000489167D1903310C020003948C020003827
:10BCC000389160D2903320C020003938C02000382D
:10BCD000389167D1903320C0200039381DF0000022
:10BCE000C020009848A15AD13121D4A09910C02079
:10BCF000009948C020009838309910C02000993829
:10BD0000C020003838A03310C6F2FF00C0200098D1
:10BD100048A157D1314CD2A09920C020009948C0E9
:10BD200020009838309920C020009938C020003871
:10BD300038A03320C6E7FF00C0200038C8910BD4DC
:10BD4000903310C0200039C8C0200038C89140D1BD
:10BD500090331046D3FF000036610052A00100135B
:10BD6000400035A13030B45126D29101D45632056D
:10BD7000C02000822503D03301908810303820C0C5
:10BD8000200032650325CAFF560207C0200038355F
:10BD90003030051613FF56A206C020003835C020EB
:10BDA000003931C0200038313030F439040C0447F8
:10BDB000120B21F0D320331022A1033042932D0423
:10BDC0001DF00000C0200088C5D0330190881030DD
:10BDD0003820C0200039C5C0200038C581D8D380A4
:10BDE0003310C0200039C5C0200038C58152D28030
:10BDF0003320C0200039C546E3FF0000C0200038D2
:10BE0000C5C6E2FFC0200038C5C020003921C020CF
:10BE100000382146E4FF00003641000C4FED0F0CC6
:10BE20006D0C2C162200C2A0050C1BA2A06981CBB0
:10BE3000D3E008001DF0000036410041CFD3E0827E
:10BE40001180448082240020A220371806BD03A55B
:10BE5000B8FF39041DF0000036C10050507466125E
:10BE60000F0C26A2C118296122510E62411E65CB1A
:10BE7000FF0C1BAD0265DFFF71E2D116951261BCAC
:10BE8000D3563211C020003837603310C02000393B
:10BE900037CD040C0BAD0225BDFF41B8D3611ED2D6
:10BEA000C020003804603320C02000390441B4D3DE
:10BEB00061AFD3C020003804603310C020003904C3
:10BEC00041B1D3611DD2C020003804603320C020AE
:10BED0000039045612121605110C5E0C1FDD0E0CF3
:10BEE0007CF0BF20A2A069819DD3E008002C8C0CBF
:10BEF0000BA2C11872C11881FFD0E0080062C140D6
:10BF00005D0742A000B107D220A220E5ACFF20A22D
:10BF100020E5B9FF9164D13103D20C0CA0C393A0EA
:10BF20009383CA39303141BD03AD029931C921A58E
:10BF3000AAFFAD02A5B7FF9831C821C0B9C0261B22
:10BF400002C632001B33AD02BD03E5A8FFAD0225DA
:10BF5000B6FF39054B553044805796A8322106303C
:10BF6000532088074B778033638055736797F25A65
:10BF7000333044C04033412764011B335692090CCF
:10BF80005EFD02DD0E0C7C0C1BA2A0698174D3E067
:10BF900008002D031DF00000C0200038C7603310DA
:10BFA000C0200039C706BAFF0C160013400066A176
:10BFB0009170D36060B4DCA2C020008837D06601E5
:10BFC000908810606820C020006937CD04BD0386CA
:10BFD000B0FF0000C0200088C7D0660190881060C4
:10BFE0006820C0200069C706F8FF0C5EFD02DD0E68
:10BFF0000C7C0C1B06BBFF008C950C7E0C1FDD0E11
:10C00000CD0EC6B6FF0C7EFD05DD0ECD0E46F8FF4B
:10C01000B62B0246C1FF06CEFF0C7E0C0FDD0ECD07
:10C020000E86D8FF3641008158D30C093089938998
:10C03000021DF000366100F20200A2A0610C0E0C9D
:10C040002D0C5CB2A0018145D3E008000C08C02093
:10C05000008931C020008831914DD3A110D1908842
:10C06000102C09908820C020008931920203C02042
:10C07000008831909004209911A08810908820C0E9
:10C0800020008931920204C020008831A141D39060
:10C090009004109911A08810908820C02000893148
:10C0A000C020008831913BD3A114D1908820C020BA
:10C0B000008931920202C02000883190900460997A
:10C0C00001A08810908820C020008931C0200088FD
:10C0D000319131D3908820C020008931920201C073
:10C0E00020008831215ED190900420990120881091
:10C0F000908820C020008931217AD2C02000883168
:10C10000911CD1C0200082623AC0200082223A9065
:10C110008810C0200082623A1DF000003641007C89
:10C12000F89C023CF937390CF083113A88311BD363
:10C130008A338203022D081DF000000036410042C0
:10C14000222DB2A0A4CD04BAB2AD03810BD2E00877
:10C15000009C0AD114D3C114D3A114D3B2A1288155
:10C16000D2D0E00800AD038135D0E00800210CD327
:10C17000A714014A231DF000366100BD02A2A0C031
:10C18000B2610381BAD1E008002D0382A1013D0A0A
:10C19000B8319CAA9107D3C107D3A8090C07A79768
:10C1A0001266871D30A320813BD1E0080082A101E7
:10C1B0002D081DF0E08711CA8888088C781B77C687
:10C1C000F6FF1B87890981FBD2E09711908880A236
:10C1D000A0A43908A0A38026022781F7D2E0080096
:10C1E000C2A0A4BD04AD0381F5CFE008000C082275
:10C1F000632D52632E72632F8716B47906C6EBFF48
:10C2000000000CFC0C0B813BD0E0080006F4FF00A2
:10C21000364100AD02BD03CD04DD05ED0626031F4A
:10C220002613260CF8373821B62314F202002CF915
:10C2300022A102979F0E3A9A0B99920900F71904CE
:10C2400065F3FF2D0A1DF000000022A10206FDFF8C
:10C25000364100AD0281F9CFE00800BD0A0C0EDDC9
:10C2600004CD03AD02A5FAFF2D0A1DF03641008D65
:10C27000020C0227281321CED298020C0297B8098B
:10C2800021CDD2E088118A8228081DF03641008233
:10C29000A03FA2A000273813F0821120888021BF80
:10C2A000D28A22A2020100AA2325FCFF2D0A1DF03A
:10C2B00036810020A22081E1CFE008006D0221BC80
:10C2C000D20C0428028D0A29717CF72D049D040CE0
:10C2D0001DE2A0A42CFF38714793011DF051B5D287
:10C2E000E034115A33580316950432252D3738435C
:10C2F0001BA3BD09A0BD83FC9BEAB5CD03AD068998
:10C30000619951D941E931F261028157D1E00800C8
:10C3100088619851D841E831F821DC6A30A2208C3C
:10C32000FA87B30830A680A20A00F79A0637A70357
:10C330007D032D051B4406E7FF0000003641003059
:10C34000A320E5F6FF207220A06A200C228C9ABD63
:10C3500003A5DEFF2866CC725C8229077CF2861674
:10C36000003806076357BD0AA2262EDD05CD04E07E
:10C3700002003D0A96CA074191D20C02AD0481B277
:10C38000D0E008009186D2A2A040908920768A3B16
:10C39000B2090100BB23660B2EF072112A777A884E
:10C3A0007208007CE550771052262F7248005248E0
:10C3B00001324802AD0481A7D0E008001DF0CD0590
:10C3C000BD04E0020046EAFF1B223B99AD0481A1B7
:10C3D000D0E00800287616E2F7480607640DA2268A
:10C3E0002EBD03E002000CC286DBFF00AD03E002BD
:10C3F0000046FCFF659708280A46D7FF364100AD86
:10C4000003A5E8FF6D0A30B32025D1FF8C16D6AA0C
:10C41000000C9339027CFA2D0A1DF0008816CC38E6
:10C420005C8346FBFF2806076212BD0AA2262E5037
:10C43000D52040C420E00800C6F6FF0000CD05BDB1
:10C4400004E00800C6F3FF00364100AD03E5E3FF5A
:10C450006D0A30B32065CCFF8C16D69A000C933948
:10C46000027CFA2D0A1DF08826CC385C8386FBFFFF
:10C47000280607620FBD0AA2262EDD05CD04E008BE
:10C480000086F7FF00CD05BD04E00800C6F4FF00FC
:10C49000364100AD0365DFFF6D0A30B320E5C7FF0D
:10C4A0008C16D6AA000C9339027CFA2D0A1DF000D6
:10C4B0008836CC385C8346FBFF2806076212BD0A2B
:10C4C000A2262E50D52040C420E00800C6F6FF006A
:10C4D00000CD05BD04E00800C6F3FF00364100AD05
:10C4E00003A5DAFF4D0A30B32025C3FF8C14D67A9A
:10C4F000000C9339027CF21DF08874CC385C830602
:10C50000FCFF280407623DA0BA20A2242EE0080008
:10C51000412BD22D0AAD04814CD0E00800F08311EC
:10C520003A88311ED28A3382030007E80C80B204B5
:10C530009C8B0C29908820824300AD048146D0E07A
:10C54000080046ECFFE0080006F1FF000C3CAD03DC
:10C550008169CFE008007CF882430182430206F63D
:10C56000FF000000364100AD0325D2FF5D0A30B365
:10C5700020A5BAFF8C15D6AA000C9339027CFA2D9F
:10C580000A1DF0008885CC385C8346FBFF28050730
:10C59000620DBD0AA2252ECD04E00800C6F7FF00FB
:10C5A000BD04E0080086F5FF364100AD0325D0FF4D
:10C5B0005D0ACC8A0C2339027CFA2D0A1DF030B3B7
:10C5C00020A5B7FF8225095668005C8386F9FF0025
:10C5D00000280507620DBD0AA2252ECD04E0080043
:10C5E00086F5FF00BD04E0080046F3FF364100ADCC
:10C5F00003E5CBFF5D0ACC8A0C2339027CFA2D0AB5
:10C600001DF0AD04A5CAFFA715071C2386FAFF007D
:10C61000000030B32050A52025B2FF3D0ABD04AD77
:10C6200005A5B1FF88A5CC385C8306F3FF28050774
:10C63000620ECD0AA2252EBD03E0080086EFFF00A2
:10C6400000BD0AAD03E0080086ECFF00364100ADF6
:10C6500003E5C5FF4D0ACC8A0C2339027CFA2D0A6A
:10C660001DF030B32065ADFF82240B5658005C836B
:10C6700086F9FF00280407620BBD0AA2242EE008F9
:10C680000046F6FF00E0080086F4FF00364100ADEA
:10C6900003E5C1FF5D0ACC8A0C2339027CFA2D0A1E
:10C6A0001DF0AD04A5C0FFA715071C2386FAFF00E7
:10C6B000000030B32050A52025A8FF3D0ABD04ADE1
:10C6C00005A5A7FF88C5CC385C8306F3FF280507BE
:10C6D000620ECD0AA2252EBD03E0080086EFFF0002
:10C6E00000BD0AAD03E0080086ECFF0036610029BA
:10C6F000213931202074AD03EC0281ADD1B1ADD12F
:10C700009808971222E08211BA88880816A8018238
:10C710002825164801E00800060300000C0DCD0D89
:10C72000BD0D8119CFE008001DF01B2286F4FF002B
:10C7300036610029213931202074BD04AD03DCE2CB
:10C74000819CD1C19CD1980897121AE08211CA88A5
:10C7500088089C288228268CD8E0080086010000E2
:10C760008198D1E008001DF01B2286F6FF00000032
:10C77000364100A194D1A5B3FF222A06A193D1404E
:10C78000C420BD03E002002191D1A902A191D125CD
:10C79000B2FF886AA190D1CD04BD03E00800A912C0
:10C7A0000C021DF03641002D04418BD1A804E5ABED
:10C7B000FF4186D1881AA804CD0230B320E00800DA
:10C7C0008187D1A2280065AAFF881AA814CD02BDCE
:10C7D00003E008001DF00000364100817FD1A80869
:10C7E000A5A8FF888ABD03AD02E008002D0A1DF050
:10C7F0003641002179D1A2220025A7FF2174D182E0
:10C800002A07A22200E008008175D1A808E5A5FF4B
:10C81000887AA8120C02E008001DF0003641008161
:10C820006ED1A2280065A4FF9169D1822A03A229B2
:10C8300000CD04BD03E008002D0A1DF03641008143
:10C8400066D1A2280065A2FF9161D1822A15A22992
:10C850000040C420BD03E008002D0A1DF0000000C8
:10C86000364100815DD1A2280025A0FF9158D182D8
:10C870002A17A22900E00800A02A201DF0000000CD
:10C880003641008155D1A22800259EFF822A18A199
:10C890004ED130B320E00800A02A201DF000000097
:10C8A000364100814DD1A808259CFF82A1068CAAA3
:10C8B000922A288C59AD02E009008D0A2D081DF03E
:10C8C0003641008145D1A22800259AFF9140D182AE
:10C8D0002A1CA2290040C420BD03E008002D0A1D27
:10C8E000F0000000364100813CD1A808E597FF9197
:10C8F00037D1822A1DA809BD03E008002D0A1DF0CA
:10C900003641008135D1A228002596FF9130D18291
:10C910002A1EA22900E00800A02A201DF000000025
:10C92000364100812DD1A8082594FF9128D1822A73
:10C930001FA809BD03E008002D0A1DF03681008103
:10C9400026D16961A8087261072592FF82A1069C21
:10C950009A922A239C49822110E861F8718901DDAD
:10C9600005CD04BD03AD02E009008D0A2D081DF0C0
:10C97000364100B11BD1A11BD1C2A000258DFFA063
:10C980002A20900000000000364100E5EF00CD0AAB
:10C99000E112D1A10CD10C0D0C9B6587FF2D0ADC97
:10C9A0009A253500CD0AE10DD1A109D1DD020CEBAC
:10C9B000E585FF2D0ACC3AA5FBFF2D0A1DF00000EE
:10C9C0003641008109D1303E0432480C0C021DF082
:10C9D000364100A5390882A016826A0022AFFF1DE9
:10C9E000F00000003641003CCC0C0B30A32081410C
:10C9F000CEE008008170CE0C0289131DF00000000B
:10CA000036410031FAD0AD0381EDCEE0080041FBA4
:10CA1000CE0C18C02000222401802220C020002932
:10CA20001421F1D0812BCEE008008882C892808A40
:10CA3000C00C19873A010C09C0BBC090BBC0E61BF3
:10CA40001ACC4B91EBD0873912C0200082240117F9
:10CA500068D1811FCEE00800A982B992AD0381D8C8
:10CA6000CEE008000C021DF0364100AD0225F9FFB2
:10CA70000C021DF0364100A1DDD04A7381D0CEE01A
:10CA8000080051D9D077930FA1D9D040242081CC70
:10CA9000CEE008001DF00000620300269623986592
:10CAA000BD0620A220E0090066962991D4CE0C1A7A
:10CAB000C020008819A08820C02000891906050020
:10CAC000000098452629D698650CDBAD02E00900E8
:10CAD00098456619C81B3386EAFF00003641006698
:10CAE000331121C1D032020C0C2216230021C1D0F7
:10CAF0001DF0000066430D21BCD0404E0442420CA4
:10CB00000C0286FAFF22A058252608226A0022AFCE
:10CB1000FFC6F6FF364100CCD422A016E524082239
:10CB20006A0022AFFF1DF000261319262302567358
:10CB3000FE8214000C82209810A1ABD09C090C023C
:10CB4000295AC6F7FFAD02A5EBFFC6F8FF000000AB
:10CB50000C222028108C720C12295A2D0906F1FF84
:10CB60000C23395A46EFFF00364100D1A3D0C1A3B0
:10CB7000D0A1A3D0B2A0B9814CCEE0080000000043
:10CB8000364100519ECEC0200028154197D020216B
:10CB9000049CB2C02000222501176207303074C007
:10CBA0002000390581CBCDE00800A984B9941DF09F
:10CBB00081C8CDE0080088849894808AC00C1487CE
:10CBC0003A014D0290BBC040BBC0E61BE0565BFB88
:10CBD0002188D087B2AF06F5FF0000003641008102
:10CBE00087CE7CF2C020009818276907C020002853
:10CBF000082020741DF00000364100A182D00C07EF
:10CC0000816FCEE008005178D04717676805260687
:10CC10001C7CF999050CD997960698556619220C33
:10CC2000A67A936249001B776696DD461100687507
:10CC3000AD02E006000CD96D0A971ADD660AE146DE
:10CC40000C000CD65699FDA805260A107CF66265E4
:10CC500000269ACAA9050CD646F1FF0000922507C6
:10CC600020A220E00900660A22222500260202A551
:10CC7000EFFF6905A164D02D078151CEE00800CCFB
:10CC8000770CB2A50E08290A7CF21DF0269A8F684F
:10CC9000052606BFC6F5FF0036410056D30022A088
:10CCA00016A50C08226A007CF21DF0001CCC0C0BAF
:10CCB000AD038190CDE00800214CD028525672027D
:10CCC00082130022A0082088208253008213027C55
:10CCD000C22088100C32208820211ACE82530229CB
:10CCE0006329530C0206F0FF6612E08213000C2247
:10CCF00086F4FF003641002144D01DF0364100810A
:10CD000043D0E022112A88822800A2A08092280025
:10CD1000C020008879808095808AC0B628F13030A4
:10CD200074C0200039091DF03641008138D0E0225E
:10CD3000112A88280898027CF2C020008879808017
:10CD4000948C78C020002229002020741DF000005F
:10CD5000364100812ED0E092119A889808AD0228C1
:10CD6000192602057CFAA9191DF08889E008002D12
:10CD70000AC6FCFF36410065BB03204220B2AFFF6C
:10CD800022A00081B3CDE0080027144D5121D07CB2
:10CD9000FBAD0581AFCDE00800711FD0611ED0A8AA
:10CDA0000738068D0A37220522A103C608009D0810
:10CDB0004B88B2C8FCB80BB794490B33E0B311BA37
:10CDC0002A22220029098115D0E00800A907390686
:10CDD0000C02AD0581A0CDE008000C0BAD0B65B3D6
:10CDE000030C0B0C1AE5B2030C0B0C2A65B203E51D
:10CDF000B3038198CDE008008C64AD048126CEE0B9
:10CE000008001DF01B22C6E6FF0000003681008DE1
:10CE1000077D040C3440224342211069210C06890D
:10CE20003169040C1927A602063700A2A02C818FB5
:10CE3000CEE008006D0A42A101167A0F4831982110
:10CE4000491A4813990A9803496A4817995A980742
:10CE5000498A4815997A980549AA0C04999A392A59
:10CE6000793A594ABD0492A0087689064AA3B24A83
:10CE7000001B440C04BD040C897689064AA7B24AFB
:10CE8000001B440C04AD040C887688064A95A24920
:10CE9000001B44A5A9037CFB816ECDE008000C04B7
:10CEA0000C1727A402C623000C040C1527A4028625
:10CEB0002A00A1D7CF7CFB8166CDE0080021D5CF29
:10CEC00071D6CF5802A8071B55E03511BD0381D399
:10CED000CFE0080042A1018CDAA9073AAAA2CAFC55
:10CEE000626A005262000C04A1CACF815ACDE008E8
:10CEF0000016440965A3038157CDE00800AD068103
:10CF0000E5CDE00800C60A00A8030016400049A1CC
:10CF1000A7840EA807A78409A805A784041B668612
:10CF2000C0FF60A620926101E59C0392210156BAE0
:10CF3000FE42A1032D041DF098560014400057A195
:10CF400097850998769785049896970507B1B4CF89
:10CF5000AD04259C031B44C6D1FF00000088560089
:10CF600014400075A187071BB2C11CAD04257903CD
:10CF7000DC0A88718CC88803A806708820B81689D6
:10CF800003A576FF1B4486C8FF259A038132CDE0B6
:10CF90000800222110690246E6FF0000366100A168
:10CFA0009CCF7CFB3261032075418129CDE00800D4
:10CFB0000C194B670012400039A10C05E066119175
:10CFC00095CF880987250CA192CF8122CDE008005A
:10CFD0001DF000009191CFE0A5118809AA8888086A
:10CFE0008C8898312619348C792629431B5546F3B1
:10CFF000FF00A2A03F273AF360A880A22A01A7035E
:10D00000EAB828E0A711AAABB80ACD0430BB20B912
:10D010000AA808B818A571FF06F4FF003CFA273AE1
:10D02000CA6AA8A83AA703C3E0A711B83846F5FF13
:10D030003CFA273AB68BA7E0AA11AAA8A81AA70318
:10D04000AAE0A711B84806EFFF000000366100B65D
:10D05000320FA5D10722A009226A0022AFFF1DF0DE
:10D060000000CC6365D0071C62C6FAFF1CCC0C0B19
:10D07000AD0381A0CCE008008165CFE092119A88D1
:10D0800088088868FC4882130092A0089088208253
:10D090005300CBB1AD02252503567AFC8213027CE6
:10D0A000C9908810983182530226191A9CD92629D2
:10D0B0001526391265CB075C82C6E6FF6618D28258
:10D0C00013000C2906F1FF908820825302B2C10C94
:10D0D00020A220A52C0356AAF8883126180D663800
:10D0E000D28213020C49908820825302CBB1AD0248
:10D0F000A5350356DAF6883126286026386D56287D
:10D10000FBAD02CBB1653F032D0A566AF5921302BF
:10D1100082A300808920825302A142CF8831A79840
:10D1200002C6570087BA02462D00A2A12CA798027A
:10D13000465500873A5DA2A06EA7980286530087E5
:10D140003A313C2AA798024652004CBAA798028668
:10D1500051005628128963895346C0FF8213021C6E
:10D160000990882082530286E5FF00008213023C6A
:10D170000906FBFFA2A096A79802064800A2A0C835
:10D18000A79802464700A2A086A71802063A000CFC
:10D190004806F0FFA125CFA79802C64200873A1F94
:10D1A000A2A4B0A79802064100A2A708A798024629
:10D1B0004000A2A258A71802062F000C8806E5FF1F
:10D1C000A11BCFA79802C63B00A119CFA79802C602
:10D1D0003A00A118CFA718020627000CC806DDFFE9
:10D1E000A1D9CCA79802463600873A47A113CFA70A
:10D1F0009802863400873A1CA111CFA79802C63244
:10D2000000A10FCFA79802C63100A10ECFA7986743
:10D210001C08C6CFFFA10CCFA79802462E00A10B79
:10D22000CFA79802462D00A10ACFA7984A1C48868E
:10D23000C8FF0000A108CFA79802062900873A1C62
:10D24000A106CFA79802862700A104CFA79802863F
:10D250002600A103CFA7981F1C88C6BDFFA101CF40
:10D26000A79802C62200A100CFA79802062200A11B
:10D27000FFCEA79802062100A2A700A099209253F2
:10D280000206B4FF0CF8C6B2FF0C7886B1FF0C386A
:10D2900046B0FF000C18C6AEFF0C2886ADFF0C5838
:10D2A00046ACFF000C68C6AAFF0CB886A9FF0C9814
:10D2B00046A8FF000CA8C6A6FF0CD886A5FF0CE860
:10D2C00046A4FF1C7806A3FF1C38C6A1FF1C1886C5
:10D2D000A0FF1C28469FFF001C58C69DFF1C6886A7
:10D2E0009CFF1CB8469BFF001C98C699FF1CA88693
:10D2F00098FF1CD84697FF001CE8C695FF1CC886FF
:10D3000094FF0000364100205220B63210E5A507F8
:10D3100022A009226A007CF2064300000000CC74BF
:10D32000A5A4071C6286FAFF00661302862F00661A
:10D3300023028630005673FE21B5CEE085113214EB
:10D34000008A22280237E302062E000C03396222EB
:10D3500014020C2B202014B7120E0C3BB712090B31
:10D36000220C1B32A00020B39350A52025F00256BA
:10D37000DAFA22140232A0032022040C1B20B393F9
:10D38000AD0525FA02567AF9221402BD0A47620752
:10D390002025040C2B20B39350A520A50503A02A1B
:10D3A0002056BAF732140282A300878302C61D00FA
:10D3B000B224054864471B0206D9FFA7E3610CF3BA
:10D3C000379B02464400B7B302062400667B024640
:10D3D0004300F68B54663B02064300F64B32661B55
:10D3E00002464200B62B384CBBC60C0000007CFB4A
:10D3F000AD02251603567AF2AD05253803167AF3E9
:10D4000006C7FF001763040C1306D0FF0C23C6CE1B
:10D41000FF665B02063700B66B02863700B2A08655
:10D42000AD05250803567AEF1DF00CB3379B024675
:10D430003400B733130C93379B02863300B7B30223
:10D44000863300B2A25886F5FF0CD3379B02863193
:10D4500000B7B302063200B177CE86F0FF1C7337F7
:10D460009B02863000B733331C33379B02C62F0034
:10D47000B733131C13379B02062F00B7B302862F56
:10D4800000B170CE06E6FF1C53379B02062E00B794
:10D49000B302862E00B16ECE06E1FF001CB3379BAF
:10D4A00002C62C00B733141C93379B02062C00B71E
:10D4B000B302062C00B16ACE06D9FF001CD3379BFD
:10D4C00002C6290037BB02462A001CE3371B02466E
:10D4D00093FFB165CEC6D1FFB153CE46D0FF000059
:10D4E000B2A12C46CEFF0000B2A06E46CCFF3C2B72
:10D4F00006CBFF00B2A09646C9FF0000B2A0C84606
:10D50000C7FF0000B149CE46C5FF0000B2A4B04637
:10D51000C3FFB2A708C6C1FFB145CE46C0FF000099
:10D52000B144CE46BEFF0000B107CC46BCFF0000B0
:10D53000B142CE46BAFF0000B141CE46B8FF00006E
:10D54000B140CE46B6FF0000B140CE46B4FF000069
:10D55000B13FCE46B2FF0000B13FCE46B0FF000063
:10D56000B13ECE46AEFFB13DCEC6ACFFB13ECE46DB
:10D57000ABFF0000B13ECE46A9FF000036410020BF
:10D58000A220B6320F657E0732A009326A007CFA0B
:10D590002D0A1DF000CC43651E03162AFFE57C070B
:10D5A0001C68890A86F9FF00364100B131CEAD0210
:10D5B00081C7CCE0080016AA01B12ECE20A220819E
:10D5C000C3CCE008008CBAB12CCEAD0281C0CCE057
:10D5D0000800DCAA9C430C622703043030048CA3AF
:10D5E000A5780722A00D226A0032AFFF2D031DF09F
:10D5F000A577070C2246FBFF364100B11DCEAD02D8
:10D6000081B3CCE00800ACAAB11BCEAD0281AFCC97
:10D61000E008009CBAB118CE20A22081ACCCE00872
:10D62000000C22AC0A657407290A7CFA2D0A1DF049
:10D6300000000C1A21F6CDE08A118A222802303E21
:10D640000432421006F9FFAD02C6F9FF364100B6BA
:10D650003211D10ACEC10ACEA10BCEB2A133819232
:10D66000CBE0080066331841E9CDE022112A2428D6
:10D67000023202100C2216230021DECD1DF0000024
:10D6800066431481E2CDE022112A282802404E048C
:10D690004242100C02C6F8FF22A058256D07226AEC
:10D6A0000022AFFF06F5FF00364100B63211D1F37C
:10D6B000CDC1F5CDA1F4CDB2A125817BCBE0080091
:10D6C0003CCC0C0BAD03810BCBE00800813ACB0CBA
:10D6D0000289131DF0000000364100B63211D1E777
:10D6E000CDC1EACDA1E8CDB2A12D816FCBE008007C
:10D6F0000C021DF0364100D1E6CDC1E6CDA1E1CD51
:10D70000B2A0F18169CBE00800000000364100B60C
:10D710003211D1E1CDC1E1CDA1DBCDB2A15F8162FA
:10D72000CBE0080031BACDE082118A333803CB3325
:10D73000AD0381A2CBE00800AD0281EFCCE0080090
:10D74000AD03819FCBE008000C021DF0364100B60E
:10D750003211D1CACDC1D2CDA1CBCDB2A0CA815296
:10D76000CBE0080051AACDE062116A5558054A6322
:10D77000A2C50C8192CBE0080067930BCBA58190EA
:10D78000CBE008002D041DF072030026970F88756A
:10D79000BD0720A220E008001B33C6F6FF00885515
:10D7A0002628EA88750CDBAD02E00800885566186B
:10D7B000DCC6F8FF3661003931B63211D1B0CDC1C7
:10D7C000B9CDA1B0CDB2A0F78138CBE00800518F20
:10D7D000CDE062116A5538050CD762C30860A620F7
:10D7E0008177CBE0080052A00057144020A22025EA
:10D7F00056FFA09A20779A5CA22306661A100CA9FD
:10D8000088315AA8924A001B556699DC4607005693
:10D81000DAFEAD02926102A553FF9821660A28281C
:10D8200013260205101120E5ECFF72630160A620AB
:10D830008164CBE00800502520CC750CB2E552077E
:10D84000290A7CF21DF00000269AB2B813660BD3A9
:10D85000A91386EAFF660AA746F4FF0036410020B6
:10D86000A220B6320E65500782A009826A007CFAB7
:10D870002D0A1DF0B2AFFFE5CD02162AFFE54E07D7
:10D8800082A01606F9FF00003641002187CD1DF069
:10D890003641000C0DA802CD0DBD0D81BBCAE008BC
:10D8A000002D0A1DF00000003641004139CB0C8BE1
:10D8B000CD040C1A813ECBE008005D022D0ABC0AA3
:10D8C000CD045C4B0C1A8139CBE00800A912CCFACC
:10D8D000A812DCEAAD02816FCBE008000C0206045E
:10D8E00000CD0ABD03AD058171CDE00800A9021687
:10D8F000DAFD1DF08168CBE0080086F5FF0000002E
:10D900003641009CB2A222008C4A813BCCE0080048
:10D91000A8128C4A8160CBE00800AD02815ECBE0AA
:10D9200008001DF0364100A802BD038196CAE00838
:10D93000002D0A1DF00000003681001CCC0C0B20CD
:10D94000A220816CCAE00800415ACD4804CC141DC5
:10D95000F00030B32040A420A5AE1516FA03A87439
:10D960004BB1E5B816880298119A888902982188E7
:10D97000129A888912983188229088738922984156
:10D9800088329A888932985188429A888942986167
:10D9900088529A888952987188629A8889624884E4
:10D9A00046EAFF0036810020B220A2C104A5F8FF9C
:10D9B0002221031DF0000000364100A22203B22202
:10D9C0000481C6CAA0BBC0B7B811D13ACDC13ACD07
:10D9D000A13BCDB2A02181B4CAE00800E5AF16A9F1
:10D9E000721DF0003641002132CD2802CC021DF01C
:10D9F00082220756280120A220E5FBFFA8728C7A1C
:10DA0000B2C214812FCDE00800288246F7FF000043
:10DA1000368100210BCA7D01C0200028020C14C0F1
:10DA20002000226707A52D00C0AA11A0A1C0101ACE
:10DA300000A52E003D01DD0A9D032D037CF8D7349F
:10DA40003A0C048B332D04D79456D042112A44E06B
:10DA50004411FB34303441C033113031C010130055
:10DA60000C0C5D016D0CD79C46679202063400D108
:10DA700018CDC115CDB2A079C611000058026812A8
:10DA8000B8426AA5A79B10B862A822A79B09594271
:10DA9000585289226A5559521B4422C21046E7FF48
:10DAA0000058032605011B221B4432C31086E5FFE4
:10DAB000B829260B681BE6E7B211D102CDC102CD11
:10DAC000B2A067A1FECC8178CAE00800E08B11BA51
:10DAD00088E08811F1FECC4BB8D03611FABB6AA3AE
:10DAE000F81BE0AA11AAA5F91AF80BB82BF90AB984
:10DAF0002AF809B819F93AFABBF1F4CCB94AB1F0ED
:10DB0000CA8A8FB95A8208110C0BB96AB71816B9AC
:10DB10007A6A33E033110C063A3569836D0E1BCCFB
:10DB200092C910C6CFFF926701C26700D26703E9AE
:10DB30002765E8FFE827D837C807981746F4FF009D
:10DB400031DCCCCD0588033D08AC18D1E2CCC1DE78
:10DB5000CCB2A07EC6DAFF00B18ECAC0AC20C267CC
:10DB600000258E15C22700DC2A1B33C2CC24279344
:10DB7000E6D1D9CCC1D5CCB2A08A46D1FFA87CBD14
:10DB800004C90781D6CCE008006D0AC807168AFDD3
:10DB900040C42050B5208189C9E0080032C6FC0C81
:10DBA00004C60700A8834B53168A00B2C31881C469
:10DBB000CCE00800EC5481BECC5808690859861B9B
:10DBC0004432C3242794DC219EC9C020003877C08A
:10DBD0002000280227130E819BC9E0080088035902
:10DBE00003899306F6FF1DF03641000C160C052044
:10DBF000568350507456350A30568356D5094056D0
:10DC00008356750947230246240071A9CC5807564C
:10DC1000D505B15FCA2C4A81B3CCE008006D0A1665
:10DC20002A06BD020CCC8165C9E0080021A5CA39CD
:10DC3000364946295652660630B4C030A320E589DD
:10DC400016A976598616BA04B2C614819DCCE0088E
:10DC50000021A3CC7CFBAD0281FEC9E0080038079F
:10DC6000AD02398669072D0581FBC9E008001DF06A
:10DC7000683547A60237A629684547A602672321CB
:10DC8000588546E2FF22A101AD068182CAE0080064
:10DC900086F6FF0022A10446FBFF000022A102C677
:10DCA000F2FF7CF286F1FF00364100BD02CD03A2F7
:10DCB000A102BCB2818DCC918DCCE808DD090C08A5
:10DCC000879E05A2A105C60900A22900A72B25F25F
:10DCD0002901F0AA80A7AB1CC088118A8DA828E072
:10DCE0008A11AA88E08811A179CC4B888AAAA5EF6D
:10DCF000FF2D0A1DF01B8892C91086F0FF0000005E
:10DD0000364100217CCC817ACC2088C02177CC8020
:10DD1000832128021B222A281DF0000036E1007D05
:10DD20000129A72147C9C020002802C0200022677E
:10DD300013216DCC6802C066116021C010120092E0
:10DD4000C110B16ACCCD0690A920811CC9E00800A1
:10DD5000B169CC8167CC9D0AB088C08083211B4803
:10DD6000D0C411FB2C202441C022112021C010124C
:10DD7000002161CC32C1102802C2CCF828128BA33A
:10DD80002903215ECC291389779987810CC9E00882
:10DD900000D15BCC0C8CBD04AD038160CCE00800ED
:10DDA000887798872D030C0B7CCC473B326A692817
:10DDB000A7AD096267095897571A028625003120D6
:10DDC000C998A7C02000422713C020003803902222
:10DDD000C0202421379402464800811AC9E0080077
:10DDE0005812A8023B55A0AC10C05510A9025912F8
:10DDF000A7A511D144CCC144CCB2A062A144CC812E
:10DE0000AAC9E008008BD287BB43E822E72A0CD1DD
:10DE100040CCC13DCCB2A06406F8FF0057AE2E3115
:10DE20003ACA3803AC03D987817AC9E00800D88799
:10DE3000BD0A381DC138CC3901F80DE812D802A14D
:10DE400036CC8137CAE00800815BCAE008001BBB02
:10DE50002D0D06D5FFB80A581A882A683A0C09828F
:10DE60006711626712B9F75267105AEBFD036D052F
:10DE70008D0B99B798B747390A1C050C1967B55728
:10DE8000C60E0000D81FD7A85EC80FE7ACEA0C1971
:10DE9000E7AD010C090C16C7A8010C06609910909B
:10DEA0009074FC29E7AD38C7A835B0BDC0B0B5C087
:10DEB000806CC0B91AD90A1C0567250286BDFF69A6
:10DEC00012626710522711622712890259226932A1
:10DED00089F722C21016D9EDA2CA10C6B5FF0000FC
:10DEE000C72810D06EC08D0D98B78BFF1B9999B7BE
:10DEF00006E0FF00806CC0ED0CC6FAFF1DF00000CC
:10DF000036810070630090630060EB038105CC51A3
:10DF100005CCD105CC808630DAD5A146CA6971B16D
:10DF2000E8C9D73A3FC2C11CAD0589319921D261F8
:10DF300001E5FCFF88319821D811B871B718DA8152
:10DF4000FBCB0C1A8A8B0C0C80CA93C08074B7165A
:10DF5000209CD8D1F7CBC1F7CBB2A07AA1F7CB8167
:10DF600052C9E00800AD06B00C13A2E500A971C6C5
:10DF7000F1FF68150C0B60AB93879A0BD1F0CBC106
:10DF8000EDCBB2A07BC6F4FF82A0FE67B80BD1EC4C
:10DF9000CBC1E8CBB2A07C46F0FF1B66691590E6CA
:10DFA00013102000C0200068023796073804C020F4
:10DFB0000032620030630080EB03280527180CD183
:10DFC000E1CBC1E1CBB2A09E06E4FF0028150B22F5
:10DFD0002915DC3221BBC9290530E613102000C009
:10DFE000200070E61369041DF052A0FF27B5E9D1A7
:10DFF000D7CBC1D5CBB2A0A406D8FF003641008153
:10E000002EC9E0080021D2CBB2AFFF20A2208110A0
:10E01000C9E0080031D0CB41D1CBC020005803313A
:10E02000CECBCCE58104C89103C8890399138264DF
:10E030000092640181CBCBE00800C8049814C0CAE8
:10E04000C00C18C73A0282A00050EC82909BC050CE
:10E05000CCA28099C050D982308C11E0E3C5E0E8B1
:10E06000205089A2309D11D053C53088119A9E80CE
:10E070008520C0C3C50C15E7390252A000D8038A19
:10E080008CDAD98A85C8130C15973D010C05CA880E
:10E090008A85D9038913B914A9048107C9E0080046
:10E0A000AD0281ECC8E00800280338131DF0000021
:10E0B000364100A5F4FF81A7CBC0200029081DF040
:10E0C00036410081A8CB8808CC282D081DF098087F
:10E0D00090A005379A059091452719ED882886F973
:10E0E000FF000000364100622200BD04606145ADC2
:10E0F000062519040C08661A02C620001B550C19C7
:10E1000080B820A2CAFE50B983A09893905B108774
:10E11000956D60A620A51504A75309AD06E5130467
:10E12000976305CC5A2D051DF0261AF82212000718
:10E13000E2F20CC880821066A811D18BCBC18BCBC8
:10E14000A18CCBB2A0FB81D8C8E008000C888082EB
:10E15000105608FD2762158763CA303A042021044F
:10E160002033C00C1530589346EEFF000040B074C9
:10E17000AD062577000C15505A3050507406E9FF53
:10E180005D08C6E7FF000000364100BD03AD022573
:10E19000F3FF4D0A8D0A56FA05B1FDC8A2A00C8105
:10E1A00051CBE008008D0A16EA040CCCBD04815165
:10E1B000C8E008008D0A9808B16FCB202044F0A277
:10E1C00001B09910B16DCBA0992030300400A3119B
:10E1D000B09910A09920D163CB9908C80DE156C918
:10E1E0009D0CDC890C120C0A40A283A0A074CC3ACE
:10E1F000C0A283AC5A9928890D2D081DF000B809DA
:10E20000B0A005A733DDA808A0AB30E78A05B0B100
:10E210004527BBCF4D09982986F1FF00892499280D
:10E2200046F5FF003641000C1A00124000AAA181F9
:10E2300053CBE008001DF0003641000C1A001240DC
:10E2400000AAA1814FCBE008001DF00036C10049B3
:10E250008142A300599179A1405310479502C6E825
:10E26000000C050C1460458352A0F0404074570325
:10E270000256043952A1005053108C451656389658
:10E28000223888811648008891168837A7631D16A2
:10E29000A4014164CA7164CA40468047B70E41D0A8
:10E2A000C871CEC840468047B702C6D50042A0FE1E
:10E2B0004783080C24CC050CE4403320660202C6D8
:10E2C00041007CE40CF54712187CD41C0547121859
:10E2D0007CC40C754712117CB452A01D4712095220
:10E2E000AFFF6B420CB7405783B1A9C80C8A81FDC0
:10E2F000CAE00800A941164A13A122CB7CFB815435
:10E30000C8E0080040EB03404D040CCC0C0BA2C14C
:10E3100034493172A0FE81F7C7E008003961778384
:10E32000060CE77083208961710FCB0C4C9807565F
:10E33000D909260502C64B000C944951486181C495
:10E34000C7A2A100A0A41089717D09A2610BB2210E
:10E350000370A720A5D6FFA04A20DC4A70A044F095
:10E36000BA014104CBA8D140AA10B0AA20A9D14239
:10E37000C134C22103B221067CFD40A42065D6FF32
:10E38000AC8A88B116D813A2140027EA02C6450049
:10E39000A8140C04568A10AD0765ED03887187A494
:10E3A00002C64C00885187AA02C64A001B7766C77E
:10E3B0009C66055AA1F4CA22A1058126C8E008007E
:10E3C000A84181B4C8E008001DF00C6586C4FF00B8
:10E3D000A219007809C78A5BE0A711A0A831A7128B
:10E3E00002461F00483170A005A7947526050570E8
:10E3F00071457795BEC22103B22106AD09DD0592B4
:10E40000610225CEFF9821169AFA8809805145B8F5
:10E4100031AD0565D7FF4D0A71DBCA56EA0BAD0772
:10E42000810DC8E00800A841819BC8E0080022A136
:10E4300001C6E4FF883170A005A79825A819DC0A59
:10E44000D1D2CAC1D2CAA1CACAB2A0A78117C8E094
:10E450000800B80A90BB01B0B831B7128EA85A565E
:10E46000FAFE9829C6B1FF00B831AD0525C5FF7D7C
:10E470000ADC5A507044F09701A1BECA78D1A07747
:10E480001090772072610D72C134C22103B221064F
:10E4900050D520AD07E5C4FF168AF18807C6DAFF1C
:10E4A0001B44A85A06BBFF0026050246BFFF70A703
:10E4B00020E5DB03422105472A0286BBFFA2610556
:10E4C0005D0786B9FFAD07A5DA038851872A0246A2
:10E4D000B6FFC6F9FF0000004971C6F7FF87E302E7
:10E4E0000633001C8A81E1C8E0080016FAF21C8C91
:10E4F0000C0B8180C7E008008881693A891A68148A
:10E500008891695A892A20607488A1F07611621A6C
:10E5100000894ADD0AA2AE01A066107066207CE781
:10E52000706610625D006214000C47706620B1983E
:10E53000CAD914625400CD0450A074E53C0088315F
:10E54000A196CAE068116AAA0C16729400B80A0073
:10E5500015400066A1A7E3020624000C2CC077201A
:10E560007254007CF7606730B06610690A96D2007A
:10E57000A83150C52020B2208151C9E008002841AF
:10E58000AD054902281448412914A5C9FFB76307FE
:10E59000A8418182CAE00800A17BCA81AEC7E00819
:10E5A00000622118162605884189060C02C685FFDF
:10E5B00072A008725A0016A600C2210ABD0650A019
:10E5C0007465340097630D0C1A00154000AAA181F0
:10E5D00074CAE00800206074A07601A16ECA6804C5
:10E5E000A06610706620690486D4FF007CDCC077CA
:10E5F00010725400B0662006DCFFA8418126C8E0F6
:10E60000080046E9FF22A102066FFF003661000CF8
:10E610000D6901FD05ED04CD0DBD03AD02E5C2FFA1
:10E620002D0A1DF036410016D20E322200A2230020
:10E63000A0A00530EB03303D04371A14B15ACA20AC
:10E64000C220E5B1010C130C02A023932020601D11
:10E65000F0314CCA7CFBAD03817EC7E00800AD02FF
:10E66000814FCAE00800B8020C49821B0090881054
:10E67000BC88A22B01561A01D14CCAC14CCAA13C7C
:10E68000CAB2A28D8189C7E00800C8120C09885A55
:10E69000A79C7A162907895981FFC7E008008802DC
:10E6A0000C1A88180C09809A839080749802A21919
:10E6B0000037EA01BCC8A22900B2A000A0A145A071
:10E6C000CA206524009802A13ACA8809A08810A12E
:10E6D00039CAA0882080A0058909E09A11A12ECA14
:10E6E0008081459AAA7CE9001840908981980A9017
:10E6F0008810890AAD038157C7E00800AD0281E5A3
:10E70000C7E008000C0246D1FF891B46E2FF9D0AC4
:10E7100016A8F8AD0846DDFF22A10206CCFF0000D6
:10E72000364100AD02E5EFFF1DF00000364100214B
:10E7300022CA813CC7C02000A802913BC780AA1012
:10E74000C020008802C11DCA908810C02000890224
:10E750000C0B3C0E0C1F7CFDB72E01CC1A1DF000DB
:10E760003126C7E02B113A228802875A2BD0981104
:10E770008099C031A4C7D099119A9398A9C020005C
:10E78000280C909D30001840008FA1209910808D9A
:10E7900030C02000990C80AA101BBB46EEFF000081
:10E7A0003641000C8CB2A0004BA281D2C6E008001A
:10E7B0000C988902810EC8E008000C2882420A1CCD
:10E7C00028A2520489121DF0364100813BC7E0089F
:10E7D000002189C77CFB20A220811DC7E008009191
:10E7E000F8C988090B888909D6680220A2208119F6
:10E7F000C7E008008107C7E00800B1F3C9F1F1C91B
:10E80000C1F3C9DD0AED0B0C1AE5200181EAC7E06E
:10E810000800EC38817BC7A181C7C0200092284145
:10E82000A09920C02000926841C0200098F8A1E87B
:10E83000C9A09910C0200099F8811FC7E0080020E6
:10E84000A2208104C7E008001DF0000036410081CD
:10E850001AC7E008002168C7B2AFFF20A22081FCE0
:10E86000C6E0080091D7C988091B88890966182461
:10E870008164C7A16AC7C02000922841A09920C026
:10E880002000926841C0200098F8A1D2C9A0992028
:10E89000C0200099F88108C7E0080020A22081ED7F
:10E8A000C6E008001DF000003641008155C7A15B9D
:10E8B000C7C02000922841A09920C0200092684142
:10E8C000C0200098F8A1C3C9A09920C0200099F8E1
:10E8D0001DF0000036410065F7FF1DF0364100A530
:10E8E000EEFF1DF0364100F022113A2231BBC9D0B3
:10E8F00022112A23280231B9C90C183022C00C0376
:10E900002038932D031DF0003641001CF827B80372
:10E910000C021DF081B3C92A88820800F648F0F085
:10E92000221190EB03909D042A9921ABC9D0891143
:10E930002A882808A1AAC98C9339084918A792D116
:10E9400006F3FF00A908991846FCFF003641009124
:10E95000A6C90C08BD09A2A0D7768A11C809279CB0
:10E9600008D088118A8B28181DF01B888B99219D4F
:10E97000C9C6FCFF3661000C067CFC0C1BAD068191
:10E980009DC9E00800AD06819CC9E008007D063104
:10E9900097C92803814FC6E008003D0A8D0B16B2C7
:10E9A0000C9812E80297BB02063700B79905E7BA40
:10E9B00002C6340078628C27A872A977A872790AF7
:10E9C000718CC9A842779A0CAD028132C7E0080069
:10E9D0000C1746EEFFA8327197C7F822707A1070B4
:10E9E000AF2016AA07A2020F176A64E0A3C00C1496
:10E9F000A733014D0690B8C0CD0FDD0740BBC089DD
:10EA0000319911E921F261008133C6E008008831B3
:10EA10009811E821F801A62A363A3F0C19F733017C
:10EA20009D068A777A79390279120C1BAD028173BF
:10EA3000C9E008003842AD0628528171C9E00800DB
:10EA4000AD02E00300AD06816CC9E00800C6DFFF3F
:10EA5000FA3E0C18E733018D067A797A7846F1FF91
:10EA60004175C55174C54902591286F1FF8CC7A181
:10EA7000F9C5B1F8C5CD068163C9E00800AD0681CE
:10EA800060C9E0080006BCFFCD06AD0EBD0946F921
:10EA9000FF000000364100A50A00E5050022A000A5
:10EAA000900000003661002158C9A2A103D802ECF1
:10EAB000EDC156C9B157C9A157C9D2610020F22092
:10EAC000E2A0168119C6E00800261A0BA802DC6A2B
:10EAD000A2A1018602000000A150C9A5090056AA02
:10EAE000FE2D0A1DF0000000814DC9E008000C0851
:10EAF000890286F6FF0000003641002550FF2148BC
:10EB0000C938028812303AC00C12373A0222A000EB
:10EB100080BBC0202BC081EEC5E00800A0A3C0814F
:10EB200041C90C19A733010C09B022C0A26800A189
:10EB30003EC99022C0226801A54A1590000000003D
:10EB4000364100213AC9AD02813AC9E00800AD0260
:10EB50000C0B8138C9E00800AD020C0C0C2B81367F
:10EB6000C9E00800AD020C0C0C2B8134C9E0080090
:10EB70000C021DF03641003133C94131C9C132C9DF
:10EB8000B133C930E320D2A000A2A03B2904E5A7FD
:10EB9000FF2D0AAC1A31DCC638039C43811DC6E048
:10EBA0000800BD0AC12BC9A12BC9DD0281DDC6E069
:10EBB00008000C0339041DF0511DC90C2BAD058153
:10EBC00027C9E00800A8038126C9E008002D0A161D
:10EBD0003AFE81CDC68808165801810DC6E00800AE
:10EBE000BD0AC11BC9A11CC9DD0281CDC6E0080058
:10EBF0008805515BC6C020009808A803509910C032
:10EC000020009908C020009228197CB5509910C0A6
:10EC10002000926819E5A0FF86E5FF00366100211B
:10EC200011C90C1ABD028116C9E00800A71211D142
:10EC30000EC9C10EC9B2A174A10EC9811BC6E008DC
:10EC400000210CC9A2A00420B220810DC9E0080057
:10EC5000A7120DD109C9C105C9B2A17606F6FF00F8
:10EC6000002106C9CBB1AD0B29318106C9E00800EE
:10EC70001DF00000364100B2A00020A220250300B4
:10EC8000900000003641008100C99100C90C4A99EA
:10EC90000881D4C791FFC892680081F4C6E00800DB
:10ECA00081FDC8A9080C08890A25F7FF1DF000009E
:10ECB00036410081C0C6E00800000000364100A5D2
:10ECC0001D00B05A20A02A20B03B2041F3C856F5C1
:10ECD0000081D8C491D8C489049264011DF0000059
:10ECE00000E5160068145804673BE5B79602573AEA
:10ECF000DF6055201645FEA51500E814F804606E87
:10ED000001605B01A0D641F0F641D0D520F0F6209D
:10ED1000F09DC0B05641E0E6410C16973D0262A05E
:10ED200000E0C5C060CCC0E61C0556ECFA16B9FA86
:10ED3000B914B1DAC8A904A81B880BD6AA059A98F9
:10ED400062A00187390262A000CACACAC696BC0185
:10ED50008A820C152738010C052D0891B6C481B59F
:10ED6000C4AA333A3589049914460800990BC91B83
:10ED70002A6F0C14F7360242A0003A3ED026C03A61
:10ED8000340C142736010C045033C04033C0AD029C
:10ED9000BD03E50D00C6D0FF009068C00C1D6738AC
:10EDA00002D2A000C05AC0D055C0E6150556F5F9EC
:10EDB00016C6F9690B591B9A920C142739010C04D9
:10EDC000CA332D093A3406F1FF00000036410041F4
:10EDD000B4C840A420811CC6E0080031AFC882231B
:10EDE000009223019088208CB825EDFF8192C49178
:10EDF00091C489039913AD048117C6E00800B802D5
:10EE000081D1C53812809B82302F31303980808B80
:10EE1000B2B2A001973302B2A0002A282A2B250300
:10EE200000A0A3C00C18A7330282A000B0B2C0801B
:10EE3000BBC0E503001DF000364100AD028C12E5B9
:10EE4000F8FF0C021DF000003641006510001DF0B7
:10EE50003641008195C8E008003192C82803881324
:10EE60002A2A0C13A732010C038ABBBA331DF00007
:10EE7000364100418EC8AD0481F4C5E00800818CA4
:10EE8000C8AD04C020002908818BC8C02000390803
:10EE900081F1C5E008001DF03641004184C8AD0491
:10EEA00081EAC5E008002182C83182C8AD04C020D3
:10EEB000002802C02000380381E7C5E008001DF0EB
:10EEC000364100A513FF3D0A2D0B8177C8E00800ED
:10EED000A0A3C08174C80C19A733010C09B022C0CB
:10EEE0009022C0A90829181DF00000003661000C0E
:10EEF0000BA2C10865550A0C0B8BA1E5F3FFE50FCA
:10EF0000FFA04A20B03B208168C8E008002D0A5DC0
:10EF10000B65F8FF2084C0D163C80C1C8734010C3A
:10EF20000C5093C0C099C0C80D281D808CC00C1314
:10EF3000873C010C039022C0AAA83022C00C138782
:10EF40003A010C03B0B280B0B38065F2FF900000CC
:10EF5000364100E5F6FF1DF036410030B32020A217
:10EF60002065D4FE82A104879A02A2A0002D0A1D6A
:10EF7000F00000003641008150C8880856B80B07E1
:10EF8000E2050C021DF0000021DCC7222200A222B3
:10EF9000088872B892A7981CA862B71A46A5FBFF0A
:10EFA000160A04E146C8D146C8C2A3E8B146C881E2
:10EFB00085C6E00800B71A10E5F9FF8CAAE13FC842
:10EFC000D140C8C2A3EF86F8FFA22206B22207B73B
:10EFD0001A1165F8FF16BA00E139C8D139C8C2A3C1
:10EFE000F6C6F1FFB2220D82220EA2220C879B17D9
:10EFF000B8F2A71B8C25F6FF166AF8E130C8D130AD
:10F00000C8C2A40106E9FF00A71B10E5F4FF8CAA03
:10F01000E12BC8D12BC8C2A408C6E3FFA8E2B8F20E
:10F02000B79A02C6D6FF25F3FF165AF5E124C8D1D8
:10F0300024C8C2A40FC6DCFF00000022A10386D0B2
:10F04000FF000000364100A2A10666321425AA0086
:10F05000A0A074A2CAFF92A00082A10AA089838006
:10F06000A8202D0A1DF0000036810052C2FFB625EF
:10F070002281E7C4E00800B115C822A087F112C8B8
:10F08000C114C8226100B0EB20DD0A0C1AA598005B
:10F090000C421DF0DC9681DEC4E00800B10CC822F1
:10F0A000A0882901F109C8ED0BDD0AC10AC846F69E
:10F0B000FFB6431B81D7C4E00800B104C822A08971
:10F0C0002901F101C8ED0BDD0AC103C8C6EEFF003E
:10F0D000E5A100A07A20261A1C81CDC4E00800B169
:10F0E000FBC722A08C226100F1F8C7B0EB20DD0A3B
:10F0F000C1FBC706E5FF2C4C0C0BAD06817EC4E0BE
:10F1000008000C0BB961B971E2C11850B793D2C1B4
:10F110001CCD03AD0725AF009C0AD1F1C7C1F1C7D3
:10F12000A1F2C7B2A06181E0C4E008008861710566
:10F13000C5587170888229065088C28936A9463917
:10F140001649260C3246D2FF368100561301D1EB08
:10F15000C7C1EBC7B2A09FA1E4C781D3C4E0080038
:10F1600081E9C727B80BD1E8C7C1E5C7B2A0A2069D
:10F17000F9FFA833C1F4C4A0A282D1AEC30C0B81A5
:10F1800055C4E00800B931B8132D0A82CBFDA9217E
:10F190000C390C5A809A83880392411031D4C726C7
:10F1A000180231D3C7395131D3C726180231D2C71B
:10F1B000B0B074A2C108326106A50000A022C090C0
:10F1C0000000000036A1004D02211DC47D01C020B9
:10F1D0000028026804C0200029B7281430307429A0
:10F1E000572056200C02279502062600520408BD1F
:10F1F00002D085115977FB58505441C05511509198
:10F20000C01019005051C0101500CD08AD09893744
:10F210008139C4E0080088379D0ACD08BD02AD05DC
:10F2200099278134C4E008009827A13AC4E023114B
:10F2300088343A22A909B17FC3C0A211AAA8B9197A
:10F24000C82AD83AB81AA80A893799278122C4E06F
:10F250000800484498274967E04211286788374AE0
:10F260004228044D09E093113A99C03911A0228235
:10F27000E099119947A905B9153A380C19887732E0
:10F28000C31087291631EEC3C0200042270BC020CF
:10F2900000380337146381EBC3E00800B804A857B3
:10F2A000F803A08B82A814C82360AA82D833AA8846
:10F2B00060AB8260BBA2A924BA88B8138934A0BB12
:10F2C00082808F829927BA88A0BFA2A0AF82BAB8E5
:10F2D0008101C4E0080098278B44D089118A85B940
:10F2E00018B847A908E08911BA88B8671B998A8BB2
:10F2F0008808A0A882AA2286E0FF1DF0364100926D
:10F3000003004C0C2B895A88AD02BD0622A101874F
:10F310002C1D9AAA524A01424A00CD052BAA81A768
:10F32000C3E008002203002B552A555243000C026B
:10F330001DF0000036810181C2C3A2A105C02000DA
:10F340006808C020006261276171C772060C1687C9
:10F35000417806778202060401C2A0700C0BA2C19C
:10F360002881E4C3E00800399132213029813951E4
:10F370003221314C0239613221320C07326107E50A
:10F380007200A9A1B9B11C0C40B420A2C1308161A6
:10F39000C7E0080022418448513861287152611049
:10F3A00072410782050016E8392C5AA71802C6A434
:10F3B000009157C71B55820500F2A01082C8E0805B
:10F3C0008074873F0287D9040C9A8601001B55C6BA
:10F3D000F8FF1B5592050082C9D080807487BAF16E
:10F3E0002CE887196C0C08DD08B2A06A0C8A0C2C7A
:10F3F0000C1E9205009C59B79902864601973B67FF
:10F400004CCFF79902064501F2A068F7197E0C0A65
:10F41000A921A931A2A064A79902C6740097BA02D3
:10F42000464B004CFAA7990206330097BA02C62C45
:10F43000004C4AA79902866200973A5F4C1AA719B6
:10F440005F4B821C8987A9042729012C482D088637
:10F450007C001B550C9982050082C8D0808074877F
:10F4600039821B5586FBFF00F2A074F79902062C27
:10F4700001F2A07AF79902862B01F2A06CF7998D20
:10F48000263802862B010C48DD0A46020026280297
:10F490008626018D0EDD0E1B5546D5FF4C7A973A18
:10F4A0009F263808668802460B015678197B227C15
:10F4B000899092108B291C8A8D0327AA06972A010E
:10F4C0002C828D042A8882C8F89818A2A0A08808E7
:10F4D000B2AF671AAA892199318BE10C8D0CECBA75
:10F4E000BA869600005C8AA79902C6AE00973A2BAE
:10F4F0005C5887190206D2FF4B721C8A9D0377AABB
:10F5000006272A012C479D047A9992C9FC28098B69
:10F51000E129210C4D0CBCC668000000A2A061A727
:10F520009902C6DEFF82A06387190286C4FF4B7270
:10F530001C8A9D0377AA06272A012C479D047A99E5
:10F5400092C9FC28098BE12241080C1D0C0C4624B1
:10F5500000A2A070973A1DA2A06FA73902069200E0
:10F56000A2A069A79902C6210097BA0246B4FFA2D9
:10F57000A06706CAFFA2A075A79902868A00A2A06A
:10F5800078A7990246880082A07387190206ACFF0B
:10F590004B721C8A9D0377AA06272A012C479D04DB
:10F5A0007A9992C9FC2809D2A000226102D7120BD5
:10F5B00020A2208122C3E00800A0D074ED021C0C20
:10F5C000C61700004B721C8A9D0377AA06272A01E2
:10F5D0002C479D047A9992C9FC28098BE129210CBA
:10F5E0004D0C3C22A0A0B2AF671A22BAB2C63500B9
:10F5F00000663802862900F648354B921C8A261888
:10F6000048F6286F4B721C8A9D0377AA06272A01A9
:10F610002C479D047A9992C9FC28098BE129210C79
:10F620004D0C2C82A0A0B2AF671A88BAB8C62500CC
:10F63000665802C63400F65802C62500666802C63F
:10F6400050002678BE1B550656FF7D099D0377AAFC
:10F6500006272A012C479D047A9992C9FC28098B18
:10F66000E12241080C0C92A0A0B2AF671A99BAB976
:10F67000061500007D099D0377AA06272A012C475D
:10F680009D047A9992C9FC28098BE12251040C1C33
:10F69000A2A0A0B2AF671AAABABA860A00004B723B
:10F6A0001C8A9D0377AA06272A012C479D0470997E
:10F6B0008092C9FC222900E2C10829210C3CF2A059
:10F6C000A0B2AF671AFFBABFA2C14425C3FF2D077E
:10F6D000461C00007B227C899092108B291C8A8D0D
:10F6E0000327AA07972A0222A0288D042A8882C805
:10F6F000F8981888088BE1892199310C4C82A0A0D8
:10F70000B2AF671A88BAB8060D007B227C89909246
:10F71000108B291C8A30832027AA06972A012C8265
:10F720008D042A8882C8F898188808993192A0A078
:10F73000B2AF671A9989218BE1C2A005B0B980A246
:10F74000C144A5BBFF16CAEF2201070C0A2241845F
:10F7500081C8C4E0080056BA1A28167CFA8C92C8F0
:10F7600026B2A078A2C120E002002D0AA1B5C2C035
:10F770002000422127C02000380A379402466E003C
:10F7800081B1C2E008004B721C8A9D0377AA06274C
:10F790002A012C479D047A9992C9FC28098BE129FA
:10F7A000210C6C46BAFF000000663802862900F67C
:10F7B000482E4B921C8A26185CF628794B721C8ABC
:10F7C0009D0377AA06272A012C479D047A9992C99E
:10F7D000FC28098BE129210C4D0C9C0681FF0000BF
:10F7E00000665802063100F658020622002668CB51
:10F7F0002678028693FF4B721C8A9D0377AA062700
:10F800002A012C479D047A9992C9FC28098BE12989
:10F81000210CDCC693FF7D099D0377AA06272A01E8
:10F820002C479D047A9992C9FC28098BE122410852
:10F830000C7C467BFF007D099D0377AA06272A01E1
:10F840002C479D047A9992C9FC28098BE122510426
:10F850000C8C0684FF004B721C8A9D0377AA062736
:10F860002A012C479D047A9992C9FC28098BE12929
:10F87000210CAC4686FF7B227C899092108B291C40
:10F880008A30832027AA06972A012C828D042A8891
:10F8900082C8F8981888088BE1892199310CBCF24C
:10F8A000A0A0B2AF671AFFBABF86A4FF7B227C89F3
:10F8B0009092108B291C8A8D0327AA07972A02226F
:10F8C000A0288D042A8882C8F8981888088BE189B6
:10F8D0002199310CCC0689FF7B227C899092108B78
:10F8E000291C8A8D0327AA07972A0222A0288D04A3
:10F8F0002A8882C8F8981888088BE1892199310CE8
:10F90000FC86E6FF0092A085BD0A1C0C9AA181012D
:10F91000C6E008004690FF000C5886DAFE8D0A46C5
:10F92000D9FE0C680C4D46DBFE0C7846FDFF8D0CB5
:10F93000DD0C46D8FE0C3846FAFF1DF036010132C8
:10F94000610532C110326110B1F4C532C16032615B
:10F950000F32A004326111B0BE15E0301120BB019E
:10F960003032414961597169817991B03320D6B300
:10F9700000B103C4B03310B129C3B03320AD02814C
:10F980002FC2E00800B68A34B2C3FD3202064C58DA
:10F9900087933C98F1822110322111C1E0C5926118
:10F9A00012826113326114926115826116326117FD
:10F9B000990189113921DD020C1AA597FFB2210F97
:10F9C000C22110D2211120A2202530059000000074
:10F9D0005C788793E798F1822110322111926112AD
:10F9E0008261133261149261158261163261179936
:10F9F0000189113921DD02C1C9C50C2A86EEFF003B
:10FA000036610070F72050D52060E620CD04BD039C
:10FA1000AD02A5D5141DF00036010182C11082612E
:10FA200010B1BFC582C16089F1AD030CC8597169BD
:10FA30008172610982611181A5C3E00800165A052F
:10FA400081B9C5E0B011808E15208801B0B2418027
:10FA5000BB20D6BB0081CAC380BB1081F0C280BB73
:10FA600020A8F1922110822111A2611292611382C9
:10FA70006114B2CBFD66121AA26115A9019261163A
:10FA800082611799118921DD04CD03AD02658AFFDA
:10FA90008600002622E1D2210FE22110F22111403E
:10FAA000C42030B320AD02A5F5FF1DF0366100B2D1
:10FAB000A000A2C108659909560A02282131A1C2F5
:10FAC0000C183092823032B2283120BF312A299767
:10FAD00032018D0ABA333A381DF00000814DC2E080
:10FAE000080022A3E8203AA2202A8246FAFF00005A
:10FAF000366100A18DC50C022931280AB2C10CC2A1
:10FB00001201E520008CFAE189C5D189C5B189C50A
:10FB10001C7C81ACC3E0080088310C120B88802A61
:10FB2000931DF00036C100261211D183C5C183C5D3
:10FB3000B2A023A183C5815CC2E00800A6440CD119
:10FB400081C5C17EC52C4B06FAFF0000B6230AD141
:10FB50007EC5C17AC52C5B06F6FF2C0CB17CC5C0F6
:10FB6000A1808196C1E008001C0C0C0B10A1208123
:10FB7000E1C1E008001C0C0C0BCAA10C020C458171
:10FB8000DDC1E0080030528320858080807462C12E
:10FB900020E08811808680622800AD06659013E021
:10FBA000B21182C110CD0ABAB8AD066516008CFA42
:10FBB000E168C5D162C5B15FC53C0C8182C3E00874
:10FBC000001B226642C19841885158612871EC237C
:10FBD00032A73A3A9982C85A9A8889115A88990163
:10FBE000892122C2462A88E044112D0189314A42E6
:10FBF00028041DF032A7E43A999A8889115A889905
:10FC000001892186F7FF0000360101261211D14A31
:10FC1000C5C150C5B2A046A14AC58123C2E00800B3
:10FC2000A6440CD148C5C14BC54C7B06FAFF000069
:10FC3000B6230AD145C5C147C54C8B06F6FF2C0C2F
:10FC40000C0BCAA181ACC1E008001C0C0C0BAD016F
:10FC500081A9C1E008001C0CB2A000C0A18081A550
:10FC6000C1E00800B13DC52C0CA2C1408154C1E0E7
:10FC7000080022A00082C1402A787807AD0765827B
:10FC80001382C120CD0A2AB8AD076508008CFAE1BD
:10FC900033C5D130C5B127C55C2C814AC3E008000B
:10FCA0004B2266C2CF28B1B2A3842ABB289192A26C
:10FCB000BC2A99A8A1288182A320AAA82A8828F171
:10FCC000BAAAB93120BBC028E1AA99A92120AAC0AB
:10FCD00028D19A8899112099C028C189012088C00B
:10FCE000FBBBA2CA14AB9982C828B971A96199510A
:10FCF0008941E04411CCF32D014A42280429052210
:10FD0000A35229060C021DF082C1104A4886FAFF50
:10FD10003641000C0A0C189D0A30988340A883A035
:10FD20009920FC39208993ECE80C8BAD046579139C
:10FD3000CD0A0C0BAD03816FC1E00800D109C5CD20
:10FD400004BD03AD026502008107C5879A0D0C1A38
:10FD50008177C1E00800C6F3FFA2A1022D0A1DF0C1
:10FD6000364100A577132D0A1DF0000036A10032A0
:10FD7000610720A22032A00039B1A572133D0A8C80
:10FD800014403A6341FAC4C02000480449614D025E
:10FD90000C0268B156820037A60522240056F204F0
:10FDA00041F3C4C020008804ECC241F3C40C1740E6
:10FDB00045C0AD0240A783A04074CCF441E9C4FD26
:10FDC000024055C050F783F0507416A50048618773
:10FDD000940207640221E3C4672302863300D1E75B
:10FDE000C4C1E7C4A1E8C4B2A05881AFC1E0080013
:10FDF00062020122120172A1002A660C0267A71D8D
:10FE00002142C2680221D8C49C268181C1E0080039
:10FE1000BD0AC1D7C4A1D7C48142C2E008000C0604
:10FE200098B10C07993177927E37A97B280482021A
:10FE30000192120180A5218A990BE992C91E6AAA32
:10FE4000E09EB3A951909521A7295A80C04460C76C
:10FE500093BD07DD07860900001B787090440C0AEB
:10FE60000C1F90AF83A090741BDDCC69E088C0802C
:10FE7000F9938C7F1B8BB7161EBD080C0D8D078761
:10FE8000AED60C0DB20200E871A851F2C12CE0050B
:10FE9000002D0A1B66C6E1FF8831DA7877A3E4807B
:10FEA000D3C086F7FF002D074B4406B9FF1DF000B5
:10FEB0003641000CA827B811D1B4C4C1B4C4B2A152
:10FEC00005A1B0C48179C1E00800D0821121B0C47D
:10FED0008A22980288129088C080824137B80CD15B
:10FEE000ADC4C1AAC4B2A10646F5FF00E033119A21
:10FEF00033C0200028031DF0366100BD02AD03258C
:10FF0000FBFF000440A040917CF226C50A0C1200C1
:10FF100015400022A122C2FF2044109807219EC450
:10FF20000C0320291037A2080B227C888022201B7A
:10FF300022BC427B899089B38083218A86CD02AD21
:10FF4000040C0B8911992181F7C0E008008811B2D7
:10FF50000800B0AA20A248000C8898212028C05090
:10FF600022432A9999072055C00C090C8DE61503E8
:10FF70000C021DF088072A997B288028B3CD092020
:10FF80002321AD04BD032A2689119921D93181E4A9
:10FF9000C0E00800B20200B0AA20A24200D8318816
:10FFA00011D025432A8889072055C0982106EFFFE4
:10FFB000364100BD02AD03A5EFFF7CF826C5090C54
:10FFC000180015400088A10B880014400088A1A0EB
:10FFD000A8108172C4E0080088060C02AAA8A9062D
:10FFE00088075A8889071DF036610081B2C2E0088F
:10FFF000008172C4E00800816AC4E022112A687D91
:020000044201B7
:100000000AA806816EC4E0080077BA0BA226007029
:10001000B720816BC4E008008163C47CFB2A88A8F8
:1000200008893181D8C0E00800915DC4BD072A6904
:10003000A8068163C4E00800615CC40C0D2A66C098
:1000400020003906315AC4CD0D2A33C0200049039F
:100050003158C4BD0D2A33C0200059033156C42A7B
:1000600033A80381C9C0E008003153C47CFB2A23B4
:10007000A8020C0281C4C0E0080088310C0DA80859
:10008000CD0DBD0D81C1C0E008001DF036A10051AD
:100090006CC042A001C02000222500C020002261C7
:1000A0000B0C023D02C147C4DD030CFBA2C11DA520
:1000B000EE05AD0481BDC0E00800813AC40C3C8A65
:1000C00082A9080C0BAD04813AC1E00800813AC452
:1000D0000C3C8A82A9080C0BAD048135C1E00800F4
:1000E0008135C4F12FC48A82A908A137C439012AF5
:1000F000FF1C8EDD03C2A400B2C11D818BC0E008CD
:1001000000261A17D132C4C132C4A132C4B2A073BE
:1001100081E6C0E008003D0446E2FF004B22661382
:10012000F4C0200038B1C020002805271305814500
:10013000C0E008001DF0000036410082A102F62256
:10014000188125C4E0080082A103662A0C0C0DCD9D
:1001500004BD03AD0225E9FF8D0A2D081DF0000046
:1001600036410082A102F62218811BC4E0080082F9
:10017000A103662A0C0C1DCD04BD03AD02A5E6FF4C
:100180008D0A2D081DF0000036410020EB03202DC4
:1001900004A2A01C250AFE20A2201CCCB2C25181C0
:1001A00047C2E008001CCAE507FE8C82210CC40C83
:1001B00018C0200089021DF03641008109C4E022E8
:1001C000112A88980882292AA22929879A050C02CF
:1001D0001DF00000B2292CE0A811AABBA80B1B88B7
:1001E00030AAC0A90BB2292BB728010C08D67AFD7A
:1001F00082692A46F4FF0000366100A63225818418
:10020000C0E00800B1F9C322A18AF1F6C3C1F7C367
:10021000226100A0DA20B0EB200C1AE57FFF7CF20F
:100220001DF00000C0521141F2C34B354A337CFB34
:10023000AD038187C0E0080081EAC3E022112A28CB
:1002400028025A4422222882A1012088102804ADC5
:1002500003C020008942C020004832408820C020CE
:10026000008932817CC0E008000C0246ECFF0000EF
:10027000366100A632258166C0E00800B1DBC322EA
:10028000A0F4F1DCC3C1D9C3226100B0EB20A0DA35
:10029000200C1A6578FF7CF21DF00000B6431C812B
:1002A0005CC0E00800B1D0C322A0F52901F1D1C3A0
:1002B000ED0BDD0AC1D1C386F5FF0000C02211514C
:1002C000CCC342C204504480B2AFFFAD048160C0D1
:1002D000E008002AA5BD03652913AD04815EC0E0D6
:1002E00008000C0206ECFF0036610030B320A63295
:1002F000228147C0E00800B1BCC322A0FEF1BFC309
:10030000C1BBC3226100A0DA20ED0B0C1AA570FF5F
:100310007CF21DF0A1B7C3C022112AAAE526130C56
:100320000246FBFF366100A632258139C0E0080095
:10033000B1AEC322A105F1B2C3C1ACC3226100B00A
:10034000EB20A0DA200C1A256DFF7CF21DF00000D6
:10035000B6431C812FC0E00800B1A3C322A1062927
:1003600001F1A7C3ED0BDD0AC1A7C386F5FF0000AD
:10037000C02211519FC342C204504480B2AFFFADAE
:10038000048133C0E008002AA5BD03E51A13AD04BB
:100390008131C0E008000C0206ECFF00366100A6C7
:1003A0003223811BC0E00800B190C322A10FF19657
:1003B000C3C18EC3226100A0DA20B0EB200C1AA5C5
:1003C00065FF7CF21DF0C022115189C342C2045066
:1003D0004480B2AFFFAD04811EC0E008002AA5BD75
:1003E00003651713AD04811BC0E008000C0286F4FE
:1003F000FF000000366100A632258105C0E008003C
:10040000B17AC322A118F181C3C178C3226100A0CF
:10041000DA20B0EB200C1A2560FF7CF21DF0000002
:10042000C022115173C342C204504480B2AFFFAD29
:10043000048107C0E008002AA5BD03651613AD04BA
:100440008105C0E008000C0206F4FF00366100A63A
:10045000322581EFBFE00800B164C322A121F16C15
:10046000C3C162C3226100A0DA20B0EB200C1AA540
:100470005AFF7CF21DF00000C02211515DC342C240
:1004800004504480B2AFFFAD0481F1BFE008002A00
:10049000A5BD03651413AD0481EFBFE008000C0295
:1004A00006F4FF00366100A6322581D9BFE00800BE
:1004B000B14EC322A12AF157C3C14CC3226100A08F
:1004C000DA20B0EB200C1A2555FF7CF21DF000005D
:1004D000C022115147C342C204504480B2AFFFADA5
:1004E0000481DBBFE008002AA5BD03A5C601AD0459
:1004F00081D9BFE008000C0206F4FF00366100A6B7
:10050000322581C3BFE00800B138C322A133F142D4
:10051000C3C136C3226100A0DA20B0EB200C1AA5BB
:100520004FFF7CF21DF00000C022115131C342C2C6
:1005300004504480B2AFFFAD0481C5BFE008002A7B
:10054000A5BD03A5CC01AD0481C3BFE008000C022A
:1005500006F4FF00368100204220302320A63423F9
:1005600081ACBFE00800B120C322A47FF12CC3C13D
:100570001FC3226100ED0BDD0A0C1AE549FF7CF276
:100580001DF000005117C3E034113A6552260056A1
:10059000A501819FBFE00800B114C322A4802901F6
:1005A000F11FC3ED0BDD0AC11EC3C6F2FF8120C3DC
:1005B000E008005806A07A20A2253920B2208171D7
:1005C000BFE00800164A12810AC3C044114B548A86
:1005D000557CFB50A520819EBFE008009105C3B16A
:1005E00013BF4A89A8088806C02000983A88380CAA
:1005F0000E0C1FCD0E0B88B0991090CF8380EF9317
:10060000C0C074E08074DCA9DC88C02000881AB700
:10061000081AD104C3C104C3A105C3B2A49281A224
:10062000BFE008008C5C8C38C02000B94AAD058161
:1006300089BFE0080061EAC20C0B3A968809A2283B
:100640003B99718150BFE008000C2A814EC1E0083F
:100650000061E7C298714A86A808C02000887A80A5
:100660008095EC48C02000822A1B808434DC9828C6
:1006700009DD08A22239CD08BD0889718143BFE098
:1006800008000C0206BEFF0000007CFB50A5208184
:1006900070BFE0080081D6C2AD054A48680481E316
:1006A000BEC020004836804420C02000426603813E
:1006B00069BFE0080081DEC2E00800704AC00C0B90
:1006C000473205207780A0B7C091C5C23A392803C8
:1006D000A2223B812CBFE008002803DC3ADD0ACDD2
:1006E0000ABD0AA222398128BFE0080022A10746DC
:1006F000A3FF0C0DCD0DBD0DA2223946DFFF00007A
:10070000366100A632258142BFE00800B1B7C2229F
:10071000A54EF1C8C2C1B5C2226100B0EB20A0DA7B
:10072000200C1A652FFF7CF21DF0000041ADC2E0E5
:1007300082118A4482240056A8018135BFE0080056
:10074000B1AAC222A54F2901F1BBC2ED0BDD0AC13E
:10075000B4C2C6F2FF81A6C2C022114B228A227CFB
:10076000FBAD02813BBFE008004804AD0248540CD9
:100770000249038138BFE00800C6EAFF36A100A69F
:1007800032258123BFE00800B198C222A563F1AAF7
:10079000C2C196C2226100B0EB20A0DA200C1AA5DB
:1007A00027FF7CF21DF00000418EC2E052115A3446
:1007B00042230056A4018116BFE00800B18BC2227B
:1007C000A5642901F19DC2ED0BDD0AC195C2C6F2F7
:1007D000FFA22438B2AFFF81EBBEE008008184C2E3
:1007E000C062114B368A337CFBAD038119BFE00830
:1007F00000917FC26A79880792AEFEC020007838E7
:10080000907710C020007938AD038112BFE0080056
:10081000A22436B2C12C0C0C818AC2E008008D0AD9
:1008200089717CFB30A32056E8058109BFE00800F0
:10083000916CC288715A5978055D0898578C39892E
:100840005752A0010C0882471CAD038102BFE0088B
:10085000009C3581EFBEE00800B163C2C178C2DD03
:100860000AED0B0C1A251BFF3162C26AA3A5FEFA22
:10087000AD026598FF0C0DA22438CD0DBD0D81C2CF
:10088000BEE008000C0286C6FF81F1BEE0080091C0
:1008900054C2B8B15A79A807985AB099C0995AADBC
:1008A000026591FFAD0381EBBEE008008871A224D0
:1008B00036BD088164C2E0080082270092081C1639
:1008C000D9F4C2089DA22836D2A001B2C81D815E0B
:1008D000C2E00800261A0246CDFF7CFBAD0381DC96
:1008E000BEE008007807885792079D9A8889570CC0
:1008F0000882471C06C4FF003641008D020C02E648
:10090000380E9137C2E088118A8998080C1890280F
:10091000931DF000364100E6320E8131C2E0221113
:100920002A2828028C123262341DF0003641002140
:1009300047C21DF03641008146C2E008001DF000AC
:1009400036410021F8BF28028143C2E00800A90215
:100950001DF00000364100522207413FC2A140C2B3
:10096000526400C2A464413DC2B2A0A58162BEE04F
:1009700008007C058140C2E00800405510CD01BD53
:1009800000A0E6039048038049034136C2894482AF
:10099000C5C459080C089934C90492C5D0B914A922
:1009A000245131C26D0880E60350881080E6131090
:1009B00020008048030018400C180088A1804913CB
:1009C0001020000C001D0980E603611EBF60882016
:1009D00080E613102000AD02650601AD03E5F300CB
:1009E0005D0A9C4A8125C2E00800BD0AC120C2A15F
:1009F00020C2DD05814BBFE00800882451DCC028FF
:100A0000349844A804505810481450E6131020009D
:100A10002048131020009049131020001D0A0D04D7
:100A200080E6131020001DF0364100A506011DF0E0
:100A300036410020A2208111C2E008002D0A1DF0DD
:100A4000364100561301D10EC2C10EC2A10FC2B26F
:100A5000A10C8195BEE0080026121C8C9226222350
:100A600026322C7CF21DF0008109C22109C28903C3
:100A70008022C086FBFF00008107C22107C28903D4
:100A800006FBFF008106C22106C2890306F8FF00AB
:100A90008105C22105C2890306F5FF00364100B277
:100AA000A15820A220E50601A02A20900000000005
:100AB000364100A0EB03A0AD0481ECBFE008002D9F
:100AC0000A1DF0003661000CCC0C0B4BA12052200B
:100AD0008109BEE008008C240C0229144BB1AD053D
:100AE00081F3C1E008002821590329132831292363
:100AF0008187C0E00800CCCA65FBFFA7950721D617
:100B0000C1280222630130A320650C01A02A20BC69
:100B10005AE5F9FFA79530AD05655301817CC0E02A
:100B20000800AC2A9C14882358133B885088C0596D
:100B3000047CC550881082640141C7C14224004230
:100B40006301E5F500A263021DF00000364100A23A
:100B5000C228A553010C021DF000000036410065BB
:100B6000991282230080904416590042A02090944C
:100B7000C041CFC1AA889A8892240187B91981BE41
:100B8000C1E00800BD0AC1CBC1A1CBC122A1018136
:100B9000E4BEE008001DF0002CCCAD0289030C0B74
:100BA00081D5BDE00800280320CC412020B48C0270
:100BB0001BCC281440CC11C7B20581FEBEE0080052
:100BC0002136BFB804A802814CBFE008002D0A16E8
:100BD0002AFC81A9C1E00800BD0AC1B6C1A1B7C104
:100BE000DD0281CFBEE0080046EAFF003661000C5E
:100BF00005CD050C3B0C1A59316562F76D024D0AA3
:100C0000579A19819DC1E00800BD0AC1AAC1A1ACD3
:100C1000C122A10581C3BEE008001DF000284AF6EC
:100C2000421B8195C1E00800BD0AC1A2C1A1A5C1B6
:100C300081BCBEE0080022A10446F7FF0000D2A05C
:100C400004C2C10C50B5206577F72D0A9C8A818AB1
:100C5000C1E00800BD0AC197C1A19BC1DD0281B0FE
:100C6000BEE0080086ECFF0088312608C8B64804BC
:100C7000584487B51A8180C1E00800BD0AD221031B
:100C8000C18DC1A192C181A6BEE0080086E9FF0026
:100C90004906890386E0FF0036410081DCBEE0089A
:100CA0000081FDBEDD049C6A9182C19209088CE935
:100CB000A808CD03BD02810BBFE008002D0A1DF07E
:100CC000A808CD02BD038106BFE0080006FBFF00B7
:100CD0003661007177C1580268175A54673505812B
:100CE000B5BEE00800A20224169A0B2C05A055C040
:100CF0004055634BAACD05BD03AAA28130BDE008D3
:100D0000008202248A8580807482422466C85C68DE
:100D100002A8074B92CD08BD096AAA89219931A57D
:100D2000F7FF6D0A882198319C8A8153C1E0080041
:100D3000BD0AC160C1A166C1DD068179BEE00800BF
:100D40002D061DF0A802CD08A2CA20A902A8A2BDA6
:100D50000989219931A5340162422488219831CD35
:100D600008BD0690A9208163BDE008005044C06C16
:100D70000880841016D8046802A8075A93CD08BDCD
:100D8000096AAA8921993125F1FF6D0A88219831D4
:100D90009C6A8139C1E00800BD0ADD06C146C1A1D7
:100DA0004DC106E5FF5D0A06F1FFA2220A80C820B8
:100DB00090B9208921A52E01882168028A558A666A
:100DC00069028044C00C0667940286DCFFCD045A99
:100DD000B34BA281FABCE0080042422406D8FF00CF
:100DE00036610032A000326103A570123202244D38
:100DF0000A512FC11623043802A8054B623AAA2CC7
:100E00000CBD0665E9FF3D0A9C8A811BC1E0080014
:100E1000BD0AC128C1A130C1DD038141BEE0080087
:100E20002D031DF0A2220AC2A02060B620252701B2
:100E3000880232422482C8208902A8A2CBB11CF3C6
:100E4000652A014733424B32B831CD04AD0381DB13
:100E5000BCE008002C0640C6C00C0B4AA38125BD8F
:100E6000E00800A8055802CD06BD035AAAA5E2FF76
:100E70003D0AACBA8101C1E00800BD0ADD03C10D25
:100E8000C1A116C186E4FF00004030348C43814983
:100E9000BEE00800A8053802CD04B8313AAAC6F26F
:100EA000FF88024A48490246DDFF00003641000C37
:100EB0000C0C3B0C1AA536F7DC4A81EFC0E00800A9
:100EC000BD0AC1FCC0A106C18116BEE008001DF02C
:100ED00021F8C0883A0CCC8902884ABD0289128266
:100EE0000A250C0A824208813BBEE00800A932C6EE
:100EF000F6FF000036410031EEC00CCC30B320A22A
:100F0000A0008134BEE008008833A04A20A7181949
:100F100081DAC0E00800BD0AE833C1E6C0A1F1C033
:100F2000DD0481FFBDE008001DF0480316440038D1
:100F300013F6431681D1C0E00800BD0AC1DEC0A18E
:100F4000EAC081F7BDE0080006F7FFA1E8C08133E1
:100F5000BFE00800A2A001255EF7B1E5C031E5C001
:100F600020A220390B31E4C0391B31E4C0393B31B8
:100F7000E4C0392B31E4C0394BA59DFF06EAFF00E0
:100F800036010131AFBCC2A02CC02000222300A238
:100F9000C130C0200022611722A000BD02291181AA
:100FA000D5BCE008002C052921A554124D0ACD0519
:100FB000BD02A2C110293181CFBCE0080047B511A4
:100FC000D1D2C0C1D2C0A1D2C0B2A1788137BDE018
:100FD00008008BB1A2C10465C1FF2D0A56CA0632B2
:100FE0002102A2C1584033C0250A016D02ECF3A2D0
:100FF0002116CBB1250F01B821A811DD04C2C11003
:1010000040BBC0A53BF72D0A16DA06819BC0E0085D
:1010100000BD0ADD02C1A7C0A1C0C0C60900000012
:10102000507363A811DD07C2C13460B620E538F7FC
:101030002D0AACDA8191C0E00800A0BA20C19DC0A1
:10104000A1B5C020D22081B6BDE00800517DBCC052
:101050002000422117C02000380537145A8179BC7E
:10106000E00800A22116CD07B2C1346503017A66FB
:101070007033C086DDFF000000A2210340C420B20F
:10108000C11081F9BDE008002D0A16EAFB817AC083
:10109000E00800C188C0BD0AA1A1C022A10981A0A9
:1010A000BDE00800B831A19EC0E50601A19EC0B216
:1010B000C110650601C6E4FF1DF00000366100E5C1
:1010C000DEFF82A0008921893165EBFFCC5ACBB1CC
:1010D0008BA1A5B1FF1DF00036810056D4018166B9
:1010E000C0E00800BD0AD190C0C190C0A191C0E28B
:1010F000A0FD818BBDE008007CD21DF00CCC0C0B58
:10110000A2C114817CBCE00800AD02814CBCE008A7
:101110000062CA0172A02067B73F8157C0E0080093
:10112000BD0AD184C0C181C0A184C0FD06E2A0D7A0
:10113000817CBDE008000C028150C0E00800BD0ABF
:10114000D17AC0C17AC0A182C0FD02E2A10181743E
:10115000BDE0080086E8FF0000007CC73B657066C4
:1011600010692188214BAA706A10FB986A997099BE
:10117000107172C09931921724262902462800A1C5
:1011800070C0BD02CD06810DBCE0080022271539D4
:1011900071A842382269515961C2A00CB2C114E051
:1011A00003002D0AAC1A8134C0E00800BD0AD161E9
:1011B000C0C15EC0A164C0FD02E2A0E78159BDE0EC
:1011C00008007CE206DCFF0000222715B15DC03874
:1011D00022A842CD06E003002D0A9C7A8127C0E0B8
:1011E0000800BD0AFD02E2A0EBD152C0C150C0A16F
:1011F00056C086F1FF222715C8213822A22204BD3D
:1012000004E003002D0A9C7A811CC0E00800BD0A9E
:10121000FD02E2A0EFD147C0C145C0A14CC086E6A7
:10122000FF2831A6120206B4FFC6C2FF366100B223
:10123000C10C20A220A59D0056DA01810FC0E00854
:1012400000BD0AD802C139C0A143C08135BDE00844
:10125000007CDA2D0A1DF00000A0DA20C22103A1D3
:101260003EC0B2A00125E7FFC6F9FF0036410031BC
:1012700033C0BD028223133223158912A843882369
:10128000C2A020E008003D0A2C029CCA81FBBFE0FE
:101290000800BD0AD132C0C125C0A131C0FD03E2A2
:1012A000A097811FBDE008007CE21DF03681002C74
:1012B0000C0C0B10A120810FBCE00800DCC381EEF8
:1012C000BFE00800BD0AD127C0C118C0A127C0E2F5
:1012D000A0A78113BDE008007CD21DF07CC53B4473
:1012E0005044105116C0821524CCC82215281B2248
:1012F00022552822C42006F8FF66184329212931E7
:10130000AD010C622961890149414951E5F5FF2D83
:101310000AE61A1F81D9BFE00800BD0AD112C0C178
:1013200003C0A112C0FD02E2A0B881FDBCE008002C
:1013300086E9FF008225134A4842651386E6FF00CE
:10134000222515CD048822A842BD03E008002D0AFD
:10135000AC0A81C9BFE00800BD0AD102C0C1F3BF19
:10136000A104C0FD02E2A0C281EEBCE008007CE264
:1013700086D9FF002D044225132A4486EEFF000083
:101380003681002C0C0C0B10A12081DABBE0080088
:1013900031EBBF4D028213246618410C48294129C4
:1013A00051AD010C62296182610025ECFF2D0AE636
:1013B0001A1D81B1BFE00800BD0AD1EEBFC1DBBF7D
:1013C000A1EEBFFD02E2A16481D6BCE008001DF0E1
:1013D0002223134A222263132C0206FCFFCCC8826C
:1013E000132822C2201B8882532806F8FF82231369
:1013F0002A8882631346F5FF3621012191BB51CF24
:10140000BFC020002802C0200022611B2215242614
:101410001202062F002CEC0C0BA2C13E32152881C3
:10142000B5BBE0080041D5BF22413E49E142A101E0
:1014300042511E0C44425124250B1232513222617A
:101440001331CFBF0C0222611422611622611722D0
:10145000611A2225153261182C83A251253C4C3289
:101460005133A8423822C26115B2C138E003002DC1
:101470000A16DA058181BFE00800BD0AD1C2BFC1EA
:10148000ABBFA1C1BFFD02E2A08781A5BCE00800FF
:101490007CE232152466234BD642068177BFE008F2
:1014A00000A0BA20D1BABFC1A1BFA1B9BFFD02E25D
:1014B000A221819BBCE008003162BBC02000422118
:1014C0001BC020003803379402061301815EBBE085
:1014D00008002215240C0A22C2FE3C43203A832D28
:1014E0000346EBFFE612188164BFE00800BD0AFD69
:1014F00002E2A223D1A6BFC18DBFA1A6BF46ECFFC9
:10150000C2A00C0C0BA2C120817BBBE008000C0325
:101510000CCCBD03A2C12C396139718176BBE008C6
:10152000006550FFA558FFCD03B2C12C4D0A655987
:10153000FF379A3E3D0A0C046D03407420AD04252C
:101540004FFF4D0A561A0AAD0665E3FF3D0AA61A7B
:1015500002C6EE008149BFE00800BD0AD18FBFC1BD
:1015600073BFA192BFFD03E2A19C816DBCE00800A6
:10157000460C00A2C12C65CBFF621524A03A206660
:101580001645D60AFB813CBFE00800A0BA20D182F4
:10159000BFC166BFA182BF326100FD04E2A18181AB
:1015A00060BCE008008134BFE00800BD0AD185BFFF
:1015B000C15FBFA196BFFD03E2A1BB8159BCE0089A
:1015C000002D034642000000A61A02C6D9FF812A58
:1015D000BFE00800BD0A3901FD04E2A183D16EBF5E
:1015E000C153BFA16FBF46EDFF654CFFA7940286B4
:1015F000D2FF70C720B2C12C40A420A54CFF16BA60
:10160000F3A2C12C65C2FF821524A03A2066181FE0
:10161000D6AA038119BFE00800BD0A3901FD04E222
:10162000A193D15DBFC141BFA15FBF06DCFF000038
:10163000E61A1A8111BFE00800BD0A3901FD04E273
:10164000A195D155BFC139BFA158BF06D4FF3A6695
:1016500046BAFF00C2C118B2C12040A4206546FFAF
:10166000162A0CA22108C2A158BD0A25C4FF6D0A82
:10167000A61A02868C008100BFE00800212CBFBDA5
:101680000AD881A14BBFED06CD028125BCE0080040
:1016900081FABEE00800BD0AF881D146BFA146BF6D
:1016A0006901E2A1A620C220811EBCE008007D06DF
:1016B00081F2BEE00800BD0AD143BFC11CBFA142F8
:1016C000BF7901FD04E2A1CB8116BCE008002D0723
:1016D00081EABEE00800BD0AFD02E2A228D12BBFCC
:1016E000C113BFA149BF0672FF6A77A617C1C871AF
:1016F0007A33BC0CA22106A0BA2025BBFF6D0AE6F6
:101700001A2181DDBEE00800BD0AD12EBFC107BF8E
:10171000A12FBFFD06E2A1D48102BCE008002D0686
:1017200006EBFF00AA33AD046530FF4D0A563AF2CE
:10173000A9B1A07A20B2C12CAD076530FFCD0AD681
:10174000EA0381CDBEE00800BD0AD121BFC1F7BECA
:10175000A121BFE2A1E581F2BBE008007CD681C6F1
:10176000BEE00800BD0AD109BFC1F0BEA11CBFFD8B
:1017700006E2A22D81EBBBE008002D06064EFF001D
:1017800000163A09A8B1BD0A25B2FF6D0AA61A02D1
:1017900086200081B9BEE00800BD0AD10DBFC1E3BB
:1017A000BEA10DBFFD06E2A1ED81DDBBE008005644
:1017B000B6FA3A22A10BBF4C2B6A6222A00029B1D3
:1017C0008104BCE00800E58B00A905B106BFA106B5
:1017D000BF4C8D50C5202590FF4D0AE61A4681A6C4
:1017E000BEE00800BD0AD101BFC1D0BEA101BFFD4E
:1017F00004E2A20481CBBBE008002D04819FBEE07F
:101800000800BD0AFD02E2A233D1E0BEC1C8BEA1FC
:10181000FDBE0627FF00AA441B7726470206C5FF28
:101820006D0406E3FFA2C12C658400DC8A8192BEB0
:10183000E00800BD0AC1BDBEA1EFBE22AFFD81B868
:10184000BBE0080006EDFFDD0AC2210BA1EBBEB232
:10185000A2A56588FF2D0AE61A228187BEE008004E
:10186000A0BA20D1E2BEC1B1BEA1E4BE20F220E206
:10187000A21281ABBBE0080006E0FF0000A0A4803C
:10188000E5AFFFA02A20E61A1A817BBEE00800A07F
:10189000BA20FD02E2A217D1D5BEC1A4BEA1D8BE16
:1018A00086F3FF006A2A8603FF72A000C2C12CB231
:1018B000C114A2C12072610BA52D00CD0AB8B1A838
:1018C00051A59EFF7D0AA61A020687FF816BBEE026
:1018D0000800BD0AE891D881C195BEA1B8BEFD0738
:1018E0008190BBE008007CE9971702867EFF816249
:1018F000BEE00800BD0AF881D1AFBEC18CBEA1B068
:10190000BE7901E2A1AA8186BBE008000668FF005B
:101910006511FFC683FF0000001DF0003661003234
:10192000A01439315612028154BEE00800BD0AD11C
:10193000B8BEC17EBEA1B7BEE2A2418179BBE008BC
:101940000032A1022D031DF000417CBE0C03325475
:101950002422641525AAFF3D0A967AFE8831AA380A
:1019600039313802AC53A842CBB1E003003D0A162E
:10197000AA018141BEE00800BD0AC16CBEA1A6BE9D
:10198000DD038167BBE0080006EEFF000038129C13
:10199000A3A842E003003D0A9C1A8137BEE008007C
:1019A000BD0ADD03C162BEA19DBE06F5FF319CBE2E
:1019B00088318903E56C000C08A9138923893389D0
:1019C00043A8428822BD031C4CE008003D0A9C4A03
:1019D000812ABEE00800BD0ADD03C154BEA191BE4C
:1019E00086E7FF00000082A001825424821428B000
:1019F000881182C834826413E59FFF96AA0382A0EF
:101A000002825424821428B0881182C8348264135C
:101A1000659EFF962A024222031674F2A842E00451
:101A2000003D0A16DAF18114BEE00800BD0ADD03AC
:101A3000C13FBEA17DBE06D2FF3D0A46C1FF0000E8
:101A4000364100817ABE6CF992480092AFBE92484E
:101A50000192AFAD92480292AFDE9248037CF992B8
:101A600048089248096C8A0C0992480A92480B92DD
:101A70004805924806924807A24804916DBE8872B4
:101A800022022099088C7292281492C940926814FC
:101A90001DF000003641008167BE0C0999081DF059
:101AA00036410080EB03808D041B28A082112A8818
:101AB000F088112A882160BEC088118A221DF0009A
:101AC000364100381230A320815DBEE00800BC6AB8
:101AD0009822A1BFBA21A0BCAAA90C18A7B20DA137
:101AE000C0BA21BEBAAAA9A7B20282A00097B31BAE
:101AF0000C1AA08830A08810DC08210FBB3099C0D8
:101B000097B201AD08A0A0742D0A1DF00C0A86FD45
:101B1000FF00000036410081AEBAA18FBC8A8287E7
:101B20003A2A9147BE0C1890938020998097BA5B0F
:101B300081FEBC9140BB8A828739288144BE8A33AA
:101B40002A3382A00137B9430C08860F0081A2BA5C
:101B5000A1A3BA8A82873A1F913BBE0C189A932A96
:101B60009997BA279130BCA130BC9A920C08973A49
:101B70001A8137BEC6020000819ABA8A82873AAFBC
:101B80008132BE8A332A330C18373ABB8020041DB9
:101B9000F0000000364100881298229028C02021D1
:101BA000609088638C04DC03D12BBEC12BBEA12BBB
:101BB000BEB2A158813DBAE0080091A9B9890331AC
:101BC00028BE9A989733028127BE89041DF0000031
:101BD000364100A2220065ECFEA03A20164A02AD72
:101BE00002E5EDFFEC0A8113BE98081BA9A908D0F5
:101BF00089119088C091D3BAC088119A88891282BD
:101C0000C87089222D031DF03D0A86FDFF000000EB
:101C10003661000C05526102593157120257931177
:101C2000D112BEC112BEA10DBEB2A1AE811FBAE0DB
:101C30000800AD02CBC1B2C108A5F5FF8202004188
:101C40000CBE6D0A82441882020152440C8244196F
:101C500082020222020352440D22441B82441A22B1
:101C6000A06F9831A732358184BDE008002101BE04
:101C7000BD0AA101BE20C220DD0681A9BAE008008C
:101C8000817EBDE00800BD0AA1FDBD20C22081A467
:101C9000BAE00800490322A24C1DF00000280961A7
:101CA000E4BD671202C6B600A2291481E0BDA028D7
:101CB00074A24808224809A02075A0A875A2480B64
:101CC000A2291522480A6C82224804A028742248BE
:101CD00011A020752248126CE2A2481022480CA0E4
:101CE000A87522AFC2524805524806524807A2487A
:101CF0001352480D52480E52480F224814524815AC
:101D0000524816524817A0C203A02874224819A0AE
:101D10002075A2481822481AA0A87522AFC3A2486D
:101D20001B22481C52481D52481E52481FA0C30384
:101D3000A02874224821A02075A24820224822A071
:101D4000A87522AFC4A248232248245248255248ED
:101D500026524827A0C403A02874224829A0207531
:101D6000A2482822482AA0A87522AFC5A2482B2243
:101D7000482C52482D52482E52482FA0C503A02867
:101D800074224831A02075A24830224832A0A8759C
:101D900022AFC6A248332248345248355248365200
:101DA0004837A0C603A02874224839A02075A2484D
:101DB0003822483AA0A87522AFB1A2483B22483C3D
:101DC00052483D52483E52483FA0B103A0287422D9
:101DD0004841A02075A24840224842A0A87522AFE1
:101DE000B2A24843224844524845524846524847C6
:101DF000A0B203A02874224849A02075A248482216
:101E0000484AA0A87522AFB3A2484B22484C52487A
:101E10004D52484E52484FA0B303A0287422485157
:101E2000A02075A24850224852A0A87522AFB4A2A3
:101E30004853224854524855524856524857A0B425
:101E400003A02874224859A02075A2485822485A55
:101E5000A0A87522AFB5A2485B22485C52485D52EB
:101E6000485E52485FA0B503A02874224861A020B4
:101E700075A24860224862A0A87522AFB6A2486346
:101E800022486452486552486652486750B603502B
:101E90002874524868224869502075505875224865
:101EA0006A52486B2209045829224448220905CB6A
:101EB000B92244492209060C0C22444A220907523D
:101EC000444C22444B50287422444D5020752244E7
:101ED0004E50287522444F1C02768222A80B82CCD9
:101EE00040E088118A84A06874A24848624849A0EA
:101EF0006075A0A87562484AA2484B1BCC4BBB2218
:101F0000094C82291622445C22094D22445D220993
:101F10004E22445E22094F82445022445F8028743E
:101F2000224451802075808875824453822917226B
:101F300044528028748244542244558020758088FD
:101F40007582445782291822445680287482445846
:101F500022445980207580887522445A82445B57F8
:101F6000E502864BFF6CF220551050287452444C09
:101F700022444D50207550587522444E52444F46CD
:101F800044FF0000613FBD5269156269145632F189
:101F9000A819A02874224449A0207522444AA028E8
:101FA00075A2444822444B582950287452444C226C
:101FB000444D50207550587522444E52444F884924
:101FC00052D40180287422454980207522454A80D8
:101FD000287522454B824548B859B02874B2454C03
:101FE00022454DB02075B0B87522454EB2454FB868
:101FF00069B02874B24550224551B02075B0B8750B
:10200000224552B245539879902874224555902024
:1020100075224556215BBA92455420AA10909875B6
:10202000A06874924557624449A06075A0A8756283
:10203000444AA2444BD6B8C5208810802874224553
:102040004980207580887522454A82454BC610FF1D
:1020500036410081F6BC2098742248009248012045
:1020600090752028759248022248031DF000000058
:1020700036410016520081EDBC82620022A0941D00
:10208000F000000036410021FFBC1DF03641008CFD
:102090009281FDBC0C099908991889021DF0000075
:1020A000364100BD03CCF2D1F9BCC1F9BCA1F9BCE9
:1020B0005C8B81FDB8E008009C43A802CD0481C57B
:1020C000B9E008008812A9024A8889121DF00000B0
:1020D000816ABCE00800BD0AC1F0BCA1F0BC8190DF
:1020E000B9E0080006F9FF003641000C190C082081
:1020F0008993808074DC58308983DC08D1E9BCC1C5
:10210000E9BCA1E4BCB2A07181E8B8E008008C038E
:1021100029030C421DF00000364100BD0256130198
:10212000D1E2BCC1E2BCA1DBBCB2A0B281DFB8E0AD
:1021300008008C72A1DFBC817AB9E00800B803A165
:10214000DDBC8177B9E00800A1DCBC8175B9E0088D
:10215000001DF000366100480221D9BCC020008279
:10216000241E80841526280821D5BC2638022198F3
:10217000B8D1E4BB0C1AD0C382D0D3A20B9CC73910
:1021800002A2A0000B8D8A8A2AA90C1B973A010C87
:102190000B8ABB8150B8E00800CC4A8186B9E008C0
:1021A00000A03382C020008854C02211915ABA3056
:1021B00022C22034B4908810308820C02000895476
:1021C000C02000885431BFBC202034308810C02289
:1021D00001202820C020002954C0200022241E0BEA
:1021E000AAC020002931C02000283131B7BCA0A0EE
:1021F0007430221040AA11A0A220C02000A931C032
:1022000020002831C0200022641E1DF0366100B875
:102210000281ABBCC02000922B1E90941526290889
:1022200081A7BC263902816AB8C02000A85BC0889B
:1022300011A090B4C09911A0A435A0A920C020007D
:10224000922B1EC020009931C020009831909C74C0
:102250001B99A099829088C289031DF0364100E540
:102260000300C02211202A802222019000000000D9
:10227000364100A50200C02211202A8022220090AF
:1022800000000000364100650100C02211202A80B4
:10229000E033113022802222021DF000364100215D
:1022A0008BBC1DF0364100A18ABC0C1BA53C12A1C1
:1022B00089BC0C1B253C12A188BCB2A001A53B1215
:1022C000A187BC0C1B253B121DF000003641008885
:1022D000024C068050544A8889025066C047B807AD
:1022E00072220172C701791216E50567345BA2C23A
:1022F00028BD035AAACD0642C4C04A4581B0B7E002
:1023000008006A334C070C0562AFC0606410708629
:102310002016C805E5170082221CFC380C188262C2
:102320001A82621CF2221A0C190C08F08993A2225C
:102330001BED07FD08D2C228CD06BD036517007D41
:102340000AAC0A2516002D071DF00C0706EEFF004B
:10235000006618CF0C08A2221B82621A8BB265118C
:1023600000C6EFFF00A2221BB2C208A51100651330
:102370000072A0007714CEA2C22860C4C06AB35015
:10238000AA80818EB7E0080086EEFF00364100C2C9
:10239000A0740C0BAD0281D7B7E008001DF000005F
:1023A000364100C2A0740C0BAD0281D2B7E0080028
:1023B0000C190C2830899382621B3D080C021DF019
:1023C00036410020A22022A00030B320CD042714E3
:1023D00004A5EFFF2D0A1DF03661004199B7922246
:1023E00000C020005224008812C020005931D0883B
:1023F00011905D2550882080A875D05911A2410404
:1024000080A0F5A2410582410780A84150887582CD
:1024100041085080F582410950884182410A524169
:102420000B908054C2A078A241063C7580CCC08736
:1024300035043C8C80CCC0B12ABCAD0225F8FF5DD0
:102440000ADC7A0C8C4BB1AD0225E8FF5D0ACCAA00
:102450002C0C8BB2AD038159B7E008002D05C020CC
:10246000005831C0200038043715058176B7E008E0
:10247000001DF00036410030B32020A220E582008C
:102480009000000036410030B32020A220A57E003D
:1024900090000000364100E58500A2A020E5D5F4BB
:1024A000900000003641002C0AE5DDF4E584001DB3
:1024B000F000000036810059315D067070744C06E2
:1024C000B632070C06F6820262A08057B61A81D097
:1024D000B7E00800B106BCC106BCDD0AED0BA2A046
:1024E000016553FD7CF21DF000818FBAA1D2B88A3C
:1024F000836D0387BA5F8136B8A117BA8A8387BA1A
:102500005E16B405B6320832A080B68205F04100EE
:1025100032A0403082418261043044C216C500B806
:1025200031DD07CD08AD02256E000C070C059D05B9
:102530004725040C0246EBFFC2210470D72060B689
:1025400020AD029921256C0098211B553A667D0922
:1025500006F7FF000000BD04AD0381EDBBE00800FD
:102560006172BA983181B3B86A6967B802C662000D
:10257000BD05AD0981E7BBE008000C0606030000BD
:10258000B831CD05810EB7E0080069310C188961BA
:102590008CE481DABBA1DABB8A84808741A0A8A23F
:1025A000A9610C099951885198619798060C0246C7
:1025B00061000000F63202864700B6820206D3FFB1
:1025C00082A080A1D0BB0CCCA0A463A941AAA58005
:1025D000AAC281C4BBA9710C0BAD088146B7E00843
:1025E000008D0AA1C1BB0CCC0C0B89218142B7E044
:1025F000080088211604059841C02000B808D1C2FF
:10260000BB90C0B440AC11D0BB10A0BB20C0200018
:10261000B908C02000A808B13FB93918B0AA10C045
:10262000AA20C02000A908C02000A808B111B7B096
:10263000AA20C02000A908C02000A808B1F8B7B09F
:10264000AA20C02000A26800A1A7BB16D50681A6BB
:10265000BBD1ADBBC02000B80850C0B4409C11D065
:10266000BB1090BB20C02000B908C020009808B162
:1026700029B9B09910C09920C020009908C0200045
:102680009808B1FBB65831B09920C020009908C015
:1026900020009808B1E2B75918B09920C0200099DD
:1026A000089C54C020009808B1EDB7B09910C02024
:1026B00000926800C02000A26802AD08650800A072
:1026C0005A20168A018152B7E00800B188BBA0DA0F
:1026D00020ED0BC18EBB8615004C0806B9FFB87102
:1026E000CD07AD02655600255100985188411B99D0
:1026F0008044C08A3399517D0546AAFF883161B470
:10270000B76A688195B9673802469BFF16A5E6B19E
:1027100079BBAD0581F4B9E008006D0A560AE6817F
:102720003CB7E00800B171BBC174BBED0BA0DA206F
:10273000A2A001652EFD7CF2AD0681D6B7E00800AF
:102740008668FF003641000C5C0C0BAD02250300CF
:102750002D0A1DF036410042A00B52A06430B32078
:1027600020A22025E5F38C4A0B44CC4449032D0AD2
:102770001DF0AD0581EEB6E00800C6F7FF000000D1
:1027800036E1005164BB6D020C022971280556B276
:1027900009BD020CCCA2C13881D7B6E00800BD0249
:1027A0000CCCA2C14481D3B6E008000C1222611205
:1027B0002981BD0522A010A2C13822610965F9FF57
:1027C0002D0A7155BBCCFABD07A2C14465F8FF2D97
:1027D0000AAC5AA805651CF4810EB7E00800B14F99
:1027E000BBC14FBBA0DA2032A00020F220ED0B0CC1
:1027F0001A6522FD390539071DF0A805B2C120A5CB
:102800004BF4A807B2C120254BF40C480C62A80772
:10281000BD08CD0289C1893129D1A51EF48831A80E
:1028200005BD08CD0289A122610BA51DF4A805E50F
:1028300037F46654570C7C49E1C9F1A805BD04651D
:102840001CF42135BBB2C11CA8020C172518F44892
:1028500071BD06F084114A88A04811814BB94A889D
:10286000C020004808704420C020004908C0200053
:1028700048087CE7704410C020004908A805255886
:10288000F4A802BD03A557F40C0286DAFF22A102C8
:1028900026440246D8FF0C6C426111C2611246E622
:1028A000FF00000024F8CE3FBA9D033CDB9D033CB3
:1028B000AFBEADDE299E033C36410091FAFF0C0805
:1028C000A809879A2F879209A1F8FF25420346039A
:1028D0000000C802262C10A1F5FF0C2B252F00822A
:1028E000A102C60300000000C8C2B1F1FFA1F1FFC0
:1028F000B79CE829092D081DF0000000364100258D
:102900000C002D0A1DF00000B443C93F36610041A0
:10291000FEFF0C023804290122A10316130431E141
:10292000FF2803A882E00A0028039CBA2842A804D2
:10293000BD01E0020048012D0A9C743223003223BD
:1029400001E0030006030000002862A8047CFBE00D
:1029500002002D0A0BA20C130C02A023932020606E
:102960001DF0000036610041E8FF0C023804290127
:1029700022A103BCF331CBFF2803A22208E00A0006
:1029800028039CBA2852A804BD01E0020048012D8A
:102990000A9C54322300322301E003008602000027
:1029A000002872A804E002002D0A0BA20C130C02EE
:1029B000A023932020601DF06C43C93F4C43C93FC6
:1029C00036410021D1FF32220020422056430231FD
:1029D000B5FF0C1B8803AD0B8828E00800A902DCBA
:1029E0001A2803A8B2E00A00BD0AA1F3FF251E00C1
:1029F00006080000A515009CEA21AAFF3802A8B32A
:102A0000E00A00BD0AA1EDFF651C002802A8042809
:102A100032E0020022A1011DF025EFFF22AFFFCC22
:102A20006AE509002D0AE5F3FF1DF0002062C93FA9
:102A300034F8CE3F2CF8CE3F2462C93F30F8CE3F69
:102A40008E43C93F20F8CE3F7833C93F36410081DD
:102A5000F7FF920800EC39A1ACFF91F5FFA909A19D
:102A6000F6FF91F4FFA909A1F6FF91F4FFA90991DE
:102A7000F5FFA1F5FFA9090C199248001DF000000F
:102A8000839E033C28F8CE3FC043C93FA45B00406F
:102A9000D45B0040BC5B0040B05B00408C5B0040FE
:102AA000985B0040C85B0040045C0040F85B00405D
:102AB000EC5B00401C5C0040285C0040685B004010
:102AC00036410081FEFFE00800A0BA20A1EDFF2200
:102AD000A000E50F0065F7FF41EBFF3224002793CC
:102AE000623170FF3C0A88038898E00800A9042737
:102AF0009A152803A8B222A101E00A00BD0AA1E2AA
:102B0000FFE50C001DF0000031E1FF390A31E0FF64
:102B1000391A31E0FF392A31E0FF393A31E0FF3923
:102B20004A31DFFF395A31DFFF396A31DFFF397A45
:102B300031DFFF398A31DEFF399A31DEFF39AA31C0
:102B4000DEFF39BA1DF00000EE43C93F8433C93FB0
:102B500036410021B9FF38424D02EC633152FF0C7F
:102B60001B8803AD0B8828E00800A942DC4A280333
:102B7000A8B222A101E00A00BD0AA1F3FF250500C9
:102B80001DF0000021F2FF29040C021DF0000000DE
:102B9000362101391131AAB5D811C020008803CDE2
:102BA00002ED04FD054CFBA2C11CC0200082611B8C
:102BB0004921526103A5EB09C0200082211BC020DE
:102BC0000038032D0A371805819FB5E008001DF075
:102BD00036A100326101B2C130D2A004103120CD43
:102BE00001AD02492159316941795139A1B991D9D0
:102BF000B1E5F9FF2D0A1DF0364100914ABAC02017
:102C00000088095678FF1DF0364100E5FEFF814639
:102C1000BAE044115050744043803088C047931B41
:102C20004143BA32A001C020002264002141BACC45
:102C3000152140BAC0200039021DF000A8033A98BF
:102C4000C02000A9094B3386F4FF0000364100A5DF
:102C5000FAFF8139BA9135BAC020003908C0200086
:102C600029094040740C182135BA5624002134BA81
:102C7000C0200089021DF00036410020A220659985
:102C800010A02A2025F7FFB12FBACD02AD03259A57
:102C9000100C0827980581C7B6E00800E098119A43
:102CA000939809CC391B8806FAFF1DF0364100AD18
:102CB000022596108124BAE0AA11AAA33088C0A7E1
:102CC00093011DF0B8033A98C02000B9094B3306B0
:102CD000FBFF0000364100A11CBA8138B6E00800B5
:102CE0001DF00000364100A118BA8135B6E0080099
:102CF0001DF00000364100E5FDFF1DF03641006586
:102D0000FEFF1DF0364100AD026500001DF0000021
:102D100036410020A220815FB6E008001DF00000CF
:102D20003661005C0887920F3BA47CC440AA1088DF
:102D30000A4BAA862F0000002080340CC987B902F4
:102D4000C624009102BAE088118A898808A0080088
:102D50000000BD01AD04E58F10C6020000000010A8
:102D6000B12040A420659110822100861B008204BE
:102D7000019204008088119088208603008204015B
:102D80009204008088119088208088232BA4C6128A
:102D9000009204018204008099118099208204022B
:102DA0004BA40088119098208204038088019088A9
:102DB00020060A0092040182040080991180992063
:102DC0008204028BA40088119098208204038088DA
:102DD000019088204601008177B6E008009C489267
:102DE000A07090921092C9F09034830022233A8808
:102DF000D61200880889052D0A1DF000366100A250
:102E0000021482A0FF871A1DA0802426281DF638F0
:102E1000060C4C9CE8C601002638160C8C2648147B
:102E20008165B6E008000C0C46020000CD08C60023
:102E30000000C2A004C0C382322203B22202DD011C
:102E4000C0C3C0E5EDFF28011DF000003681007C05
:102E5000F8505830883249415A5810B120AD0565B4
:102E60007F10B801A05A20163B0120A220E5F8FFF0
:102E7000C2C110BD0325841016EAFD460000AD0B4B
:102E80002D0A1DF036410082A0FFAD038712468255
:102E9000A07080821026C81F2C0287320ABC580CF2
:102EA0000A26B833060A000026D81E5C0227182519
:102EB0003C0227180BC6050025EE00460600000060
:102EC0000025ED00060400000000A5EA00C6010090
:102ED0008139B6E008000C0A2D0A1DF036410020A9
:102EE000B22030A320E5F9FFA0BA20DD05CD04AD66
:102EF00003E5E2FF2D0A1DF03661000C0AA712045B
:102F0000AD0225E700A26400B20300C2C30132A0F3
:102F1000FF371B0CD2C404AD0225FCFFCD0A86008E
:102F200000A26401220C0032A0FF224414A2CC01B2
:102F300037120E10B120E5711088018A8A89344653
:102F4000010022A000226403220A0010B1202244C2
:102F5000151BAA25701088012D0A8A8A89441DF044
:102F600036E1000C0AA9B1A9A126120206A200812D
:102F700078B99178B98AB4B9D1473B012D0A9A55ED
:102F80005A5259F10C12CC4542210DB624010C02C3
:102F90002020742261100C1922C3FA0C0482211023
:102FA00020498340281029E19C0222C6D08862581B
:102FB0008228920C34209493066B0000AD07101108
:102FC00020A5DA005D0ACC2A46580000BD0ACD01D2
:102FD000AD0710112025F2FFCD0AA20114BD07C2D2
:102FE0006113101120E5E9FFA921B2C128AD071036
:102FF000112025D60028A14D0AC2211356220042D5
:10300000CAFF2841273C02C64900B20115D2C1249B
:103010000C0A10112065ECFFB20115CD0AD2C120B7
:103020000C0A10112065EBFFB20115CD0AD2C11CAC
:103030000C0A10112065EAFFB2C118101120656159
:103040001088912801CD0A8A2227B404C84106ECD1
:10305000FF88818A2227B4A928718C2248114A222C
:10306000886116781B484116220C0B888A4416B4D6
:103070000C980682C62007690482C6D0880889B1E8
:1030800082C8B088080C1989C130830490883082C6
:103090006112B2C120AD04101120255E10B2C11C16
:1030A000A26111101120655D10D88116DD06A61DE4
:1030B00022D0BD2010A12010112025D4FF16CA1443
:1030C00088C116A805C2C12CBD08101120A55E102C
:1030D0008610000098C19CC98221129C7892211010
:1030E0009C29B8C1C8B1AD0110112025D6FF0C1B19
:1030F000B0AA300607007CFAD0DA30A831B2C11885
:10310000DAAA101120E55410A8610C080C19A09837
:1031100093AD09A0A0748C6A463C00000C1889E1AC
:10312000887116F80E9221118A4906D9FF0C828601
:103130003C000C082D084D080C19C600008D040C2D
:10314000290763232629E538F156030B98D1B629C0
:1031500002062A0038B162C6D08966497659863996
:10316000A62996862500000037E31038F1CCB34835
:10317000D1F6240766191D8604000000661904C6EE
:1031800021000000D62804101120E56000AD0610D3
:103190001120254300D61803CD0150B52070A7207B
:1031A00082611310112025D5FFA20114BD07101153
:1031B0002025CDFFA921A20114BD0710112065CC47
:1031C000FF32C6D0822113A26309CD060C2BAD07B6
:1031D000826113101120A5B5008221130C3BCD088C
:1031E000AD07101120A5B400BD02AD071011206578
:1031F000B7000C72460B00000C32C609000C628648
:103200000800000020A220A52900655600822108A0
:103210000C39C6CAFF98E11629F146C8FF16C2F05C
:103220004D0846C6FF1DF00036810020A220101177
:1032300020E5260022C2D08892A8226882586248DF
:10324000328921101120655300AD0210112025256F
:1032500000101120250800880A98C822C850076964
:1032600002222800CD01BD060C0A101120A5C8FFBE
:1032700062C2B0B806DD05CD02AD01101120E5BC7B
:10328000FF8C4A101120E52E00AD04101120E549F5
:1032900000101120652600101120252600AD021017
:1032A0001120A5C800000000364100AD0225A6FF90
:1032B0001DF0000036410016A201A2220016CA002D
:1032C000384AA2CA3025DA00AD03C6FBFFAD028141
:1032D000F1B4E008001DF00036410081A0B8A19EC5
:1032E000B8920804165900A2280065C9F6A02A2041
:1032F0001DF000003641003199B82197B8820304CF
:10330000AC88A803A5C7F62D0ADCFAA2A00881574D
:10331000B5E008002D0ACC1A654500A0BA20A2230A
:103320000065C8F6560AFFA26200A9121DF000004F
:10333000364100218AB8B18AB882A00020A220823A
:10334000420425BBF692A0010C08A08983824204A6
:103350001DF000003641008181B89208048C39A824
:1033600008A5BDF61DF00000364100217EB8C02042
:10337000002802C020001DF0364100417BB80C0B34
:10338000AD0410112025A1F60C022924101120E50E
:10339000FB0FA9342D0A8C6A8135B5E00800A924F9
:1033A0008824CC6889348914060700008914290808
:1033B0000C02291806040000AD0410112065A5F6C2
:1033C000AD0210112065B6001DF00000364100A1CD
:1033D00066B825A4F61DF0003641008164B820A22D
:1033E00020826200E5341090000000003641002089
:1033F000A22065FEFFB2A00820A220A53A001DF081
:10340000364100AD02BD030C143712178202002CA6
:10341000A20C0427180D812DB5E008000C12A04263
:10342000834040742D041DF0364100822108322172
:103430000922220187960EB817AD0265FCFF8C4A5F
:10344000492306050000B2250120A22025FBFF1616
:103450007A000C126903491329330C021DF0000095
:10346000364100B22301A2220165F9FF169A000C31
:103470008889350C68490589152D0A1DF000000062
:10348000364100B813A812A5F7FFCCEAF6450C8820
:1034900003CD048858BD02AD03E008002D0A1DF0DD
:1034A00036410025E5FF82C2D022280CE129B892DE
:1034B0002A00E0D280C8D8F127B80C1B273D010CA8
:1034C0000BFACCCABBCC1BB62D0E8C491011202593
:1034D0002A00890A8607000000C8581BBCD64C0089
:1034E0000C1BC0BBC0B958B81A0BBBB91A8719035B
:1034F0009948890A98A82D091DF00000364100A5B9
:10350000DDFF822A00163805D2280CE111B8B22856
:103510000DEACDF110B80C19D73C010C09FABBBA71
:1035200099CC19B62C050C09460600009858D6A966
:10353000001B99EC39B848B90A46070092C9FF56F2
:10354000E900922804990AA2C830E5B100C6020039
:1035500000D65900101120A5210099581DF0000037
:1035600036410030B32020A220652400A02A201D6F
:10357000F0000000364100E5D7FF222A01822A0030
:1035800022C201291ABC88E8C8C1F1B798D8CABEBE
:10359000D1F1B70C12E73B010C02DA999A225622BC
:1035A00000B62B070C02290A06020000222805207B
:1035B0002060295822C830AD02E5A000AD0225EEFA
:1035C000FFE51A0036410016C20220A22025EDFFB9
:1035D000B22200C1DFB79812CAABD1DEB70C18B760
:1035E0003A010C08D09980908880CC98F62A07225E
:1035F000C2D0A832651300A5170000003641008133
:10360000DCB720A220826200E5DCFF900000000011
:1036100036410020A22065FEFFB2A00C20A220654A
:1036200018001DF0364100AD02BD030C143712170F
:103630008202002CA20C0427180D81A4B4E008001B
:103640000C12A042834040742D041DF03641004707
:10365000960DB22501A22201A5FCFF82A006DC2A5C
:10366000A822ED06280ADD052882CD0430B320E02B
:1036700002008D0A2D081DF0368100C22201922120
:1036800011B22501C0AC209951C941A5F9FF8D0A9D
:103690009851C841ACCA6909491996730122211091
:1036A0003A666072C00C130C667036837D0339393C
:1036B0000C088612007CE20C082793430C1229396F
:1036C000060F0000A22110A79619B22701C0AC2056
:1036D0008261049951E5F4FF884198518C4A492947
:1036E00006070000A822822110280A8901991128C2
:1036F00072FD07ED06DD05CD04BD03E002008D0A75
:103700002D081DF036410050D52040C42030B32094
:10371000AD02E5D4FFCCDAA822DD05280ACD0428C5
:1037200062BD03E002002D0A1DF00000364100E0FA
:1037300002008120B4E0080020A22010112025D62C
:10374000FF811CB4E0080010112025DBFFAD02262C
:103750000305101120657D00101120E5ACFF00006D
:103760003641002184B7C020002802C020001DF08F
:10377000364100E5FEFF65FBFF000000364100E03A
:103780000200E5FEFF000000364100217BB7C020AB
:10379000002802C020001DF0364100E5FEFFE5FDD7
:1037A000FF000000364100AD026556FF1DF000002D
:1037B0003641005612000C12AD02812CB4E0080014
:1037C0004D0ADCCA10112025BAFF164A01E00A0092
:1037D00006F9FF261302A5F9FF20A22025CCFFE55C
:1037E000D1FF2D041DF000003641000C0880A820F8
:1037F0009202001B2290B064001A4000BBA1009905
:1038000023B088207BAA9669FE89031DF000000082
:103810003641000C08BD029D08A20B001B2BA0B076
:103820006400194000BBA100CA23B088207B99BD69
:1038300002964CFE1CFB973B0E676A0BA2AFFF0083
:103840001940009AA190882089031DF03661005C20
:103850000887920F3BA47CC440AA10880A4BAAC6D2
:103860002D0000002080340CC987B9020623009186
:1038700043B7E088118A898808A0080000BD01AD1F
:103880000465F6FF860100BD01AD0465F8FF8801FF
:10389000861B008204019204008088119088208693
:1038A000030082040192040080881190882080889F
:1038B000232BA4C612009204018204008099118077
:1038C00099208204024BA40088119098208204035E
:1038D000808801908820060A0092040182040080FA
:1038E00099118099208204028BA40088119098205D
:1038F00082040380880190882046010081AEB3E0F5
:1039000008009C4892A07090921092C9F090348365
:103910000022233A88D61200880889052D0A1DF056
:1039200036410082A0FF87123E82A070808210265E
:10393000C81E2C02873209ACD80C0226B82B060808
:103940000026D8175C0227181E3C02271807060419
:10395000002893C6040028A38603000028B30602AB
:1039600000008194B3E008000C021DF036C1003C59
:103970008CBD0210A1208111B2E0080088439CA8F0
:10398000A81892CAF4C80992C8108902991292C85C
:103990002082C8309922893246110000A84288133B
:1039A00092CAF4C809985280824192C9F09902C023
:1039B0009811909CC00C1B4603000000E0DB11DA5C
:1039C000D2990D1BBB92C910872BF09D01460300B5
:1039D00000E0B811D809BAB2D90B1B884B99A64898
:1039E000EFA952C94298C2811AB232030B808910E2
:1039F0008C43811FB280892089C21DF036810081ED
:103A0000E0B6E05011808E152088013C8C0C0B50E4
:103A10005241AD028055208137B2E008001C8C591C
:103A2000620C0B0C85AD018133B2E00800591152D4
:103A3000C1405952817EB451D2B639428055105995
:103A400072BD01AD0265F2FF49621DF03681001CB6
:103A50008C0C0B0C04AD038127B2E00800498248AE
:103A6000C2A862404F0542C4FFB2C22440AA8025CA
:103A700019015D0A164A17681A4B4A6044C09B64D4
:103A8000AD0681EEB1E008008204091BAA72A065B0
:103A9000AAA677982C82040A72A068779823720AE3
:103AA00001620A00807711607720620A02006611C5
:103AB000707620620A034BAA806601706620693323
:103AC000BB648BB125D2FF4BB165D4FF42040866BD
:103AD00014071B4A720A000602008BB1A5D0FF78BA
:103AE000214D0A79137CF772430992060082A07A6D
:103AF0000C0787996BAD048BB1E5CEFF78210C18CC
:103B00004D0A7A7A82430A1B660615009798088246
:103B100004008243098602005C2AA7980B820400F5
:103B20008243081B44061000005C0AA79825820403
:103B300000BD02AD089951894165DEFF88411BC473
:103B4000BD0ADD01AD0865D0FF88014D0A890398E3
:103B5000510605005C3AA7981E0C1882430BC6015B
:103B6000001B664CC9860000001B660B868208009D
:103B70005688F9CC674600004D0716C40882030832
:103B800042A0FF47181F80802426281FF638080C03
:103B9000449CE846020000002638150C8426481292
:103BA0008105B3E008000C04C60100004D08460082
:103BB000000C44F044118B444A4552030A16B500E8
:103BC00040A42010B12025C2FFA04A205203096260
:103BD000A0FF671516BD0250A52065D4FFCD04BD1A
:103BE0000ADD01AD0565C6FF4801498228028CE265
:103BF00048020C529C44404E15E0441186000000DF
:103C00000C8449130C02860000000C321DF00000E9
:103C1000364100308221E088118A22280230301497
:103C2000E033113A3228031DF0000000364100ADA8
:103C300002BD03A5D3FFA853DC0AB813AD0225FDCE
:103C4000FF814FB3387280AA1030AA20A9621DF0FC
:103C50003681000C160C47BD01AD0325DFFF8842FD
:103C600058538055C00C085087835D08FC9A880122
:103C7000CC68AC75C607000000000C2BC802D81237
:103C8000FD03ED02B0B5200C1AE00800267A1E26CE
:103C90008ADFC60400000081C7B2E00800BD01ADA4
:103CA00003A5F8FF1B6646EBFF0C2A4600006904DB
:103CB0002D0A1DF036C100683278420C15B2C110D1
:103CC00030A320A5D8FF8D0A8C1A665A4F0CA9B2D2
:103CD000C8FB79011CAAB0A993C802D812BD0A89F1
:103CE000C199D1FD03ED020C1AE0060088C198D1FC
:103CF000EC9A26582C8841CCB8B2C110AD03E5F23D
:103D0000FF1B5586EDFFC802D812FD03ED02BD0969
:103D10000C1AE008008D0A267A07268ADB0C284652
:103D2000000059042D081DF036410028521DF000F6
:103D3000364100308221E088118A22280230301476
:103D4000E033113A3249031DF000000036410028EB
:103D5000621DF00036410088C22862808F05890309
:103D60001DF0000036410039621DF0003641002888
:103D7000821DF00036410028B21DF00036610010AF
:103D8000B120A2C2FFA5E700161A00A8212D0A1D26
:103D9000F000000036410028A21DF0003641002846
:103DA000921DF00036610110712081F7B5E0080026
:103DB00031F5B5E0C011303E15203301C0C241B22B
:103DC000A0B030CC207ABBA2C73825C3FF3C8CCA38
:103DD000B7AD0781FAB0E00800B2C770AD07E5C61D
:103DE000FF3D0A265A2E8C3A0C33C6090082271C46
:103DF000CC98B2C770AD0765E3FFC6F6FF0C1BC8D1
:103E000002D812FD07ED02AD0BE00800266A0A2673
:103E10008ADF86F4FF2D03461D0088573C8C8942BB
:103E2000CAB73932AD0781E5B0E00800AD02C2C7BC
:103E300070BD07E5E1FF2D0A667A54C8678D030C53
:103E40001A30B32042C7388A24D8028A27E8029D54
:103E50000B2D0BE09A93D02A932099109090749C8C
:103E6000A9E09DC02D0B902A932090748CD99D03BE
:103E70009A2EF8029A2DF9024B9966B9F24B886690
:103E800088C1E03C112B33004240300381C6FFFF64
:103E90001DF0000036410110712081BBB5E0080023
:103EA00081BBB5E0C011808E15208801C0C241B22F
:103EB000A0A080CC2070BB80A2C73825B4FF3C8C6A
:103EC000CAB7AD0781BEB0E00800AD023932426228
:103ED00004C2C77070B720E5DDFF2D0A6672480C7A
:103EE00008E867C2A001DD0832C7388A23A8028A21
:103EF00027B8023D0D2D0DB03C93A02C9327031342
:103F0000B71A100C090C427682099A3B38039AFAC8
:103F1000390F4B994B886688CEE03E112B33004217
:103F200040300381060000001DF000003641011002
:103F300071208195B5E008008196B5E0C011808EB2
:103F400015208801C0C241B2A0A080CC2070BB80E7
:103F5000A2C738A5AAFF3C8CCAB7AD078198B0E0CC
:103F600008003832C2C770BD07AD02CC6325CEFF52
:103F70000601000000E5D3FF0C08E8670C12DD081D
:103F8000267A05810CB2E0080042C7388A34B803AB
:103F90008A37C8039D0D3D0DC09293B03293370907
:103FA00014C71B1192A0000C4A768A099A3C380368
:103FB0009AFB390F4B994B886688CDE02E112B2246
:103FC0000042402002811DF036410138327D01CC93
:103FD000A3AD0225DDFF2D0A0622000000816AB58F
:103FE000E00800816CB5E0C011808E15208801C00A
:103FF000C241B2A0A080CC207ABBA2C738E59FFF07
:104000003C8CCAB7AD07816DB0E00800AD02C2C7F5
:1040100070BD0725CAFF0C08386722A001DD0826FD
:104020007A0581E4B1E0080042C7388A94B8098A69
:1040300097C809AD0D9D0DC0A293B09293970A1336
:10404000C71B100C090C4A768A099AECF80E9AEBF9
:10405000F90E4B994B886688CEE043112B44004201
:10406000404004811DF000003641008822BD028CD2
:10407000380C1AE008001DF036E100107120814272
:10408000B5E008008145B5E0C011808E152088019B
:10409000C0C24180CC20B2C770AD07204220E59558
:1040A000FFB2C73870A720659AFF2D0A8C1A665A8E
:1040B00016BD03AD07E00400CCCA26520CB2C738C7
:1040C000AD07A5B6FF06F6FF0C321DF03641000C19
:1040D0000880A8209202001B2290B064001A4000C1
:1040E000BBA1009923B088207BAA9669FE89031D95
:1040F000F00000003641000C08BD029D08A20B0034
:104100001B2BA0B06400194000BBA100CA23B088DB
:10411000207B99BD02964CFE1CFB973B0E676A0BF9
:10412000A2AFFF001940009AA190882089031DF0DA
:10413000366100F075118D041B77C611001B97675F
:10414000A919E047114A48C814B804AD0289119270
:104150006100E0030098018811A079A3E055115A8D
:1041600048E057115A58C805B804AD028911E00358
:10417000008811D61A01A8059804A904F0471199DE
:10418000055D071B746727B41DF0000036610058F9
:10419000148B64507141060300ED05DD07CD06BDAB
:1041A00003AD02E5F8FF0B776607ED0B75E05511DF
:1041B0005A540C080607000000A8259824A9249941
:1041C00025ED07DD08CD06BD03AD02890125F6FF0B
:1041D00088010B7752C5FCE617DE1DF036410082E0
:1041E000A0FF87121E20802426281DF638060C42C8
:1041F0009CC806020026381522A008264811816DA9
:10420000B1E008000C028601002D084600000C42B7
:104210001DF0000036410082A0FF87123682A07098
:1042200080821026C81D2C02873209ACB80C0226E9
:10423000B8290606003C0227180E5C030C0237184A
:104240001A460200281386040028234603008159D9
:10425000B1E008000C02860000002D081DF00000EF
:104260003661005C0887920F3BA47CC440AA10888A
:104270000A4BAAC62D0000002080340CC987B90261
:1042800006230091C6B4E088118A898808A0080036
:1042900000BD01AD0465E3FF860100BD01AD04650D
:1042A000E5FF8801861B00820401920400808811CA
:1042B0009088208603008204019204008088119077
:1042C00088208088232BA4C6120092040182040057
:1042D0008099118099208204024BA4008811909843
:1042E00020820403808801908820060A009204013D
:1042F0008204008099118099208204028BA4008896
:104300001190982082040380880190882046010043
:104310008129B1E008009C4892A07090921092C947
:10432000F09034830022233A88D612008808890549
:104330002D0A1DF03661005842BD0250537450A53D
:104340002025EDFFBD0A6D0A4BD18BC350A520255A
:10435000F1FFA842DD01C2C40860B620A0A3742505
:10436000F0FF881158010C1287350857380222A037
:10437000002020601DF000003661009B32AD0381FB
:10438000AFAFE008001BAAAAA3320208B64310424E
:104390000A0032A0FF66446B420A015654062BAA5B
:1043A00042020932A07A3714040C034615004BB1BF
:1043B000A5D1FFBD01E5D3FF3202086613051BAA94
:1043C000460100004BB165D0FF4BB1AB22E5CFFFFA
:1043D0005C24320200479305320A004609005C085B
:1043E000879314320A001BCAD2C108B2A00030A0C1
:1043F00064E5E6FFC60100004CC88793AB1BAA1B0F
:104400002246F3FF2D031DF03681000C095D096D76
:10441000098D097CF7462800000048131604094B53
:10442000A3404AC0471845AD04E5F4FF82A0FF5DF4
:104430000A879A047CF6462100BD02A0A07465DDBF
:10444000FF88429D0AA2A7F880BA10A79B1150B01E
:1044500074A2A807D0BB11A08810B08820860200E3
:1044600080A374571A060C4AA08820894250807491
:10447000BD09DD018BC3AD0892610582610425DEB3
:10448000FF8841AD0865D5FF8D079851F64A0CD0DD
:10449000AA110C18001A400088A10B88A801870AED
:1044A0000C88021B6687BA09A902060100008D0468
:1044B0004D0888034B888A338D04480356A4F52D94
:1044C000061DF0003681005842BD0250537450A5BD
:1044D0002025D4FF9D0A0C080C47062300A81316BC
:1044E000DA07B8426D08B707184B63A066C06718B3
:1044F00010AD0665E8FF5D0ABD02A0A07465D1FF9E
:104500009D0ADC758823A8338911A261001618055D
:104510008811A8018084C0A7B847C61400508074D1
:10452000BD09AD084BD18BC392610582610425D3CF
:10453000FFCD0ADD010C0B50A03465D2FF8841ADE0
:1045400008A5C9FF7CF89851F64A0CD0AA110C189E
:10455000001A400088A10B88A811A788B246000065
:104560006D0888034B888A338D06680356D6F63D5E
:10457000062D031DF00000003641004BA22812203A
:10458000AAC065DFFF2D0A1DF0000000366100ADF6
:104590000365FEFFA05074BD02AD05A5C7FF8BC328
:1045A0004BD1BD0A50A520A5CBFF40A420A5FCFF00
:1045B000A03074BD02AD03E5C5FFBD0ADD018BC4AB
:1045C00030A320E5C9FF981188010C12973808879D
:1045D000390222A0002020601DF000003661008B0F
:1045E0002332030882020132410432020222020312
:1045F0003241063204082241078B24324100420432
:104600000932020222020382410522410342410192
:10461000324102981188010C129738078739010C32
:10462000022020601DF000003681005842BD02507B
:10463000537450A520E5BDFF9D0A0C080C470624C5
:1046400000A8146D08161A08B842B707184B64A0E2
:1046500066C0671810AD0625D2FF5D0ABD02A0A096
:104660007425BBFF9D0A8BC4DCD5A20408820C0113
:10467000A24100824101A20C02820C03A2410282EB
:1046800041038801FC18061000508074BD09DD014B
:10469000AD0899518941A5BCFF8841AD08E5B3FF3C
:1046A0007CF89851F64A0CD0AA110C18001A400058
:1046B00088A10B88A801A7081088038CB8A8181B2C
:1046C000BAE0AA11B918AA88492888044B888A44F4
:1046D0008D0668045696F61DF000000036A100789D
:1046E000427060048CC6A8425832076A02C689002C
:1046F000C6D40000704B41562405583217E71C867B
:104700000800AD0225D0FF660A0D42A7F8494241D4
:10471000A8B34932867C0000AA444B55B805560B15
:10472000FE06030000BD05AD02E5CDFF4D0A260AD9
:10473000D871A0B3584270741047970B5084115031
:1047400070A48057208600005050A45942519AB35B
:104750000C087205000C1570858380707456971ACA
:1047600040579356351A72C402E0771170A7208122
:104770003FB0E00800A90116FA18591AAD07813BAD
:10478000B0E00800A9118C0A591A7842583217E78C
:104790000C46040000BD01AD02E5E8FF4B55C8051D
:1047A000561CFF86020050C52010B120AD02A5E7BF
:1047B000FF580116B50072250177140581FEAFE0A0
:1047C000080078428177B327E70B92A7F88175B389
:1047D0009707028175B39811164911F815DD05E0A8
:1047E0007F115AA78BE9A9417171B3C60E008BA541
:1047F000A077C07AA90C0B782AB26A02A16CB3A781
:10480000171FB82DC807AD0289919981D951E97157
:10481000F961E0080088919881D851E871F86196B3
:10482000BAFC790E8B7D4BEE4BDDA841D79ACC7D3F
:1048300006BD060C8A060900AAC5D80CAAC9C80C70
:104840008CCCE0C611CAC5D92C1B668602000000BC
:10485000E0C711CAC9D92C1B771BBB4BAAB79FD77E
:104860006915C811580179195815681C6A555714EB
:1048700002C6D1FFBD08AD0289912591FFD81188EC
:1048800091581D16D5056801E0951178169A4DE8E6
:10489000141B47E044110B554A46C6020000A80409
:1048A0009A74A90742C4FC7D0FAC07B8040BF7CD7E
:1048B0000E89919981D951E971F961AD02E0080041
:1048C00088919881D851E871F861E61AD05A47E08A
:1048D00044114A46E92492C9FC5605FB4816581D66
:1048E0005A444916A811816BAFE008004602000047
:1048F000CD05BD08AD026589FF480158325904490C
:104900003248420C1550442049424802473302C6FF
:1049100074FF0C04865500000C47707A1016370699
:1049200088150C09861500008A79707141E04711DD
:104930004A4548248991AD049981E5C3FFA0E074FC
:104940006D0ABD02AD0EE26107A58CFFE871BD0ADC
:104950008BD18BC4AD0EA590FFCD0ADD0160A034D4
:104960000C0BE58FFF68218891988167330D9801C2
:104970009A6667B302463D001B977D088D0787390D
:10498000A646E3FF62A7F8606A1056B605881506CA
:1049900014008A76707141E027112A25482292047A
:1049A00008A2040992410892040AA2410922040BB8
:1049B00092410A22410B92040CA2040D92410092F2
:1049C000040EA2410122040F924102224103282138
:1049D00027330D68016A2227B3020624001B677D76
:1049E000088D078736AB06CAFFA06374BD0260A6B8
:1049F000202582FFED0A98156020344610009A8722
:104A0000808141E048114A454824BD0E8BD18BC4BA
:104A1000AD068991926108E9716584FFCD0ADD01D7
:104A2000B2A000AD02A583FFA82188919881E8710A
:104A3000A7330A78017AAAA733331B788D099D081A
:104A40009737BAC6B2FF0017EA0F460500CD03AD8F
:104A50000225A7FF4D0ADC4A4B55B80556DBFEC6BA
:104A6000ABFF00CD03BD05AD02A5A5FF4D0A2D048A
:104A70001DF0000036410081D0B22248001DF00038
:104A8000364100BC528802BC18293322A7F87CF8B2
:104A9000294321CAB289034913526302168200A135
:104AA000C8B281C9B2E0080081C7B2980839089934
:104AB000538C72A1C3B281C5B2E008001DF00000A2
:104AC0003641000C0DCD0DBD03AD0265FBFF1DF0A1
:104AD00036410088028CF8A2A0188164AFE008007B
:104AE000BD0A20A220A5FDFF1DF0000036410029CF
:104AF0003322A7FA7CF8294321B1B289034913591B
:104B0000238C72A1AFB281B0B2E0080081AEB2983E
:104B100008390899538C72A1AAB281ACB2E008009E
:104B20001DF000003641000C0DCD0DBD03AD02E5BA
:104B3000FBFF1DF0364100A2A018814CAFE0080039
:104B4000BD0A20A220E5FDFF1DF000003641003D1A
:104B50000216C20728021632084198B2168400A134
:104B600098B28199B2E008008197B2280806040043
:104B7000A8329852A79304990846170082C2142DB0
:104B80000956B2FE8193B22808060B000000984235
:104B9000A832076912980A9793193852390881BDCB
:104BA000AEE00800860C0000A7930838523908C60A
:104BB0000900000082C21428525612FD06050000AA
:104BC000A180B28182B2E00800DC0281FAAEE00886
:104BD000000602005684FE06FCFF5624FE1DF0006F
:104BE000364100AD0265F6FF2D0A1DF03641008802
:104BF00002AD028C7865F5FF81A7AEE008001DF0DC
:104C0000366100516EB28C75A16EB2816FB2E00850
:104C100000616FB24806860400780477320BBD024B
:104C2000AD04A5ABFF7D0A460D0048545694FE0620
:104C30000C0000009164B28854BD02AD048909E5FE
:104C4000A9FF7D0A9806AD064603000000C809B812
:104C500004B73C07A2C91498595609FF9954490A48
:104C600056C7058158B248085684FC461200000019
:104C7000A154B28156B2E00800CC370C07461100AF
:104C80002814A84429032824291327EA06A0A3747A
:104C900046010000AD07258EFFA02074BD0420A2B0
:104CA000202557FFBD0ADD01AD02C2C708255BFF05
:104CB00028012923860300007D045625FB86EEFF8C
:104CC00056C5FA46EEFF2D071DF000003681000C98
:104CD0000BDD03ED04CD02FD05AD0B391149213982
:104CE000514961593159713CF365D8076D021B4A2E
:104CF0002D0AA7B313AD0481DDAEE008003D0ACC58
:104D00009A2D0A4618000000003132B2D811E8216D
:104D1000F831BD04CD0630A32065D507A132B2BD60
:104D2000033CF48132B2E0080027B40830A32081AC
:104D300059AEE00800312CB2880326082A4126B279
:104D40006127B2A127B23D048C583D060B98903ADA
:104D500093C0200098739090955699FEC020003221
:104D6000231B30343456D3FD1DF000003641008142
:104D700020B2E008002D0A1DF00000003661004D51
:104D80000316F30E8C824862564400AD02254100A2
:104D90004119B24793053812460500004117B24742
:104DA0009306382246020000004114B247930138AE
:104DB00032BD010C1A256C0E42231907E40E421372
:104DC0000697E408A22316810EB2E008004293067B
:104DD00056E40122231907E208A22316810AB2E051
:104DE0000800A2210010B120E5680E42A000862034
:104DF000000030B32020A22025090082230C4D0A98
:104E00008CA8B883AD02E008007CF8A048A3821308
:104E100006776809B843AD0281FCB1E00800B8D359
:104E20009C1B82C344871B0820A22081F7B1E008A5
:104E3000000C0889D3B223128CCBAD0222A00081D2
:104E4000F2B1E0080022631222A000653100225373
:104E50000622231907E208A2231681EAB1E008001E
:104E6000A2231681EAB1E00800653000A80110B164
:104E70002065600E2D041DF036410081DDB1E00893
:104E800000BD02A5EFFF2D0A1DF0000036410052C3
:104E900013068045235050F4376502463E005121E9
:104EA000AE5044208044235813425306E61508525E
:104EB0002310E6150246110068B31606040C0858C4
:104EC0000289028178AD8044104040F48C54A223C2
:104ED00015C60F0000B8830C1DCD04AD02E006001E
:104EE000660A308802ACB862C8E30C196049834096
:104EF0004074CC6482C8EA8049838C6459020C0AED
:104F0000C63600002213064C044022202253060617
:104F10003300000042130627640E481340AAC0481D
:104F2000D38C4442231040AAC048B3B883A0CA20FF
:104F3000D2A00020A220E00400621306660A0C48FA
:104F4000021CD847384581B2B147583F41B2B160E1
:104F500044100C066913684380442342530662637D
:104F600000C7640B660A05422200562400A263159E
:104F7000B8D35902166BF842C344471B07AD0281F0
:104F8000A2B1E008000C0AA9D38614004C044046E4
:104F900020425306C611000068431606F648035027
:104FA000501469030C086044C08795018853892315
:104FB0004609000058A3B883DD04CD06AD02E00524
:104FC00000E61A0F2213064C044022202253067CCE
:104FD000FA860200AA66A044C0E614D786C7FF2D51
:104FE0000A1DF000366100822304CC380C02C61D75
:104FF000008C728862CC38AD02651A00817EB18760
:105000009305381286050000817CB187930638220B
:1050100086020000008179B18793023222038293D5
:10502000061678FC10B120A2A001E5440E822319D7
:1050300007E80E82130697E808A223168171B1E0F3
:105040000800AD02BD0365E4FF8223192D0A07E8BD
:105050000E82130697E808A22316816AB1E00800C1
:10506000A2210010B12025410E900000364100CC55
:10507000E221DCAEB169B1A80225700E0603000082
:1050800000815BB1E00800BD02A5F5FF2D0A1DF00F
:105090003641000C0BB902B912B922325206B26283
:1050A00019425207B942B952B9620C8CA2C25C8152
:1050B00091ACE008008159B1298289928159B18966
:1050C000A28158B189B28158B189C21DF000000097
:1050D000364100B156B1AD02256A0E1DF000000048
:1050E00036410082221907E80E82120697E808A2CC
:1050F00022168143B1E008000C021DF03641008207
:10510000221907E80E82120697E808A22216813DAE
:10511000B1E008000C021DF03641000BC3F04C1149
:10512000CA44E04411CA44D04411AD02B2C47481EF
:1051300040B1E008002D0A9C1A0C0BB90A391ACBB1
:10514000AAA922C2C468816BACE008001DF000006F
:1051500036410081A4AEA2280065F7FF1DF00000D3
:10516000364100A1C4AF8126B1E008001DF0000067
:10517000364100A1C0AF8123B1E008001DF000005E
:10518000364100A1BCAF811EB1E008001DF0000057
:10519000364100A1B8AF811BB1E008001DF000004E
:1051A000364100E5FDFF38628C130611004121B144
:1051B00032623649A20C144962326237326238AD2B
:1051C00002650300A912AD02E50200A922AD02A505
:1051D0000200A932A812CD030C4B65EBFFA822CD2B
:1051E000040C8BE5EAFFA8320C2CB2A01225EAFFD2
:1051F0004962E5F9FF1DF00036610010B120A2A060
:105200000165270EA5F5FF2052202176AEA80238B1
:105210006ACC13E5F8FF480222A0D82A440C46289D
:1052200024881446130000000032920656130441ED
:1052300002B1A2C25849323262198100B1E00800BD
:10524000E5F2FFA801BD0125230E0C8C390239229D
:10525000391239423952396230B320A2C25C8125F9
:10526000ACE0080039D239E2326212326213060B26
:105270000022C2680B88D6F8FA28048C324804064B
:10528000E7FFBD06AD0525E9FFA9042D0A56CAFEB4
:10529000E5EDFFA801BD010CC3E51D0E39051DF0AC
:1052A000364100E5EBFF81D2B0E00800B1E5B06522
:1052B000490E1DF036410081CEB0E00800B1E1B0EA
:1052C00025480EE5EAFF1DF0366100BD044BC1AD77
:1052D00002A563085D024D0ACC1A860F0020A220A9
:1052E00065F1FFA02A20162A03C811BD03D2A1B67A
:1052F000AD05A504F73D0ABD010C1AD62302A5177A
:105300000EE5E5FFA222160C0332520681C0B0E082
:105310000800E5E5FFA801BD01E5150E0C024618E1
:105320000065150E82221907E80E82120697E8081A
:10533000A2221681B3B0E0080032520731B8B04261
:105340005206399231B7B022620832620A31B5B0E2
:1053500039B231B5B039C287640A0C2D0C0CBD02CC
:10536000AD05A5030032221907E30E32120697E3BA
:1053700008A2221681A4B0E00800A2210010B120EA
:10538000650F0E90000000003641008199B0E008E2
:1053900000BD02CD0325F3FF2D0A1DF0364100505C
:1053A000D52040C42030B320AD026502002D0A1D77
:1053B000F0000000364100818EB0E0080020B220ED
:1053C00040D42030C320A500002D0A1DF0000000AD
:1053D00036E10016A200622206564600AD0225DC28
:1053E000FF6184B067930438120605006183B067DB
:1053F0009306382246020000006180B067930138AE
:1054000032B2C13C0C1A101120E5060E62231907B6
:10541000E60E62130697E608A223168179B0E0082B
:105420000062130672A108706610779606BD03AD80
:105430000225BBFF78B3CC371CD4060A002615071B
:10544000262528DCD5860A0030B32020A220A52AF4
:1054500000A06A20660A028697009D05AA440C05F2
:10546000C60400001C644902067700000C096D099F
:10547000C600009D056D058843CCB8BD03AD029202
:105480006111656C00922111821306A16FB0A7080B
:1054900002466900D2A400D7884E8162B0871710F7
:1054A00062130681A0AC806620625306866200000B
:1054B00000B29307968BFECD01AD02926111D261CD
:1054C00010250AF7922111D22110562AFD815FB0D2
:1054D000A81180AA108196AC879AC4829306A8B1BD
:1054E000D08820A263148253068D049C55B2930782
:1054F000CD01AD02926111E506F7922111569A1382
:1055000088418A84FC09621306C76605A2231586B2
:105510000500B8830C1D826110CD09AD02E00700C3
:10552000822110660A02064400681398D3606AC09C
:105530008C499223109066C0B8D3D843C8139C0BF3
:1055400098F3CA66D0E9C0922310E066C09A9E46DE
:1055500002009803D099C09066C09A9C6728359A3B
:10556000A6A7B8306068C06ADD6099C0D9039913F6
:105570009C0B42C344471B07AD028123B0E00800E7
:105580000C0229D322130642AFDF40221022530619
:10559000861D000000622314B8836060608066107E
:1055A0008261100C0DCD0620A220E00700822110A0
:1055B000660A02C620000C0999139843B8D39903D0
:1055C000169B0192C344971B0E20A220826110817A
:1055D0000EB0E008008221100C0992630D921306B0
:1055E000A2AFDFA099109253066068C09CA6BD03CD
:1055F000AD02658200561A04881367383C28036A96
:10560000226068C02263006263010C8CB2A000A219
:10561000C35C8138ABE0080022231907E20E221395
:105620000697E208A2231681F7AFE00800A8F1B2BE
:10563000C13C65E40D0C0606270030B32020A220F3
:10564000259AFFA06A208C7A222319076216860801
:1056500000B883DD05CD04AD02E00700660A2446EC
:10566000F9FF00000022130697E208A2231681E545
:10567000AFE00800A8F1B2C13CE5DF0D7CF64615AD
:1056800000000000B8D39C0B42C344471B07AD0287
:1056900081DEAFE008000C0229D3284341EDAF2999
:1056A000032213060C0B402210B9132253060C8C54
:1056B000A2C35C8110ABE0080022231907E20E228E
:1056C000130697E208A2231681CFAFE00800A221BB
:1056D0000FB2C13C25DA0D602620900000000000CA
:1056E00036410081C3AFE00800BD02DD04CD0325D3
:1056F000CEFF2D0A1DF0000036610016A2008222A6
:1057000006564800AD02A5A9FF81BAAF87930438B9
:105710001206050081B9AF879306382246020000C1
:105720000081B6AF8793013832BD010C1AA5D40DA4
:1057300082231907E80E82130697E808A223168130
:10574000B0AFE0080098B3CC591CD88902860F008E
:10575000C213060CC8808C1066881588039C08A8A4
:1057600043A088C0A61809876C060C2D0C0C4604B3
:1057700000814CAB80CC108C6C222315460C0000B1
:10578000000C1DB883AD02E009002D0A660A212233
:10579000231907E20E22130697E208A22316819925
:1057A000AFE00800A801BD01E5CC0D061200000025
:1057B0000092130627691188138022C088D39C6841
:1057C0008223108022C086030037690B88038C680F
:1057D000A22304A088C08A2282231907E80B97E934
:1057E00008A223168188AFE00800A801BD01A5C862
:1057F0000D0601000000007CF21DF0003641008122
:105800007CAFE00800BD0225EFFF2D0A1DF000006F
:105810003661006D033824CC530C0386AA000000C7
:1058200032160637631538469C0338045216060CA8
:10583000293901909510EC394614000060B62020FB
:10584000A220A5250732AFFF16EAFD869E0088013B
:10585000780838188B88890106020000000C07516F
:105860007DAF3D071663FE98A6B88650D363CD077B
:10587000AD02E00900E61A020690009824AA77A07B
:1058800033C0A0A9C0A924569AFDC6E2FF50500417
:105890009CA5AD093D095D09065B00008801380142
:1058A0008B885803890138130601000000003D056C
:1058B0001683FEC2160682A200E826A806878C027E
:1058C000863100E7B302C6260072A480778C028678
:1058D0002400B846D856B0AAC0A911F0AD11DAAA72
:1058E0008811A0DF05AADD1BA8D071213AAAA077F4
:1058F00073A76C33BD07AD02814EAFE00800CC2A20
:1059000006120000B846C811A921812CAAE008009F
:10591000A21606B2AB7FB0AA10B2A080B0AA20A295
:105920005606E821060B0000CD07AD02814CAFE022
:105930000800ED0ADCCAB846AD028133AFE00800CA
:1059400032160642AF7F4033103256060CC339027E
:10595000065A00008811E94679568AEE8077C0E938
:10596000067926ED0330EE63A806CD0EBD05E921CC
:10597000813CAFE00800A826E8217D03E0AAC0A989
:1059800026A806EAEAE9068616007846A73704D86C
:1059900056D7B32C307E6350B52070C7208130AF0E
:1059A000E00800A22602B80670AAC07ABBA926B9F0
:1059B00006FC0ABD06AD02E562FFAC7A063F0000B8
:1059C00000A125AF7D0337BA027121AAD077D2D0CA
:1059D000D782E8A6B886CD05AD02E00E007D0AE6C6
:1059E0001A02863500A8247A557033C0707AC079BF
:1059F0002456B7EB4688FF0000005801880138059F
:105A00008B88581589010C0A16E5FEDC3ACD050C89
:105A1000ABAD038114AFE008001B958C3A1BAA3094
:105A20009AC0D22605E22602A22600B84650F963A3
:105A3000EA7DA7BB22F7A71FCD07BD0399318108D7
:105A4000AFE00800A806BD067AAAA906AD0265590E
:105A5000FF9831BCDAC61800D72F16E8A6B8869989
:105A600031CD03AD02E00E007D0A9831E61A2446DE
:105A70001200CD0FBD039931F92181F9AEE0080084
:105A8000F821A8269831F0AAC0A926A8067D0FFA09
:105A9000AAA266007099C00C1ACCB9BD06AD0299D5
:105AA000312554FF9831DC2AB8247A3370EBC0E9F1
:105AB000247055C0560EF58657FF00002216064C7E
:105AC000033022202256067CF32D031DF000000037
:105AD00036C100B29307D64B018213060C0922A0EF
:105AE000809905202810979214C606000000CD0169
:105AF000AD0225A7F6D67A0146F7FF0000004C025A
:105B000029042D09060F000032A0803904C60C00BC
:105B100021CFAE88110C1A20881022D8E00C092061
:105B20009A8328B19905A72212290422631431000F
:105B3000AB22A40037180C860100000022A08029A7
:105B40000421F8AA1DF000003661004213060C255E
:105B5000570402060B00DD014BC1BD03AD0225F762
:105B6000FFB8114D0AAD0281B2AEE0080082130603
:105B7000DCDA80482397E8587CC220441050442047
:105B800042530622C347290329430C122953C60F47
:105B90000051A8AE59A252A08050882058118253BB
:105BA0000659535801A903A9439CB5B29307AD0206
:105BB00081AEAEE008008CEA8213067CC220881019
:105BC0000C122088208253062213062044204253C0
:105BD000061DF00036A10049615971698179918CE7
:105BE000728862CC38AD02A55BFFB22202E2C1101E
:105BF000D2C130F2A00830C320AD02E911D901F9B9
:105C00002125D2032D0A1DF036A1003951496159D1
:105C100071698179918176AEE008003D0A8C5A88DD
:105C20006ACC18E557FFB22302E2C110D2C130F2AC
:105C3000A00420C220AD03E911D901F92165CE03EA
:105C40002D0A1DF0368100AD03817CA9E0080039E2
:105C5000013186AEA91139210C133AAA39310C232E
:105C6000A961194139518C723862CC33AD02255388
:105C7000FF88623822CC38AD026552FF815EAE8764
:105C80009305381246050000815CAE8793063822E2
:105C900046020000008159AE8793013832B2C11C20
:105CA0000C1A657D0D82231907E80E82130697E80A
:105CB00008A223168153AEE00800AD02C2C1103025
:105CC000B320E5B4FF82A00A7CF2A02883822319C6
:105CD00007E80E82130697E808A22316814AAEE071
:105CE0000800A871B2C11C25790D1DF03641008154
:105CF00040AEE00800BD02E5F4FF2D0A1DF00000F3
:105D0000364100B8038C3BAD0265FFFFBD03AD0219
:105D1000813EAEE008001DF03641008135AEE0085E
:105D200000A792028634003892BCD348330C033764
:105D3000941A8609003ABBB80BC60200480BAD02A4
:105D40008132AEE00800BD04560BFF4B338892B899
:105D50003866E3E0AD02812CAEE008003892B8036B
:105D60008C6BAD028129AEE00800B8528C6BAD029D
:105D70008126AEE00800B8928C6BAD028123AEE0C4
:105D80000800B8E28C6BAD028120AEE00800B8F2EA
:105D9000168B0020A220811CAEE00800B222108CDD
:105DA0006BAD028119AEE00800B2223B168B0020D9
:105DB000A2208115AEE00800B2223A8C6BAD0281C0
:105DC00012AEE008003222128CD3B22322168B00CE
:105DD00020A220810DAEE00800B8D28C6BAD02810C
:105DE0000AAEE0080038628CF338A2AD02E003008E
:105DF000B222368C3BAD02A5F0FF1DF03641008289
:105E0000120692A00990881020A22022A000979844
:105E100004A525FF2D0A1DF036410016A2004222DE
:105E200006564400AD02A537FF41F2AD4793043852
:105E300012C6040041F1AD47930538220602000066
:105E400041EFAD47930138328213060C04491380A9
:105E500048238080F45768030634000027E83E4753
:105E6000E80E0C9559024C02204420425306862E1F
:105E70000037681BBD0320A220A516FF56CA0A42A0
:105E800013067C75504410425306A26302A26306B7
:105E90004213060C45504420425306C60900B8D3AD
:105EA000AC2B42C344471B07AD0281D7ADE00800CD
:105EB0004223100C0889D3491387140928F32903B6
:105EC0002D08061A00004843CC54BD03AD02A5C7F7
:105ED000FF5213065040F4408014AC280C18825333
:105EE000068140ABB1E3ADA808A5850D5253060C61
:105EF000955044100C95579406BD03AD02E5F8FE8D
:105F0000C8434893D853B883AD02C26300E004008D
:105F1000A9130C02E61A16829306279A042C02C6CD
:105F2000000029134C022088208253067CF21DF0C9
:105F3000368101626124726125CD05D6940032A0BC
:105F40008B39027CFA46120082A20882510639017E
:105F500039410C088714010B8432AFFF325107E23C
:105F6000A08032A0A0E0E18030D1801C0FBD01AD47
:105F70000289218951E2611BD2611AF2611C2560FC
:105F800000E60A0432A08B39028C5428010C03323B
:105F900042002D0A1DF0000036810152612362612A
:105FA000247261258193ADE008005D0AD69300223A
:105FB000A08B290A7CFAC6120082A2088251062907
:105FC0000129410C088713010B8322AFFF225107DF
:105FD000E2A08022A0A0E0E18020D1800CCFCD04FF
:105FE000BD01AD0589218951E2611BD2611AF261BF
:105FF0001CE55800E60A0422A08B29058C532801D1
:106000000C033242002D0A1DF0000000364100B2A0
:106010009307DD05CD0420A2206547F696CA0082CD
:106020002315AA8882631546030000008213069197
:106030004DAB9088108253062D0A1DF03641000C9E
:10604000021DF00036410082130687680BB29307E9
:106050000C2D0C0CAD02253FF68213069142ABB21B
:10606000930790881082530650D52040C42020A268
:1060700020A538F62D0A1DF0364100B29307DD0544
:10608000CD0420A220253CF6921306660A0D813528
:10609000AB90881082530646030000008102A9A23B
:1060A00063159088208253062D0A1DF0364100B2F8
:1060B000930720A2206542F6A02A2090000000004D
:1060C000368100822110292159312805982158084C
:1060D000503593990146E1001B338203000C158073
:1060E00059835050748CC552C8DB0C1A50A983A038
:1060F00050745625FE16B8410C051BA3ED057CF91E
:10610000DD05591186000000AD03C15AAD820A00B9
:106110001B3A8ABCF20B00B811D0CB11BACCB156E5
:10612000ADCABBFABBB20B00B911B154ADCABBFAD0
:10613000BBB20B000BBBB0B074B68B0206C500C17E
:1061400050ADE0BB11BABCB80BA00B000C9A46BC1A
:1061500000B2A06AB71831873B0D4CCBB71824B2F8
:10616000A068B7982AC6BA00B2A074B7980286B8D9
:1061700000B2A07AB7980246B600B2A071B718086C
:10618000060300000C880607002C08C60500000066
:10619000B20A0182A06C879B0A2C0330DD202B3AC7
:1061A00006AC00001C0880DD20C6A90082C8BF80A4
:1061B00080743C7A202044873A26A132ADE08811D1
:1061C0008A8A8808A00800476D02C6DB00576D0266
:1061D00006DD0006E2000000476D0246DD0046DFF6
:1061E00000260909E089118A8759084699000B851C
:1061F000B66802462E00A124ADE088118A8A88087C
:10620000A00800D082111B9228241C854BA2A9242F
:106210008A86A725072814C6020000000027250348
:106220002C422924280458245A2222C2FC28020C79
:106230001529082D097CF94686005824D082111BA7
:10624000927B557C822055108BA5A9241C828A86BE
:10625000A722052814460200005722032C82292475
:10626000280458245A2222C2F8A802B8120C252D5C
:1062700009A908B9187CF9467600D082111B92282A
:10628000241C854BA2A9248A86A72504281406026B
:10629000002725032C422924280458245A2222C2EC
:1062A000FC28020C6529082D097CF94669000000CC
:1062B000D082111B9228241C854BA2A9248A86A770
:1062C000250428140602002725032C42292428042B
:1062D00058245A2222C2FC28020C0529082D097CC8
:1062E000F9C65B00D082111B9228241C854BA2A901
:1062F000248A86A725062814860200000027250385
:106300002C422924280458245A2222C2FC28020C98
:106310003529082D097CF9464E005824D082111BDE
:10632000927B557C822055108BA5A9241C828A86DD
:10633000A722052814460200005722032C82292494
:10634000280458245A2222C2F8A802B8120C452D5B
:1063500009A908B9187CF9463E0088247C8A7B8804
:10636000A088108BB8B9241C8AB72A048814460266
:1063700000872A042C888264028804A824AA8882C0
:10638000C8F8A808B818D082118A86A908B9181BBD
:1063900022C62F008807660814C2A0800C0BAD0728
:1063A000D951E96181D4A7E00800E861D85188019A
:1063B0000B9E908853460B008807660818C2A08081
:1063C0000C0BAD079941D951E96181CAA7E00800DA
:1063D000E861D85198410BEEE08E118A870C0AA92A
:1063E000088801E088538901061A003D0AD082110D
:1063F0001BB228241C8A4BC2C9248A86C72A0528B6
:106400001446020000272A032C4229242804A82429
:10641000AA2222C2FC280229082D0B460D00E2C840
:10642000D00C9A4603000000E0BE11EAEBF0EE113A
:106430008AEE1B338203009C9882C8D087BAE84654
:1064400004000082030082C8D0808074873A041B55
:106450003386FBFFA8110CB8871A02462AFF882151
:106460005203002728068C350C09061BFF8801986B
:10647000215098839901862600E058115A575805F3
:1064800028240B55D09811F66565A180ACE0551114
:106490005A5A5805A005007B22F022108B5259242D
:1064A000572C042814860100272C01E924280458BD
:1064B000249A965A2222C2F8A802B812A909B91938
:1064C0004617007B22F022108B525924572C0428A7
:1064D00014860100272C01E924280458249A965A8E
:1064E0002222C2F8A802B812A909B919460C000064
:1064F0004B525924572C042814860100272C01D90B
:1065000024280458249A965A2222C2FC28022909D7
:10651000460300008D021C8C2C4D7C8F2C8E460077
:10652000001B88280187220246D3FF583198218911
:1065300005822110D0291139082A261DF00C1526B4
:1065400009028627FF862EFF0C25260902C624FF96
:106550008639FF000C65260902C621FF8646FF0C1E
:1065600005260902061FFF4651FF0C352609024683
:106570001CFF865BFF0C452609028619FF4666FF55
:106580003621062261A4A221A43261A64261A25250
:10659000619C62619D72619EE53F07A80AA261B39A
:1065A0008127A7E008008221A6A261AF2218063247
:1065B000C11077622E2848EC92A221A44C0B811CBA
:1065C000ACE008009221A6A909A949CCEA8221A43D
:1065D0000CC27CF929089261AE469A0B003221A6C2
:1065E0004C02295352C11032A1E48192A69191A686
:1065F0000C023A357CF432618D22618F22618E2249
:1066000061964261442261972261A78261AA9261E8
:10661000AB3261A02261B62261B72261AD2261B1C5
:106620002261B52261AE22619F4601009221A992AA
:1066300061A23221A24600001B332203008C4222B9
:10664000C2DB5622FF4221A24023C016120552216E
:10665000A062C110490542218F29152A4442618F49
:1066600042218E52D6021B4442618EE6840A822168
:10667000A08B888261A0460700C2A22492C110B2FA
:1066800021A6A221A4CAC9A51A088C1A065A0B521F
:10669000A1F45A515261A06221AE2066806261AEBF
:1066A000220300CC12C6480B52C1100C0922D5029D
:1066B0000C047CF84242521B6322219F8261A39208
:1066C00061AC4D099261A18602000000007261A9CF
:1066D0000C046221A91B866206008261A96261A87E
:1066E0005CAAD1F1AB0C982C492CAB060100000040
:1066F0006261ACC221A862CCE067BA02063E08E043
:1067000066116A6D6806A00600A221A4A52807A24A
:106710002A01A261B581C9A6E00800A261B1A22147
:10672000A4652707A22A026221B1A261AD1616FA5A
:1067300016EAF9620A001686F962A40086B40062BD
:10674000D5027206525697F82C07C642000C164620
:10675000B3006221A90C9872060062C7D067B80224
:10676000062B0B9221A90C0A1B699D08E08A11AA2D
:10677000A872C7D0F0AA11AAA77206001B6682C72A
:10678000D087B9E72C48871702C6D0FF2C07A7A7E8
:1067900002C6180B7221970BAA77AA08D0AA11AAD1
:1067A000A5C606000072A2487A75D2A25CC2A26099
:1067B0007901F2D501ED051ADDCAC5BD032590FFAB
:1067C000A80A6261A9A261ACA2219F461C00000038
:1067D000D062116A6586180072D502B2271A1CFCB5
:1067E0004B9B1C88672C341BC6C2619792671A9713
:1067F0002805722719860200B728042C4882671AD8
:1068000072259882259AD066118A7772C7FC88070C
:106810006A658261AC8906460900000092671A9792
:106820002805622719860200B728042C4662671AD9
:1068300062259872259A7A6662C6FC68066261AC27
:106840009221ACA2619FD689E89090609261AC0CD5
:1068500046466F0062D5022CB7724652869CFF6294
:1068600021A91B766206006261A8B716070C0662B2
:1068700061A38642009221A98209010C9962C8D0C5
:1068800067B90246E70AA221A92B6A0C0AE0BA11ED
:10689000AAAB82C8D0F0AA11AAA88206001B66B2D1
:1068A000C8D0B7B9E72C49971802C687FF2C07A7AD
:1068B000A70286D00A7221970BAA77AA07D0AA113D
:1068C000AAA586060072A2487A75D2A25CC2A2600E
:1068D0007901F2D501ED051ADDCAC5BD03257EFF9C
:1068E000880A7D06B2219F861A000000D062116AD4
:1068F0006586170082D502C2281A1CFD4BAC1C8984
:10690000672D2F1BD6D26197A2681AA72905822866
:1069100019860200C729042C4992681A8225989288
:10692000259AD066119A8882C8FC88086A6589060B
:10693000460800A2681AA72906622819C6020000A4
:10694000C729042C4662681A62259882259A8A66AD
:1069500062C6FC88067CF66068536261A3B2619FE0
:106960007261A9C65AFF0000E221A3E06E11EA6637
:10697000F06611CA666261A36207001B776261A8B4
:106980006221A87261A9C2C6D0C7B8DB6221AC4639
:1069900057FF62A080461E007221A90C06E221A8C2
:1069A000E0C6116A6CF06611C2CED06A6CC221A931
:1069B000E207001BCCC261A97D0CE261A8C2CED067
:1069C000C7B8D9971E028649FF2C0267A2028689A2
:1069D0000A0B260C14463EFF0C86060D009221A9D8
:1069E00062A06872090067970A1B999261A962A266
:1069F000004607004C068609006221A97206006263
:106A0000A06C67970A8221A91B888261A9460300AE
:106A10001C068221A16088208261A1C62CFF2C0661
:106A20009221A16099209261A14629FF522197BC31
:106A3000A457A20FD02211A2C1102A2A22020006B6
:106A400009000000C2C110B2A258D2A24CED0CBA8B
:106A500041F2DC01DADCC2A260AD024901CACEBD5E
:106A600003E565FF220A0062219F461F0032219F35
:106A70001B6357A30AD0221142C1102A24C6190051
:106A800082C11022D80272221A1CF84B471C83576D
:106A900028361B8582619742621A472306222219F3
:106AA000C60200007723042C4332621A22219C3252
:106AB000219ED055113A2222C2FC280292C1105ABE
:106AC00059290520207446080042621A47230522EE
:106AD00022198602007723042C4332621A22219C59
:106AE00032219E3A2222C2FC220200A2C11032DAD6
:106AF0000122438022DA020C033242520C020C13B0
:106B000062619F3261A32261A56D023D025D0206B2
:106B100044079221A11C055099209261A15221A104
:106B200062219757E502863200BCB467A20ED022DC
:106B30001162C1102A2638025812C6080082A258D3
:106B400092C1108A41D2A24CC2A260BD034901F297
:106B5000D901ED09DAD9CAC9AD026556FF380A581C
:106B60001A42219F06C1000032219F1B4367A30BDD
:106B7000D0221152C1102A25C61B000082C110224A
:106B8000D80232221A7C857B335033101CF88B7369
:106B90001C856728361B8682619772621A772505E5
:106BA0002222198602003725042C8332621A222100
:106BB0009C32219ED066113A2222C2F83802581225
:106BC00092C1106A6939065916C6A70072621A770F
:106BD00025052222198602003725042C8332621AE9
:106BE00022219C32219E3A2222C2F83802581246B3
:106BF0009E0000005221A147652616E41E67A20BE5
:106C0000D0221162C1102A26866C000082A25892FE
:106C1000C1108A414901F2D901D2A24CED09066D99
:106C2000005221A167E502462F00BC6467A20DD087
:106C3000221162C1102A26329200066A0082A258EE
:106C400092C1108A41D2A24CC2A260BD034901F296
:106C5000D901ED09DAD9CAC9AD026546FF329A00F9
:106C60008660000032219F1B4367A30BD022115284
:106C7000C1102A25061A000082C11022D8027222F1
:106C80001A1CF84B571C836728361B868261975263
:106C9000621A572306222219C60200007723042C09
:106CA0004332621A22219C32219ED066113A22225E
:106CB000C2FC380292C1106A693906803323C66962
:106CC0000052621A572305222219860200772304F4
:106CD0002C4332621A22219C32219E3A2222C2FC8B
:106CE00032920086600000005221A197E502C62F73
:106CF00000BC8467A20DD0221162C1102A26320284
:106D00000086080082A25892C1108A41D2A24CC2C9
:106D1000A260BD034901F2D901ED09DAD9CAC9ADB2
:106D200002E539FF320A0042219F461F0032219FAF
:106D30001B4367A30AD0221152C1102A25C619008D
:106D400082C11022D80272221A1CF84B571C83678A
:106D500028361B8682619752621A5723062222190F
:106D6000C60200007723042C4332621A22219C328F
:106D7000219ED066113A2222C2FC380292C1106ACA
:106D800069390630307446080052621A57230522CA
:106D900022198602007723042C4332621A22219C96
:106DA00032219E3A2222C2FC320200003323C62D39
:106DB00000BC7467A20DD02211A2C1102A2A380289
:106DC00086080000B2A258C2C110BA414901F2DCE3
:106DD00001D2A24CED0CC2A260BD03DADECACEAD78
:106DE00002E52DFF380A42219F061F0032219F1B1A
:106DF0004367A30AD0221152C1102A25C619008266
:106E0000C11022D80272221A1CF84B571C83672823
:106E1000361B8682619752621A572307222219066F
:106E2000030000007723042C4332621A22219C3293
:106E3000219ED066113A2222C2FC380292C1106A09
:106E4000693906860800000052621A57230522227B
:106E5000198602007723042C4332621A22219C32C5
:106E6000219E3A2222C2FC3802305F3142619F9655
:106E70002500C66F093030600C120C04304293506C
:106E80005060A2C1104055C02CD642DA0262445272
:106E900006DD0500006221A152219737665EBCE441
:106EA00057A214D0221182C1102A28480258124237
:106EB00061AA5261ABC64C0052A25862C1105A413D
:106EC000D2A24CC2A2604901F2D601ED06DAD6CABE
:106ED000C6BD03AD02A51EFF880A981AC60B0000A6
:106EE00092219F1B7957A90BD02211A2C1102A2AE7
:106EF000C63A000062C11022D602861A0016440467
:106F000057A214D0221152C1102A25880298128249
:106F100061AA9261ABC6340092A258A2C1109A41F4
:106F2000D2A24CC2A260F2DA01ED0ADADACACABD14
:106F300003AD024901A518FF280A381A2261AA32B6
:106F400061AB86290032219F1B7357A314D02211F5
:106F500042C1102A24880298128261AA9261AB86EB
:106F6000210092C11022D90232221A7C847B334044
:106F700033101CF88B631C845728441B858261974F
:106F800062621A6724052222198602003724042C23
:106F90008332621A22219C32219ED055113A22223C
:106FA000C2F8981288029261AB8261AA2221AA32A9
:106FB00021AB92C1105A5929053915860A000000E3
:106FC00062621A6724052222198602003724042CE3
:106FD0008332621A22219C32219E3A2222C2F84830
:106FE0000258124261AA5261AB72619F4199A46238
:106FF00021AB5221AA2197A43198A4404610CD027A
:10700000DD03AD05BD04819DA4E00800EC8ACD023E
:10701000DD03AD05BD04819AA4E00800A61A18C1DD
:1070200005A4D104A4A221AAB221AB8197A4E008AF
:1070300000D64A0286050000C221AAD221ABAD0CBF
:10704000BD0D818EA4E00800164A08460E0082C1DC
:107050001022D8022CD3324252918DA93221A84C51
:10706000729261A237A205418BA94261A25221A16D
:1070700022AF7F2055100C060C385261A16261A529
:107080008261A3C6E9050000217AA49221AB970290
:107090000AA2C11022DA022CD3324252317FA94215
:1070A00021A84C723261A247A205817CA98261A20B
:1070B0009221A122AF7F2099100C330C023261A3E0
:1070C0009261A12261A56D023D025D0206D9050013
:1070D0004221A822AFDF2074104C1227975152C1D1
:1070E0001032D5023C026221A122435052A07822E4
:1070F000C49F5C8420458322A0022066208221A3B5
:107100004243516261A122A06387A24FA221A4B28F
:10711000C8018147A9E00800A261A256DA049221C1
:10712000A64C0322190630222022590606B2080076
:107130002221A326023E4221A30C132D0A402383C1
:107140002020748CB222C7B95D0A2053835020746A
:10715000ECC20C066261A5C60A00000082A1908AFA
:1071600081A261A58261A2C6060000009221A292BE
:1071700061A50604000C62A261A52261A34601007C
:10718000A261A53261A33221A122A10020232022E5
:1071900061B02221AB3221AAD602012135A44221BD
:1071A000AB2CD52024305261B20601000C0662617E
:1071B000B24C14471702065000C2A254CAC1AD0314
:1071C000BD02251507C19BA3D139A98135A4E008CB
:1071D00000C198A3D198A32D0AB03B20813AA9E021
:1071E0000800CC3A0C144261958221A852A061415A
:1071F0002CA9571802412BA95221A39221A20B8539
:10720000C18DA3D12BA9AD02BD038261B89261B932
:107210008124A4E008003D0BA02A208122A4E008DC
:1072200000A261A78121A4E00800CD0ADD0BAD0218
:1072300030B320811AA4E00800E221A79221B9EA24
:10724000646206001B596249008221B85261B42D64
:107250000A3D0B6D0826081CC177A3D176A30B88C5
:107260008261B85261B98118A9E008008221B89200
:1072700021B956AAF8C16FA3D1F4A3AD02BD038111
:1072800001A4E00800E61A18C16BA3D1EFA3AD0278
:10729000BD03810CA9E00800560A042221A7076259
:1072A0003A52619032040F3C05860000524200229F
:1072B00021900B222261906202003716EE32C60145
:1072C00052A03930307457960232040A3242000616
:1072D000060000004242001B224601002D055A66AE
:1072E0003C042261B42036C0D683FE3221B4422150
:1072F000A24033C03261A7062D004C654221A30C89
:107300003E5717084C550C2E5797011B4462A2405C
:1073100060518082A25052610292A25480518059E1
:1073200011A221A49A515901FD04CD03DD02E59576
:1073300005A261A24C755797165221A107E51022AC
:1073400021908221A28022C02261A706180000009D
:107350009221A24C664A5967972662090062C6D0FC
:10736000DC86C134A3D133A3AD03BD0281D7A8E02D
:1073700008008C6A0C164046C04261954221954A2D
:1073800055C12CA3D12CA3AD03BD0281CEA8E0082A
:1073900000CCFA5261908602001B42426190324258
:1073A000004600003C032221905732ECC6E3FF4C1C
:1073B000732221953797223221A32723107CD337BC
:1073C000220B4221A747A202465C00C6550052216B
:1073D000A852C5FE5261A8C601004C633797024609
:1073E00041006221A80B3252AFDF5056106040744A
:1073F0003261954C16679504FB4440407482C1107D
:1074000062D8024246372CB4D6830032A001203322
:10741000C042A02D92C11062D9024246380C923768
:10742000A26122A2372A29817EA372A063C600002E
:107430002D063D048043B2305F314042215044C0AC
:10744000E054114A55F055115053C00B6252C530EB
:107450005246003727D9A2C11022C2FE42C43032A0
:10746000A23952A2374242003A3A5A5A86020000E2
:107470004202001B224243001B334D035732F08669
:107480000800000042A237B2C1104A2B4C172B2231
:107490007715093C022246394A2B22C20332C330F7
:1074A0001B4232420022A2472A213221A72024C0B7
:1074B0002261B73A222261A3E623054221A1076493
:1074C0000A5221A36221AF6A555261A38221A122EF
:1074D000ABFF20281032A1003032203261B00C0303
:1074E0005D032D03063800009221A14221A39030B4
:1074F00004403320A612151653065221AF62A0662F
:107500005A323A444261A36261A8861A0016C30542
:107510008221AF9221A31B383A9932A0669261A3CF
:107520003261A846140042A0676221AF5221A12215
:1075300061A34261A86A6207E51D860E009221A739
:107540003221AF42A0673099809261A34261A8E6E0
:1075500012252069C062C6016261A34606000000D0
:1075600052A0662261A35261A8C602000062A06612
:107570000C186261A88261A39221A152A400505903
:10758000100C033715415D03E61220460E0027A4B8
:10759000268221AD4022C04208018C841B881B55E5
:1075A0008261AD0602001B33C600000062A0FF929C
:1075B00021AD4209006794D56221B13A458221A3E9
:1075C0006044828A848261A39221B06221B2926176
:1075D000A1CC16469704A2C1102CD642DA0262440E
:1075E000520C064693046221A152219757E60246A7
:1075F0003100BC6457A20CD0221182C1102A282865
:107600000246080092A258A2C1109A41D2A24CC2CE
:10761000A260F2DA01ED0ADADACACA4901AD02BDA6
:1076200003E5A9FE280A62219F061F0032219F1B45
:107630006357A30BD0221142C1102A24C61900009F
:1076400082C11022D80272221A1CF84B471C8357A1
:1076500028351B8582619742621A47230622221928
:10766000C60200007723042C4332621A22219C3286
:10767000219ED055113A2222C2FC280292C1105AF2
:10768000592905860800000042621A472305222274
:10769000198602007723042C4332621A22219C327D
:1076A000219E3A2222C2FC28023221AE3902303F0A
:1076B000313912C6B60000006221A147E6028620D9
:1076C00000AC3457A20AD0221182C1102A28468465
:1076D0000092A258A2C1109A414901F2DA01D2A245
:1076E0004CED0AC68400000032219F1B6357A30B98
:1076F000D0221142C1102A24C6A3000082C1102248
:10770000D80272221A1CF84B471C8357A80286968F
:10771000001B8582619742621A47230722221906BD
:10772000030000007723042C4332621A22219C328A
:10773000219ED055113A2222C2FC92C11028025A31
:10774000590688006221A167E602063000BC745722
:10775000A20DD0221182C1102A282802860800001A
:1077600092A258A2C1109A41D2A24CC2A260F2DAEF
:1077700001ED0ADADACACA4901AD02BD032594FE59
:10778000280A62219F061F0032219F1B6357A30B0B
:10779000D0221142C1102A24C619000082C1102231
:1077A000D80272221A1CF84B471C835728351B85B8
:1077B00082619742621A472306222219C6020000FC
:1077C0007723042C4332621A22219C32219ED05509
:1077D000113A2222C2FC280292C1105A5929058668
:1077E0000800000042621A4723052222198602007F
:1077F0007723042C4332621A22219C32219E3A22A2
:1078000022C2FC28023221AE325200C66000622140
:10781000A197E602862F00BC6457A20CD0221182E9
:10782000C1102A28280246080092A258A2C1109A24
:1078300041D2A24CC2A260F2DA01ED0ADADACACA77
:107840004901AD02BD03A587FE280A62219FC61E1D
:107850000032219F1B6357A30AD0221142C1102A74
:107860002486190082C11022D80272221A1CF84BF9
:10787000471C835728351B8582619742621A47232C
:1078800006222219C60200007723042C4332621A12
:1078900022219C32219ED055113A2222C2FC28027C
:1078A00092C1105A592905860800000042621A4701
:1078B00023052222198602007723042C4332621A00
:1078C00022219C32219E3A2222C2FC28023221AE81
:1078D000324200C62E00BC6457A20CD0221142C115
:1078E000102A24280246080052A25862C1105A41A8
:1078F0004901F2D601D2A24CED06C2A260AD02DA75
:10790000DECACEBD03A57BFE280A62219F061F00AA
:1079100082219F1B6857A80BD0221192C1102A29DF
:10792000C6190000A2C11022DA0272221A1CF84BFA
:10793000471C835728351B8582619742621A47236B
:1079400005222219C6020077230532A02432621ACA
:1079500022219C32219ED055113A2222C2FCB2C172
:107960001028025A5B2905860800000042621A4767
:1079700023052222198602007723042C4332621A3F
:1079800022219C32219E3A2222C2FC28023221AEC0
:10799000390262619FC624FB6221A11C055066204A
:1079A0006261A18221A162219757E802063400BCDE
:1079B000D467A20FD0221192C1102A29380258127E
:1079C00006090000A2A258B2C110AA41D2A24CC21C
:1079D000A260F2DB01ED0BDADBCACB4901BD03ADDE
:1079E00002E56DFE380A581A42219F06C1000000C8
:1079F00032219F1B4367A30BD0221152C1102A25AD
:107A0000C61C000082C11022D80232221A7C857B5B
:107A1000335033101CF88B731C8567283A1B868201
:107A2000619772621A772507222219060300000067
:107A30003725042C8332621A22219C32219ED06683
:107A4000113A2222C2F83802581292C1106A6939DA
:107A500006591606A700000072621A772505222231
:107A6000198602003725042C8332621A22219C32A7
:107A7000219E3A2222C2F838025812069D000000C8
:107A80005221A147652516A41E67A20AD0221162C1
:107A9000C1102A26C66B0082A25892C1108A4149A1
:107AA00001F2D901D2A24CED09466C005221A16726
:107AB000E502862F00BC7467A20DD0221162C110AE
:107AC0002A2632120046690082A25892C1108A41C9
:107AD000D2A24CC2A260BD034901F2D901ED09DA7C
:107AE000D9CAC9AD02A55DFE321A00C65F0000000A
:107AF00032219F1B4367A30BD0221152C1102A25AC
:107B0000061A000082C11022D80272221A1CF84BF9
:107B1000571C836728361B8682619752621A572347
:107B200006222219C60200007723042C4332621A6F
:107B300022219C32219ED066113A2222C2FC3802B8
:107B400092C1106A6939063030F4C6680052621A70
:107B50005723052222198602007723042C43326220
:107B60001A22219C32219E3A2222C2FC3212008625
:107B70005F0000005221A197E502062F00BC746748
:107B8000A20DD0221162C1102A263202004637000F
:107B900082A25892C1108A41D2A24CC2A260BD03F7
:107BA0004901F2D901ED09DAD9CAC9AD022551FE60
:107BB000320A00C62D00000032219F1B4367A30A32
:107BC000D0221152C1102A25061A0082C11022D8D3
:107BD0000272221A1CF84B571C836728371B8682B7
:107BE000619752621A5723072222190603000000E8
:107BF0007723042C4332621A22219C32219ED066C4
:107C0000113A2222C2FC380292C1106A6939063048
:107C10003074C6360052621A572305222219860292
:107C2000007723042C4332621A22219C32219E3A8F
:107C30002222C2FC320200862D00BC6467A20CD056
:107C40002211A2C1102A2A3802460800B2A258C244
:107C5000C110BA414901F2DC01D2A24CED0CC2A222
:107C600060BD03DADECACEAD026545FE380A4221A8
:107C70009F061F0032219F1B4367A30BD022115286
:107C8000C1102A25C619000082C11022D802722212
:107C90001A1CF84B571C836728351B868261975244
:107CA000621A572306222219C60200007723042CE9
:107CB0004332621A22219C32219ED066113A22223E
:107CC000C2FC380292C1106A6939068608000000B9
:107CD00052621A5723052222198602007723042CA8
:107CE0004332621A22219C32219E3A2222C2FC385F
:107CF000020C056221A122ABFF2066106261A10C7B
:107D000002463D02522197BC6457A20CD022118238
:107D1000C1102A28380246080092A258A2C1109A1F
:107D200041D2A24CC2A260F2DA01ED0ADADACACA82
:107D3000BD034901AD02A538FE380A42219FC61E87
:107D40000032219F1B4357A30AD0221152C1102A8F
:107D50002586190062C11022D60272221A1CF84B25
:107D6000671C835728351B8582619762621A6723D7
:107D700006222219C60200007723042C4332621A1D
:107D800022219C32219ED055113A2222C2FC380277
:107D900082C1105A583905860800000062621A67CD
:107DA00023052222198602007723042C4332621A0B
:107DB00022219C32219E3A2222C2FC3802A2C1100A
:107DC00062DA023C079221A172465072A0780C221E
:107DD0007246516133A620992082A0780C059261E9
:107DE000A16261B68261A8C603020000522197BC5D
:107DF0009457A20FD0221192C1102A292802226181
:107E0000A2C62A00A2A258B2C110AA41D2A24CC254
:107E1000A260F2DB01ED0BDADBCACB4901BD03AD99
:107E200002E529FEA80AA261A2C6200032219F1BFA
:107E30006357A30BD0221142C1102A24061A000056
:107E400082C11022D80272221A1CF84B471C835799
:107E500028361B8582619742621A47230522221920
:107E6000C6020077230532A02432621A22219C32F6
:107E7000219ED055113A2222C2FC280292C1105AEA
:107E8000592261A22905C6080042621A4723052229
:107E900022198602007723042C4332621A22219C85
:107EA00032219E3A2222C2FC28022261A262619FF4
:107EB000A2C11022DA020C033242522221A326026E
:107EC0002FA221A220C220B2A00081E6A5E00800D6
:107ED000A261A56221A5CC1A8654023221A20C040B
:107EE000303AC03261A34261A56D04C64F02000062
:107EF00000A221A20C0581D1A0E00800A261A3523A
:107F000061A56D053D05064A026221A11C0550666A
:107F1000206261A18221A162219757E802463300C5
:107F2000BCC467A20ED0221192C1102A293802586F
:107F300012C60800A2A258B2C110AA41D2A24CC2D5
:107F4000A260F2DB01ED0BDADBCACB4901BD03AD68
:107F500002E516FE380A581A42219F869100000059
:107F600032219F1B4367A30BD0221152C1102A2537
:107F7000C61C000082C11022D80232221A7C857BE6
:107F8000335033101CF88B731C8567283A1B86828C
:107F9000619772621A7725072222190603000000F2
:107FA0003725042C8332621A22219C32219ED0660E
:107FB000113A2222C2F83802581292C1106A693965
:107FC000065916867700000072621A77250522226C
:107FD000198602003725042C8332621A22219C3232
:107FE000219E3A2222C2F838025812866D00522190
:107FF000A147652716C41E67A20AD0221162C110CC
:108000002A26466C0082A25892C1108A414901F288
:10801000D901D2A24CED09C66C0000005221A16723
:10802000E502862F00BC7467A20DD0221162C11038
:108030002A2632120046690082A25892C1108A4153
:10804000D2A24CC2A260BD034901F2D901ED09DA06
:10805000D9CAC9AD02A506FE321A00C65F000000EB
:1080600032219F1B4367A30BD0221152C1102A2536
:10807000061A000082C11022D80272221A1CF84B84
:10808000571C836728361B8682619752621A5723D2
:1080900006222219C60200007723042C4332621AFA
:1080A00022219C32219ED066113A2222C2FC380243
:1080B00092C1106A6939063030F446390052621AAA
:1080C0005723052222198602007723042C433262AB
:1080D0001A22219C32219E3A2222C2FC3212000630
:1080E000300000005221A197E502062F00BC546722
:1080F000A20DD0221162C1102A263202004637009A
:1081000082A25892C1108A41D2A24CC2A260BD0381
:108110004901F2D901ED09DAD9CAC9AD0225FAFD42
:10812000320A00C62D0032219F1B4367A30AD022CA
:108130001152C1102A2586190082C11022D802725C
:10814000221A1CF84B571C836728351B86826197BF
:1081500052621A5723052222198602007723042C23
:108160004332621A22219C32219ED066113A222289
:10817000C2FC380292C1106A693906303074460870
:108180000052621A5723052222198602007723041F
:108190002C4332621A22219C32219E3A2222C2FCB6
:1081A0003202000C050C12C61301BC6467A20CD08D
:1081B0002211A2C1102A2A3802460800B2A258C2CF
:1081C000C110BA414901F2DC01D2A24CED0CC2A2AD
:1081D00060BD03DADECACEAD0265EEFD380A42218B
:1081E0009F86EFFF32219F1B4367A30BD0221152C2
:1081F000C1102A25C619000082C11022D80272229D
:108200001A1CF84B571C836728351B8682619752CE
:10821000621A572306222219C60200007723042C73
:108220004332621A22219C32219ED066113A2222C8
:10823000C2FC380292C1106A69390606D9FF0000F3
:1082400052621A5723052222198602007723042C32
:108250004332621A22219C32219E3A2222C2FC38E9
:108260000286CFFF00510FA55261B6460100610C96
:10827000A56261B68221A162219757E802C6330048
:10828000BCC467A20ED0221192C1102A293802580C
:1082900012C60800A2A258B2C110AA41D2A24CC272
:1082A000A260F2DB01ED0BDADBCACB4901BD03AD05
:1082B00002E5E0FD380A581A42219F06C10000007D
:1082C00032219F1B4367A30BD0221152C1102A25D4
:1082D000C61C000082C11022D80232221A7C857B83
:1082E000335033101CF88B731C8567283A1B868229
:1082F000619772621A77250722221906030000008F
:108300003725042C8332621A22219C32219ED066AA
:10831000113A2222C2F83802581292C1106A693901
:1083200006591606A700000072621A772505222258
:10833000198602003725042C8332621A22219C32CE
:10834000219E3A2222C2F838025812069D000000EF
:108350005221A147652616A41E67A20BD0221162E6
:10836000C1102A26C66B000082A25892C1108A4111
:108370004901F2D901D2A24CED09066C005221A1AB
:1083800067E502462F00BC6467A20DD0221162C1CE
:10839000102A2632120006690082A25892C1108A61
:1083A00041D2A24CC2A260BD034901F2D901ED093C
:1083B000DAD9CAC9AD02A5D0FD321A00865F000025
:1083C00032219F1B4367A30BD0221152C1102A25D3
:1083D000061A000082C11022D80272221A1CF84B21
:1083E000571C836728361B8682619752621A57236F
:1083F00006222219C60200007723042C4332621A97
:1084000022219C32219ED066113A2222C2FC3802DF
:1084100092C1106A6939063030F4C6680052621A97
:108420005723052222198602007723042C43326247
:108430001A22219C32219E3A2222C2FC321200864C
:108440005F0000005221A197E502062F00BC74676F
:10845000A20DD0221162C1102A2632020046370036
:1084600082A25892C1108A41D2A24CC2A260BD031E
:108470004901F2D901ED09DAD9CAC9AD0225C4FD15
:10848000320A00C62D00000032219F1B4367A30B58
:10849000D0221152C1102A25061A000082C11022D2
:1084A000D80272221A1CF84B571C836728361B8689
:1084B00082619752621A572305222219C602007759
:1084C000230532A02432621A22219C32219ED066DA
:1084D000113A2222C2FC380292C1106A6939063070
:1084E0003074C6360052621A5723052222198602BA
:1084F000007723042C4332621A22219C32219E3AB7
:108500002222C2FC320200862D00BC6467A20CD07D
:108510002211A2C1102A2A3802460800B2A258C26B
:10852000C110BA414901F2DC01D2A24CED0CC2A249
:1085300060BD03DADECACEAD0265B8FD380A42215D
:108540009F061F0032219F1B4367A30BD0221152AD
:10855000C1102A25C619000082C11022D802722239
:108560001A1CF84B571C836728351B86826197526B
:10857000621A572306222219C60200007723042C10
:108580004332621A22219C32219ED066113A222265
:10859000C2FC380292C1106A6939068608000000E0
:1085A00052621A5723052222198602007723042CCF
:1085B0004332621A22219C32219E3A2222C2FC3886
:1085C000020C055023201622022221A107621C6200
:1085D000C1108221A822D6029221A13C06624250FB
:1085E00082425122A0022099209261A16221A122FF
:1085F000ABFF2066106261A10C2282C11062D8021A
:108600000C0772465242619F9221A32609267221CD
:10861000A16221A142AF7F4066106261A150432058
:108620000C160C08408693804074CC748221A38081
:10863000469316641626125B92A1901A9942C96459
:108640006622080648000000004221A20B24226195
:10865000A23065013020248221A230334122C23071
:108660003036205053412248005063205696FD2258
:10867000C2D00C1320639360207416E2159221A1DE
:1086800007E90246550042C4FE3C02224400426112
:10869000A2C65100DC850C92373214A2C11022DA36
:1086A0000132C33042A1E33242E34A2AC645000008
:1086B0000C046221A14261A722A40042A1F44A4114
:1086C00020261006020000004221A23D0A5D0BC1D7
:1086D000F9A3D1589E0B44AD03BD054261A281FBB5
:1086E000A3E008008221A7A2CA301B88A24400820E
:1086F00061A71632059221AD0C187209005675005B
:1087000042A0093734018D0542AF014A470C069259
:10871000A0014096838709304221A747972A8221EA
:10872000A29221B1B221B59088C0AD0890C9208233
:1087300061A28161A0E008008221AD6261A74208C8
:10874000016714041B888261ADC1DAA3D13A9EADE2
:1087500003BD0581E09EE0080056B5F60C9437B4E1
:1087600002C6D8FF061D0092C9649261A22221A20E
:108770004221B60B222261A23020342A2422020098
:108780008221A2303441224800402501303220505D
:1087900054415023205642FD0610000032A180ECC7
:1087A000A2A2C1103A4A70900442C4649261A342EA
:1087B00061A2AC692261A322A19042DA013C051AB0
:1087C000225244E322C2632261A286030032A190B6
:1087D00010338032C3644261A33261A222A1F44209
:1087E00021A22A210C054022C06221A35261A522A8
:1087F00061A33D05860E00006221A8CC16C6F202D8
:1088000082C11022D8016242800C0322D8020C09D6
:108810003242520C122261A39261A56D093D095D9D
:10882000092D0982A1908A818261A24601003D063C
:108830005D062D059221A3A2C11042DA0290965343
:108840004204529261B08C341B999261B08221A192
:108850000C244048104261B21684009221B092C9A3
:10886000029261B08221A142A0844048104261B4CA
:108870005654099221ACE221B0E049C01C09E6142B
:108880003C062100D221A0B2CB10C26D00926D0136
:10889000B9B879A8A68720C2A234B221A6A221A481
:1088A0001ACC9261B9A5F8059221B98C1AC6CD02ED
:1088B000A2A1E4E2C110AAAE42C4F0A261A0A2C18A
:1088C0001082DA02C221A078A88BACB8B81B77C19D
:1088D0007AA34729AE9221A079A84919BA44C909B7
:1088E00049B8A261A0A68720A2C110C2A224CACA08
:1088F000B221A6A221A4A5F3058C1A46BA0242A170
:10890000E482C1104A888261A092C11042D90272E9
:1089100004521677049221A0A2A26272218FAA812A
:1089200089090C188A7779B478A489198A7779A487
:10893000E687088B999261A046080000A2C110C288
:10894000A224C0CA80B221A6A221A465EE05162ADF
:1089500000C6A40282A1F48081808261A09221B22B
:108960001619059221A0B2A26042218FBA8189090D
:108970000C288A4442618F42218EA2C1101B448977
:108980001942618E72DA02E684098B999261A0869F
:1089900008000000A2C110C2A224C0CA80B221A651
:1089A000A221A4E5E805162A00C68E0282A1F48061
:1089B00081808261A09221B426E90246250092219D
:1089C000B08221AC9048C01C09E6143C062100D2BC
:1089D00021A0B2CB10C26D00926D01B9B879A8A6E2
:1089E0008720C2A234B221A6A221A41ACC9261B9D6
:1089F000E5E3059221B98C1A067B02A2A1E4E2C14B
:108A000010AAAE42C4F0A261A0A2C11082DA02C2D2
:108A100021A078A88BACB8B81B77C128A34729AE92
:108A20009221A079A84919BA44C90949B8A261A0FC
:108A3000A68720A2C110C2A224CACAB221A6A2211E
:108A4000A4E5DE058C1A86670242A1E482C1104AC1
:108A5000888261A09221A31C089066C0E6163C465D
:108A600020000000C221A0A2CA10B90C891CA9B71D
:108A700049A7A68420C2A234B221A6A221A41ACC5E
:108A80008261B8E5DA058221B88C1A46560292A1B5
:108A9000E4D2C1109A9D62C6F09261A0E2C1107248
:108AA000DE02B221A048A78B9BA8B71B44B103A349
:108AB0006728B08221A049A76918AA66B90869B7D2
:108AC0009261A0A6841DC2A224B221A6A221A4CA9A
:108AD000CEE5D5058C1A86430242A1E492C1104A24
:108AE000999261A0A2C1104221A172DA0268B787EF
:108AF000E4429221A328A75221A08221A26A691BE5
:108B0000228905991569B729A7E682078B55526115
:108B1000A006F001A2C110C2A224C0CA80B221A640
:108B2000A221A4E5D005162A00C62E0232A1F430F7
:108B300031804679018221A842A065872402C67748
:108B400001C13C9DD13C9DA221AAB221AB81DDA2F5
:108B5000E0080056AA0F21DAA29221A029090C12DE
:108B60002A66291928A769B71B2229A7E682098B3B
:108B7000999261A08608000000A2C110C2A224C080
:108B8000CA80B221A6A221A465CA05162A008615AC
:108B90000232A1F43031803261A02221954221A716
:108BA0004722085221A107E50206CA019221AF22FD
:108BB000218F6221A09A2222618F22218E8221B3ED
:108BC0001B228906991622618EE682078B666261F6
:108BD000A0060800B2C110C2A224C0CB80A221A46A
:108BE000B221A6E5C405162A00C6FE0132A1F43062
:108BF00031803261A04221A71C050B24E612328687
:108C0000B401000072C71052690172640B32640A29
:108C1000A68318C2A234B221A6A221A41ACC25C1CF
:108C200005563A7C62A1E4A2C1106A6A22C2F062CF
:108C300061A08221A0B2C11042DB028B689221A008
:108C4000819FA238A4890978B41B332725B5C6278C
:108C500001422195A61402C649002199A24221A0F1
:108C600029040C122A66291428A769B71B2229A7F0
:108C7000E682088B444261A086070000C2A224520B
:108C8000C110B221A6A221A4C0C58065BA05566A4A
:108C90007562A1F46061806261A02221959221A792
:108CA0006221A120292060500482C110502220326C
:108CB000D80242218F16C2612221AF8221A0205208
:108CC0002029184A2229B328A39221B31B229908EC
:108CD00029A3E682068B280607000000C2A22462B0
:108CE000C110B221A6A221A4C0C68065B405566AEF
:108CF0006F82A1F4802180322195D6E30630306066
:108D00002072201C05460A0082C810591789B649EE
:108D1000A6A68418C2A234B221A6A221A41ACC25E8
:108D2000B105562A6C22A1E492C1102A2932C3F05F
:108D30007D02A2C11062DA029161A248A699078859
:108D4000B61B448B223725BF39178A3339B649A65B
:108D5000A68418C2A224CACAB221A6A221A425AD03
:108D600005563A6822A1E4B2C1102A2B3221A24250
:108D700021A73902491252C11032218F6221A786E0
:108D800047018221A7804243A6143D6A6469B768FF
:108D9000A79221A08221A21B668909491969A7E629
:108DA000860A8B999261A0860700000000C2A22467
:108DB00092C110B221A6A221A4CAC965A705566A0C
:108DC0006282A1F48A818261A00C06604453404211
:108DD000C01C08E6143B861F00000000C221A0A2B0
:108DE000CA10B90C891CA9B769A7A6861EC2A234ED
:108DF000B221A6A221A41ACC8261B865A305822162
:108E0000B8563A5E92A1E4D2C1109A9D42C4F09243
:108E100061A0E2C11072DE02B221A068A78B9BA8FC
:108E2000B71B66B126A24728B28221A069A74918BC
:108E3000AA44B90849B79261A0A6861BC2A224B26F
:108E400021A6A221A4CACEA59E0556AA5942A1E4F4
:108E500092C1104A999261A04221A26221A12A24C2
:108E600042A1E4A76602865300065A008C430B33E6
:108E7000860200008221AD0B550B888261AD9221E4
:108E8000A06221B58221B1690962218F89198A66A0
:108E900062618F62218E92C1101B6662618E72D9EF
:108EA00002E6860B6221A08B666261A0C606000006
:108EB000C2A234B221A6A221A410CC8025970556C7
:108EC0005A5282C1104088808261A09221A28221E0
:108ED000A78069809221AD2066C072090060674357
:108EE000A6163D72218F9221A07A7672618F72212F
:108EF0008E29091B77691972618EE687078B999213
:108F000061A0C60600C2A234B221A6A221A41ACC36
:108F1000101120E5910556EA4C82C1104A88826101
:108F2000A09221AD0C077066537209001C0960679E
:108F3000C0E61638061E0000D221A0A2CA10C26DDB
:108F400000926D01A9B879A8A6871BC2A234B221EC
:108F5000A6A221A41ACC9261B9658D059221B956B9
:108F60005A48E2C1104ABE62C6F0B261A0A2C11066
:108F700082DA02C221A078A88BBCA8B81B77C1CF27
:108F8000A16729B39221A079A86919AA66C90969BC
:108F9000B8B261A0A68718C2A234B221A6A221A4A9
:108FA0001ACCE5880556FA4362C1104A666261A090
:108FB0008221AD6208006A22506F315066C096A6C9
:108FC000EA306F313066C09616EA9221A24221A79C
:108FD0004A393022633221955221A7572305622155
:108FE000A107664E8221A03221AF6221AF3918322B
:108FF000218F9221B36A3332618F32218E99081BFF
:109000003332618E52C110E6830A8B888261A006DA
:109010000800000000C2A22482C110B221A6A22131
:10902000A4C0C880A5800556DA3B92A1F490918037
:109030009261A04221A25221A75034802043C03225
:1090400021953035C0403343A6134152218F8221F0
:10905000A062C11029085A2322618F22218E39185B
:109060001B2222618EE682088B888261A00607009F
:1090700000C2A22492C110B221A6A221A4CAC9256D
:109080007B05562A3642A1F44A414261A00C0220D7
:1090900033535221A72221952025C03022C01C0520
:1090A000E61231868B0000000072C710591979B49E
:1090B00039A4A68319C2A234B221A6A221A41ACC33
:1090C000E57605561A3262A1E4A2C110606A8022D8
:1090D000C2F06261A08221A0B2C11042DB028B68A3
:1090E0009221A08176A138A4890978B41B33272561
:1090F000B729197A2229B439A46261A0E6830286CD
:109100007400C2A224CACBA221A4B221A625720552
:10911000564A2D22A1E432C1102A333261A0C66C16
:10912000004221A038A75221A78B241B661B330CB9
:1091300014E625088221A107E802864C009221A0AE
:109140008221A242690182690062618F32618E923E
:10915000C110A68315C2A224B221A6A221A4CAC905
:10916000E56C05561A28A2A1F4AA213221B3622186
:10917000AF390232218F4221AF6A3332618F3221FF
:109180008E49121B3332618E52C1108B22A6831876
:10919000C2A22482C110B221A6A221A4CAC82569F4
:1091A00005563A2492A1F49A214221A7C1A29BD14B
:1091B000A19BA221AAB221AB32C4FF8143A1E00846
:1091C00000167A0452C11072D50252218F62270A0A
:1091D0008221A29221A752C5FF1B661B489A5549BE
:1091E00002391259B769A78B22E68602062700C208
:1091F000A224A2C110CACAB221A6A221A425630535
:10920000564A1E22A1F42A21062000001C06E6135D
:109210002FC61D0082C81062620182650B42650A7A
:10922000A68418C2A234B221A6A221A41ACC256019
:1092300005563A1B72A1E4B2C1107A7B32C3F02DFD
:1092400007C2C11052DC02911DA148A5990288B540
:109250001B448B723726BC39128A3339B549A52D88
:1092600007A68427C2A224D2C110CACDC6E1FF003E
:109270005221A08221A24915890569B739A7A68381
:109280000AC2A22492C110CAC986DAFFA2A247AAC2
:109290003139023221B76221B7391232218F52C1DE
:1092A000106A3332618F32218E1B3332618EE68336
:1092B000078B222261A0C60600C2A22482C110B27E
:1092C00021A6A221A4CAC8A5560556AA1192A1F4A6
:1092D0009A919261A02221A127E21C3221AC422165
:1092E000B05221AE4023532A5522218F5261AE162F
:1092F000F2088628000000006221AC8221B01C0424
:109300008026C0E6123E46F4FF9221A062C6107984
:1093100009491969B539A5E683098B999261A0C6F7
:1093200007000000C2A234B221A6A221A410CC8062
:10933000E54F05561A0B32A1E452C1103055805248
:1093400061A022C2F062C11052D60238A568B51BD6
:109350003371D9A02724B18221A039A529186A2206
:10936000790829B5E6830206DCFFC2A22492C11067
:10937000B221A6A221A4C0C980654B0516BAF54644
:1093800019000C0332618E3221A5EC4342A1F44A4C
:10939000414261A006A5F400C2A22452C110B2212C
:1093A000A6A221A4CAC5A54805165AFD060E0000AE
:1093B0000000B221A5A221A462A1F4606180819283
:1093C000A0E008006261A04698F4000022218FAC62
:1093D0005282C110C2A224B221A6A221A4CAC825C9
:1093E00045058604000000009221A58C99A221A4C5
:1093F000BD098185A0E008003221A64221AE2213DA
:10940000067CF32026042043934261AE860D0000C3
:1094100062219F82219F1BA662219767A80286EB8B
:10942000F4C6ECF492219F6221971BB967A902460A
:109430002EF5862FF54221A37221A10C12260402DB
:109440004673FC4693FC2221AE1DF000364100819C
:1094500068A0E00800BD0230C320819DA0E00800A4
:109460002D0A1DF03681008221102921593128054D
:1094700098215808503593990146E1001B33820327
:10948000000C158059835050748CC552C8DB0C1ADF
:1094900050A983A050745625FE16B8410C051BA395
:1094A000ED057CF9DD05591186000000AD03C171A1
:1094B000A0820A001B3A8ABCF20B00B811D0CB1173
:1094C000BACCB16DA0CABBFABBB20B00B911B16B7B
:1094D000A0CABBFABBB20B000BBBB0B074B68B0218
:1094E00006C500C17CA0E0BB11BABCB80BA00B0044
:1094F0000C9A46BC00B2A06AB71831873B0D4CCB22
:10950000B71824B2A068B7982AC6BA00B2A074B738
:10951000980286B800B2A07AB7980246B600B2A008
:1095200071B71808060300000C880607002C08C64F
:1095300005000000B20A0182A06C879B0A2C033050
:10954000DD202B3A06AC00001C0880DD20C6A900F7
:1095500082C8BF8080743C7A202044873A26A15E6E
:10956000A0E088118A8A8808A00800476D02C6DB3F
:1095700000576D0206DD0006E2000000476D02465E
:10958000DD0046DF00260909E089118A875908466F
:1095900099000B85B66802462E00A150A0E0881104
:1095A0008A8A8808A00800D082111B9228241C8572
:1095B0004BA2A9248A86A725072814C6020000000A
:1095C000002725032C422924280458245A2222C289
:1095D000FC28020C1529082D097CF9468600582420
:1095E000D082111B927B557C822055108BA5A9241B
:1095F0001C828A86A72205281446020000572203EF
:109600002C822924280458245A2222C2F8A802B8FD
:10961000120C252D09A908B9187CF9467600D082CC
:10962000111B9228241C854BA2A9248A86A72504F5
:1096300028140602002725032C4229242804582434
:109640005A2222C2FC28020C6529082D097CF94601
:1096500069000000D082111B9228241C854BA2A90E
:10966000248A86A7250428140602002725032C42F5
:109670002924280458245A2222C2FC28020C052935
:10968000082D097CF9C65B00D082111B9228241C8E
:10969000854BA2A9248A86A72506281486020000E5
:1096A000002725032C422924280458245A2222C2A8
:1096B000FC28020C3529082D097CF9464E00582457
:1096C000D082111B927B557C822055108BA5A9243A
:1096D0001C828A86A722052814460200005722030E
:1096E0002C822924280458245A2222C2F8A802B81D
:1096F000120C452D09A908B9187CF9463E008824AA
:109700007C8A7B88A088108BB8B9241C8AB72A046D
:109710008814460200872A042C888264028804A8E0
:1097200024AA8882C8F8A808B818D082118A86A905
:1097300008B9181B22C62F008807660814C2A0802B
:109740000C0BAD07D951E96181EB9AE00800E861A3
:10975000D85188010B9E908853460B0088076608F5
:1097600018C2A0800C0BAD079941D951E96181E184
:109770009AE00800E861D85198410BEEE08E118A1A
:10978000870C0AA9088801E088538901061A003D60
:109790000AD082111BB228241C8A4BC2C9248A8693
:1097A000C72A05281446020000272A032C42292430
:1097B0002804A824AA2222C2FC280229082D0B462C
:1097C0000D00E2C8D00C9A4603000000E0BE11EA8A
:1097D000EBF0EE118AEE1B338203009C9882C8D016
:1097E00087BAE84604000082030082C8D0808074F3
:1097F000873A041B3386FBFFA8110CB8871A024670
:109800002AFF88215203002728068C350C09061BE5
:10981000FF880198215098839901862600E058110D
:109820005A57580528240B55D09811F66565A1ACF8
:109830009FE055115A5A5805A005007B22F02210CE
:109840008B525924572C042814860100272C01E937
:1098500024280458249A965A2222C2F8A802B81240
:10986000A909B9194617007B22F022108B525924FE
:10987000572C042814860100272C01E924280458B9
:10988000249A965A2222C2F8A802B812A909B91934
:10989000460C00004B525924572C04281486010012
:1098A000272C01D924280458249A965A2222C2FC33
:1098B00028022909460300008D021C8C2C4D7C8F48
:1098C0002C8E4600001B88280187220246D3FF58B1
:1098D0003198218905822110D0291139082A261DA5
:1098E000F00C152609028627FF862EFF0C25260977
:1098F00002C624FF8639FF000C65260902C621FF37
:109900008646FF0C05260902061FFF4651FF0C354F
:10991000260902461CFF865BFF0C452609028619B4
:10992000FF4666FF3621062261A4A221A43261A26D
:109930004261A352619C62619D72619EA50504A271
:109940002A00A261B3813D9AE008008221A4A261AD
:10995000AF1688002868CC32AD086584FB21259FAE
:109960009221A22799092221A428120609000000A9
:1099700021229F3221A227930A8221A48828826172
:10998000A2460400211E9F9221A22799082221A409
:109990002222032261A2B2A24432C110B0B380A23B
:1099A000A00165AD098221A222281907E20E221822
:1099B0000697E208A2281681129FE008009221A2D1
:1099C00022190637620522290456D203B221A2A227
:1099D00021A4A50C03161A033221A222231907E29F
:1099E0000E22130697E208A2231681069FE00800C4
:1099F000B2A24442C110A22195B0B4807CF5A5A7C3
:109A0000095261AE46BC0B0000008221A21CA232AA
:109A1000180620231066924322980796D203222824
:109A20001907E20B97E308A2281681F69EE00800CA
:109A300092C110B2A244A22195BAB9E5A309D221DC
:109A40009CE2219DF2219EC221A3B221A2A221A4C7
:109A500025ED02A261AEC6A70B0000007CF4B2C1E6
:109A60001032A1E44261445173994172990C023A57
:109A70003B32618D22618F22618E22619722619833
:109A80002261A74261AA5261AB3261A02261B52274
:109A900061B72261AD2261B12261B62261AE22615D
:109AA0009F4601005221A95261A33221A346000022
:109AB0001B332203008C4222C2DB5622FF8221A3E9
:109AC0008023C016220542218F9221A02A444261A0
:109AD0008F42218EA2C1101B448909291942618E2F
:109AE00052DA02E684098B999261A0860800000090
:109AF000B2C110C2A224C0CB80A221A4B221A2254F
:109B00002C07162A00C65E0B52A1F45051805261F8
:109B1000A06221AE2A666261AE220300CC12864B9F
:109B20000B52C1100C0922D5020C047CF84242569B
:109B30001B6322219F8261A59261AC4D099261A1B4
:109B400046020000007261A90C046221A91B866212
:109B500006008261A96261A85CAAD1E89E0C982CDB
:109B6000492CAB06010000006261ACC221A862CCA6
:109B7000E067BA02064008E066116A6D6806A00652
:109B800000A221A425E103A22A01A261B681AB991A
:109B9000E00800A261B1A221A4E5DF03A22A0262CB
:109BA00021B1A261AD1616FA16EAF9620A0016860C
:109BB000F962A40086B40062D5027206565697F880
:109BC0002C07C642000C16C6B3006221A90C98727D
:109BD000060062C7D067B80246390B9221A90C0A69
:109BE0001B699D08E08A11AAA872C7D0F0AA11AA21
:109BF000A77206001B6682C7D087B9E72C48871773
:109C000002C6D0FF2C07A7A702C61D0B7221980B16
:109C1000AA77AA08D0AA11AAA5C606000072A24C6B
:109C20007A75D2A260C2A2607901F2D501ED051A5F
:109C3000DDCAC5BD03E582FFA80A6261A9A261ACC5
:109C4000A2219F461C000000D062116A65861800A0
:109C500072D502B2271A1CFC4B9B1C88672C341B44
:109C6000C6C2619892671A97280572271986020062
:109C7000B728042C4882671A72259882259AD066E4
:109C8000118A7772C7FC88076A658261AC890646CB
:109C90000900000092671A972805622719860200BA
:109CA000B728042C4662671A62259872259A7A664C
:109CB00062C6FC68066261AC9221ACA2619FD68943
:109CC000E89090609261AC0C46466F0062D5022C21
:109CD000B7724656869CFF6221A91B766206006217
:109CE00061A8B716070C066261A58642009221A9F9
:109CF0008209010C9962C8D067B90286F50AA221CF
:109D0000A92B6A0C0AE0BA11AAAB82C8D0F0AA113A
:109D1000AAA88206001B66B2C8D0B7B9E72C49973B
:109D20001802C687FF2C07A7A70286D50A722198BA
:109D30000BAA77AA07D0AA11AAA586060072A24C80
:109D40007A75D2A260C2A2607901F2D501ED051A3E
:109D5000DDCAC5BD03E570FF880A7D06B2219F8676
:109D60001A00D062116A6506180082D502C2281A4C
:109D70001CFD4BAC1C89672D321BD6D26198A268A2
:109D80001AA729078228190603000000C729042CF6
:109D90004992681A82259892259AD066119A8882EB
:109DA000C8FC88086A65890646080000A2681AA7E8
:109DB0002905622819860200C729042C4662681A00
:109DC00062259882259A8A6662C6FC88067CF660BF
:109DD00068536261A5B2619F7261A9C65AFF000013
:109DE000E221A5E06E11EA66F06611CA666261A51D
:109DF0006207001B776261A86221A87261A9C2C6CE
:109E0000D0C7B8DB6221AC4657FF62A080461E0077
:109E10007221A90C06E221A8E0C6116A6CF0661155
:109E2000C2CED06A6CC221A9E207001BCCC261A9D4
:109E30007D0CE261A8C2CED0C7B8D9971E02864970
:109E4000FF2C0267A202868E0A0B260C14463EFFE8
:109E50000C86060D009221A962A06872090067971E
:109E60000A1B999261A962A2004607004C06060AE5
:109E7000006221A972060062A06C67970A8221A97C
:109E80001B888261A9C603001C068221A16088206C
:109E90008261A1C62CFF00002C069221A1609920AE
:109EA0009261A1C628FF522198BC8457A20DD022EE
:109EB00011A2C1102A2A220200860800C2C110B2D3
:109EC000A25CD2A250ED0CBA41F2DC01DADCC2A2F3
:109ED00060AD024901CACEBD03A558FF220A006247
:109EE000219F461F0032219F1B6357A30AD02211D6
:109EF00042C1102A24C6190082C11022D80272223F
:109F00001A1CF84B471C835728361B8582619842E0
:109F1000621A472306222219C60200007723042C66
:109F20004332621A22219C32219ED055113A2222BC
:109F3000C2FC280292C1105A5929052020744608F3
:109F40000042621A47230522221986020077230461
:109F50002C4332621A22219C32219E3A2222C2FCD8
:109F6000220200A2C11032DA0122438022DA020C5E
:109F7000033242560C020C1362619F3261A52261CA
:109F8000A66D023D025D020646079221A11C055006
:109F900099209261A15221A162219857E50286334E
:109FA00000BCB467A20ED0221162C1102A2638026A
:109FB0005812C6080082A25C92C1108A41D2A250F7
:109FC000C2A260BD034901F2D901ED09DAD9CAC9BB
:109FD000AD022549FF380A581A42219F06C20000E7
:109FE00032219F1B4367A30BD0221152C1102A2597
:109FF000C61C000082C11022D80232221A7C857B46
:10A00000335033101CF88B731C8567283A1B8682EB
:10A01000619872621A772507222219060300000050
:10A020003725042C8332621A22219C32219ED0666D
:10A03000113A2222C2F83802581292C1106A6939C4
:10A0400006591646A800000072621A7725052222DA
:10A05000198602003725042C8332621A22219C3291
:10A06000219E3A2222C2F838025812469E00000071
:10A070005221A147652616E41E67A20BD022116269
:10A08000C1102A26866C000082A25C92C1108A410F
:10A090004901F2D901D2A250ED09066D005221A169
:10A0A00067E502462F00BC6467A20DD0221162C191
:10A0B000102A26329200066A0082A25C92C1108A9F
:10A0C00041D2A250C2A260BD034901F2D901ED09FB
:10A0D000DAD9CAC9AD02E538FF329A0086600000BD
:10A0E00032219F1B4367A30AD0221152C1102A2597
:10A0F000061A0082C11022D80272221A1CF84B578D
:10A100001C836728371B8682619852621A5723077F
:10A1100022221906030000007723042C4332621A1E
:10A1200022219C32219ED066113A2222C2FC3802A2
:10A1300092C1106A693906803323C6690052621AD7
:10A140005723052222198602007723042C4332620A
:10A150001A22219C32219E3A2222C2FC329200868F
:10A16000600000005221A197E502C62F00BC846761
:10A17000A20DD0221162C1102A26320200860800E8
:10A1800082A25C92C1108A41D2A250C2A260BD03D9
:10A190004901F2D901ED09DAD9CAC9AD02652CFF2E
:10A1A000320A0042219F461F0032219F1B4367A3B2
:10A1B0000AD0221152C1102A25C6190082C11022CC
:10A1C000D80272221A1CF84B571C836728361B864C
:10A1D00082619852621A572306222219C602000091
:10A1E0007723042C4332621A22219C32219ED066AE
:10A1F000113A2222C2FC380292C1106A6939063033
:10A20000307446080052621A57230522221986022A
:10A21000007723042C4332621A22219C32219E3A79
:10A220002222C2FC320200003323C62D00BC746718
:10A23000A20DD02211A2C1102A2A380286080000DD
:10A24000B2A25CC2C110BA414901F2DC01D2A250F3
:10A25000ED0CC2A260BD03DADECACEAD026520FFFE
:10A26000380A42219F061F0032219F1B4367A30B20
:10A27000D0221152C1102A25C619000082C1102215
:10A28000D80272221A1CF84B571C836728351B868C
:10A2900082619852621A572306222219C6020000D0
:10A2A0007723042C4332621A22219C32219ED066ED
:10A2B000113A2222C2FC380292C1106A693906861C
:10A2C0000800000052621A57230522221986020054
:10A2D0007723042C4332621A22219C32219E3A2297
:10A2E00022C2FC3802305F3142619F962500867D94
:10A2F000093030600C120C04304293505060A2C1FF
:10A30000104055C02CD642DA0262445606DE0500E3
:10A31000006221A152219837665EBCE457A214D096
:10A32000221182C1102A28480258124261AA5261A1
:10A33000ABC64D0052A25C62C1105A41D2A250C2BB
:10A34000A2604901F2D601ED06DAD6CAC6BD03AD58
:10A35000022511FF880A981AC60B000092219F1B44
:10A360007957A90BD02211A2C1102A2AC63B00009E
:10A3700062C11022D602061B0016440457A214D054
:10A38000221152C1102A25880298128261AA926174
:10A39000ABC6350092A25CA2C1109A41D2A250C2B3
:10A3A000A260F2DA01ED0ADADACACABD03AD0249E7
:10A3B00001250BFF280A381A2261AA3261AB862ACE
:10A3C0000032219F1B7357A316D0221142C1102ABD
:10A3D00024880298128261AA9261AB862200000052
:10A3E00092C11022D90232221A7C847B334033106E
:10A3F0001CF88B631C845728461B85826198626217
:10A400001A67240722221906030000003724042CAF
:10A410008332621A22219C32219ED055113A222287
:10A42000C2F8981288029261AB8261AA2221AA32F4
:10A4300021AB92C1105A5929053915860A0000002E
:10A4400062621A6724052222198602003724042C2E
:10A450008332621A22219C32219E3A2222C2F8487B
:10A460000258124261AA5261AB72619F41799762B0
:10A4700021AB5221AA217797317897404610CD021F
:10A48000DD03AD05BD04817D97E00800EC8ACD02B7
:10A49000DD03AD05BD04817A97E00800A61A18C156
:10A4A000E596D1E496A221AAB221AB817797E00884
:10A4B00000D64A0286050000C221AAD221ABAD0C0B
:10A4C000BD0D816E97E00800164A08460E0082C155
:10A4D0001022D8022CD332425691829C3221A84CB1
:10A4E000729261A337A20541809C4261A35221A1CF
:10A4F00022AF7F2055100C060C385261A16261A674
:10A500008261A5C6E9050000215A979221AB970206
:10A510000AA2C11022DA022CD332425631749C4274
:10A5200021A84C723261A347A20581719C8261A36C
:10A530009221A122AF7F2099100C330C023261A529
:10A540009261A12261A66D023D025D0206D905005D
:10A550004221A822AFDF2074104C1227975052C11D
:10A560001032D5023C026221A122435452A078222B
:10A57000C49F5C8420458322A0022066208221A5FE
:10A580004243556261A122A06387A24CA221A4B2DA
:10A59000C80181279CE00800A261A3569A04922179
:10A5A000A24C0322190630222022590606B50822A1
:10A5B00021A526023B4221A50C132D0A402383200E
:10A5C00020748CB222C7B95D0A205383502074ECEA
:10A5D000920C066261A6060A0082A1908A81A2619D
:10A5E000A68261A3860600009221A39261A60604BA
:10A5F000000C62A261A62261A5460100A261A632FA
:10A6000061A53221A122A1002023202261B02221B4
:10A61000AB3221AAD602012116974221AB2CD520BC
:10A6200024305261B20601000C066261B24C14473C
:10A630001702065000C2A258CAC1AD03BD0265CDC3
:10A6400003C17C96D11A9C811697E00800C17996C7
:10A65000D179962D0AB03B20811B9CE00800CC3AB2
:10A660000C144261968221A852A06141229C571885
:10A670000241219C5221A59221A30B85C16E96D146
:10A680000C9CAD02BD038261B89261B9810597E06F
:10A6900008003D0BA02A20810397E00800A261A7D3
:10A6A000810297E00800CD0ADD0BAD0230B32081B6
:10A6B000FB96E00800E221A79221B9EA6462060055
:10A6C0001B596249008221B85261B42D0A3D0B6DBD
:10A6D0000826081CC15896D157960B888261B8523B
:10A6E00061B981F99BE008008221B89221B956AA8C
:10A6F000F8C15096D1D596AD02BD0381E296E0082F
:10A7000000E61A18C14C96D1D096AD02BD0381ED7A
:10A710009BE00800560A042221A707623A52619082
:10A7200032040F3C058600005242002221900B2289
:10A730002261906202003716EE32C60152A0393013
:10A74000307457960232040A3242000606000000B6
:10A750004242001B224601002D055A663C0422613C
:10A76000B42036C0D683FE3221B44221A34033C088
:10A770003261A7862D004C654221A50C3E57170873
:10A780004C550C2E5797011B4462A24060518082A9
:10A79000A25052610292A2588051805911A221A464
:10A7A0009A515901FD04CD03DD02254E02A261A399
:10A7B0004C755797165221A107E51022219082214E
:10A7C000A38022C02261A786180000009221A34C1A
:10A7D000664A5967972662090062C6D0DC86C115B1
:10A7E00096D11496AD03BD0281B89BE008008C6A37
:10A7F0000C164046C04261964221964A55C10D96BC
:10A80000D10D96AD03BD0281AF9BE00800CCFA529A
:10A8100061908602001B4242619032420046000075
:10A820003C032221905732ECC6E3FF00004C732218
:10A8300021963797237CD33722113221A527230B6A
:10A840004221A747A202C65B004655005221A852EA
:10A85000C5FE5261A8060200004C6337970286408D
:10A86000006221A80B3252AFDF50561060407432A4
:10A8700061964C16679504FB4440407482C1106297
:10A88000D8024246372CB4D663000C132033C02CB8
:10A89000D492C11062D9024246380C9237A260228B
:10A8A000A2372A29815F9672A063C600002D063D5B
:10A8B000048043B2305F314042215044C0E0541123
:10A8C0004A55F055115053C00B6252C530524600E4
:10A8D0003727D9A2C11022C2FE42C43032A2395257
:10A8E000A2374242003A3A5A5A4602004202001B3C
:10A8F000224243001B334D035732F086080000000C
:10A9000042A237B2C1104A2B4C172B227715093CB3
:10A91000022246394A2B22C20332C3301B42324242
:10A920000022A2472A213221A72024C02261B73A5F
:10A93000222261A5E623054221A107640A5221A52E
:10A940006221AF6A555261A58221A122ABFF202866
:10A950001032A1003032203261B00C035D032D03B0
:10A96000463800009221A14221A5903004403320B6
:10A97000A612151653065221AF62A0665A323A4407
:10A980004261A56261A8861A0016C3058221AF92B2
:10A9900021A51B383A9932A0669261A53261A8467A
:10A9A000140042A0676221AF5221A12261A5426139
:10A9B000A86A6207E51D860E009221A73221AF42E8
:10A9C000A0673099809261A54261A8E612252069AE
:10A9D000C062C6016261A5460600000052A0662260
:10A9E00061A55261A8C602000062A0660C186261EF
:10A9F000A88261A59221A152A4005059100C0337DE
:10AA000015425D03E61221860E00000027A4258270
:10AA100021AD4022C04208018C841B881B558261F5
:10AA2000ADC601001B3386000062A0FF9221AD423B
:10AA300009006794D66221B13A458221A56044821B
:10AA40008A848261A59221B06221B29261A1CC1662
:10AA5000069804A2C1102CD642DA026244560C06B3
:10AA60000694046221A152219857E602063100BCE7
:10AA70006457A20CD0221182C1102A28280246084D
:10AA80000092A25CA2C1109A41D2A250C2A260F26E
:10AA9000DA01ED0ADADACACA4901AD02BD03659CE2
:10AAA000FE280A62219FC61E0032219F1B6357A306
:10AAB0000AD0221142C1102A2486190082C1102214
:10AAC000D80272221A1CF84B471C835728331B8567
:10AAD00082619842621A472306222219C6020000A8
:10AAE0007723042C4332621A22219C32219ED055B6
:10AAF000113A2222C2FC280292C1105A5929058615
:10AB0000080042621A4723072222190603000000A8
:10AB10007723042C4332621A22219C32219E3A224E
:10AB200022C2FC28023221AE39024D03303F3139B6
:10AB30001246B7006221A147E602862000AC3457D6
:10AB4000A20AD0221182C1102A2846850092A25C56
:10AB5000A2C1109A414901F2DA01D2A250ED0AC60F
:10AB60008500000032219F1B6357A30BD0221142A6
:10AB7000C1102A24C6A4000082C11022D802722269
:10AB80001A1CF84B471C8357A8028697001B858226
:10AB9000619842621A472307222219060300000027
:10ABA0007723042C4332621A22219C32219ED055F5
:10ABB000113A2222C2FC92C11028025A5906890079
:10ABC0006221A167E602863000BC7457A20DD02234
:10ABD0001182C1102A2828028608000092A25CA2D5
:10ABE000C1109A41D2A250C2A260F2DA01ED0ADA93
:10ABF000DACACA4901AD02BD03A586FE280A622150
:10AC00009F061F0032219F1B6357A30BD0221142C6
:10AC1000C1102A24C619000082C11022D802722253
:10AC20001A1CF84B471C835728351B8582619842B4
:10AC3000621A472305222219C6020077230532A093
:10AC40002432621A22219C32219ED055113A2222AE
:10AC5000C2FC280292C1105A59290586080000003A
:10AC600042621A4723052222198602007723042C08
:10AC70004332621A22219C32219E3A2222C2FC28AF
:10AC8000023221AE325200C6610000006221A1975B
:10AC9000E602063000BC7457A20DD0221182C1100A
:10ACA0002A2828028608000092A25CA2C1109A41BC
:10ACB000D2A250C2A260F2DA01ED0ADADACACA49B7
:10ACC00001AD02BD03E579FE280A62219F061F003F
:10ACD00032219F1B6357A30BD0221142C1102A249B
:10ACE000C619000082C11022D80272221A1CF84B29
:10ACF000471C835728351B8582619842621A472377
:10AD000006222219C60200007723042C4332621A5D
:10AD100022219C32219ED055113A2222C2FC2802C7
:10AD200092C1105A592905860800000042621A474C
:10AD300023052222198602007723042C4332621A4B
:10AD400022219C32219E3A2222C2FC28023221AECC
:10AD5000324200C62E00BC6457A20CD0221142C160
:10AD6000102A24280246080052A25C62C1105A41EF
:10AD70004901F2D601D2A250ED06C2A260AD02DABC
:10AD8000DECACEBD03E56DFE280A62219F061F00C4
:10AD900082219F1B6857A80BD0221192C1102A292B
:10ADA000C6190000A2C11022DA0272221A1CF84B46
:10ADB000471C835728351B8582619842621A4723B6
:10ADC00006222219C60200007723042C4332621A9D
:10ADD00022219C32219ED055113A2222C2FCB2C1BE
:10ADE0001028025A5B2905860800000042621A47B3
:10ADF00023052222198602007723042C4332621A8B
:10AE000022219C32219E3A2222C2FC28023221AE0B
:10AE1000390262619FC622FB6221A11C0550662097
:10AE20006261A18221A162219857E802063400BC28
:10AE3000D467A20FD0221192C1102A2938025812C9
:10AE400006090000A2A25CB2C110AA41D2A250C25F
:10AE5000A260F2DB01ED0BDADBCACB4901BD03AD29
:10AE6000022560FE380A581A42219F06C1000000E0
:10AE700032219F1B4367A30BD0221152C1102A25F8
:10AE8000C61C000082C11022D80232221A7C857BA7
:10AE9000335033101CF88B731C856728381B86824F
:10AEA000619872621A7725072222190603000000B2
:10AEB0003725042C8332621A22219C32219ED066CF
:10AEC000113A2222C2F83802581292C1106A693926
:10AED00006591606A70072621A772507222219065C
:10AEE000030000003725042C8332621A22219C3291
:10AEF000219E3A2222C2F838025812069D00000014
:10AF00005221A147652616A41E67A20BD02211620A
:10AF1000C1102A26C66B000082A25C92C1108A4131
:10AF20004901F2D901D2A250ED09066C005221A1CB
:10AF300067E502C62E00BC6467A20DD0221162C173
:10AF4000102A2632120006690082A25C92C1108A81
:10AF500041D2A250C2A260BD034901F2D901ED095C
:10AF6000DAD9CAC9AD02E54FFE321A00865F000089
:10AF700032219F1B4367A30BD0221152C1102A25F7
:10AF8000061A000082C11022D80272221A1CF84B45
:10AF9000571C836728361B8682619852621A572392
:10AFA00006222219C60200007723042C4332621ABB
:10AFB00022219C32219ED066113A2222C2FC380204
:10AFC00092C1106A6939063030F4C6680052621ABC
:10AFD0005723052222198602007723042C4332626C
:10AFE0001A22219C32219E3A2222C2FC3212008671
:10AFF0005F005221A197E502862F00BC9467A20F43
:10B00000D0221162C1102A26320200C63700000089
:10B0100082A25C92C1108A41D2A250C2A260BD033A
:10B020004901F2D901ED09DAD9CAC9AD026543FE79
:10B03000320A00C62D00000032219F1B4367A30B7C
:10B04000D0221152C1102A25061A000082C11022F6
:10B05000D80272221A1CF84B571C836728361B86AD
:10B0600082619852621A572306222219C6020000F2
:10B070007723042C4332621A22219C32219ED0660F
:10B08000113A2222C2FC380292C1106A6939063094
:10B090003074C6360052621A5723052222198602DE
:10B0A000007723042C4332621A22219C32219E3ADB
:10B0B0002222C2FC320200862D00BC6467A20CD0A2
:10B0C0002211A2C1102A2A3802460800B2A25CC28C
:10B0D000C110BA414901F2DC01D2A250ED0CC2A26A
:10B0E00060BD03DADECACEAD02A537FE380A4221C2
:10B0F0009F061F0032219F1B4367A30BD0221152D2
:10B10000C1102A25C619000082C11022D80272225D
:10B110001A1CF84B571C836728351B86826198528E
:10B12000621A572305222219C6020077230532A08E
:10B130002432621A22219C32219ED066113A2222A8
:10B14000C2FC380292C1106A693906860800000004
:10B1500052621A5723052222198602007723042CF3
:10B160004332621A22219C32219E3A2222C2FC38AA
:10B17000020C056221A122ABFF2066106261A10CC6
:10B1800002463D02522198BC6457A20CD022118283
:10B19000C1102A28380246080092A25CA2C1109A67
:10B1A00041D2A250C2A260F2DA01ED0ADADACACACA
:10B1B000BD034901AD02E52AFE380A42219FC61EA1
:10B1C0000032219F1B4357A30AD0221152C1102ADB
:10B1D0002586190062C11022D60272221A1CF84B71
:10B1E000671C835728351B8582619862621A672322
:10B1F00006222219C60200007723042C4332621A69
:10B2000022219C32219ED055113A2222C2FC3802C2
:10B2100082C1105A583905860800000062621A6718
:10B2200023052222198602007723042C4332621A56
:10B2300022219C32219E3A2222C2FC3802A2C11055
:10B2400062DA023C079221A172465472A0780C2265
:10B2500072465561289920992082A0780C05926148
:10B26000A16261B58261A8C60302522198BCB4579D
:10B27000A20FD0221192C1102A2928022261A346CE
:10B280002B00A2A25CB2C110AA41D2A250C2A260FD
:10B29000F2DB01ED0BDADBCACB4901BD03AD026580
:10B2A0001CFEA80AA261A3462100000032219F1BB8
:10B2B0006357A30BD0221142C1102A24061A0000A2
:10B2C00082C11022D80272221A1CF84B471C8357E5
:10B2D00028361B8582619842621A4723062222196A
:10B2E000C60200007723042C4332621A22219C32CA
:10B2F000219ED055113A2222C2FC280292C1105A36
:10B30000592261A32905C6080042621A4723052273
:10B3100022198602007723042C4332621A22219CD0
:10B3200032219E3A2222C2FC28022261A362619F3E
:10B33000A2C11022DA020C033242562221A52602B3
:10B340002FA221A320C220B2A00081C698E008004D
:10B35000A261A66221A6CC1A8654023221A30C0453
:10B36000303AC03261A54261A66D04C64F020000AA
:10B3700000A221A30C0581B193E00800A261A552AF
:10B3800061A66D053D05064A026221A11C055066B5
:10B39000206261A18221A162219857E802C6320091
:10B3A000BCC467A20ED0221192C1102A29380258BB
:10B3B00012C60800A2A25CB2C110AA41D2A250C219
:10B3C000A260F2DB01ED0BDADBCACB4901BD03ADB4
:10B3D000022509FE380A581A42219F869100000072
:10B3E00032219F1B4367A30BD0221152C1102A2583
:10B3F000C61B000082C11022D80232221A7C857B33
:10B40000335033101CF88B731C856728361B8682DB
:10B41000619872621A772505222219860200372563
:10B42000042C8332621A22219C32219ED066113A6A
:10B430002222C2F83802581292C1106A693906599C
:10B440001606780072621A772505222219860200F4
:10B450003725042C8332621A22219C32219E3A2203
:10B4600022C2F838025812866E0000005221A1470D
:10B47000652616E41E67A20BD0221162C1102A268F
:10B48000C66C000082A25C92C1108A414901F2D9C7
:10B4900001D2A250ED09066D005221A167E50246D6
:10B4A0002F00BC6467A20DD0221162C1102A26327F
:10B4B0001200066A0082A25C92C1108A41D2A25098
:10B4C000C2A260BD034901F2D901ED09DAD9CAC9A6
:10B4D000AD0225F9FD321A008660000032219F1B63
:10B4E0004367A30BD0221152C1102A25061A00006F
:10B4F00082C11022D80272221A1CF84B571C836793
:10B5000028361B8682619852621A57230622221916
:10B51000C60200007723042C4332621A22219C3297
:10B52000219ED066113A2222C2FC380292C1106AD2
:10B530006939063030F4463A0052621A5723052220
:10B5400022198602007723042C4332621A22219C9E
:10B5500032219E3A2222C2FC321200063100000043
:10B560005221A197E502063000BC7467A20DD022DB
:10B570001162C1102A2632020046380082A25C9273
:10B58000C1108A41D2A250C2A260BD034901F2D9C2
:10B5900001ED09DAD9CAC9AD02A5ECFD320A00C62F
:10B5A0002E00000032219F1B4367A30BD0221152B3
:10B5B000C1102A25061A000082C11022D802722268
:10B5C0001A1CF84B571C836728361B8682619852D9
:10B5D000621A572306222219C60200007723042C80
:10B5E0004332621A22219C32219ED066113A2222D5
:10B5F000C2FC380292C1106A6939063030744608BC
:10B600000052621A5723052222198602007723046A
:10B610002C4332621A22219C32219E3A2222C2FC01
:10B620003202000C050C12C61301BC6467A20CD0D8
:10B630002211A2C1102A2A3802460800B2A25CC216
:10B64000C110BA414901F2DC01D2A250ED0CC2A2F4
:10B6500060BD03DADECACEAD02A5E0FD380A4221A4
:10B660009F86EFFF32219F1B4367A30AD02211520E
:10B67000C1102A25C6190082C11022D80272221ACE
:10B680001CF84B571C836728361B868261985262D0
:10B690001A57230722221906030000007723042CDF
:10B6A0004332621A22219C32219ED066113A222214
:10B6B000C2FC380292C1106A69390606D9FF00003F
:10B6C00052621A5723052222198602007723042C7E
:10B6D0004332621A22219C32219E3A2222C2FC3835
:10B6E0000286CFFF005104985261B5460100610106
:10B6F000986261B58221A162219857E802C63300A1
:10B70000BCC467A20ED0221192C1102A2938025857
:10B7100012C60800A2A25CB2C110AA41D2A250C2B5
:10B72000A260F2DB01ED0BDADBCACB4901BD03AD50
:10B730000225D3FD380A581A42219F06C100000095
:10B7400032219F1B4367A30BD0221152C1102A251F
:10B75000C61C000082C11022D80232221A7C857BCE
:10B76000335033101CF88B731C8567283A1B868274
:10B77000619872621A7725072222190603000000D9
:10B780003725042C8332621A22219C32219ED066F6
:10B79000113A2222C2F83802581292C1106A69394D
:10B7A00006591606A700000072621A7725052222A4
:10B7B000198602003725042C8332621A22219C321A
:10B7C000219E3A2222C2F838025812069D0000003B
:10B7D0005221A147652616A41E67A20BD022116232
:10B7E000C1102A26C66B000082A25C92C1108A4159
:10B7F0004901F2D901D2A250ED09066C005221A1F3
:10B8000067E502462F00BC6467A20DD0221162C119
:10B81000102A2632120006690082A25C92C1108AA8
:10B8200041D2A250C2A260BD034901F2D901ED0983
:10B83000DAD9CAC9AD02E5C2FD321A00865F00003E
:10B8400032219F1B4367A30BD0221152C1102A251E
:10B85000061A000082C11022D80272221A1CF84B6C
:10B86000571C836728361B8682619852621A5723B9
:10B8700006222219C60200007723042C4332621AE2
:10B8800022219C32219ED066113A2222C2FC38022B
:10B8900092C1106A6939063030F4C6680052621AE3
:10B8A0005723052222198602007723042C43326293
:10B8B0001A22219C32219E3A2222C2FC3212008698
:10B8C0005F0000005221A197E502062F00BC7467BB
:10B8D000A20DD0221162C1102A2632020046370082
:10B8E00082A25C92C1108A41D2A250C2A260BD0362
:10B8F0004901F2D901ED09DAD9CAC9AD0265B6FD2F
:10B90000320A00C62D00000032219F1B4367A30BA3
:10B91000D0221152C1102A25061A000082C110221D
:10B92000D80272221A1CF84B571C836728361B86D4
:10B9300082619852621A572306222219C602000019
:10B940007723042C4332621A22219C32219ED06636
:10B95000113A2222C2FC380292C1106A69390630BB
:10B960003074C6360052621A572305222219860205
:10B97000007723042C4332621A22219C32219E3A02
:10B980002222C2FC320200862D00BC6467A20CD0C9
:10B990002211A2C1102A2A3802460800B2A25CC2B3
:10B9A000C110BA414901F2DC01D2A250ED0CC2A291
:10B9B00060BD03DADECACEAD02A5AAFD380A422177
:10B9C0009F061F0032219F1B4367A30BD0221152F9
:10B9D000C1102A25C619000082C11022D802722285
:10B9E0001A1CF84B571C836728331B8682619852B8
:10B9F000621A572306222219C60200007723042C5C
:10BA00004332621A22219C32219ED066113A2222B0
:10BA1000C2FC380292C1106A693906860800526277
:10BA20001A57230722221906030000007723042C4B
:10BA30004332621A22219C32219E3A2222C2FC38D1
:10BA4000020C055023201622022221A107621C624B
:10BA5000C1108221A822D6029221A13C0662425442
:10BA600082425522A0022099209261A16221A12246
:10BA7000ABFF2066106261A10C2282C11062D80265
:10BA80000C0772465642619F9221A5260926722113
:10BA9000A16221A142AF7F4066106261A1504320A4
:10BAA0000C160C08408693804074CC748221A580CB
:10BAB000469316641626125B92A1901A9942C964A5
:10BAC0006622080648000000004221A30B242261E0
:10BAD000A33065013020248221A330334122C230BB
:10BAE0003036205053412248005063205696FD22A4
:10BAF000C2D00C1320639360207416E2159221A12A
:10BB000007E90246550042C4FE3C0222440042615D
:10BB1000A3C65100DC850C92373214A2C11022DA80
:10BB20000132C33042A1E33242E34A2AC645000053
:10BB30000C046221A14261A722A40042A1F44A415F
:10BB400020261006020000004221A33D0A5D0BC121
:10BB5000D996D138910B44AD03BD054261A381DB79
:10BB600096E008008221A7A2CA301B88A244008266
:10BB700061A71632059221AD0C18720900567500A6
:10BB800042A0093734018D0542AF014A470C0692A5
:10BB9000A0014096838709304221A747972A822136
:10BBA000A39221B1B221B69088C0AD0890C920827D
:10BBB00061A3814193E008008221AD6261A7420840
:10BBC000016714041B888261ADC1BA96D11A91AD88
:10BBD00003BD0581C091E0080056B5F60C9437B45A
:10BBE00002C6D8FF061D0092C9649261A32221A358
:10BBF0004221B50B222261A33020342A24220200E4
:10BC00008221A330344122480040250130322050A7
:10BC100054415023205642FD0610000032A180EC12
:10BC2000A2A2C1103A4A70900442C4649261A54233
:10BC300061A3AC692261A522A19042DA013C051AF8
:10BC4000225244E322C2632261A386030032A19000
:10BC500010338032C3644261A53261A322A1F44251
:10BC600021A32A210C054022C06221A55261A622EF
:10BC700061A53D05860E00006221A8CC16C6F30220
:10BC800082C11022D8016242800C0322D8020C0922
:10BC90003242560C122261A59261A66D093D095DE2
:10BCA000092D0982A1908A818261A34601003D0687
:10BCB0005D062D059221A5A2C11042DA029096538D
:10BCC0004204569261B08C341B999261B08221A1DA
:10BCD0000C244048104261B21684009221B092C9EF
:10BCE000029261B08221A142A0844048104261B416
:10BCF0005654099221ACE221B0E049C01C09E61477
:10BD00003C062100D221A0B2CB10C26D00926D0181
:10BD1000B9B879A8A68720C2A234B221A2A221A4D0
:10BD20001ACC9261B9A509059221B98C1AC6D00224
:10BD3000A2A1E4E2C110AAAE42C4F0A261A0A2C1D5
:10BD40001082DA02C221A078A88BACB8B81B77C1E8
:10BD50006C964729AE9221A079A84919BA44C9091D
:10BD600049B8A261A0A68720A2C110C2A224CACA53
:10BD7000B221A2A221A4A504058C1A46BD0242A1AB
:10BD8000E482C1104A888261A092C11042D9027235
:10BD900004561677049221A0A2A26672218FAA816E
:10BDA00089090C188A7779B478A489198A7779A4D3
:10BDB000E687088B999261A046080000A2C110C2D4
:10BDC000A224C0CA80B221A2A221A465FF04162A1F
:10BDD00000C6A70282A1F48081808261A09221B274
:10BDE0001619059221A0B2A26442218FBA81890955
:10BDF0000C288A4442618F42218EA2C1101B4489C3
:10BE00001942618E72DA02E684098B999261A086EA
:10BE100008000000A2C110C2A224C0CA80B221A2A0
:10BE2000A221A4E5F904162A00C6910282A1F48099
:10BE300081808261A09221B426E9028625009221A8
:10BE4000B08221AC9048C01C09E6143D4621000098
:10BE5000D221A0B2CB10C26D00926D01B9B879A801
:10BE6000A68720C2A234B221A2A221A41ACC926138
:10BE7000B9E5F4049221B98C1AC67D02A2A1E4E2CC
:10BE8000C110AAAE42C4F0A261A0A2C11082DA021F
:10BE9000C221A078A88BACB8B81B77C11A964729E5
:10BEA000AE9221A079A84919BA44C90949B8A2613A
:10BEB000A0A68720A2C110C2A224CACAB221A2A2EF
:10BEC00021A4E5EF048C1A466A0242A1E482C11063
:10BED0004A888261A09221A51C089066C0E6163BA4
:10BEE00006200000C221A0A2CA10B90C891CA9B763
:10BEF00049A7A68420C2A234B221A2A221A41ACCAE
:10BF00008261B8E5EB048221B88C1A46590292A1ED
:10BF1000E4D2C1109A9D62C6F09261A0E2C1107293
:10BF2000DE02B221A048A78B9BA8B71B44B1F595B0
:10BF30006728B08221A049A76918AA66B90869B71D
:10BF40009261A0A6841DC2A224B221A2A221A4CAE9
:10BF5000CEE5E6048C1A86460242A1E492C1104A5C
:10BF6000999261A0A2C1104221A172DA0268B7873A
:10BF7000E4429221A528A75221A08221A36A691B2D
:10BF8000228905991569B729A7E682078B55526161
:10BF9000A006F301A2C110C2A224C0CA80B221A28D
:10BFA000A221A4E5E104162A00C6310232A1F43030
:10BFB0003180467A018221A842A065872402C67892
:10BFC00001C11C90D11C90A221AAB221AB81BD95C8
:10BFD000E0080056DA0F21CC959221A029090C1215
:10BFE0002A66291928A769B71B2229A7E682098B87
:10BFF000999261A08608000000A2C110C2A224C0CC
:10C00000CA80B221A2A221A465DB04162A008618E8
:10C010000232A1F43031803261A02221964221A760
:10C020004722085221A107E50206CD019221AF2245
:10C03000218F6221A09A2222618F22218E8221B338
:10C040001B228906991622618EE682078B66626141
:10C05000A0060800B2C110C2A224C0CB80A221A4B5
:10C06000B221A2E5D504162A00C6010232A1F4309D
:10C0700031803261A04221A71C050B24E6123486D0
:10C08000B701000072C71052690172640B32640A72
:10C09000A6831AC2A234B221A2A221A41ACC25D20C
:10C0A000048C1A46F30162A1E4A2C1106A6A22C29A
:10C0B000F06261A08221A0B2C11042DB028B6892C3
:10C0C00021A081909538A4890978B41B332725B322
:10C0D00046280100422196A61402C64900218A95ED
:10C0E0004221A029040C122A66291428A769B71B2B
:10C0F0002229A7E682078B444261A0460700C2A21C
:10C100002452C110B221A2A221A4C0C58025CB0413
:10C11000560A7662A1F46061806261A02221969243
:10C1200021A76221A120292060500482C110502241
:10C130002032D80242218F1662622221AF8221A0D2
:10C1400020522029184A2229B328A39221B31B2266
:10C15000990829A3E682048B28860600C2A22462DD
:10C16000C110B221A2A221A4C0C68065C504562A6E
:10C170007082A1F4802180322196D6E306303060AF
:10C180002072201C05460A0082C810591789B6493A
:10C19000A6A68418C2A234B221A2A221A41ACC2538
:10C1A000C20456EA6C22A1E492C1102A2932C3F0DB
:10C1B0007D02A2C11062DA0291539548A6990788C0
:10C1C000B61B448B223725BF39178A3339B649A6A7
:10C1D000A68418C2A224CACAB221A2A221A425BE42
:10C1E0000456FA6822A1E4B2C1102A2B3221A342DC
:10C1F00021A752C1103902491232218F42D5026261
:10C2000021A78649018221A7804243A6143A6A6485
:10C2100069B768A79221A08221A31B6689094919E1
:10C2200069A7E686078B999261A0C60600C2A22480
:10C2300092C110B221A2A221A4CAC965B804562A8B
:10C240006382A1F48A818261A00C0660445340425B
:10C25000C01C08E6143B861F00000000C221A0A2FB
:10C26000CA10B90C891CA9B769A7A6861EC2A23438
:10C27000B221A2A221A41ACC8261B865B4048221A1
:10C28000B856FA5E92A1E4D2C1109A9D42C4F092CF
:10C2900061A0E2C11072DE02B221A068A78B9BA848
:10C2A000B71B66B118954728B28221A069A7491823
:10C2B000AA44B90849B79261A0A6861BC2A224B2BB
:10C2C00021A2A221A4CACEA5AF04566A5A42A1E473
:10C2D00092C1104A999261A04221A36221A12A240D
:10C2E00042A1E4A76602865300065A008C430B3332
:10C2F000860200008221AD0B550B888261AD922130
:10C30000A06221B68221B1690962218F89198A66EA
:10C3100062618F62218E92C1101B6662618E72D93A
:10C3200002E6860B6221A08B666261A0C606000051
:10C33000C2A234B221A2A221A410CC8025A8045606
:10C340001A5382C1104088808261A09221A3822169
:10C35000A78069809221AD2066C0720900606743A2
:10C36000A6163D72218F9221A07A7672618F72217A
:10C370008E29091B77691972618EE687078B99925E
:10C3800061A0C60600C2A234B221A2A221A41ACC86
:10C39000101120E5A20456AA4D82C1104A8882617C
:10C3A000A09221AD0C077066537209001C096067EA
:10C3B000C0E61638061E0000D221A0A2CA10C26D27
:10C3C00000926D01A9B879A8A6871BC2A234B22138
:10C3D000A2A221A41ACC9261B9659E049221B956F9
:10C3E0001A49E2C1104ABE62C6F0B261A0A2C110F1
:10C3F00082DA02C221A078A88BBCA8B81B77C1C181
:10C40000946729B39221A079A86919AA66C9096914
:10C41000B8B261A0A68718C2A234B221A2A221A4F8
:10C420001ACCE5990456BA4462C1104A666261A00A
:10C430008221AD6208006A22506F315066C096A614
:10C44000EA306F313066C09616EA9221A34221A7E6
:10C450004A393022633221965221A757230562219F
:10C46000A107664E8221A03221AF6221AF39183276
:10C47000218F9221B36A3332618F32218E52C110E3
:10C480001B33990832618E42D502E683078B88827E
:10C4900061A0460700C2A22482C110B221A2A2213B
:10C4A000A4C0C880A59104569A3C92A1F4909180B2
:10C4B0009261A04221A35221A75034802043C03270
:10C4C00021963035C0403343A6134552218F822137
:10C4D000A062C11029085A2322618F22218E3918A7
:10C4E0001B2222618E42D602E682098B888261A0DD
:10C4F0004607000000C2A22492C110B221A2A221CC
:10C50000A4CAC9E58B0456AA3642A1F44A41426145
:10C51000A00C022033535221A72221962025C0309F
:10C5200022C01C05E61231868D0000000072C71083
:10C53000591979B439A4A68319C2A234B221A2A28E
:10C5400021A41ACCA58704569A3262A1E4A2C11094
:10C55000606A8022C2F06261A08221A0B2C1104252
:10C56000DB028B689221A081679438A4890978B492
:10C570001B332725B729197A2229B439A46261A06F
:10C58000E68302867600C2A224CACBA221A4B221ED
:10C59000A2E5820456CA2D22A1E432C1102A333208
:10C5A00061A0C66E004221A038A75221A78B241B90
:10C5B000661B330C14E625088221A107E802864D8C
:10C5C000009221A08221A34919890962618F92C139
:10C5D0001032618E42D902A68315C2A224B221A2D2
:10C5E000A221A4CAC9A57D04568A28A2A1F4AA2121
:10C5F0003221B36221AF390232218F4221AF6A3337
:10C6000032618F32218E49121B3352C11032618E3A
:10C6100042D5028B22A68318C2A22482C110B22165
:10C62000A2A221A4CAC8A57904567A2492A1F49A98
:10C63000214221A7C1808ED17F8EA221AAB221AB37
:10C6400032C4FF812194E00800167A0452C11072AE
:10C65000D50252218F62270A8221A39221A752C5B7
:10C66000FF1B661B489A554902391259B769A78BB7
:10C6700022E68602062700C2A224A2C110CACAB2BC
:10C6800021A2A221A4A57304568A1E22A1F42A2164
:10C69000062000001C06E6132FC61D0082C810628B
:10C6A000620182650B42650AA68418C2A234B221D7
:10C6B000A2A221A41ACCA57004567A1B72A1E4B2DE
:10C6C000C1107A7B32C3F02D07C2C11052DC029137
:10C6D0000D9448A5990288B51B448B723726BC3946
:10C6E000128A3339B549A52D07A68427C2A224D2C0
:10C6F000C110CACDC6E1FF005221A08221A3491575
:10C70000890569B739A7A6830AC2A22492C110CAB3
:10C71000C986DAFFA2A247AA3139023221B752C133
:10C720001039126221B732218F42D5026A33326149
:10C730008F32218E1B3332618EE683088B22226179
:10C74000A006070000C2A22482C110B221A2A22129
:10C75000A4CAC8E5660456AA1192A1F49A919261FE
:10C76000A02221A127E21C3221AC4221B05221AEED
:10C770004023532A5522218F5261AE16B2088627D4
:10C78000000000006221AC8221B01C048026C0E6BB
:10C79000123A46F4FF9221A062C61079094919693C
:10C7A000B539A5E683078B999261A0C60600C2A29F
:10C7B00034B221A2A221A41ACC656004564A0B32DD
:10C7C000A1E452C1103A555261A022C2F062C110D8
:10C7D00052D60238A568B51B3371C9932724B58298
:10C7E00021A039A529186A22790829B5E68302060D
:10C7F000DDFFC2A22492C110B221A2A221A4C0C90D
:10C8000080E55B0416FAF5461A000C0332618E329D
:10C8100021A6EC2342A1F44A414261A006A1F40002
:10C82000C2A22452C110B221A2A221A4CAC5255974
:10C8300004165AFD060F0000B221A6A221A462A18F
:10C84000F46A61817193E008006261A00695F400CA
:10C8500022218FCC620C0332618E860900C2A22491
:10C8600092C110B221A2A221A4CAC9655504163AE8
:10C87000FEC603002221A68C92A221A4BD028162E1
:10C8800093E008003221A222231907E20E221306A8
:10C8900097E208A22316815B93E00800B2A254A29B
:10C8A0002195BAB125BD068221A29221AE22180699
:10C8B0007CF32026042093939261AE860E00000044
:10C8C0000062219F82219F1BA662219867A80246D1
:10C8D000DDF486DEF492219F6221981BB967A902DC
:10C8E000861FF5C620F500004221A57221A10C1279
:10C8F0002604028666FC8686FC2221AE1DF000001E
:10C9000036610049015911626102813993E00800E2
:10C91000D801E811F821BD02CD03A500FD2D0A1DA7
:10C92000F00000003641028213067CD99088108204
:10C93000514682231952613C8261398213070C09E6
:10C94000825147888392612682612888A362613D73
:10C9500082612A82A0801A58A2C55882612282610F
:10C960002572613E126120126124813493E0080037
:10C97000D2213CE2213DF2213EB2A080CD041ABB7F
:10C98000AD0225FAFC4D0A96EA00B2A080AD021A6B
:10C99000BB2565F87CF2A042932211464C08870221
:10C9A00008221306802220225306A221362D04815C
:10C9B0001793E008001DF000366100390149115954
:10C9C00021810B93E008003D0A8C5A886ACC182517
:10C9D0007DF8D22100E22101F22102B823CD02AD7F
:10C9E0000325F4FC2D0A1DF03661004261005261FE
:10C9F000016261028C828862564800AD02257AF895
:10CA0000B22202D22100E22101F821CD03AD02655C
:10CA1000F1FC2D0A1DF00000362101CD05D6B40031
:10CA200032A08B39027CFAC60F00000082A2088275
:10CA30005106390139410C088714010B84D2212495
:10CA4000E22125F2212632AFFF10B12020A2208959
:10CA5000218951325107A5B2F9E60A0432A08B3977
:10CA6000028C5428010C033242002D0A1DF00000F4
:10CA70003681005941695172610681DD92E00800FA
:10CA80008841BD0289018851DD0489118861CD0387
:10CA9000892165F8FF2D0A1DF00000003641008154
:10CAA000D492E00800A04A20168A00822A0656285E
:10CAB00000E56EF881D092879305381406050000D2
:10CAC00081CE9287930538240602000081CC92879C
:10CAD000930138348213068048238080F437E8437A
:10CAE00047E8080C9889020621000000276829B849
:10CAF000D39C0B42C344471B07AD0281C392E0089D
:10CB0000000C0449D342130682AFDB804410425329
:10CB1000060C044913484349034213060C88804419
:10CB20002042530642230456640142130682A28027
:10CB300080441082A20087140730B320AD02A50004
:10CB4000F92213062040048CD40C022923285320F8
:10CB500020602963C601000017E2014853492348B9
:10CB6000430C022794128213068048237768094CED
:10CB7000022044204253067CF21DF0003661005D25
:10CB800002484328420C0C47A202063E000B44E038
:10CB90009411D2C3149A2D72C5149A978802A809C9
:10CBA0001B88806AC2873A6DED07FD0C880D4BDD4E
:10CBB00080B0F460BB828080F5CABB608882B0A080
:10CBC000F5AA88A80EB0B0F4A0A0F4FAFAB0AFC0ED
:10CBD000F80E80C0F5F0B0F58080F4808BC0A0B076
:10CBE00031BA8880F031A0A0F4008811A0A820A953
:10CBF0000E4BEED7B2B588098C48060600000B44F0
:10CC000092C9FC973705494586020000880916C875
:10CC1000FE46FCFF000030B32050A520653201968F
:10CC20001A0662C601B2C51432C3140C0C980BD894
:10CC30000390A0F4D080F4CAAA80AAC0D0D0F59006
:10CC400080F5D088C0A090319A8880C031A0A0F42F
:10CC5000008811A08820890B4B334BBB37B2CDE045
:10CC600024112A2738028C630606000000000B44BA
:10CC700022C2FC273705494506020000380216C3C8
:10CC8000FE46FCFFCD062D0C1DF00000364101795B
:10CC90008138817D02326116389769E149415951E5
:10CCA000222129DCD31C0A81F18EE00800A997CC4F
:10CCB0009AD19B92CD0AB2A0EA06BE00391A392A4F
:10CCC000390A393A3897B8039C8B68130C1300164D
:10CCD000400033A1691B392B70A720E5DA00389793
:10CCE0000C066903D6E5000C13390221598D502238
:10CCF000102951C600000C0339023851218B9230A3
:10CD00004210279428422128218992684129044110
:10CD1000808E5D03304410604420CC1406F202067D
:10CD2000F602000000217C9282212A860C004841F4
:10CD30005851C1C08CD1BF8CAD04BD0542611252A7
:10CD40006113816092E00800DCCA5221286173926D
:10CD50000C1282212A290569B1CC1846EA022174F5
:10CD600092290846E8020000C22112D22113F2C122
:10CD70000410E12070A720653D01A9A13024A59CE5
:10CD8000D231638E922113616B92903310605320E5
:10CD900032AC013A220C03422112326118C6100053
:10CDA000481128012C052A2442A4324A42684140F5
:10CDB000A5C0001A4000A6A147A514404060A2C229
:10CDC000120014400043A1000A4060A091A0A420DA
:10CDD00081328DE008003158920C184D0ABA530B7D
:10CDE00022826118C1948CD15592AD04BD05812B6E
:10CDF0008DE00800C15392D1539281298DE0080043
:10CE0000C15292D1529281228DE008004D0AAD02AA
:10CE10005D0B81258DE00800C14E92D14E9281209C
:10CE20008DE00800CD0ADD0BAD04BD0581198DE054
:10CE300008004D0AB05B20811B8DE00800C17D8C8D
:10CE4000D17D8CA96150B52040A420810F8DE008D0
:10CE500000D69A01A86181148DE00800CD04DD059B
:10CE6000811A92E008008C4A98610B9999610C1420
:10CE700058611C6342611757332E313792D04511E8
:10CE80004A33C22300D22301A22112B2211381FE10
:10CE90008CE00800D6CA000B550C06596162611778
:10CEA000460100000C0882611738112023C00B9244
:10CEB0000C0399D139C137A90A0C132033C00C04D3
:10CEC00039C149D1586196050168D10C085A666983
:10CED000D1526111826110C6040098C128610C040E
:10CEE0002099C020306099C132611042611158E12F
:10CEF0000C920C13573275A6650652C5FC59E10C0D
:10CF00000368E126364EE646180C0889F1262631DC
:10CF10007CF20C192981297199F11C22826116C6B3
:10CF2000190058E12645160C1669F126552A7CF899
:10CF30000C09898189711C22926116C612000C129B
:10CF400029F18881E6183C0C19998199712D099273
:10CF50006116060D000C0229F1888148610C128AC5
:10CF6000441B94498199712029530607000C02291A
:10CF7000E158E17CF439F1498149711C2252611672
:10CF800086010000688169712D0658970C044915C7
:10CF90000C448601001BBBB915F0441162C414B8DF
:10CFA0001567B2F0AD0725A500A9B1CCFAD1EB9178
:10CFB000CD0AB2A1AAA1DB91813C8DE0080028979F
:10CFC00088B1987189020CE40C1297B40222A00077
:10CFD00020331016F3332861A61270202034D0328B
:10CFE00011686121DD913A22603421480258120C07
:10CFF0002247633F21DB91A22112C882D892B2213D
:10D000001330303481A28CE00800A941B9510C32B0
:10D01000060800076315C806D81640A42050B5209E
:10D0200081A08CE008001B224D0A5D0B3031218B62
:10D030006686000061CB915683FDA841B851CD04AE
:10D04000DD0581928CE00800C614000088610C2286
:10D05000161805804060405034D0651151BF91A230
:10D0600021126A55C805D815B22113404421818C7C
:10D070008CE00800A941B95151BA910C064606004E
:10D0800000076410C805D2250122C20181858CE009
:10D0900008003063204041218B555634FE8C46A257
:10D0A0006104B2610592211716690448415851C1C3
:10D0B000E18BD1A091AD0450B52081738CE00800C4
:10D0C000D6EA023871AC936881E61602068F0088B2
:10D0D00061C1D88BD1688CAD04BD0532C8FF8170A9
:10D0E0008CE00800A941B9511B224881860100004B
:10D0F000000038614871AD02816C8CE00800C841C5
:10D10000D85181678CE00800C1CB8BD196918160AA
:10D110008CE00800219591ED0ABA2220F2205624D5
:10D1200005C1C48BD19291A22104B22105E2611BF9
:10D1300022611C815A8CE00800E2211BDD02CD0E29
:10D14000A2611DB2611A814F8CE0080082211D92FC
:10D15000211AE2211BA61A0206460131458CCD0E8A
:10D1600030D230AD08BD0981488CE00800961A4FD6
:10D17000066600000B24D0521121779198F15A22B3
:10D18000C802D81216990CA1AB8BB12F8CE2611B8F
:10D19000F2611C813E8CE00800E2211BF2211CCDD3
:10D1A0000EF0DF20813E8CE0080068B1A261146AB5
:10D1B00044B26115426119B851A84122C6018139B2
:10D1C0008CE00800A2611D81388CE00800CD0ADDEA
:10D1D0000BA841B2210581318CE0080082211DC2DB
:10D1E000211482C830D221158246004D0A5D0B8180
:10D1F000268CE0080096BA6CA18F8BB14E91CD04BD
:10D20000DD0581268CE00800C22114D22115811E83
:10D210008CE0080096CA1E622119279602C63A00C1
:10D22000C1858BD1148CA22114B221156D02811CF1
:10D230008CE00800C1808BD10F8CA26114B2611503
:10D24000AD04BD0581178CE00800A941B95146D94C
:10D25000FFBD0F81138CE0080058B1A26114B261C8
:10D26000154A25B851A841810F8CE008006D0A814C
:10D270000E8CE00800CD0ADD0BA841B85162C63023
:10D2800081078CE00800A941624500B9511B555740
:10D29000926182210BC1678BD1EC8BA22114B22148
:10D2A0001540288081FB8BE00800CD0ADD0BA841EA
:10D2B000B85181F48BE00800A61A02465100C22141
:10D2C00014D22115A15C8BB1E08B3C0581F48BE07D
:10D2D0000800CD0ADD0BA841B85181EB8BE00800B6
:10D2E000964A004609002D040B426204005716F5C9
:10D2F00006740100A841B851C14F8BD1DE8B81E883
:10D300008BE00800A941B951C6D5FF002221123295
:10D3100021132941395148610CE2380147A202C664
:10D320004800960312210C91D034113A22981288A9
:10D33000029991222116987189810B69D652006059
:10D34000292096C20038B148416A63585169414664
:10D350000A003871568330C1378BD10491A221085D
:10D36000B89181CF8BE00800C841D851810191E08C
:10D37000080048713D04D6AA2EC6BE00C881D891C7
:10D3800040A42050B52081C18BE0080081C68BE00D
:10D3900008006D0A81C58BE00800C881D8911B2365
:10D3A00081C08BE00800CD0ADD0B40A420BD054202
:10D3B000C63081BA8BE00800424300484137945F91
:10D3C000CD0ADD0B81B38BE00800C881D8914D0AEE
:10D3D0005D0B81AC8BE00800E61A26C881D891ADC0
:10D3E00004BD0581B890E00800569A4D07E612C6C4
:10D3F000340168B14796113C051B33524600460480
:10D40000000038613C954600002D040B4262040088
:10D410005716DE5204001B555244004629010000F5
:10D42000C1058BD1948B3D02819E8BE00800C10128
:10D430008BD1008BA04A20B05B2081A290E0080035
:10D44000568AF3C61F0188F116C80698E1E6291B23
:10D450002221188C6222A4332A3386010028113C31
:10D46000632033C042211028C1C60B0038715221FD
:10D47000100B434725064045C0C60400006221103A
:10D4800082211160C4C0CA884261108261110C04FB
:10D49000387128C1D643003022C00C0392210C52AF
:10D4A000210D3099803A550C1BAD0799C159D1A572
:10D4B0007F003D0AC601000042211028C138F1203A
:10D4C0005F312055C0D6C50168D1605F316055C05D
:10D4D000D6150188C16052435088C05066C089C1CA
:10D4E0005022C069D192211016490452210FACF587
:10D4F000A61420BD03CD04AD07658F00C8A1BD0AE9
:10D50000A03A2070A720A57C00B8A15D0AAD07A5B0
:10D51000570059A162211040C6C09C2C0601000092
:10D5200000C22110B2210A70A720658C00A2610AF6
:10D53000B2A00170A7202577008221114D0AA618FC
:10D5400014BD0ACD08AD07A58A0098E14D0A0C0567
:10D55000E6293586010068E10C05E6262388410CA2
:10D560000557981C616B8C9851978614616F909742
:10D57000060E58C168D11B551B6659C169D152A00E
:10D58000018221110C1A16280168443B66E06611DD
:10D590006A64A8162C06A56500A0A6C098D1AAA901
:10D5A000A0A0449CBA2C06A066C0A6560F1CC6A01C
:10D5B000A6C068C1AA22AA6669C1860400264614CC
:10D5C000AD0688C1A2CA1CAA8898D189C1A02280B0
:10D5D000AA9992610D68C1A6160BB8A1CD0670A7D5
:10D5E00020658B00A9A188D1A6180DBD0480C82094
:10D5F00070A720658A00A04A20922117162903A847
:10D60000A140B420E59300D67A026861B8A10B6608
:10D610000C0D0CACAD076961254B00888198F1A910
:10D62000A189718CB9BD030C0D0CACAD07E54900A7
:10D630003D0A82210762C8FF606820D6D60498E1BF
:10D64000A63948DCD8BD04DD080C5CAD07E5470011
:10D650004D0ABD0AA8A1E58E00E61A1B06010000CE
:10D660000C043D045221167CF2502230296128B16D
:10D67000C604000039613D04886168B13C151B880F
:10D680001B2652460089610C0506860098F1CC796C
:10D6900068B15D09465F000000A6120D30B320207E
:10D6A000C22070A720257F003D0A30A32016550315
:10D6B000B22301AD072534002D0ACCBAD12890CD74
:10D6C0000AB2A2EA463BFE0000C22304B2C30CC267
:10D6D000CC02E0CC11CBAA81B98AE008000C1CBDB9
:10D6E00002AD07657B0028B158B1687188416A5561
:10D6F0001B2280800459D129815D0389C13D0A988C
:10D7000081A8A10B99BD0499412547FF82CA30A980
:10D7100071A8A1BD0582611DA582006D0ACD03BD62
:10D7200004AD07A585002D0AA83A98F182211DCCE9
:10D73000AAA8A1BD02E5800082211D9D0ABD02ADFF
:10D740000782611D92611A253400B8E192211A28DE
:10D750008190AB20B8C182211DB0AA20CC9A3C99FF
:10D7600097184DA61657C60D0096B600A8E1B8C189
:10D77000606A20B06620ECF6A61942B2210AC2A067
:10D7800001AD0782611D257100BD04A2610A657BA0
:10D790000082211DE61A04EC3A0768213C966718BE
:10D7A0000F687182C631060500A619193C96679864
:10D7B0000A88413C96624800463000001B88984128
:10D7C00082490086370092210862C9FF82460068BC
:10D7D000D1971671B8A10C0D0CAC70A720E52E00E6
:10D7E000A9A10C0D0CACBD05AD07379509E52D00C1
:10D7F0005D0A3D0AC60400652D0030B320A05A2002
:10D800000C0D0CACAD07652C003D0A88811B888986
:10D810008186BAFF00A2210A40B4202536FF92215A
:10D820000B82CA301B268246009062C0987197A670
:10D8300012B8A1DD050CACAD07252900A9A16D0228
:10D8400046F4FF000C05B2210AC2A00170A7208295
:10D85000611D656400BD04A9A1A56E0082211DE6BD
:10D860001A1AECEA07E815460A0098B16799126897
:10D87000611B6669613C16624900C609003C984616
:10D8800000002D060B629206008719DD1B89824677
:10D89000000604003C0986000060262062C2FF8268
:10D8A00006009718F3BD04AD07E51D009C638C8549
:10D8B000371506BD05AD07251D00BD03AD07A51C29
:10D8C000004600003961B2210A70A720A51B008222
:10D8D00021060C039221283242001B3839093221DB
:10D8E0002AAC332903C6070041898F52212A49B146
:10D8F00021888F8C15C60BFD06030021868F6221BF
:10D900002A29B18C160607FD28B11DF03641008288
:10D91000030052A07257183852A07757183D52A0F2
:10D92000615718431C6339020C02061700B71A0727
:10D93000571A148611000000C02210E08810D0226F
:10D9400020F08820460D000061778B608820C60A91
:10D95000000C098D090C42460500000092A6000C3F
:10D96000180C82460200000092A2080C1822A1089E
:10D970002CBB6C3C1C0D7CCE0C2F52A0781B33A210
:10D980000300567AFA90882089041DF036410082FF
:10D99000A0F08A221DF0000036410021768F82A07F
:10D9A000F028028A221DF00036410021728F82A0E9
:10D9B000F028028A221DF000364100816E8FED06AC
:10D9C0008808DD05822839CD04BD03AD02E00800DA
:10D9D0002D0A1DF03661005613003D012D049C44B4
:10D9E0007CE29C052204002253002204000C030C5C
:10D9F000142034932D031DF03641004892EC54A2BC
:10DA0000A010819A8BE00800A992CCFACD0AD15AD5
:10DA10008FA15A8FB2A06681A48AE00800491A49F2
:10DA20002A490A426A03489288348CE88892E04383
:10DA30001188384A48A804DCBA8608002C1C0C4B14
:10DA4000AD02814F8FE00800A9344892483456A4B3
:10DA5000FD0C0A860A00280A290446070000000C6B
:10DA60001B001340004BA15BC4E0CC11AD0281440C
:10DA70008FE00800169AFD391A492A0C02294A2912
:10DA80003A2D0A1DF00000003641004892EC44A2F5
:10DA9000A01081768BE00800A992CCFACD0AD1368D
:10DAA0008FA1368FB2A08A81808AE00800491A4986
:10DAB0002A490A493A8CF328924813E084114832E3
:10DAC0008A442804290339041DF000003641006807
:10DAD000430C1AB2C31460AA53768A23880B809031
:10DAE000F44099828080F55A994088829050F55A86
:10DAF000888050F59090F40088119A88890B4BBB70
:10DB000016C5044823472639B813AD021BBBA5EE42
:10DB1000FF4D0ACCFACD0AD11B8FA1188FB2A0B548
:10DB200081628AE00800C843CBB3C2CC02E0CC11CA
:10DB3000A2CA0C81A289E00800BD03AD02A5F4FFD2
:10DB40003D044B26E022112A2359121B666263040E
:10DB50002D031DF0366100810C8F8B958089B2906A
:10DB60009F318081219088C00C0B0C198601000028
:10DB700000F099111BBB8729F7AD02E5E7FFCCFA4E
:10DB8000CD0AD1008FA1FD8EB2A0CE81478AE008D8
:10DB900000695A0C16694A0C9647A6286A736D07E5
:10DBA0004A3382A00AD20600CD08BD0AD2CDD0AD3C
:10DBB0000289011B6665F1FF88013796E732C4F8D8
:10DBC0003A37C60000AB334D066D040CA74605007E
:10DBD0004086C08A83D20800BD0AD2CDD0CD07AD21
:10DBE00002A5EEFF1B665726E62D0A1DF000000079
:10DBF00036410091038B20822022A00097880500E7
:10DC0000881122A01091E18E97880522C208808891
:10DC10001191DF8E97880522C204C0881191038C70
:10DC20009788042B22E088119698001B22808E058D
:10DC30002C098029831DF0003641008802AD028046
:10DC400090249CE90C0227D85C0C29970809808154
:10DC500041890A0C12461300808241890A2D09C6A7
:10DC60001000000080B0F42D09CC3B8080F51C0230
:10DC700080907456590022C20880884180903456A2
:10DC8000590022C20480844180901456590022C257
:10DC90000280824107E8068081411B228C48890A64
:10DCA000860000002C021DF03641000C1BAD02A5C1
:10DCB000D4FFCCFACD0AD1B38EA1B08EB2A14081EF
:10DCC000FA89E008000C18395A894A2D0A1DF0001B
:10DCD0003661006843584457A6065D033D0450452D
:10DCE000207843684488236A57B81357A8011BBBA0
:10DCF000AD0265D0FFCCFACD0AD1A28EA1A08EB222
:10DD0000A15D81E989E0080092CA14E0B511BAB9B1
:10DD10002D090C080601000089024B22B732F822B7
:10DD2000C314E0771142C414E066117A826A642950
:10DD30000189116921C6250000621400165604F8F5
:10DD400001CD0922A000E80FD80CE080F4608882A1
:10DD5000D070F4E0E0F560EE827A882A88D0D0F5C1
:10DD6000DADE80E0F5EADDC931D020F58080F4000C
:10DD7000DD11808D20D8314BFF890D88114BCC8768
:10DD80003FC3226C00C21401160C04280982C3147C
:10DD90007D090C0D621800F21701C066822020F484
:10DDA000FA66DAD6006D11ED07202620290E22181A
:10DDB00001621E02C02282D0D0F56A226811DA22E6
:10DDC0004B884B7720D0F56738C929074B444B99CE
:10DDD000882187B40206D8FF860000000B55A615DF
:10DDE00007B2CBFC280B1622FF594A2D0A1DF00062
:10DDF0003641004050149C6581678E0B55E05511EB
:10DE00005A58C805BD030C0D20A22025CCFF3D0AA1
:10DE100040422116C4075892EC451C0A81948AE0BE
:10DE20000800A992560A01CD0AD1538EA1548EB290
:10DE3000A1AE819D89E00800591A592A590A593A18
:10DE400068925826CCE5B2A271AD02E5E5FFA9269D
:10DE50000C065D0A690A0C060601000000005D0A56
:10DE6000076415BD03CD05AD0265E6FF7D0ABD0360
:10DE700020A22065C1FF7037204041219C34A805B5
:10DE800056AAFDCD05BD05AD0265E4FFA905690AE9
:10DE900086F2FF2D031DF000366100405521CD04B0
:10DEA0004843B8134A451B7468230601001BBBF0A6
:10DEB00066117726F7AD02C901E5B3FF6D0A92CA74
:10DEC000140C08AD09BD08C801879617D12E8EA184
:10DED0002B8E60C620B2A1D9817489E00800B90AEE
:10DEE0001B884BAA5728F6B05553E055115A99583C
:10DEF0004382C314E05511C0B0445A58ACAB2C0C4B
:10DF0000B0CCC00C0AD808001B4000DDA1A0AD2099
:10DF1000A909A8084B88000C40A0A0914B9957383C
:10DF2000E3A9098CEA2B7486020048084B8849094A
:10DF30004B995738F40B77AD027946BD03A5B4FF72
:10DF40002D061DF0364100884298439088C0EC6849
:10DF5000E0991122C21432C3149AA29A33A2CAFCC5
:10DF600032C3FCB80A9803971B0A7CF8973B080C4D
:10DF700018C6000000A732E42D081DF0364100BD90
:10DF800004AD0325FCFF5D0ADCDABD0AAD02A5A6DF
:10DF9000FFCC9AD1FC8DCD0AB2A232460A000C12F7
:10DFA000294A595A862C0000000C16967A005D0406
:10DFB0000C064D033D05B81420A220E5A3FFCCFAC2
:10DFC000D1F18DCD0AB2A240A1ED8D813789E00853
:10DFD00000E844C843D2C31442C414E0FE11E0CCAC
:10DFE00011693AFAF4CACD22CA140C039804580DE8
:10DFF00090B0F45080F43ABB80BBC05050F5908094
:10E00000F5B030315088C03A88803031B0B0F4007B
:10E010008811B088204B9289024BDD4B442D09C7F3
:10E020003DC906080088044B448020F43A22203081
:10E03000318080F53A888030312020F4008811202A
:10E04000882089094B992D09F734D94600000BEE39
:10E0500022C2FC38021653FFE94A2D0A1DF00000C7
:10E0600036410081B18D30881031BF8D3A883D082E
:10E07000E6181480806080843122A01387220D91DD
:10E0800016890008409030B10C0206060082C8ECE8
:10E090001CEA31E88792A001872A08917588000858
:10E0A000409090912D091DF0364100784262C214D3
:10E0B000E077117A7652C7FC48052C02AD0425B3EF
:10E0C000FFA022C029030CA2319B8DA7222B0CB2EA
:10E0D000A0B2C0000B4040209130922022A00057F7
:10E0E000B60572C7F8222700A2CA15001A4000A47C
:10E0F000A1000B402020914611000C0C57B6045291
:10E10000C7F8C805A2CAF53094208D0CBC6A2C0251
:10E11000A072C0000740C02091001A4000B4A120A6
:10E12000BB2021848D209B2022A00057B60532C53C
:10E13000FC222300001A4000ACA1000740202091DF
:10E14000208A20C6FFFF2D083D091DF0366100AD75
:10E15000020C1B658AFF2D0ADC0AA0CA20D1898D1A
:10E16000A1878DB2A30A81D088E008003169895067
:10E1700033105054A5CC35C60100000081D58880ED
:10E1800033203901BC844BA14911E5AAFF48119CF9
:10E190009A8801A030600013400038A1403320006D
:10E1A0000A40808091395289014600004952380165
:10E1B0000C280C14304893396249423D04C60300D0
:10E1C000AD0165A7FF3801A2CA2039520C133942AC
:10E1D0009C1532ABCD3A55AA553C535906A0A3C065
:10E1E000A90706060042ABCE4AAAE043114A42A95B
:10E1F00006A844B03311A59FFFA033C039071DF016
:10E200003661004BB1AD0225EAFF6D034D0A3D0BAF
:10E21000AD065D0BBD0125E9FF7D028847684678A4
:10E22000016088C06811B088117066C06A88CD0A24
:10E23000DD0BA61807C088013A58460100C08801C6
:10E2400080DBC0AD04BD05811188E008002D0A3DCA
:10E250000B1DF0003641001C78A17687B1368D2762
:10E26000280E813D8DD022112A28A802B81246041A
:10E2700000C17087D1008822C2FF810988E00800B0
:10E2800056D2FE2D0A3D0B1DF00000003641000B5A
:10E2900083808521A8441B88E0881192C414E0AAD9
:10E2A000118A82AAA9C6010048094B9949024B224A
:10E2B000A739F40C04C6000049024B228732F81D2E
:10E2C000F000000036410092C214284230852187B8
:10E2D000222327A8223030449CC3E028112A29A8F1
:10E2E00002000340A020910013400032A10C12371D
:10E2F0009A1F860000008D02E088118A898601003D
:10E3000082C8FC2808CC728739F50C028600000010
:10E310000C121DF03641000C0CAD0221CD87C90452
:10E32000C1CE87308210BD039D03872C3CA0C8203E
:10E33000BC6CC1FD8CC78317C13F87D1188D81D8B4
:10E3400087E00800B0821022AFCAB09B2022640090
:10E3500022AC028084312A8821128DC804209910B1
:10E3600021BA878A8C890420B9202D0A3D0B1DF023
:10E370003681008221102921593128059821580819
:10E38000503593990146E1001B338203000C158040
:10E3900059835050748CC552C8DB0C1A50A983A005
:10E3A00050745625FE16B8410C051BA3ED057CF9EB
:10E3B000DD05591186000000AD03C1AE8C820A0054
:10E3C0001B3A8ABCF20B00B811D0CB11BACCB1AA5F
:10E3D0008CCABBFABBB20B00B911B1A88CCABBFA8C
:10E3E000BBB20B000BBBB0B074B68B0206C500C14C
:10E3F000ED8CE0BB11BABCB80BA00B000C9A46BC6C
:10E4000000B2A06AB71831873B0D4CCBB71824B2C5
:10E41000A068B7982AC6BA00B2A074B7980286B8A6
:10E4200000B2A07AB7980246B600B2A071B7180839
:10E43000060300000C880607002C08C60500000033
:10E44000B20A0182A06C879B0A2C0330DD202B3A94
:10E4500006AC00001C0880DD20C6A90082C8BF8071
:10E4600080743C7A202044873A26A1CF8CE0881122
:10E470008A8A8808A00800476D02C6DB00576D0233
:10E4800006DD0006E2000000476D0246DD0046DFC3
:10E4900000260909E089118A8759084699000B85E9
:10E4A000B66802462E00A1C18CE088118A8A8808CD
:10E4B000A00800D082111B9228241C854BA2A924FD
:10E4C0008A86A725072814C6020000000027250316
:10E4D0002C422924280458245A2222C2FC28020C47
:10E4E0001529082D097CF94686005824D082111B75
:10E4F000927B557C822055108BA5A9241C828A868C
:10E50000A722052814460200005722032C82292442
:10E51000280458245A2222C2F8A802B8120C252D29
:10E5200009A908B9187CF9467600D082111B9228F7
:10E53000241C854BA2A9248A86A725042814060238
:10E54000002725032C422924280458245A2222C2B9
:10E55000FC28020C6529082D097CF9466900000099
:10E56000D082111B9228241C854BA2A9248A86A73D
:10E57000250428140602002725032C4229242804F8
:10E5800058245A2222C2FC28020C0529082D097C95
:10E59000F9C65B00D082111B9228241C854BA2A9CE
:10E5A000248A86A725062814860200000027250352
:10E5B0002C422924280458245A2222C2FC28020C66
:10E5C0003529082D097CF9464E005824D082111BAC
:10E5D000927B557C822055108BA5A9241C828A86AB
:10E5E000A722052814460200005722032C82292462
:10E5F000280458245A2222C2F8A802B8120C452D29
:10E6000009A908B9187CF9463E0088247C8A7B88D1
:10E61000A088108BB8B9241C8AB72A048814460233
:10E6200000872A042C888264028804A824AA88828D
:10E63000C8F8A808B818D082118A86A908B9181B8A
:10E6400022C62F008807660814C2A0800C0BAD07F5
:10E65000D951E961812887E00800E861D851880133
:10E660000B9E908853460B008807660818C2A0804E
:10E670000C0BAD079941D951E961811E87E0080073
:10E68000E861D85198410BEEE08E118A870C0AA9F7
:10E69000088801E088538901061A003D0AD08211DA
:10E6A0001BB228241C8A4BC2C9248A86C72A052883
:10E6B0001446020000272A032C4229242804A824F7
:10E6C000AA2222C2FC280229082D0B460D00E2C80E
:10E6D000D00C9A4603000000E0BE11EAEBF0EE1108
:10E6E0008AEE1B338203009C9882C8D087BAE84622
:10E6F00004000082030082C8D0808074873A041B23
:10E700003386FBFFA8110CB8871A02462AFF88211E
:10E710005203002728068C350C09061BFF88019838
:10E72000215098839901862600E058115A575805C0
:10E7300028240B55D09811F66565A11D8CE0551164
:10E740005A5A5805A005007B22F022108B525924FA
:10E75000572C042814860100272C01E9242804588A
:10E76000249A965A2222C2F8A802B812A909B91905
:10E770004617007B22F022108B525924572C042874
:10E7800014860100272C01E924280458249A965A5B
:10E790002222C2F8A802B812A909B919460C000031
:10E7A0004B525924572C042814860100272C01D9D8
:10E7B00024280458249A965A2222C2FC28022909A5
:10E7C000460300008D021C8C2C4D7C8F2C8E460045
:10E7D000001B88280187220246D3FF5831982189DF
:10E7E00005822110D0291139082A261DF00C152682
:10E7F00009028627FF862EFF0C25260902C624FF64
:10E800008639FF000C65260902C621FF8646FF0CEB
:10E8100005260902061FFF4651FF0C352609024650
:10E820001CFF865BFF0C452609028619FF4666FF22
:10E830003661007D0448248CB4480749010C044922
:10E84000116D040605000C022917463A00480148DC
:10E85000044911480168148B44490116E6FE9823C7
:10E8600097B602462400A2130642A480478A028675
:10E87000200098535803B843B045C0F059119A5539
:10E88000509F055A591B945051216A99905573A76E
:10E890006A31BD05AD0281668BE00800CC1A860E98
:10E8A00000B843CD04A921814586E00800A21306E3
:10E8B000B2AB7FB0AA10B2A080B0AA20A253069833
:10E8C00021460800CD05AD0281658BE008009D0A58
:10E8D000DC2AB843AD02814C8BE008000CC449022D
:10E8E000061000000000994359534A994055C099B9
:10E8F0000359239D0697B6019D06B811A803CD09BB
:10E90000992181578BE00800982148239044C04901
:10E910002348039A94482799036084C0892756B8EE
:10E92000F246C8FF2213064C044022202253060C54
:10E9300002292729177CF21DF000000036810532DC
:10E94000619B82219B22619C22180642619A52613E
:10E950009462619572619632C11077622A2848EC00
:10E9600052A2219C4C0B81328BE0080092219BA982
:10E9700009A949CCAA82219C0CC229087CF9C6CFDE
:10E980000732219B4C02295362A19052C11032A13F
:10E99000E41A660C023A357CF462C66432618D2258
:10E9A000618F22618E2261904261442261913261C5
:10E9B000982261A02261A12261A22261A322619E0C
:10E9C0005D026261A422219A860000001B223202AD
:10E9D000008C4332C3DB5623FF82219A8032C0165B
:10E9E000230542218F9221983A4442618F42218E21
:10E9F000A2C1101B448909391942618E62DA02E60C
:10EA000084098B999261988608000000B2C110C2F7
:10EA1000A224CACBA2219CB2219B65E1FF8C1A469D
:10EA2000A30742A1E462C1104A6662619882219EF6
:10EA30003A8882619E320200CC1386960792C110FA
:10EA400032D9020C0672A2340C0862433A7A997CDD
:10EA5000F66261991B423D0582619D6D0882619756
:10EA600092619F86020000000072619A0C064221AA
:10EA70009A1B8482619A420400E1508B0C090C9A23
:10EA80002C4C2CADC600000072619D72C4E05CABE2
:10EA900077BB02468706E077117A7E7807A00700E9
:10EAA00081468B8261A0862305A2219CA5EEFEA251
:10EAB0002A01A261A381E185E00800A261A2A2214E
:10EAC0009C65EDFEA22A029221A2A261A116D9F9AB
:10EAD00016AAF9420A001644F942A40086B7009229
:10EAE000C11042D90272043A5627F82C07C64400D6
:10EAF0000C1406B20092219A0C9782090042C8D0E9
:10EB000047B7024670071B490C0A9D07E07A11AA15
:10EB1000A782C8D0F0AA11AAA88204001B4472C818
:10EB2000D077B9E72C47771802C6CFFF2C07A7A7E5
:10EB300002C65E077221910BAA77AA0BD0AA11B266
:10EB4000C110AAAB06070000C2C11072A2307A7CC5
:10EB5000ED0CF2DC01D2219FC2A2407901CACEBDE8
:10EB600002E580FFA80A9D05A2619D42619AC61D2B
:10EB700000D04311D2C1104A4DC61900E2C1105253
:10EB8000DE02A225121CFB4B8A1C87472B361BB4C6
:10EB9000B26191826512872706522511C6020000D4
:10EBA000A727042C47726512522194722196D044F3
:10EBB000117A5552C5FC5805F2C1104A4F52619D59
:10EBC0005904C6080082651287270542251186026E
:10EBD00000A727042C444265124221945221965AE0
:10EBE0004442C4FC480442619D42219D5D09D6C453
:10EBF000E740406042619D0C4446700092C1102C79
:10EC0000B742D90272443AC698FF0042219A1B7457
:10EC1000420400D7140592619946440092219A82D9
:10EC200009010C9942C8D047B902862A07A2219A45
:10EC30002B4A0C0AE0BA11AAAB82C8D0F0AA11AADA
:10EC4000A88204001B44B2C8D0B7B9E72C49971872
:10EC5000020685FF2C07A7A702C614077221910B95
:10EC6000AA77AA0BD0AA11B2C110AAAB060700005E
:10EC7000C2C11072A2307A7CED0CF2DC01D2219F6D
:10EC8000C2A2407901CACEBD02656EFF880A7D042A
:10EC9000AD05C61C00D04311D2C1104A4D861900E3
:10ECA000E2C11052DE02B225121CFC4B9B1C8847AD
:10ECB0002C351BC4C261919265129728065225110A
:10ECC000C6020000B728042C4882651252219482A3
:10ECD0002196D044118A5552C5FC8805F2C1104ACC
:10ECE0004F89048608000000926512972805422586
:10ECF00011860200B728042C444265124221945226
:10ED000021965A4442C4FC88047CF4404853426132
:10ED1000995D0A72619A0655FFB22199E04B11BACA
:10ED200044F044118A444261994207001B777261A2
:10ED30009A82C4D087BAE172219D8652FF42A08098
:10ED4000861E00B2219A7D09E087117A7842C4D0EC
:10ED5000F077117A7442219A1B4442619A420B0067
:10ED6000B2219A82C4D087BADEC714020646FF2CAD
:10ED70000377A30206CE060B370C16C63BFF822193
:10ED80009A42A06872080047970A1B8882619A42DB
:10ED9000A2008606004C04C6080092219A42A06C8C
:10EDA0007209004797071B9992619A4603001C0459
:10EDB000922197409920926197462CFF2C04822142
:10EDC00097408820826197C628FF722191BC767790
:10EDD000A30DD0331192C1103A39320300860800D6
:10EDE000A2C11042A2304A4AD2A234C2A240F2DAF0
:10EDF00001ED0ADADACACA4901AD03BD022557FF9F
:10EE0000320A002D05861E001B2577A50AD0331176
:10EE1000B2C1103A3BC61900C2C11042DC026224E2
:10EE2000121CF84B561C837728361B87826191523F
:10EE30006412572306322411C60200006723042CF3
:10EE400043326412322194422196D2C1104A3332A5
:10EE5000C3FC4803D037113A3D490340307446089B
:10EE600000526412572305322411860200672304DE
:10EE70002C433264123221944221964A3332C3FC2D
:10EE8000320300E2C11042DE013244800C0432DE63
:10EE90000242433A868C058221971C0440882082D6
:10EEA000619792219742219157E902463200BCB600
:10EEB00047A310D03311A2C1103A3A680378134621
:10EEC00009000000B2C11042A2304A4BD2A234C2A3
:10EED000A240F2DB01ED0BDADBCACB4901BD02AD8A
:10EEE00003E548FF680A781A2D0586D3001B2547DD
:10EEF000A50AD03311C2C1103A3C461C00D2C11041
:10EF000032DD025223127C867B556055101CF88B33
:10EF1000751C864728391B8482619172631277269B
:10EF200006322311C60200005726042C85526312B4
:10EF3000322194522196D044115A3332C3F86803D7
:10EF40007813E2C1104A4E6904791446BB000000F0
:10EF50007263127726053223118602005726042C8D
:10EF6000844263123221944221964A3332C3F868B4
:10EF700003781346B100000082219747687DAC06F4
:10EF800047A30CD0331192C1103A39C6800000005B
:10EF9000A2C11042A2304A4A4901F2DA01ED0A4602
:10EFA00081001B2547A50CD03311B2C1103A3B0696
:10EFB000A1000000C2C11032DC027223121CF84B07
:10EFC000671C8547A8020693001B848261916263D7
:10EFD0001267250732231106030000007725042C51
:10EFE00045526312322194522196D044115A333241
:10EFF000C3FCD2C11068034A4D0685008221976781
:10F00000E802862E00BC5647A30DD0331192C110E2
:10F010003A39629300866800A2C11042A2304A4A7F
:10F02000D2A234C2A240F2DA01ED0ADADACACA493F
:10F0300001BD02AD03A533FF629A00065F001B25E8
:10F0400047A50CD03311B2C1103A3B461A0000005C
:10F05000C2C11032DC027223121CF84B671C8547B8
:10F0600028361B8482619162631267250632231160
:10F07000C60200007725042C4552631232219452B7
:10F080002196D044115A3332C3FC6803D2C1104ACE
:10F090004D6904806623C6670062631267250532E6
:10F0A00023118602007725042C44426312322194F6
:10F0B0004221964A3332C3FC629300865E00000010
:10F0C00082219797E802C62E00BC7647A30DD03365
:10F0D0001192C1103A39620300860800A2C11042A1
:10F0E000A2304A4AD2A234C2A240F2DA01ED0ADAD0
:10F0F000DACACA4901BD02AD036527FF620A002DC5
:10F1000005861E001B2547A50AD03311B2C1103A4F
:10F110003BC61900C2C11032DC027223121CF84B2C
:10F12000671C854728361B848261916263126725BC
:10F1300006322311C60200007725042C45526312C3
:10F14000322194522196D044115A3332C3FC6803C1
:10F15000D2C1104A4D6904606074460800626312AF
:10F160006725053223118602007725042C4442636B
:10F17000123221944221964A3332C3FC62030000CA
:10F180006623C62C00BC7647A30DD03311E2C11014
:10F190003A3E6803C6080000F2C11042A2304A4F4E
:10F1A0004901F2DF01E2C110D2A234C2A240DADE8C
:10F1B000CACEBD02AD03A51BFF680A2D05061E00C1
:10F1C0001B2547A50AD0331142C1103A34861900D5
:10F1D00052C11032D5027223121CF84B671C8547AE
:10F1E00028331B84826191626312672506322311E2
:10F1F000C60200007725042C455263123221945236
:10F200002196D044115A3332C3FC82C11068034A9C
:10F2100048690486080062631267250732231106D5
:10F22000030000007725042C4442631232219442EB
:10F2300021964A3332C3FC6803607F31962700462B
:10F24000A9056060600C140C0360349370706092C8
:10F25000C1103077C02CD532D902862A0400822111
:10F260009742219157E802463100BC6647A30CD073
:10F27000331192C1103A393803460800A2C1104236
:10F28000A2304A4AD2A234C2A240F2DA01ED0ADA2E
:10F29000DACACA4901AD03BD02650DFF380A6D0522
:10F2A000461F00001B6547A50ED03311B2C1103AAE
:10F2B0003B3803861A000000C2C11022DC02722211
:10F2C000121CF84B571C834728351B8482619152CE
:10F2D0006212572306222211C60200007723042C53
:10F2E00043326212222194322196D2C1103A222254
:10F2F000C2FC3802D024112A2D39028608000000F1
:10F300005262125723052222118602007723042C11
:10F31000433262122221943221963A2222C2FC38D0
:10F320000222219E29034D02202F31291346B500C8
:10F3300082219747687DAC0647A30CD0331192C158
:10F34000103A390684000000A2C11042A2304A4A95
:10F350004901F2DA01ED0A0684001B6547A50CD0CD
:10F360003311B2C1103A3B8689000000C2C110229D
:10F37000DC027222121CF84B571C8347A802069726
:10F38000001B8482619152621257230722221106C8
:10F39000030000007723042C4332621222219432AE
:10F3A0002196D2C1103A2222C2FC3802D024112A5E
:10F3B0002D06890082219767E802863000BC7647D7
:10F3C000A30DD0331192C1103A39380386080000DA
:10F3D000A2C11042A2304A4AD2A234C2A240F2DAFA
:10F3E00001ED0ADADACACA4901AD03BD0225F8FE09
:10F3F000380A6D05461F00001B6547A50ED0331166
:10F40000B2C1103A3B3803861A000000C2C1102274
:10F41000DC027222121CF84B571C834728351B84D0
:10F42000826191526212572306222211C602000005
:10F430007723042C43326212222194322196D2C1C6
:10F44000103A2222C2FC3802D024112A2D39028619
:10F450000800000052621257230522221186020082
:10F460007723042C433262122221943221963A22CD
:10F4700022C2FC380222219E225300C661000000F5
:10F4800082219797E802063000BC7647A30CD03360
:10F490001192C1103A393803860800A2C11042A265
:10F4A000304A4AD2A234C2A240F2DA01ED0ADADAD4
:10F4B000CACA4901AD0320B22065EBFE380A6D05CA
:10F4C000461F00001B6547A50ED03311B2C1103A8C
:10F4D0003B3803861A000000C2C11022DC027222EF
:10F4E000121CF84B571C834728351B8482619152AC
:10F4F0006212572306222211C60200007723042C31
:10F5000043326212222194322196D2C1103A222231
:10F51000C2FC3802D024112A2D39028608000000CE
:10F520005262125723052222118602007723042CEF
:10F53000433262122221943221963A2222C2FC38AE
:10F540000222219E224300C62E00BC6647A30CD097
:10F55000331142C1103A34380346080062C11042E8
:10F56000A2304A464901F2D601ED06D2A234C2A227
:10F5700040AD03DADECACEBD0265DFFE380A6D0596
:10F58000461F00001B6547A50ED0331182C1103AFB
:10F59000383803861A00000092C11022D902722264
:10F5A000121CF84B571C834728331B8482619152ED
:10F5B0006212572306222211C60200007723042C70
:10F5C00043326212222194322196A2C1103A2222A1
:10F5D000C2FC3802D024112A2A390286080052625D
:10F5E0001257230722221106030000007723042C60
:10F5F000433262122221943221963A2222C2FC38EE
:10F600000222219E29035D0646EEFC8221971C04FE
:10F6100040882082619792219742219157E90246C2
:10F620003200BCB647A310D03311A2C1103A3A68D9
:10F630000378134609000000B2C11042A2304A4BC1
:10F64000D2A234C2A240F2DB01ED0BDADBCACB4915
:10F6500001BD02AD03A5D1FE680A781A2D0546D278
:10F66000001B2547A50AD03311C2C1103A3C461CE5
:10F6700000D2C11032DD025223127C867B556055C8
:10F68000101CF88B751C864728391B848261917287
:10F690006312772606322311C60200005726042C77
:10F6A00085526312322194522196D044115A33323A
:10F6B000C3F868037813E2C1104A4E69047914064E
:10F6C000BA00000072631277260532231186020009
:10F6D0005726042C844263123221944221964A33E5
:10F6E00032C3F86803781306B00000008221974700
:10F6F000687DAC0647A30CD0331192C1103A39068D
:10F7000080000000A2C11042A2304A4A4901F2DA48
:10F7100001ED0A4680001B2547A50CD03311B2C16C
:10F72000103A3B06A0000000C2C11032DC02722376
:10F73000121CF84B671C8547A8020692001B8482A6
:10F7400061916263126725073223110603000000EE
:10F750007725042C45526312322194522196D044CD
:10F76000115A3332C3FCD2C11068034A4D068400DB
:10F7700082219767E802862E00BC5647A30DD0333E
:10F780001192C1103A39621300866700A2C110427B
:10F79000A2304A4AD2A234C2A240F2DA01ED0ADA19
:10F7A000DACACA4901BD02AD0365BCFE621A000691
:10F7B0005E001B2547A50CD03311B2C1103A3B4661
:10F7C0001A000000C2C11032DC027223121CF84B76
:10F7D000671C854728361B84826191626312672506
:10F7E00006322311C60200007725042C455263120D
:10F7F000322194522196D044115A3332C3FC68030B
:10F80000D2C1104A4D69046060F4C666006263129A
:10F810006725053223118602007725042C444263B4
:10F82000123221944221964A3332C3FC621300867D
:10F830005D00000082219797E802062E00BC564723
:10F84000A30DD0331192C1103A39620300863600FD
:10F85000A2C11042A2304A4AD2A234C2A240F2DA75
:10F8600001ED0ADADACACA4901BD02AD0325B0FECC
:10F87000620A00062D001B2547A50CD03311B2C12A
:10F88000103A3B461A000000C2C11032DC0272235B
:10F89000121CF84B671C854728361B8482619162D5
:10F8A0006312672506322311C60200007725042C57
:10F8B00045526312322194522196D044115A333268
:10F8C000C3FC6803D2C1104A4D6904606074C63538
:10F8D0000062631267250532231186020077250432
:10F8E0002C444263123221944221964A3332C3FCA3
:10F8F000620300862C00BC6647A30CD03311E2C122
:10F90000103A3E6803860800F2C11042A2304A4F06
:10F910004901F2DF01E2C110D2A234C2A240DADE14
:10F92000CACEBD02AD03A5A4FE680A2D05061E00C1
:10F930001B2547A50AD0331142C1103A348619005D
:10F9400052C11032D5027223121CF84B671C854736
:10F9500028331B848261916263126725063223116A
:10F96000C60200007725042C4552631232219452BE
:10F970002196D044115A3332C3FC82C11068034A25
:10F98000486904860800626312672507322311065E
:10F99000030000007725042C444263123221944274
:10F9A00021964A3332C3FC68030C0792219732AB8D
:10F9B000FF3099109261970C04865002722191BC1D
:10F9C0005677A30CD03311A2C1103A3A6803460807
:10F9D00000B2C11042A2304A4BD2A234C2A240F2BD
:10F9E000DB01ED0BDADBCACB4901BD02AD03259883
:10F9F000FE680A2D05061E001B2577A50AD03311C7
:10FA0000C2C1103A3C861900D2C11042DD02622404
:10FA1000121CF84B561C837728351B878261915244
:10FA20006412572306322411C60200006723042CF7
:10FA300043326412322194422196E2C1104A333299
:10FA4000C3FC6803D037113A3E6903860800000002
:10FA50005264125723053224118602006723042CB6
:10FA6000433264123221944221964A3332C3FC68F5
:10FA7000033221970C2440332082C1103C053261AF
:10FA800097914D8732D80252433852A0780C0752D2
:10FA900043399261A0861902422191BC5647A30CBA
:10FAA000D03311A2C1103A3A3803460800B2C1104F
:10FAB00042A2304A4BD2A234C2A240F2DB01ED0B8B
:10FAC000DADBCACBAD034901BD02658AFE380A2DD7
:10FAD00005061E001B2547A50AD03311C2C1103AE6
:10FAE0003C861900D2C11032DD027223121CF84B81
:10FAF000671C854728351B848261916263126725E4
:10FB000006322311C60200007725042C45526312E9
:10FB1000322194522196D044115A3332C3FC380317
:10FB2000E2C1104A4E390486080000006263126781
:10FB300025053223118602007725042C44426312E6
:10FB40003221944221964A3332C3FC3803F2C11069
:10FB500042DF020C0552443A42219926041DCD048D
:10FB60000C0BAD0381C086E008000C04479A0286A6
:10FB7000590230AAC0A2619946570200AD0381AF75
:10FB800081E00800A261990C040653028221971CAF
:10FB90000440882082619792219742219157E9027F
:10FBA000063200BCA647A30FD03311A2C1103A3AC7
:10FBB0006803781306090000B2C11042A2304A4B14
:10FBC000D2A234C2A240F2DB01ED0BDADBCACB4990
:10FBD00001BD02AD03A579FE680A781A2D05C6A4F9
:10FBE000001B2547A50AD03311C2C1103A3C461C60
:10FBF00000D2C11032DD025223127C867B55605543
:10FC0000101CF88B751C864728371B848261917203
:10FC10006312772606322311C60200005726042CF1
:10FC200085526312322194522196D044115A3332B4
:10FC3000C3F868037813E2C1104A4E690479148648
:10FC40008C0072631277260732231106030000002E
:10FC50005726042C844263123221944221964A335F
:10FC600032C3F86803781386820000008221974728
:10FC7000687DAC0647A30CD0331192C1103A390607
:10FC800081000000A2C11042A2304A4A4901F2DAC2
:10FC900001ED0A4681001B2547A50CD03311B2C1E6
:10FCA000103A3B06A1000000C2C11032DC027223F0
:10FCB000121CF84B671C8547A8028693001B8482A0
:10FCC0006191626312672507322311060300000069
:10FCD0007725042C45526312322194522196D04448
:10FCE000115A3332C3FCD2C11068034A4D06850055
:10FCF00082219767E802862E00BC5647A30DD033B9
:10FD00001192C1103A39621300866800A2C11042F4
:10FD1000A2304A4AD2A234C2A240F2DA01ED0ADA93
:10FD2000DACACA4901BD02AD036564FE621A000663
:10FD30005F001B2547A50CD03311B2C1103A3B46DA
:10FD40001A000000C2C11032DC027223121CF84BF0
:10FD5000671C854728361B84826191626312672580
:10FD600005322311C6020077250552A024526312E2
:10FD7000322194522196D044115A3332C3FC680385
:10FD8000D2C1104A4D69046060F4463900626312C2
:10FD90006725053223118602007725042C4442632F
:10FDA000123221944221964A3332C3FC6213000678
:10FDB0003000000082219797E802062F00BC5647CA
:10FDC000A30DD0331192C1103A3962030086370077
:10FDD000A2C11042A2304A4AD2A234C2A240F2DAF0
:10FDE00001ED0ADADACACA4901BD02AD032558FE9F
:10FDF000620A00062E001B2547A50CD03311B2C1A4
:10FE0000103A3B461A000000C2C11032DC027223D5
:10FE1000121CF84B671C854728361B84826191624F
:10FE20006312672506322311C60200007725042CD1
:10FE300045526312322194522196D044115A3332E2
:10FE4000C3FC6803D2C1104A4D690460607446085F
:10FE500000626312672505322311860200772504AC
:10FE60002C444263123221944221964A3332C3FC1D
:10FE70006203000C070C14062101BC6647A30CD0DA
:10FE80003311E2C1103A3E6803860800F2C1104205
:10FE9000A2304A4F4901F2DF01E2C110D2A234C2BE
:10FEA000A240DADECACEBD02AD03654CFE680A2D63
:10FEB0000586EFFF1B2547A50AD0331142C1103A32
:10FEC0003486190052C11032D5027223121CF84B2D
:10FED000671C854728351B84826191626312672500
:10FEE00006322311C60200007725042C4552631206
:10FEF000322194522196D044115A3332C3FC82C12C
:10FF00001068034A48690406DAFF0000626312675A
:10FF100025053223118602007725042C4442631202
:10FF20003221944221964A3332C3FC680386D0FFC3
:10FF300000009120869261A092219782219157E939
:10FF400002C63100BC9687A30ED03311A2C1103A6D
:10FF50003A68037813C60800B2C11062A2306A6B17
:10FF6000D2A234C2A2406901F2DB01ED0BDADBCA96
:10FF7000CBAD03BD02A53FFE680A781A2D0586D2D7
:10FF8000001B2587A50AD03311C2C1103A3C461C7C
:10FF900000D2C11052DD023225127C867B336033E1
:10FFA000101CF98B731C868729371B9892619172FC
:10FFB0006512772606322511C60200003726042C6A
:10FFC00083326512322194522196D088115A3332ED
:10FFD000C3F868037813E2C1108A8E69087918465D
:10FFE000BA00726512772607322511060300000059
:10FFF0003726042C833265123221945221965A33CB
:020000044202B6
:1000000032C3F86803781346B00000009221974786
:10001000697DAC0687A30CD03311A2C1103A3A0611
:1000200080000000B2C11062A2306A6B6901F2DB8D
:1000300001ED0B0680001B2587A50CD03311C2C132
:10004000103A3C46A0000000D2C11032DD027223FB
:10005000121CF94B671C8587A9028692001B989297
:1000600061916263126725073223110603000000C5
:100070007725042C45526312322194522196D08860
:10008000115A3332C3FCE2C11068038A8E06840021
:1000900092219767E902862E00BC5687A30DD033C4
:1000A00011A2C1103A3A621300466700B2C1106251
:1000B000A2306A6BD2A234C2A2406901F2DB01ED28
:1000C0000BDADBCACBAD03BD02652AFE621A00C69D
:1000D0005D001B2587A50CD03311C2C1103A3C46E8
:1000E0001A000000D2C11032DD027223121CF94B3B
:1000F000671C858729361B98926191626312672578
:1001000005322311C6020077250552A0245263123E
:10011000322194522196D088115A3332C3FC68039D
:10012000E2C1108A8E69086060F40667006263129B
:100130006725053223118602007725042C4552637A
:10014000123221945221965A3332C3FC621300C6F4
:100150005D00000092219797E902062E00BC5687A9
:10016000A30DD03311A2C1103A3A62030046360003
:10017000B2C11062A2306A6BD2A234C2A24069013D
:10018000F2DB01ED0BDADBCACBAD03BD02251EFEAF
:10019000620A00C62C001B2587A50CD03311C2C1F2
:1001A000103A3C461A000000D2C11032DD02722320
:1001B000121CF94B671C858729361B989261916246
:1001C0006312672506322311C60200007725042C2E
:1001D00045526312322194522196D088115A3332FB
:1001E000C3FC6803E2C1108A8E6908606074063639
:1001F0000062631267250532231186020077250409
:100200002C455263123221945221965A3332C3FC48
:10021000620300C62C00BC6687A30CD03311F2C168
:10022000103A3F680346080082C11062A2306A6833
:100230006901F2D801ED08D2A234C2A240DADECAC6
:10024000CEBD02AD03A512FE680A2D05861E000074
:100250001B2587A50AD0331192C1103A39C619005F
:10026000A2C11032DA027223121CF94B671C858777
:1002700029351B989261916263126725063223111A
:10028000C60200007725042C455263123221945295
:100290002196D088115A3332C3FCB2C11068038A48
:1002A0008B6908C6080000006263126725063223C6
:1002B00011C60200007725042C45526312322194A6
:1002C0005221965A3332C3FC68030C077036209CC7
:1002D000D332219707631882C11032D80292219736
:1002E0003C055243384243390C23309920926197A0
:1002F00042219732ABFF30441042619742A0028204
:10030000C11052A00032D80292219952433A2609D4
:100310002652219782219732AF7F308810826197D1
:100320007036200C180C09309893903074CC73926E
:10033000219990389316531426144C5221A4662404
:100340000606430000005D033087016040246063BF
:10035000410B3542C43060682070734142430070E5
:1003600086205608FE42C4D00C1640869380407406
:1003700016041342219707E402C6490032C5FE3C29
:100380000442430006470000DC870C936733145295
:10039000C11062C63032D5016243E362A1901A6691
:1003A000463F000092219742A4000C083221A4404D
:1003B0004910C600006D0A7D0BC1BE84D11E7FAD01
:1003C00006BD078261A781C184E008000B33A2CA81
:1003D00030A243008221A71B881604055221A10CDC
:1003E0001BA20500CC570C95673501BD0752AF0124
:1003F0005A5A0C090C1C50C983B70C30879A2D82AD
:1004000021A2B221A38033C0CD08AD039261A681A1
:100410002A81E008008221A19221A6520801908938
:10042000201685009221A192C9019261A1C1A184E7
:10043000D1017FAD06BD078261A781A67FE00800DC
:100440008221A756E7F60C9567B50286D9FF861478
:1004500000A2A1901AAA32CA645221A06040344A74
:10046000454204000B334243006064414047016051
:10047000642070744170462056D4FD46090062A184
:10048000903261991A6632C664DC7450500452612D
:10049000998CF582C1103C0532D8015243E3426188
:1004A0009932C6639221A44221993099C0926199F0
:1004B0004609000016043EA2C11022DA0142428021
:1004C0000C0322DA0232423A2D0532A00152A190E9
:1004D00032619942A00050318062219982C110603E
:1004E000545362D80262063A8C061B559221970C2F
:1004F000277079108C072B5582219762A084606841
:100500001056160A92219D5089C0E6180246250011
:100510001C0ED2A224EAF1DAFFF2619FC60F00009E
:10052000D22198F1A784C2CC10F90DE26D01C26A04
:100530000B99AAA68922C2219FB2219BA2219C824B
:1005400061A7E261A5A52EFE8221A7E221A556EAB8
:1005500035B2A1E492C110BAB982C8F0B26198B2C2
:10056000C110A2DB0298AAD22198C8BA1B998BBDF0
:10057000872EACE19384891DCA88E90D89BA926AF5
:100580000AB26198A6891EC2A224F2C110B2219BB0
:10059000A2219CCACFA529FE564A3182A1E492C16C
:1005A000108A99926198B2C110A2DB02820A3A16AF
:1005B0009804D2219892A23AC2C11082218FB2210E
:1005C0008E9A9C990D0C191BBB9A88991D89BAB9F2
:1005D000AAE68B078BDDD26198C60700C2A224E28F
:1005E000C110B2219BA2219CCACE6524FE56FA2BD3
:1005F00082A1E492C110809980926198168704D2FA
:100600002198C2A24872218F92218ECA81890D0C35
:10061000281B998A77891D72618F92618EE68907FE
:100620008BDDD26198C60700C2A224E2C110B221BC
:100630009BA2219CCACEA51FFE563A2772A1E48236
:10064000C11070888082619826E602C62700922138
:100650009D5069C0E61602C624001C0D92A224DA41
:10066000A19A9A060F000000E22198B2CB10C90EA1
:10067000D91EB2680B72680AA68721B2219BA221FB
:100680009CCD099261A6D261A5651AFE9221A6D2DF
:1006900021A556AA21A2A1E4F2C110AAAF62C6F018
:1006A000A26198A2C11082DA02C2219878A88BAC0C
:1006B000B8B81B77C14484672DAD92219879A86999
:1006C00019BA66C90962680BA26198A6871FA2C100
:1006D00010C2A224C0CA80B2219BA2219C2515FE73
:1006E00056CA1C62A1E482C1106A88826198922174
:1006F000999044C0E61402C623001C0982A2249AE1
:10070000A18A8A060F000000D22198B2CB10C90D31
:10071000991DB2670B62670AA68621B2219BA221AE
:100720009CCD088261A79261A66510FE8221A792E6
:1007300021A656AA17A2A1E4E2C110AAAE42C4F0B3
:10074000A26198F2C11072DF02C2219868A78BAC37
:10075000B8B71B66C11C844729AD82219869A74997
:1007600018BA44C90842670BA26198A6861BC2A2A8
:1007700024B2219BA2219CCACF650BFE560A1342CC
:10078000A1E492C1104A99926198422198622199FC
:10079000390432218F69146A3332618F32218E829B
:1007A000C1101B3332618E42D802E6830792219832
:1007B0008B39060700A2C110C2A224CACAB2219B6B
:1007C000A2219CE506FE566A0E32A1E4B2C11030A9
:1007D0003B8042219727E41762219D82219E50563B
:1007E000535A8832218F82619E16F30746240000F7
:1007F00092219D5049C0A614DE1C0872A2248AA131
:100800007A7A460B00A2CA108913A9B969A98B3359
:10081000A6861CB2219BA2219CCD078261A725013F
:10082000FE8221A7568A0832A1E4B2C110303B8073
:1008300042C4F0C2C11092DC02B1E18368A9B903DD
:10084000A8B91B664728BD4913AA4449B969A9A696
:100850008685C2A224D2C110B2219BA2219CC0CD08
:1008600080E5FCFD160AF74611000000E2C1105DAC
:100870000222A1E40C042A3E42618E326198C650E5
:10088000F8C2A22442C110B2219BA2219CCAC42555
:10089000FAFD166AFDC6050022218F161201C2A2BA
:1008A0002452C110B2219BA2219CC0C58025F8FD15
:1008B00082219B92219E2218067CF32026042093FD
:1008C0009392619E460C00004221911B9547A50220
:1008D00046A7F846A9F800004221911BA547A502AA
:1008E00046ECF846EEF800003221995221970C149C
:1008F0002603024687FE86A3FE22219E1DF00000ED
:100900003681008221102921593128059821580863
:10091000503593990146E1001B338203000C15808A
:1009200059835050748CC552C8DB0C1A50A983A04F
:1009300050745625FE16B8410C051BA3ED057CF935
:10094000DD05591186000000AD03C14A83820A000B
:100950001B3A8ABCF20B00B811D0CB11BACCB1460D
:1009600083CABBFABBB20B00B911B14483CABBFA4C
:10097000BBB20B000BBBB0B074B68B0206C500C196
:100980009283E0BB11BABCB80BA00B000C9A46BC1A
:1009900000B2A06AB71831873B0D4CCBB71824B210
:1009A000A068B7982AC6BA00B2A074B7980286B8F1
:1009B00000B2A07AB7980246B600B2A071B7180884
:1009C000060300000C880607002C08C6050000007E
:1009D000B20A0182A06C879B0A2C0330DD202B3ADF
:1009E00006AC00001C0880DD20C6A90082C8BF80BC
:1009F00080743C7A202044873A26A17483E08811D1
:100A00008A8A8808A00800476D02C6DB00576D027D
:100A100006DD0006E2000000476D0246DD0046DF0D
:100A200000260909E089118A8759084699000B8533
:100A3000B66802462E00A16683E088118A8A88087B
:100A4000A00800D082111B9228241C854BA2A92447
:100A50008A86A725072814C6020000000027250360
:100A60002C422924280458245A2222C2FC28020C91
:100A70001529082D097CF94686005824D082111BBF
:100A8000927B557C822055108BA5A9241C828A86D6
:100A9000A722052814460200005722032C8229248D
:100AA000280458245A2222C2F8A802B8120C252D74
:100AB00009A908B9187CF9467600D082111B922842
:100AC000241C854BA2A9248A86A725042814060283
:100AD000002725032C422924280458245A2222C204
:100AE000FC28020C6529082D097CF94669000000E4
:100AF000D082111B9228241C854BA2A9248A86A788
:100B0000250428140602002725032C422924280442
:100B100058245A2222C2FC28020C0529082D097CDF
:100B2000F9C65B00D082111B9228241C854BA2A918
:100B3000248A86A72506281486020000002725039C
:100B40002C422924280458245A2222C2FC28020CB0
:100B50003529082D097CF9464E005824D082111BF6
:100B6000927B557C822055108BA5A9241C828A86F5
:100B7000A722052814460200005722032C822924AC
:100B8000280458245A2222C2F8A802B8120C452D73
:100B900009A908B9187CF9463E0088247C8A7B881C
:100BA000A088108BB8B9241C8AB72A04881446027E
:100BB00000872A042C888264028804A824AA8882D8
:100BC000C8F8A808B818D082118A86A908B9181BD5
:100BD00022C62F008807660814C2A0800C0BAD0740
:100BE000D951E96181C47DE00800E861D8518801EC
:100BF0000B9E908853460B008807660818C2A08099
:100C00000C0BAD079941D951E96181BA7DE008002B
:100C1000E861D85198410BEEE08E118A870C0AA941
:100C2000088801E088538901061A003D0AD0821124
:100C30001BB228241C8A4BC2C9248A86C72A0528CD
:100C40001446020000272A032C4229242804A82441
:100C5000AA2222C2FC280229082D0B460D00E2C858
:100C6000D00C9A4603000000E0BE11EAEBF0EE1152
:100C70008AEE1B338203009C9882C8D087BAE8466C
:100C800004000082030082C8D0808074873A041B6D
:100C90003386FBFFA8110CB8871A02462AFF882169
:100CA0005203002728068C350C09061BFF88019883
:100CB000215098839901862600E058115A5758050B
:100CC00028240B55D09811F66565A1C282E0551114
:100CD0005A5A5805A005007B22F022108B52592445
:100CE000572C042814860100272C01E924280458D5
:100CF000249A965A2222C2F8A802B812A909B91950
:100D00004617007B22F022108B525924572C0428BE
:100D100014860100272C01E924280458249A965AA5
:100D20002222C2F8A802B812A909B919460C00007B
:100D30004B525924572C042814860100272C01D922
:100D400024280458249A965A2222C2FC28022909EF
:100D5000460300008D021C8C2C4D7C8F2C8E46008F
:100D6000001B88280187220246D3FF583198218929
:100D700005822110D0291139082A261DF00C1526CC
:100D800009028627FF862EFF0C25260902C624FFAE
:100D90008639FF000C65260902C621FF8646FF0C36
:100DA00005260902061FFF4651FF0C35260902469B
:100DB0001CFF865BFF0C452609028619FF4666FF6D
:100DC0003641008824AD02BD03CC588914AD0846D5
:100DD000030040C420A5A3F482A000826402891409
:100DE0002D0A1DF036810522619C82219C32619979
:100DF00042619B5261946261957261968C88286809
:100E0000564200AD08A539F421FB8192219927991A
:100E10000722219C281246080021F78132219927B8
:100E2000930A82219C882882619906040021F3811B
:100E300092219927990722219C2832226199B2A2F6
:100E40003032C110BAB3A2A001E562028221992218
:100E5000281907E20E22180697E208A2281681E850
:100E600081E0080092219922190637620428495628
:100E7000A203B22199A2219C25C2FBACEA3221999E
:100E800022231907E20E22130697E208A2231681F5
:100E9000DD81E00800B2A23042C110A22190BAB4B4
:100EA0007CF5655D0252619E46F50700008221993E
:100EB00022A01A3218062023106692432298079621
:100EC000D20322281907E20B97E308A2281681CD46
:100ED00081E0080092C110B2A230A22190BAB9A557
:100EE0005902D22194E22195F22196C2219BB2218E
:100EF00099A2219C65FB01A2619EC6E0070000004B
:100F00000C0222618F22618E226191226192226104
:100F1000A02261A12261A22261A322619E5D022220
:100F2000A190B2C11032A1E41A223A3B7CF422C251
:100F30006432618D4261443261982261A422219B16
:100F4000860000001B223202008C4332C3DB562392
:100F5000FF42219B4032C016530562219882C11086
:100F6000490642218F39163A4442618F42218E62EE
:100F7000D8021B4442618EE6840A9221988B999292
:100F80006198460800A2C110C2A224CACAB221991F
:100F9000A2219CE5E2FF8C1A069E0742A1E462C1F1
:100FA0001040668062619882219E30888082619EB6
:100FB000320200CC13C68D0792C11032D9020C0642
:100FC00072A2380C0862433E7A997CF662619A1BE1
:100FD000423D0582619D6D0882619792619FC601C5
:100FE0000072619B0C0642219B1B8482619B420420
:100FF00000E1FB810C090C9A2C4C2CADC6000000C2
:1010000072619D72C4E05CAB77BB02467F06E077FD
:10101000117A7E7807A0070081F1818261A0862184
:1010200005A2219C2597FCA22A01A261A381837CB1
:10103000E00800A261A2A2219CE595FCA22A0292EE
:1010400021A2A261A116D9F916AAF9420A001644F2
:10105000F942A40086B70092C11042D90272043E40
:101060005627F82C07C644000C1406B20092219BA8
:101070000C9782090042C8D047B7028674071B4903
:101080000C0A9D07E07A11AAA782C8D0F0AA11AA7B
:10109000A88204001B4472C8D077B9E72C477718A0
:1010A00002C6CFFF2C07A7A702C659077221920BD1
:1010B000AA77AA0BD0AA11B2C110AAAB06070000EA
:1010C000C2C11072A2347A7CED0CF2DC01D2219FF5
:1010D000C2A2407901CACEBD026582FFA80A9D0561
:1010E000A2619D42619BC61D00D04311D2C1104A2E
:1010F0004DC61900E2C11052DE02A225121CFB4BA4
:101100008A1C87472B361BB4B261928265128727EF
:1011100006522511C6020000A727042C477265124B
:10112000522194722196D044117A5552C5FC58052B
:10113000F2C1104A4F52619D5904C60800826512DF
:10114000872705422511860200A727042C44426503
:10115000124221945221965A4442C4FC48044261EE
:101160009D42219D5D09D6C4E740406042619D0CCF
:101170004446700092C1102CB742D90272443EC658
:1011800098FF42219B1B74420400D7140592619A78
:1011900086440092219B8209010C9942C8D047B92C
:1011A00002C62E07A2219B2B4AA2A000E0BA11AAD8
:1011B000AB82C8D0F0AA11AAA88204001B44B2C80E
:1011C000D0B7B9E72C499718020685FF2C07A7A7C7
:1011D00002C60F077221920BAA77AA0BD0AA11B2EE
:1011E000C110AAAB06070000C2C11072A2347A7CFB
:1011F000ED0CF2DC01D2219FC2A2407901CACEBD22
:1012000002E56FFF880A7D04AD05C61C00D04311BE
:10121000D2C1104A4D861900E2C11052DE02B22539
:10122000121CFC4B9B1C88472C351BC4C26192923C
:101230006512972806522511C6020000B728042C13
:1012400048826512522194822196D044118A5552C7
:10125000C5FC8805F2C1104A4F89048608000000C9
:10126000926512972805422511860200B728042CA2
:10127000444265124221945221965A4442C4FC8849
:10128000047CF440485342619A5D0A72619B0655A2
:10129000FFB2219AE04B11BA44F044118A444261F2
:1012A0009A4207001B7772619B82C4D087BAE172B1
:1012B000219D8652FF42A080861E00B2219B7D099F
:1012C000E087117A7842C4D0F077117A7442219B7A
:1012D0001B4442619B420B00B2219B82C4D087BA5F
:1012E000DEC714020646FF2C0377A30206C9060BCD
:1012F000370C16C63BFF82219B42A068720800474C
:10130000970A1B8882619B42A2008606004C04C695
:10131000080092219B42A06C7209004797071B9915
:1013200092619B4603001C04922197409920926190
:1013300097462CFF2C04822197408820826197C613
:1013400028FF722192BC7677A30DD0331192C11081
:101350003A39320300860800A2C11042A2344A4A38
:10136000D2A238C2A240F2DA01ED0ADADACACA49D8
:1013700001AD03BD02A558FF320A002D05861E00EF
:101380001B2577A50AD03311B2C1103A3BC619000C
:10139000C2C11042DC026224121CF84B561C837737
:1013A00028361B8782619252641257230632241119
:1013B000C60200006723042C433264123221944297
:1013C0002196D2C1104A3332C3FC4803D037113AB8
:1013D0003D490340307446080052641257230532D9
:1013E00024118602006723042C43326412322194B4
:1013F0004221964A3332C3FC320300E2C11042DE7E
:10140000013244800C0432DE0242433E868405826F
:1014100021971C0440882082619792219742219253
:1014200057E902463200BCB647A310D03311A2C11F
:10143000103A3A680378134609000000B2C110421E
:10144000A2344A4BD2A238C2A240F2DB01ED0BDA41
:10145000DBCACB4901BD02AD03654AFF680A781AB1
:101460002D0586D3001B2547A50AD03311C2C11014
:101470003A3C461C00D2C11032DD025223127C8657
:101480007B556055101CF88B751C864728391B84CA
:10149000826192726312772606322311C60200001F
:1014A0005726042C85526312322194522196D0443F
:1014B000115A3332C3F868037813E2C1104A4E69F7
:1014C00004791446BB0000007263127726053223AC
:1014D000118602005726042C844263123221944262
:1014E00021964A3332C3F86803781346B1000000EE
:1014F00082219747687DAC0647A30CD0331192C177
:10150000103A39C680000000A2C11042A2344A4AF3
:101510004901F2DA01ED0A4681001B2547A50CD0EE
:101520003311B2C1103A3B06A1000000C2C1103213
:10153000DC027223121CF84B671C8547A8028693B5
:10154000001B848261926263126725053223118633
:1015500002007725042C45526312322194522196C1
:10156000D044115A3332C3FCD2C11068034A4D86AD
:101570008500000082219767E802862E00BC56474E
:10158000A30DD0331192C1103A39629300866800DE
:10159000A2C11042A2344A4AD2A238C2A240F2DA10
:1015A00001ED0ADADACACA4901BD02AD032535FFE9
:1015B000629A00065F001B2547A50CD03311B2C10B
:1015C000103A3B461A000000C2C11032DC027223FE
:1015D000121CF84B671C854728361B848261926277
:1015E0006312672506322311C60200007725042CFA
:1015F00045526312322194522196D044115A33320B
:10160000C3FC6803D2C1104A4D6904806623C667D3
:1016100000626312672505322311860200772504D4
:101620002C444263123221944221964A3332C3FC45
:10163000629300865E00000082219797E802C62E22
:1016400000BC7647A30DD0331192C1103A39620322
:1016500000860800A2C11042A2344A4AD2A238C26F
:10166000A240F2DA01ED0ADADACACA4901BD02ADD6
:1016700003E528FF620A002D05861E001B2547A5ED
:101680000AD03311B2C1103A3BC61900C2C11032A0
:10169000DC027223121CF84B671C854728361B841A
:1016A000826192626312672506322311C60200002E
:1016B0007725042C45526312322194522196D0444E
:1016C000115A3332C3FC6803D2C1104A4D69046019
:1016D0006074460800626312672505322311860292
:1016E000007725042C444263123221944221964A09
:1016F0003332C3FC620300006623C62C00BC76476D
:10170000A30DD03311E2C1103A3E6803C6080000B1
:10171000F2C11042A2344A4F4901F2DF01E2C11086
:10172000D2A238C2A240DADECACEBD02AD03251D68
:10173000FF680A2D05061E001B2547A50AD0331198
:1017400042C1103A3486190052C11032D5027223B8
:10175000121CF84B671C854728351B8482619262F6
:101760006312672506322311C60200007725042C78
:1017700045526312322194522196D044115A333289
:10178000C3FC82C11068034A48690486080000004F
:101790006263126725053223118602007725042C27
:1017A000444263123221944221964A3332C3FC6888
:1017B00003607F3196270046AD056060600C140C15
:1017C0000360349370706092C1103077C02CD532B2
:1017D000D90286270482219742219257E802863156
:1017E00000BC7647A30DD0331192C1103A393803AB
:1017F00086080000A2C11042A2344A4AD2A238C2CE
:10180000A240F2DA01ED0ADADACACA4901AD03BD33
:1018100002E50EFF380A6D05461F00001B6547A54F
:101820000ED03311B2C1103A3B3803861A000000C3
:10183000C2C11022DC027222121CF84B571C8347D3
:1018400028351B848261925262125723062222118C
:10185000C60200007723042C433262122221943204
:101860002196D2C1103A2222C2FC3802D024112A79
:101870002D390286080000005262125723052222E9
:10188000118602007723042C433262122221943203
:1018900021963A2222C2FC380222219E2903202FBF
:1018A000312913C6B400000082219747687DAC0639
:1018B00047A30CD0331192C1103A390683000000BF
:1018C000A2C11042A2344A4A4901F2DA01ED0A06E5
:1018D00083001B6547A50CD03311B2C1103A3B867B
:1018E00088000000C2C11022DC027222121CF84BD8
:1018F000571C8347A8028696001B8482619252621D
:10190000125723052222118602007723042C43322A
:101910006212222194322196D2C1103A2222C2FCB4
:101920003802D024112A2D86880000008221976772
:10193000E802863000BC7647A30DD0331192C11067
:101940003A39380386080000A2C11042A2344A4A3C
:10195000D2A238C2A240F2DA01ED0ADADACACA49E2
:1019600001AD03BD02A5F9FE380A6D05461F000052
:101970001B6547A50ED03311B2C1103A3B38038620
:101980001A000000C2C11022DC027222121CF84BA5
:10199000571C834728351B84826192526212572359
:1019A00006222211C60200007723042C4332621261
:1019B000222194322196D2C1103A2222C2FC38024E
:1019C000D024112A2D3902860800000052621257D5
:1019D00023052222118602007723042C433262124F
:1019E0002221943221963A2222C2FC380222219EE0
:1019F000225300C66000000082219797E802062F5C
:101A000000BC7647A30DD0331192C1103A39380388
:101A100086080000A2C11042A2344A4AD2A238C2AB
:101A2000A240F2DA01ED0ADADACACA4901AD03BD11
:101A300002E5ECFE380A6D05461E00001B6547A551
:101A40000CD03311B2C1103A3B3803861900C2C121
:101A50001022DC027222121CF84B571C83472833D9
:101A60001B84826192526212572305222211860240
:101A7000007723042C43326212222194322196D221
:101A8000C1103A2222C2FC3802D024112A2D390278
:101A900046080000526212572305222211860200D6
:101AA0007723042C433262122221943221963A2267
:101AB00022C2FC380222219E224300C62E00BC66B0
:101AC00047A30CD0331142C1103A34380346080002
:101AD00062C11042A2344A464901F2D601ED06D253
:101AE000A238C2A240AD03DADECACEBD0225E1FEB5
:101AF000380A6D05461F00001B6547A50ED033113F
:101B000082C1103A383803861A00000092C11022B0
:101B1000D9027222121CF84B571C834728351B84AC
:101B2000826192526212572306222211C6020000DD
:101B30007723042C43326212222194322196A2C1CF
:101B4000103A2222C2FC3802D024112A2A390286F5
:101B5000080000005262125723052222118602005B
:101B60007723042C433262122221943221963A22A6
:101B700022C2FC380222219E29035D0646EFFC8228
:101B800021971C04408820826197922197422192DC
:101B900057E902463200BCB647A310D03311A2C1A8
:101BA000103A3A680378134609000000B2C11042A7
:101BB000A2344A4BD2A238C2A240F2DB01ED0BDACA
:101BC000DBCACB4901BD02AD0365D3FE680A781AB2
:101BD0002D0546D2001B2547A50AD03311C2C110DE
:101BE0003A3C461C00D2C11032DD025223127C86E0
:101BF0007B556055101CF88B751C864728391B8453
:101C0000826192726312772606322311C6020000A7
:101C10005726042C85526312322194522196D044C7
:101C2000115A3332C3F868037813E2C1104A4E697F
:101C300004791406BA000000726312772605322375
:101C4000118602005726042C8442631232219442EA
:101C500021964A3332C3F86803781306B0000000B7
:101C600082219747687DAC0647A30CD0331192C1FF
:101C7000103A39C67F000000A2C11042A2344A4A7D
:101C80004901F2DA01ED0A4680001B2547A50CD078
:101C90003311B2C1103A3B06A0000000C2C110329D
:101CA000DC027223121CF84B671C8547A80286923F
:101CB000001B8482619262631267250532231186BC
:101CC00002007725042C455263123221945221964A
:101CD000D044115A3332C3FCD2C11068034A4D8636
:101CE0008400000082219767E802862E00BC5647D8
:101CF000A30DD0331192C1103A39621300866700E8
:101D0000A2C11042A2344A4AD2A238C2A240F2DA98
:101D100001ED0ADADACACA4901BD02AD0325BEFEE9
:101D2000621A00065E001B2547A50CD03311B2C114
:101D3000103A3B461A000000C2C11032DC02722386
:101D4000121CF84B671C854728361B8482619262FF
:101D50006312672506322311C60200007725042C82
:101D600045526312322194522196D044115A333293
:101D7000C3FC6803D2C1104A4D69046060F4C666B2
:101D8000006263126725053223118602007725045D
:101D90002C444263123221944221964A3332C3FCCE
:101DA000621300865D00000082219797E802C62D2D
:101DB00000BC5647A30DD0331192C1103A396203CB
:101DC00000863600A2C11042A2344A4AD2A238C2CA
:101DD000A240F2DA01ED0ADADACACA4901BD02AD5F
:101DE00003E5B1FE620A00062D001B2547A50AD0B7
:101DF0003311B2C1103A3B061A00C2C11032DC02E4
:101E00007223121CF84B671C854728371B8482619C
:101E1000926263126725053223118602007725043A
:101E20002C45526312322194522196D044115A33D8
:101E300032C3FC6803D2C1104A4D690460607486E5
:101E40003600000062631267250532231186020006
:101E50007725042C444263123221944221964A335E
:101E600032C3FC620300C62C00BC7647A30DD033FE
:101E700011E2C1103A3E6803C6080000F2C11042E8
:101E8000A2344A4F4901F2DF01E2C110D2A238C2A6
:101E9000A240DADECACEBD02AD0365A6FE680A2DF9
:101EA00005061E001B2547A50AD0331142C1103A72
:101EB0003486190052C11032D5027223121CF84B1D
:101EC000671C854728351B848261926263126725EF
:101ED00006322311C60200007725042C45526312F6
:101EE000322194522196D044115A3332C3FC82C11C
:101EF0001068034A4869048608000000626312679C
:101F000025053223118602007725042C44426312F2
:101F10003221944221964A3332C3FC68030C079263
:101F2000219732ABFF3099109261970C04864E02D4
:101F3000722192BC5677A30CD03311A2C1103A3A49
:101F40006803460800B2C11042A2344A4BD2A238FC
:101F5000C2A240F2DB01ED0BDADBCACB4901BD02C4
:101F6000AD03E599FE680A2D05061E001B2577A521
:101F70000AD03311C2C1103A3C861900D2C11042B6
:101F8000DD026224121CF84B561C837728351B8710
:101F9000826192526412572306322411C602000055
:101FA0006723042C43326412322194422196E2C109
:101FB000104A3332C3FC6803D037113A3E690386B6
:101FC00008000000526412572305322411860200D3
:101FD0006723042C433264123221944221964A33FF
:101FE00032C3FC68033221970C2440332082C11095
:101FF0003C0532619791F97D32D80252433C52A0A0
:10200000780C0752433D9261A0861702422192BC90
:102010005647A30CD03311A2C1103A3A38034608F0
:1020200000B2C11042A2344A4BD2A238C2A240F23E
:10203000DB01ED0BDADBCACBAD034901BD02258C18
:10204000FE380A2D05061E001B2547A50AD03311B0
:10205000C2C1103A3C861900D2C11032DD0272238F
:10206000121CF84B671C854728351B8482619262DD
:102070006312672505322311C6020077250552A099
:1020800024526312322194522196D044115A333291
:10209000C3FC3803E2C1104A4E3904860800000030
:1020A0006263126725053223118602007725042C0E
:1020B000444263123221944221964A3332C3FC389F
:1020C00003F2C11042DF020C0552443E42219A261F
:1020D000041DCD040C0BAD0381637DE008000C04EE
:1020E000479A0286520230AAC0A2619A4650020064
:1020F000AD03815278E00800A2619A0C04064C02FC
:102100008221971C04408820826197922197422166
:102110009257E902863100BCA647A30FD03311A223
:10212000C1103A3A6803781306090000B2C11042A0
:10213000A2344A4BD2A238C2A240F2DB01ED0BDA44
:10214000DBCACB4901BD02AD03657BFE680A781A84
:102150002D05C6A3001B2547A50AD03311C2C11007
:102160003A3C461C00D2C11032DD025223127C865A
:102170007B556055101CF88B751C864728391B84CD
:10218000826192726312772606322311C602000022
:102190005726042C85526312322194522196D04442
:1021A000115A3332C3F868037813E2C1104A4E69FA
:1021B000047914868B00000072631277260532239F
:1021C000118602005726042C844263123221944265
:1021D00021964A3332C3F86803781386810082213E
:1021E0009747687B9CE647A30AD0331192C1103A07
:1021F00039868000A2C11042A2344A4A4901F2DA6B
:1022000001ED0A4681001B2547A50CD03311B2C150
:10221000103A3B06A1000000C2C11032DC0272235A
:10222000121CF84B671C8547A8028693001B84820A
:1022300061926263126725073223110603000000D2
:102240007725042C45526312322194522196D044B2
:10225000115A3332C3FCD2C11068034A4D068500BF
:1022600082219767E802862E00BC5647A30DD03323
:102270001192C1103A39621300866800A2C110425F
:10228000A2344A4AD2A238C2A240F2DA01ED0ADAF6
:10229000DACACA4901BD02AD036566FE621A0006CC
:1022A0005F001B2547A50CD03311B2C1103A3B4645
:1022B0001A000000C2C11032DC027223121CF84B5B
:1022C000671C854728361B848261926263126725EA
:1022D00006322311C60200007725042C45526312F2
:1022E000322194522196D044115A3332C3FC6803F0
:1022F000D2C1104A4D69046060F44639006263122D
:102300006725053223118602007725042C44426399
:10231000123221944221964A3332C3FC62130006E2
:102320003000000082219797E802062F00BC564734
:10233000A30DD0331192C1103A39620300863700E1
:10234000A2C11042A2344A4AD2A238C2A240F2DA52
:1023500001ED0ADADACACA4901BD02AD03255AFE07
:10236000620A00062E001B2547A50CD03311B2C10E
:10237000103A3B461A000000C2C11032DC02722340
:10238000121CF84B671C854728361B8482619262B9
:102390006312672506322311C60200007725042C3C
:1023A00045526312322194522196D044115A33324D
:1023B000C3FC6803D2C1104A4D69046060744608CA
:1023C0000062631267250532231186020077250417
:1023D0002C444263123221944221964A3332C3FC88
:1023E0006203000C070C14062001BC6647A30CD046
:1023F0003311E2C1103A3E6803860800F2C1104270
:10240000A2344A4F4901F2DF01E2C110D2A238C220
:10241000A240DADECACEBD02AD03654EFE680A2DCB
:102420000586EFFF1B2547A50AD0331142C1103A9C
:102430003486190052C11032D5027223121CF84B97
:10244000671C854728351B84826192626312672569
:1024500006322311C60200007725042C4552631270
:10246000322194522196D044115A3332C3FC82C196
:102470001068034A48690406DAFF000062631267C5
:1024800025053223118602007725042C444263126D
:102490003221944221964A3332C3FC680386D0FF2E
:1024A000000091CD7C9261A092219782219257E900
:1024B00002463100BC9687A30ED03311A2C1103A58
:1024C0003A68037813C60800B2C11062A2346A6B7E
:1024D000D2A238C2A2406901F2DB01ED0BDADBCAFD
:1024E000CBAD03BD02A541FE680A781A2D0586D141
:1024F000001B2587A50AD03311C2C1103A3C461CE7
:1025000000D2C11052DD023225127C867B3360334B
:10251000101CF98B731C868729391B989261927263
:102520006512772606322511C60200003726042CD4
:1025300083326512322194522196D088115A333257
:10254000C3F868037813E2C1108A8E6908791846C7
:10255000B900000072651277260532251186020047
:102560003726042C833265123221945221965A3335
:1025700032C3F86803781346AF0092219747697B0E
:102580009CE687A30AD03311A2C1103A3A867F0095
:10259000B2C11062A2346A6B6901F2DB01ED0B0675
:1025A00080001B2587A50CD03311C2C1103A3C46D0
:1025B000A0000000D2C11032DD027223121CF94BC0
:1025C000671C8587A9028692001B989261926263BC
:1025D0001267250732231106030000007725042C1B
:1025E00045526312322194522196D088115A3332C7
:1025F000C3FCE2C11068038A8E06840092219767AB
:10260000E902862E00BC5687A30DD03311A2C1105B
:102610003A3A621300466700B2C11062A2346A6B94
:10262000D2A238C2A2406901F2DB01ED0BDADBCAAB
:10263000CBAD03BD02A52CFE621A00C65D001B25B2
:1026400087A50CD03311C2C1103A3C461A000000D5
:10265000D2C11032DD027223121CF94B671C858730
:1026600029361B9892619262631267250632231104
:10267000C60200007725042C455263123221945281
:102680002196D088115A3332C3FC6803E2C1108A04
:102690008E69086060F40667006263126725053280
:1026A00023118602007725042C45526312322194AF
:1026B0005221965A3332C3FC621300C65D000000FB
:1026C00092219797E902062E00BC5687A30DD033BE
:1026D00011A2C1103A3A620300463600B2C110623C
:1026E000A2346A6BD2A238C2A2406901F2DB01EDCA
:1026F0000BDADBCACBAD03BD026520FE620A00C661
:102700002C001B2587A50CD03311C2C1103A3C46C2
:102710001A000000D2C11032DD027223121CF94BE4
:10272000671C858729361B98926192626312672520
:1027300006322311C60200007725042C455263128D
:10274000322194522196D088115A3332C3FC680347
:10275000E2C1108A8E6908606074063600626312F6
:102760006725053223118602007725042C45526324
:10277000123221945221965A3332C3FC620300C6AE
:102780002C00BC6687A30CD03311F2C1103A3F680D
:102790000346080082C11062A2346A686901F2D857
:1027A00001ED08D2A238C2A240DADECACEBD02AD27
:1027B00003E514FE680A2D05861E00001B2587A56B
:1027C0000AD0331192C1103A39C61900A2C1103291
:1027D000DA027223121CF94B671C858729351B9876
:1027E000926192626312672506322311C6020000CD
:1027F0007725042C45526312322194522196D088B9
:10280000115A3332C3FCB2C11068038A8B6908C6FF
:1028100008000000626312672506322311C6020019
:10282000007725042C455263123221945221965A86
:102830003332C3FC68030C077036209CD3322197D7
:1028400007631882C11032D8029221973C05524387
:102850003C42433D0C2330992092619742219732AC
:10286000ABFF30441042619742A00282C11052A0D7
:102870000032D80292219A52433E260926522197CD
:1028800082219732AF7F3088108261977036200C9A
:10289000180C09309893903074CC7392219A903828
:1028A0009316031326144C5221A4662406C63D0039
:1028B00000005D033087016040246063410B3542B6
:1028C000C43060682070734142430070862056080F
:1028D000FE42C4D00C1640869380407416C4114248
:1028E000219707E402C6440032C5FE3C044243007F
:1028F00006420000DC870C9367331452C11062C695
:102900003032D5016243E362A1901A66463A000074
:1029100082219742A4000C053221A44048100601F0
:1029200000006D0A7D0BC1637BD1C275AD06BD078A
:1029300081677BE008000B33A2CA30A243001B551D
:102940001654049221A10C18A2090092AF019A9A80
:102950000C0B90B8939D0BCC570C9B673B018D07DC
:10296000870925579A225221A2B221A35033C0CD04
:1029700005AD0381D177E008009221A10C05820901
:10298000015718041B999261A1C14A7BD1AA75AD68
:1029900006BD07815076E008005657F80C9767B7D8
:1029A0000246DFFF06150000A2A1901AAA32CA64EF
:1029B0005221A06040344A454204000B3342430098
:1029C0006064414047016064207074417046205645
:1029D000D4FD86090062A19032619A1A6632C664FB
:1029E000DC8450500452619A9C0582C11052A03080
:1029F00032D8015243E342619A32C6639221A44223
:102A0000219A3099C092619A4609000016043EA2AC
:102A1000C11022DA014242800C0322DA0232423E25
:102A20002D0532A00152A19032619A42A00050318E
:102A30008062219A82C11060545362D80262063EBD
:102A40008C061B559221970C277079108C072B55FB
:102A500082219762A08460681056D60992219D5009
:102A600089C0E618024624001C0ED2A224EAF1DA3C
:102A7000FFF2619F060F00D22198F15A7BC2CC1061
:102A8000F90DE91DC9BA99AAA68922C2219FB221CE
:102A900099A2219C8261A7E261A56532FE8221A7ED
:102AA000E221A556DA36B2A1E492C110BAB982C8C1
:102AB000F0B26198B2C110A2DB0298AAD22198C8E4
:102AC000BA1B998BBD872EAEE1477B891DCA88E969
:102AD0000D89BA99AAB26198A6891EC2A224F2C130
:102AE00010B22199A2219CCACF652DFE564A32828E
:102AF000A1E492C1108A99926198B2C110A2DB023E
:102B0000820A3E169804D2219892A23EC2C1108237
:102B1000218FB2218E9A9C990D0C191BBB9A889912
:102B20001D89BAB9AAE68B078BDDD26198C607006A
:102B3000C2A224E2C110B22199A2219CCACE2528AA
:102B4000FE56FA2C82A1E492C1108099809261987D
:102B5000168704D22198C2A24C72218F92218ECA6C
:102B600081890D0C281B998A77891D72618F92616A
:102B70008EE689078BDDD26198C60700C2A224E2E7
:102B8000C110B22199A2219CCACE6523FE563A28D3
:102B900072A1E482C11070888082619826E602C624
:102BA000270092219D5069C0E61602C624001C0D24
:102BB00092A224DAA19A9A060F000000E22198B2AC
:102BC000CB10C90ED91EB2680B72680AA68721B253
:102BD0002199A2219CCD099261A6D261A5251EFE54
:102BE0009221A6D221A556AA22A2A1E4F2C110AA3E
:102BF000AF62C6F0A26198A2C11082DA02C2219827
:102C000078A88BACB8B81B77C1F87A672DAD922144
:102C10009879A86919BA66C90962680BA26198A671
:102C2000871FA2C110C2A224C0CA80B22199A221CA
:102C30009CE518FE56CA1D62A1E482C1106A888212
:102C4000619892219A9044C0E61402C623001C09A0
:102C500082A2249AA18A8A060F000000D22198B28B
:102C6000CB10C90D991DB2670B62670AA68621B207
:102C70002199A2219CCD088261A79261A62514FE0C
:102C80008221A79221A656AA18A2A1E4E2C110AA05
:102C9000AE42C4F0A26198F2C11072DF02C2219864
:102CA00068A78BACB8B71B66C1D07A4729AD822123
:102CB0009869A74918BA44C90842670BA26198A647
:102CC000861BC2A224B22199A2219CCACF250FFE45
:102CD000560A1442A1E492C1104A99926198422185
:102CE0009862219A3904691432218E42218F9221EF
:102CF0009A1B339A4482C11042618F32618E62D82E
:102D000002E683074221988B34C60600C2A22462E1
:102D1000C110B22199A2219CCAC6650AFE563A0F7B
:102D200032A1E482C1103A3892219727E916322164
:102D30009D42219E5053535A4432218F42619E1628
:102D4000D30746240062219D5046C0A614DF1C080C
:102D500072A2248A917A79860B000000A2CA108997
:102D600013A9B969A98B33A6861BB22199A2219C0C
:102D7000CD078261A7A504FE8221A7565A0932A178
:102D8000E4A2C1103A3A42C4F0B2C11092DB02B1DF
:102D9000957A68A9B903A8B91B664728BE4913AA42
:102DA0004449B969A9A68685C2A224D2C110B2211C
:102DB00099A2219CCACDA500FE161AF7061500009F
:102DC000E2C1105D0222A1E40C042A3E42618E326F
:102DD0006198C659F80000C2A22442C110B22199DC
:102DE000A2219CCAC4A5FDFD164AFD4609000000AB
:102DF00022218FCC920C0352C11032618EC6040086
:102E0000C2A22462C110B22199A2219CCAC625FB8C
:102E1000FD160AFE82219922281907E20E221806C1
:102E200097E208A2281681F779E00800B2A240A232
:102E30002190BAB125640092219942219E2219065F
:102E40007CF320260420439342619E860C00000000
:102E5000004221921B9547A50206A3F806A5F8009B
:102E60004221921BA547A50246E8F846EAF8000071
:102E700082219A5221970C142608024680FE869CD5
:102E8000FE22219E1DF000003661004901591162A9
:102E9000610281D779E00800D801E811F821BD026C
:102EA000CD0325F4FD2D0A1DF000000036410282FD
:102EB00013067CD990881082514682231952613CB6
:102EC0008261398213070C098251478883926126F7
:102ED00082612888A362613D82612A82A0801A589B
:102EE000A2C55882612282612572613E1261201260
:102EF000612481D279E00800D2213CE2213DF22117
:102F00003EB2A080CD041ABBAD02A5EDFD4D0A96E0
:102F1000EA00B2A080AD021ABBA50CF27CF2A0427E
:102F2000932211464C088702082213068022202291
:102F30005306A221362D0481B579E008001DF0006A
:102F4000364100810C7ADD05880840C0F4822838BB
:102F5000BD0320A220E008002D0A1DF036410040EC
:102F600040F48D039C5382A0FF47B80B32A08A39EE
:102F7000027CF886010000004243000C182D081D59
:102F8000F00000003641000C021DF0003641001D2B
:102F9000F00000003641001DF00000003641005DE9
:102FA000024A430C024713138805B203008828AD78
:102FB00005E00800AA221B3346FAFF001DF00000BE
:102FC0003641008802AD0282280230B074E0080069
:102FD0002D0A1DF03641001DF00000003641001D95
:102FE000F00000003641000C121DF0003641000CCC
:102FF000021DF0003641000C0ABD0A0C1CA0DA20AC
:10300000BA82820800CC38AA221DF00092C8D13DB5
:103010000D903C833090741BBBCC7982C8A4809CFB
:103020008316B9FDAD0B86F5FF0000003641000C9C
:10303000121DF00036410098020C1826090998620A
:1030400092C9FDB629010C088020041DF000000083
:103050003641000C1A0C08208A838080749D02403F
:103060004074FC28308A83ECD8220300B20301CCE0
:10307000527CF2B02A931DF02D08168BFF88892808
:10308000098032638C148032733022C00C180C0318
:103090002038932D0346F7FF7CF206F6FF00000070
:1030A0003641001DF000000036410028120C190CBA
:1030B000082089932D081DF036410088128C0839AC
:1030C00018881289030C08891388023912CC083930
:1030D0000238221B3339221DF00000003641001D4A
:1030E000F0000000364100283222C2141DF000001A
:1030F000364100883228381DF00000003641008833
:103100003228481DF00000003641001DF00000008C
:10311000364100881398238CD899288CE98919881E
:10312000220B8889221DF000990246FBFF891206B6
:10313000FBFF00003641000C088902891289221D1C
:10314000F00000003641000C0889028912892292A1
:10315000A0FFCB221CD876880399024B221DF000D9
:10316000364100880398138CD899188CE98909880E
:10317000220B8889221DF000990246FBFF89120666
:10318000FBFF000036410020207482C2BF808074A3
:103190000C19B6280292A0000C1A22C2DF0C0820DB
:1031A0008A83902820A022101DF000003661008242
:1031B000A07D7CFA373848309034303441F0991192
:1031C000E033110C383AB200194000A8A17CF8A0F5
:1031D0008830A86B0019400044A1A0881040482006
:1031E000A22214496B4931B822480AB2CB20485474
:1031F0000C4DCBC130BB80E004008C2A0C0339326B
:103200002D0A1DF036610047B36C62A07E4736661A
:103210000B4440B4410C3737246240944140A03401
:10322000E09911F0AA119A92001A400087A1C8698A
:103230007CF6808630C08810001A4000A5A1A088C6
:10324000208969471305606480606441671B20E042
:10325000BB11BA828868A222148931980A88229800
:103260005982C8200C4DCBC1B0B880E00900CC7A9F
:103270000B44BD06C6E7FF7CFA2D0A1DF00C0A863A
:10328000FDFF000036410082A07DCD047CFA373876
:1032900016A22214B822280AB0331132C3402842A1
:1032A0002C0DB0B380E002002D0A1DF036410092D3
:1032B000A07D8D027CF237391C302441E022112A96
:1032C000888808303034F03311000340803091306A
:1032D000301439040C021DF036410088128C18326B
:1032E000680189030C08891388023912CC08390255
:1032F00038221B3339221DF0364100880398138C85
:10330000D899188CE9890988220B8889221DF00038
:10331000990246FBFF891206FBFF00003641001DA3
:10332000F00000003641001DF00000003641001D95
:10333000F00000003641001DF00000003641001D85
:10334000F00000003641001DF00000003641000C86
:10335000021DF00036410028121DF0003641002207
:1033600022141DF036410039121DF000364100983C
:10337000026B83D088118A89C02000A8180C2BB05A
:10338000AA20C02000A918C02000A8187CDBB0AA81
:1033900010C02000A918C02000A8180C4BB0AA200B
:1033A000C02000A918C02000A8187CBBB0AA10C07B
:1033B0002000A918B2C3140C1AC02000D2291E0084
:1033C0001B4000BAA17CF8B0C830D0CC10C020009F
:1033D000C2691E32C310C02000C2291E0013400063
:1033E000AAA1A08830C08810C0200082691EC02019
:1033F00000B2691FC02000A2691F1DF0364100A85D
:1034000002C02000822A0780909582A0809088C008
:1034100080B0F44090F4B734028090F499050C0821
:103420009728011DF08A434204001B88C0200049F0
:103430000AC6FAFF3641001DF00000003641000CBC
:10344000021DF00036410088729D020C02271817F9
:103450008809A8199829A0882090882030881030E1
:1034600088C032A0018023831DF00000364100286F
:103470000288038022C01DF03641000C021DF000BE
:103480003641001DF00000003641005C8889027C56
:10349000F21DF0003641001DF00000003641001D15
:1034A000F00000003641008D020C022718094B88FD
:1034B00092C8FC98095639001DF000009219019A33
:1034C0002246FAFF3641003092F2908F319088C048
:1034D000808F053022D22A281DF000003641000CD2
:1034E000021DF0003641000070001DF03641005C06
:1034F000E21DF0003641000C421DF0003641003064
:10350000220126130AAC4326231126331A1DF0008C
:103510000C0330E25030200046FCFF000C333062D8
:103520005000200046F9FF000C2306F9FF0CF33091
:10353000625000200046F6FF3641009802303014F9
:10354000C020008889A2AFCFC03311A08810308876
:1035500020C0200089891DF03641008802C020006B
:10356000888880841489031DF0000000364100988B
:1035700002303014C0200088897C3AE03311A088E2
:1035800010308820C0200089891DF0003641008855
:1035900002C02000888880821489031DF00000008A
:1035A000364100A8029C33C02000988A7CEB308012
:1035B00004B09910808920C02000898AC02000882A
:1035C0008A3031047CD9F03311908810303820C013
:1035D0002000398A1DF0000036410098020C08C016
:1035E0002000A889176A0CC0200088890C298080D7
:1035F0000490882089031DF036410082C2740C09B2
:10360000CC821DF0C020009242001B228792F4C69B
:10361000FBFF0000364100F6320A0C880C59208965
:10362000832D081DF00C08F682F61C0846FCFF00EE
:10363000364100E044113A448D034798021DF000E2
:10364000C02000A8083098C09A92A9094B8806FAB1
:10365000FF0000003641000C0880A8209202001BE9
:103660002290B064001A4000BBA1009923B08820CA
:103670007BAA9669FE89031DF00000003641000C0C
:1036800008BD029D08A20B001B2BA0B064001940CE
:1036900000BBA100CA23B088207B99BD02964CFED6
:1036A0001CFB973B0E676A0BA2AFFF001940009A04
:1036B000A190882089031DF03661008804AD03893C
:1036C00001822300822802E008008C4A88018808D1
:1036D000890188020C1D8848CD01BD0320A220E08D
:1036E00008008C2A280129042D0A1DF03661001CCF
:1036F00008892188020C058868C804AD025901595F
:10370000115931DD01BD03E0080028110C68208843
:10371000102D05666805280129040C121DF0000013
:103720003641004026C00C190C682089932D081DD5
:10373000F00000003641001DF00000003641000C92
:10374000021DF00036410042A0D84A420C02060990
:103750000058246814860500821506B6280D829547
:1037600007260807AD05E00300A0222052C5680B1C
:1037700066D636FE48045674FD1DF0003641004200
:10378000A0D87D024A420C02860A00005824681420
:10379000C606000000821506B62810829507260886
:1037A0000ABD0570A720E00300A0222052C5680BC7
:1037B00066D606FE48045624FD1DF000366100A1C1
:1037C0000B780C03480ABD01C214013901391139C3
:1037D00021326103A553EC4D0AA105784BB1580A7B
:1037E000C21501E552EC6D0AA103788BB1580A604D
:1037F0004420C21501A551EC5D0AA1FF77B2C10CAE
:10380000822A00504420C218016550ECA0442037A1
:103810001407390139113921393138013080746781
:103820006305308054808060481140B0746764053F
:1038300040405440B060482140A074776405404047
:103840006440A060983190C074776905909064904E
:10385000C06042A0D34A4B22C2ECE03C114022821D
:10386000CA3341E67792A0C69A98E033114A33E012
:1038700089113A3280806021E277E04A119088C055
:10388000AA442A88E044114A8842AF064A3322A05B
:103890000F42A01037B8081B229A880B445634FFF9
:1038A0001DF0000036A1000C2EDD0E0C0F0CDC0C00
:1038B0001BA2A06D812A75E008000C3EDD0E0C0FE6
:1038C0000CDC0C1BA2A06D812575E00800412B7556
:1038D000510A73C02000380461D773503310C020E0
:1038E00000390441C877203075C020005804803367
:1038F00001605510503320C020003904C02000580A
:103900000461C177203074605510A033115033200A
:10391000C02000390441BD7751EC72C0200038044A
:10392000A2A20050331081BA77A03320C020003902
:1039300004C02000380851B77742AE00503310A0C1
:103940003320C020003908C0200098080C1340998B
:1039500010309920C020009908C020009808F1B8C4
:1039600073E1AD77F09910E09920C020009908C06C
:1039700020009808D1AA77C17073D09910C09920FF
:10398000C02000990881A677C0200098085099109F
:10399000A09920C020009908C020009808409910E4
:1039A000309920C020009908919F77C02000B80965
:1039B00050BB10A0BB20C02000B909C02000A8093E
:1039C00040AA1030AA20C02000A909C02000B809D0
:1039D000F0BB10E0BB20C02000B909C02000B8092E
:1039E000D0BB10C0BB20C02000B909C02000A8086F
:1039F000BD03F0AA10E0AA20C02000A908C0200042
:103A000098081C7FD09910C09920C0200099080CFC
:103A10000E0C4D0C5CA2A06D81D174E008000C4D21
:103A2000BD031C7F0C0ECD0DA2A06D81CC74E008EF
:103A300000417D77517E77C020003804503310510B
:103A4000A672503320C02000390441B775E7F20256
:103A500086540058040C03C21501B2C11CAD0439D0
:103A600071E52AEC379A02463B0039710C1A8190B5
:103A700077E00800819077E008003D0A0C2A2613C1
:103A80000B32C3FEA2A00152A00030A593B2A064E5
:103A9000810E74E00800CD0AB16771A134740C1373
:103AA000818677E008007D0A5D0B812D75E00800B6
:103AB000AAA7A931773A010C03A2C120BA55814BBC
:103AC00072E00800817E77E008000C0FED0FDD0F3B
:103AD000CD0F0C1BA2A06181A174E008000C0E0C9C
:103AE0001FDD0ECD0EBD0FA2A0615A33819C74E084
:103AF00008000C050C360C17ED05DD05CD06BD07DD
:103B0000A2A061816F77E00800FD0ADD06CD06ED19
:103B100006BD07A2A061F911816A77E00800A9211A
:103B2000811075E00800F811C82150D5208D05F0EE
:103B3000D793C08793878D0B373BBCB79305822102
:103B400003873AB3A2C12081ED73E008000C0A811B
:103B50005877E008004613003871261302C6C2FFEA
:103B6000A134770C8CB2C120651AEC9C0AD1317754
:103B7000C13277A13277B2A0F9814B72E00800F22E
:103B80000120ED0A0C7D0C6CBD03A2A06181737451
:103B9000E008000C6EFD03DD0E0C5CBD03A2A0610D
:103BA000816F74E00800A126770C03580AB2C11493
:103BB000C2150139513261066515EC68045D0AC20F
:103BC0001601B2C118AD04A514ECA0A520371A0344
:103BD000395139614861F6241132210526130B262B
:103BE0001402862F00F62302062E00A101770C0393
:103BF000480AB2C11CC2140139713261082511ECA6
:103C00004D0AA1FD76B2C120580AC215012510EC5B
:103C1000A0A420371A0339713981887180907467A4
:103C20006805808054809060B881B03074776B05EF
:103C3000B0B064B0306042A0D34A99E0891141EF3E
:103C400076E0A3118080603AAA9088C04A88E0AAF2
:103C50001151FC76AA880CF41C0376830687350381
:103C60001B449A88A1F9761CC3580AB2C120C21518
:103C7000013981E509EC8C0A39818881AC4831F33E
:103C8000763BA840AA63A9032B8831F1764088636C
:103C90008903A5B2FF41EF76A904A803E5B1FF317E
:103CA000EE76A90331ED760C4DF20300CD0D0C0E2E
:103CB0000C1BA2A06D812974E0080031E5760C0E82
:103CC000F203000C4D0C6C0C1BA2A06D812474E05F
:103CD000080087725B41E1767CE8C02000380480F0
:103CE0003310C02000390431DE760C04C0200049B6
:103CF0000341DC76C020003804803310C020003936
:103D00000441D976C020003804803310C020003927
:103D10000441D676C020003804803310C02000391A
:103D20000441D376C020003804808310C02000896D
:103D30000497F20206860041CF7651EF71C0200051
:103D4000322400503310C02000326400203C052093
:103D50004B0530442031C876076402468C00C020F1
:103D60000042230051C676504410C0200049034150
:103D7000037451FE73C02000380481BF76503310A5
:103D8000C020003904C020003808C77202C6830072
:103D9000412176403310C020003908C02000380887
:103DA00042ADFF403310C020003908C02000380861
:103DB00042AF7F40331041B276C020003908C020A6
:103DC00000380451B07681B076503310C0200039ED
:103DD00004C020003808511E71503310C020003933
:103DE00008C02000380851E371503310C02000395A
:103DF00008C0200038047CA5503310C020003904CE
:103E0000C020003808A7F202466F004147724033D5
:103E10002041DA73C020003908C02000380451D393
:103E2000737CE6503310C0200039044198760C0AA8
:103E3000C020003804603310C02000390481A1760E
:103E4000E0080091937641A371C020003809819168
:103E500076403310C020003909C02000380841C81E
:103E600072403310C020003908C020004808318A51
:103E700076304410C020004908C02000380941872E
:103E800076503310C020003909C020003808403374
:103E900010C020003908C02000380941B2734033F7
:103EA00010C020003909C020003808417D76403319
:103EB00010C020003908C02000380941A9714033E2
:103EC00010C020003909C020003808418C714033EF
:103ED00010C020003908C0200038094170714033FB
:103EE00010C02000390991667642AFDFC02000384B
:103EF00009403310C020003909C0200038096CF493
:103F0000403310C020003909C020003809415D76D7
:103F1000403310C020003909316376D7F202862C75
:103F200000C0200028037C74402210C02000290318
:103F3000C020002808315971302210C02000290803
:103F4000C020002808318773302210C020002908C3
:103F500031517641F571C020002803402220C02055
:103F6000002903314B7641F371C020002803402221
:103F700020C020002903214C760C03C02000390208
:103F8000214B767CF3C020003902E591EA1DF00058
:103F9000C020004803510771504420C672FF000042
:103FA00041E171403320C020003908C020003808AA
:103FB00042A200403320C020003908C02000380849
:103FC00042A080403320067BFF4169714033108658
:103FD0008FFF0000C0200028030C8440222046D21E
:103FE000FF000000364100A138760C09CD0AB2A0CE
:103FF00005768B15880A271816CC98E099119A9C9B
:1040000029092D081DF01B994BAA22A101C6FCFF0E
:1040100022A10346FBFF0000364100812C76E00818
:1040200000812B76E008001DF00000003641008082
:10403000EB03808D04912776A6280581DE71E008C8
:1040400000C0200088091678FFE5A6E6E588E6812D
:104050002276E0080086F8FF364100B0EB03B0BDE1
:104060000432A00122A000B0238320B220211B76BD
:10407000AD02A590E6311A76C02000820300808050
:10408000741638FFB0EB03B0BD040C130C08B083FA
:104090008380B820AD026599E6A594E9BD030C5A6A
:1040A000E51CE69C0AE10F76D11076C2A079B10F2B
:1040B00076814472E00800818072E008008CFAA5E5
:1040C0002BE68CAAE10B76D10876C2A08246F7FFD8
:1040D00065D9DF0C0A81D173E008001DF0000000F3
:1040E00036410020B22030D320C10276562400C1D0
:1040F0000276A10276E2CBF8E5B0F1900000000074
:10410000364100CC1331FE7522C2FC7CC68C52882D
:104110001260B810CC0B1DF07CFC8B5280CC30DDD3
:1041200004C0C004AD05E0030028122026102A2593
:1041300022C2FC86F5FF00003641009CD39CB28170
:104140004C70284290F340000940808091202E540A
:104150002028D22020603022101DF0000C02C6FD65
:10416000FF00000036410042C4F87CC630501460A5
:1041700044108CC5A1E4750C4BE5A8F10C032D038C
:104180001DF0AD0281E675E008000CB847B80247A3
:10419000BA0E8BCAA1DD751C4BE5A6F106F7FF0030
:1041A00000B2C3FC981B7CD8909014409920808961
:1041B000100C14408820891B884260991080477534
:1041C00047B930806E546044D24099D2AD05808E9C
:1041D00054A08882C8829A88E088118A8C48085640
:1041E000F403D1CA75C1CA75B2A0E9A1CA7581AE7E
:1041F00070E00800AD058C6940F9402C0A40AAC067
:1042000080C4250B5AC055C00C14001C400044A1AA
:1042100000054090909140993080452440AAC0C646
:10422000EAFF492B293BB9347CCEBB4B8BDBE04406
:1042300010471D0BD1B975C1B675B2A0EF86EAFF64
:1042400088425862808E54A088820C149A88E08834
:1042500011001A400064A18A8CB908605520596287
:104260002872E0AA11AAA20019400094A1480A905D
:104270009420990A281B0C24202E10DA2222C2FC3A
:10428000B902491286BDFF00364100CC220C021D46
:10429000F02080148CC8A1A2750C4BE596F1C6FAEB
:1042A000FF0000002C3837B8E380F3402C098099D8
:1042B000C090907490805480A811B19A758842B0D3
:1042C0008810A08820B1D96F8942A1977537BB02A9
:1042D000462B00A08810A19575A088208942A8428D
:1042E000E2AF1FA0B4252B8B808024E0AA100C1E07
:1042F00080D074001B4000BEA1B0CD11B0B05441BD
:104300008D75C0AA20B0C074808EC020FC1140AA58
:1043100010F0AA208A896C09808044909A10001DB0
:104320004000DEA1E18575809920D0A07490AA019B
:10433000E09910A09920B0A88299429B98AA99E090
:1043400099119952CB9997B30206D0FF7CC392C2C0
:1043500027309910E088118A893B883088100C0A30
:1043600029222932A962997289822C03C7B326D1E6
:104370007375C17375B2A1FBA16775814B70E008BD
:1043800000B1B070A08810A1E470373B0206D2FFE4
:10439000A1687586D0FFB0BDD2CD0A264B21D16968
:1043A00075C16775B2A1FE46F3FF000000E03A1147
:1043B0009A33C9030C0B3842303E54372B0D1BAADD
:1043C0003842303044372AE4C6B0FF00303A82BA6F
:1043D00033E033113A3829031BBB06F6FF00000017
:1043E0003641005D02BD04CC1430B32050A520A599
:1043F000E9FFA02A208C8AB85AB0C3C0BAB565D6E6
:10440000FF1DF000364100561201D14F75C14F75A6
:10441000A15075B2A06F812470E008001C383738B5
:10442000030C021DF032C3ECC2A00030B320A2C2C4
:1044300014E5FAFFA26204166AFE0C08890281459F
:1044400075E00800A0A3C0A9123932A92286F4FFA2
:104450003641001CCC0C0BAD0381A66FE0080016A2
:10446000120520A220813D75E00800A842813C751C
:10447000E00800B13975CD0365C8FF58438139752F
:10448000E00800A05582A8424832813275E0080059
:104490009812B8239084C0A0A8C0482250AAC0A9EE
:1044A00013A8424933990325C9FFA923AD02812EE0
:1044B00075E008001DF000003641008CD488451BD3
:1044C0008882650488651B8889651DF088551B886E
:1044D0008955882537B8EC3925C6F9FF36410030B3
:1044E000B32020A220E5F1FFA02A201DF00000004B
:1044F00036410020A22030B32065F5FF9223040C42
:10450000CAF089119A889813E088118089C098238D
:1045100089130C0897BA0282C9F4980389230C08FE
:1045200097BA0282C9F4983389030CCA0C0897BA67
:104530000282C9F489331DF0366100910C750CEDCF
:1045400027AD011DF0F082111BA8D0BA11BAB92B0A
:1045500088C81BD0B811BAB9B81BC0C341B0B341A9
:10456000B73C01AD08D08A118A89D022112A29F8D6
:1045700008E818C802B812F902E912C921B931C90C
:1045800008B9182D0AC6EDFF36410041F9746D02D5
:1045900021F77438040C0A205220379A0F21F8743E
:1045A000280256C2072158702802062100ACCA0B07
:1045B0008A808141D088118A859818D08A118A858D
:1045C0008818909341808341873911D1EA74C1EAF8
:1045D00074A1EA74B2A0DC81B46FE008008B22827F
:1045E000C2F888088716051BAA46EBFF00D02A11DF
:1045F00020558022250142A01F20202447931841E6
:10460000E17438041B636904D04311381530302439
:10461000403320391525F2FF81DD74E008001DF0DC
:1046200000005BB2AD0681A970E00800560AF722CF
:10463000020481D47498081BA9A9081CFA208024BC
:10464000D09911A7131ED0A311AA559088201B330F
:1046500069058915390441CC7438041B3339044683
:10466000EDFF000000908820626500826501A2A035
:104670000065ECFF86F7FF0036410081C774E00853
:1046800000B1C374AD02819170E0080051BD74ECBB
:10469000DA211D703902A805DC6A21B574A902214E
:1046A000B974A90221B974A90281B874E008001D87
:1046B000F000280A290581F76FE0080086F5FF0061
:1046C00068054D06ECB4AD0281DD6EE008001B7A92
:1046D0006BAA816670E008004D0A16BAFC324404E9
:1046E000CD07BD025BA481B56EE0080069044905F1
:1046F000C60300BD02A2C405817570E00800FCEA93
:10470000324404419B7461997478040C04471798EF
:10471000D05411ACE40B84808141D088118A8698F2
:10472000185A868818909341808341873916D19111
:1047300074C19874A19274B2A086815B6FE0080086
:10474000480486DFFF5A56A805BD02816070E00864
:1047500000DC0A30202438157C84403310203320BC
:104760003915C6D0FF1B4486E8FF000036610059AA
:1047700011626102726103818A74E008009C7A30E0
:10478000A32065E0FF273A0F818574B8118808C817
:1047900021D831AD04E008001DF000003681000092
:0F47A0000000000000000000000000000000000A
:0400000540376E9C76
:00000001FF
